claim_id,display_coverage_fraction,evidence_class,id,physical_relation,predicate,source_id,state_id,tile_id
claim:tile_state:BERS:level2_H_1,1.0,atlas_geometry,tile_state:BERS:level2_H_1,unresolved,display_overlap,source:65ac4116e7776380,state:BERS,level2_H_1
claim:tile_state:BERS:level2_G_1,0.97468,atlas_geometry,tile_state:BERS:level2_G_1,unresolved,display_overlap,source:65ac4116e7776380,state:BERS,level2_G_1
claim:tile_state:BERS:level2_H_2,0.33791,atlas_geometry,tile_state:BERS:level2_H_2,unresolved,display_overlap,source:65ac4116e7776380,state:BERS,level2_H_2
claim:tile_state:BERS:level2_G_2,0.32943,atlas_geometry,tile_state:BERS:level2_G_2,unresolved,display_overlap,source:65ac4116e7776380,state:BERS,level2_G_2
claim:tile_state:BERS:level2_A_1,0.02477,atlas_geometry,tile_state:BERS:level2_A_1,unresolved,display_overlap,source:65ac4116e7776380,state:BERS,level2_A_1
claim:tile_state:BERS:level2_A_2,0.00828,atlas_geometry,tile_state:BERS:level2_A_2,unresolved,display_overlap,source:65ac4116e7776380,state:BERS,level2_A_2
claim:tile_state:BERS:level1_D_1,1.0,atlas_geometry,tile_state:BERS:level1_D_1,unresolved,display_overlap,source:65ac4116e7776380,state:BERS,level1_D_1
claim:tile_state:BERS:level1_C_1,0.97468,atlas_geometry,tile_state:BERS:level1_C_1,unresolved,display_overlap,source:65ac4116e7776380,state:BERS,level1_C_1
claim:tile_state:BERS:level1_A_1,0.02477,atlas_geometry,tile_state:BERS:level1_A_1,unresolved,display_overlap,source:65ac4116e7776380,state:BERS,level1_A_1
claim:tile_state:BERS:level0_B_1,1.0,atlas_geometry,tile_state:BERS:level0_B_1,unresolved,display_overlap,source:65ac4116e7776380,state:BERS,level0_B_1
claim:tile_state:BERS:level0_A_1,0.99945,atlas_geometry,tile_state:BERS:level0_A_1,unresolved,display_overlap,source:65ac4116e7776380,state:BERS,level0_A_1
claim:tile_state:PSAW:level2_G_1,0.90501,atlas_geometry,tile_state:PSAW:level2_G_1,unresolved,display_overlap,source:65ac4116e7776380,state:PSAW,level2_G_1
claim:tile_state:PSAW:level2_F_1,0.57248,atlas_geometry,tile_state:PSAW:level2_F_1,unresolved,display_overlap,source:65ac4116e7776380,state:PSAW,level2_F_1
claim:tile_state:PSAW:level2_G_2,0.38445,atlas_geometry,tile_state:PSAW:level2_G_2,unresolved,display_overlap,source:65ac4116e7776380,state:PSAW,level2_G_2
claim:tile_state:PSAW:level2_H_1,0.33253,atlas_geometry,tile_state:PSAW:level2_H_1,unresolved,display_overlap,source:65ac4116e7776380,state:PSAW,level2_H_1
claim:tile_state:PSAW:level2_H_2,0.25843,atlas_geometry,tile_state:PSAW:level2_H_2,unresolved,display_overlap,source:65ac4116e7776380,state:PSAW,level2_H_2
claim:tile_state:PSAW:level2_F_2,0.12602,atlas_geometry,tile_state:PSAW:level2_F_2,unresolved,display_overlap,source:65ac4116e7776380,state:PSAW,level2_F_2
claim:tile_state:PSAW:level2_G_3,0.09204,atlas_geometry,tile_state:PSAW:level2_G_3,unresolved,display_overlap,source:65ac4116e7776380,state:PSAW,level2_G_3
claim:tile_state:PSAW:level2_H_3,0.0794,atlas_geometry,tile_state:PSAW:level2_H_3,unresolved,display_overlap,source:65ac4116e7776380,state:PSAW,level2_H_3
claim:tile_state:PSAW:level2_F_3,0.01264,atlas_geometry,tile_state:PSAW:level2_F_3,unresolved,display_overlap,source:65ac4116e7776380,state:PSAW,level2_F_3
claim:tile_state:PSAW:level1_C_1,1.0,atlas_geometry,tile_state:PSAW:level1_C_1,unresolved,display_overlap,source:65ac4116e7776380,state:PSAW,level1_C_1
claim:tile_state:PSAW:level1_D_1,1.0,atlas_geometry,tile_state:PSAW:level1_D_1,unresolved,display_overlap,source:65ac4116e7776380,state:PSAW,level1_D_1
claim:tile_state:PSAW:level1_C_2,0.09204,atlas_geometry,tile_state:PSAW:level1_C_2,unresolved,display_overlap,source:65ac4116e7776380,state:PSAW,level1_C_2
claim:tile_state:PSAW:level1_D_2,0.09204,atlas_geometry,tile_state:PSAW:level1_D_2,unresolved,display_overlap,source:65ac4116e7776380,state:PSAW,level1_D_2
claim:tile_state:PSAW:level0_A_1,1.0,atlas_geometry,tile_state:PSAW:level0_A_1,unresolved,display_overlap,source:65ac4116e7776380,state:PSAW,level0_A_1
claim:tile_state:PSAW:level0_B_1,1.0,atlas_geometry,tile_state:PSAW:level0_B_1,unresolved,display_overlap,source:65ac4116e7776380,state:PSAW,level0_B_1
claim:tile_state:NPPF:level2_H_2,1.0,atlas_geometry,tile_state:NPPF:level2_H_2,unresolved,display_overlap,source:65ac4116e7776380,state:NPPF,level2_H_2
claim:tile_state:NPPF:level2_G_2,0.98019,atlas_geometry,tile_state:NPPF:level2_G_2,unresolved,display_overlap,source:65ac4116e7776380,state:NPPF,level2_G_2
claim:tile_state:NPPF:level2_H_3,0.73515,atlas_geometry,tile_state:NPPF:level2_H_3,unresolved,display_overlap,source:65ac4116e7776380,state:NPPF,level2_H_3
claim:tile_state:NPPF:level2_G_3,0.71538,atlas_geometry,tile_state:NPPF:level2_G_3,unresolved,display_overlap,source:65ac4116e7776380,state:NPPF,level2_G_3
claim:tile_state:NPPF:level2_H_1,0.2553,atlas_geometry,tile_state:NPPF:level2_H_1,unresolved,display_overlap,source:65ac4116e7776380,state:NPPF,level2_H_1
claim:tile_state:NPPF:level2_G_1,0.25529,atlas_geometry,tile_state:NPPF:level2_G_1,unresolved,display_overlap,source:65ac4116e7776380,state:NPPF,level2_G_1
claim:tile_state:NPPF:level2_A_2,0.01944,atlas_geometry,tile_state:NPPF:level2_A_2,unresolved,display_overlap,source:65ac4116e7776380,state:NPPF,level2_A_2
claim:tile_state:NPPF:level2_A_3,0.01941,atlas_geometry,tile_state:NPPF:level2_A_3,unresolved,display_overlap,source:65ac4116e7776380,state:NPPF,level2_A_3
claim:tile_state:NPPF:level1_D_1,1.0,atlas_geometry,tile_state:NPPF:level1_D_1,unresolved,display_overlap,source:65ac4116e7776380,state:NPPF,level1_D_1
claim:tile_state:NPPF:level1_C_1,0.98019,atlas_geometry,tile_state:NPPF:level1_C_1,unresolved,display_overlap,source:65ac4116e7776380,state:NPPF,level1_C_1
claim:tile_state:NPPF:level1_D_2,0.73515,atlas_geometry,tile_state:NPPF:level1_D_2,unresolved,display_overlap,source:65ac4116e7776380,state:NPPF,level1_D_2
claim:tile_state:NPPF:level1_C_2,0.71538,atlas_geometry,tile_state:NPPF:level1_C_2,unresolved,display_overlap,source:65ac4116e7776380,state:NPPF,level1_C_2
claim:tile_state:NPPF:level1_A_1,0.01944,atlas_geometry,tile_state:NPPF:level1_A_1,unresolved,display_overlap,source:65ac4116e7776380,state:NPPF,level1_A_1
claim:tile_state:NPPF:level1_A_2,0.01941,atlas_geometry,tile_state:NPPF:level1_A_2,unresolved,display_overlap,source:65ac4116e7776380,state:NPPF,level1_A_2
claim:tile_state:NPPF:level0_B_1,1.0,atlas_geometry,tile_state:NPPF:level0_B_1,unresolved,display_overlap,source:65ac4116e7776380,state:NPPF,level0_B_1
claim:tile_state:NPPF:level0_A_1,0.99962,atlas_geometry,tile_state:NPPF:level0_A_1,unresolved,display_overlap,source:65ac4116e7776380,state:NPPF,level0_A_1
claim:tile_state:PSAE:level2_H_2,1.0,atlas_geometry,tile_state:PSAE:level2_H_2,unresolved,display_overlap,source:65ac4116e7776380,state:PSAE,level2_H_2
claim:tile_state:PSAE:level2_A_2,0.99966,atlas_geometry,tile_state:PSAE:level2_A_2,unresolved,display_overlap,source:65ac4116e7776380,state:PSAE,level2_A_2
claim:tile_state:PSAE:level2_H_1,0.54116,atlas_geometry,tile_state:PSAE:level2_H_1,unresolved,display_overlap,source:65ac4116e7776380,state:PSAE,level2_H_1
claim:tile_state:PSAE:level2_A_1,0.54082,atlas_geometry,tile_state:PSAE:level2_A_1,unresolved,display_overlap,source:65ac4116e7776380,state:PSAE,level2_A_1
claim:tile_state:PSAE:level2_A_3,0.44861,atlas_geometry,tile_state:PSAE:level2_A_3,unresolved,display_overlap,source:65ac4116e7776380,state:PSAE,level2_A_3
claim:tile_state:PSAE:level2_H_3,0.44861,atlas_geometry,tile_state:PSAE:level2_H_3,unresolved,display_overlap,source:65ac4116e7776380,state:PSAE,level2_H_3
claim:tile_state:PSAE:level2_G_1,0.00027,atlas_geometry,tile_state:PSAE:level2_G_1,unresolved,display_overlap,source:65ac4116e7776380,state:PSAE,level2_G_1
claim:tile_state:PSAE:level2_G_2,0.00027,atlas_geometry,tile_state:PSAE:level2_G_2,unresolved,display_overlap,source:65ac4116e7776380,state:PSAE,level2_G_2
claim:tile_state:PSAE:level1_D_1,1.0,atlas_geometry,tile_state:PSAE:level1_D_1,unresolved,display_overlap,source:65ac4116e7776380,state:PSAE,level1_D_1
claim:tile_state:PSAE:level1_A_1,0.99966,atlas_geometry,tile_state:PSAE:level1_A_1,unresolved,display_overlap,source:65ac4116e7776380,state:PSAE,level1_A_1
claim:tile_state:PSAE:level1_A_2,0.44861,atlas_geometry,tile_state:PSAE:level1_A_2,unresolved,display_overlap,source:65ac4116e7776380,state:PSAE,level1_A_2
claim:tile_state:PSAE:level1_D_2,0.44861,atlas_geometry,tile_state:PSAE:level1_D_2,unresolved,display_overlap,source:65ac4116e7776380,state:PSAE,level1_D_2
claim:tile_state:PSAE:level1_C_1,0.00027,atlas_geometry,tile_state:PSAE:level1_C_1,unresolved,display_overlap,source:65ac4116e7776380,state:PSAE,level1_C_1
claim:tile_state:PSAE:level0_B_1,1.0,atlas_geometry,tile_state:PSAE:level0_B_1,unresolved,display_overlap,source:65ac4116e7776380,state:PSAE,level0_B_1
claim:tile_state:PSAE:level0_A_1,0.99993,atlas_geometry,tile_state:PSAE:level0_A_1,unresolved,display_overlap,source:65ac4116e7776380,state:PSAE,level0_A_1
claim:tile_state:ALSK:level2_A_1,1.0,atlas_geometry,tile_state:ALSK:level2_A_1,unresolved,display_overlap,source:65ac4116e7776380,state:ALSK,level2_A_1
claim:tile_state:ALSK:level2_H_1,0.85526,atlas_geometry,tile_state:ALSK:level2_H_1,unresolved,display_overlap,source:65ac4116e7776380,state:ALSK,level2_H_1
claim:tile_state:ALSK:level2_B_1,0.14434,atlas_geometry,tile_state:ALSK:level2_B_1,unresolved,display_overlap,source:65ac4116e7776380,state:ALSK,level2_B_1
claim:tile_state:ALSK:level2_A_2,0.12171,atlas_geometry,tile_state:ALSK:level2_A_2,unresolved,display_overlap,source:65ac4116e7776380,state:ALSK,level2_A_2
claim:tile_state:ALSK:level2_H_2,0.12171,atlas_geometry,tile_state:ALSK:level2_H_2,unresolved,display_overlap,source:65ac4116e7776380,state:ALSK,level2_H_2
claim:tile_state:ALSK:level1_A_1,1.0,atlas_geometry,tile_state:ALSK:level1_A_1,unresolved,display_overlap,source:65ac4116e7776380,state:ALSK,level1_A_1
claim:tile_state:ALSK:level1_D_1,1.0,atlas_geometry,tile_state:ALSK:level1_D_1,unresolved,display_overlap,source:65ac4116e7776380,state:ALSK,level1_D_1
claim:tile_state:ALSK:level0_A_1,1.0,atlas_geometry,tile_state:ALSK:level0_A_1,unresolved,display_overlap,source:65ac4116e7776380,state:ALSK,level0_A_1
claim:tile_state:ALSK:level0_B_1,1.0,atlas_geometry,tile_state:ALSK:level0_B_1,unresolved,display_overlap,source:65ac4116e7776380,state:ALSK,level0_B_1
claim:tile_state:KURO:level2_G_2,0.74116,atlas_geometry,tile_state:KURO:level2_G_2,unresolved,display_overlap,source:65ac4116e7776380,state:KURO,level2_G_2
claim:tile_state:KURO:level2_F_2,0.73189,atlas_geometry,tile_state:KURO:level2_F_2,unresolved,display_overlap,source:65ac4116e7776380,state:KURO,level2_F_2
claim:tile_state:KURO:level2_G_3,0.69997,atlas_geometry,tile_state:KURO:level2_G_3,unresolved,display_overlap,source:65ac4116e7776380,state:KURO,level2_G_3
claim:tile_state:KURO:level2_F_3,0.69069,atlas_geometry,tile_state:KURO:level2_F_3,unresolved,display_overlap,source:65ac4116e7776380,state:KURO,level2_F_3
claim:tile_state:KURO:level2_F_1,0.29681,atlas_geometry,tile_state:KURO:level2_F_1,unresolved,display_overlap,source:65ac4116e7776380,state:KURO,level2_F_1
claim:tile_state:KURO:level2_G_1,0.25,atlas_geometry,tile_state:KURO:level2_G_1,unresolved,display_overlap,source:65ac4116e7776380,state:KURO,level2_G_1
claim:tile_state:KURO:level2_E_1,0.04681,atlas_geometry,tile_state:KURO:level2_E_1,unresolved,display_overlap,source:65ac4116e7776380,state:KURO,level2_E_1
claim:tile_state:KURO:level2_F_4,0.03292,atlas_geometry,tile_state:KURO:level2_F_4,unresolved,display_overlap,source:65ac4116e7776380,state:KURO,level2_F_4
claim:tile_state:KURO:level2_G_4,0.03292,atlas_geometry,tile_state:KURO:level2_G_4,unresolved,display_overlap,source:65ac4116e7776380,state:KURO,level2_G_4
claim:tile_state:KURO:level2_H_2,0.00928,atlas_geometry,tile_state:KURO:level2_H_2,unresolved,display_overlap,source:65ac4116e7776380,state:KURO,level2_H_2
claim:tile_state:KURO:level2_H_3,0.00928,atlas_geometry,tile_state:KURO:level2_H_3,unresolved,display_overlap,source:65ac4116e7776380,state:KURO,level2_H_3
claim:tile_state:KURO:level1_C_1,1.0,atlas_geometry,tile_state:KURO:level1_C_1,unresolved,display_overlap,source:65ac4116e7776380,state:KURO,level1_C_1
claim:tile_state:KURO:level1_D_1,0.95319,atlas_geometry,tile_state:KURO:level1_D_1,unresolved,display_overlap,source:65ac4116e7776380,state:KURO,level1_D_1
claim:tile_state:KURO:level1_C_2,0.69997,atlas_geometry,tile_state:KURO:level1_C_2,unresolved,display_overlap,source:65ac4116e7776380,state:KURO,level1_C_2
claim:tile_state:KURO:level1_D_2,0.69997,atlas_geometry,tile_state:KURO:level1_D_2,unresolved,display_overlap,source:65ac4116e7776380,state:KURO,level1_D_2
claim:tile_state:KURO:level1_B_1,0.04681,atlas_geometry,tile_state:KURO:level1_B_1,unresolved,display_overlap,source:65ac4116e7776380,state:KURO,level1_B_1
claim:tile_state:KURO:level0_A_1,1.0,atlas_geometry,tile_state:KURO:level0_A_1,unresolved,display_overlap,source:65ac4116e7776380,state:KURO,level0_A_1
claim:tile_state:KURO:level0_B_1,1.0,atlas_geometry,tile_state:KURO:level0_B_1,unresolved,display_overlap,source:65ac4116e7776380,state:KURO,level0_B_1
claim:tile_state:NPSW:level2_G_3,1.0,atlas_geometry,tile_state:NPSW:level2_G_3,unresolved,display_overlap,source:65ac4116e7776380,state:NPSW,level2_G_3
claim:tile_state:NPSW:level2_H_3,0.96917,atlas_geometry,tile_state:NPSW:level2_H_3,unresolved,display_overlap,source:65ac4116e7776380,state:NPSW,level2_H_3
claim:tile_state:NPSW:level2_G_2,0.58977,atlas_geometry,tile_state:NPSW:level2_G_2,unresolved,display_overlap,source:65ac4116e7776380,state:NPSW,level2_G_2
claim:tile_state:NPSW:level2_H_2,0.5674,atlas_geometry,tile_state:NPSW:level2_H_2,unresolved,display_overlap,source:65ac4116e7776380,state:NPSW,level2_H_2
claim:tile_state:NPSW:level2_G_4,0.40209,atlas_geometry,tile_state:NPSW:level2_G_4,unresolved,display_overlap,source:65ac4116e7776380,state:NPSW,level2_G_4
claim:tile_state:NPSW:level2_H_4,0.39455,atlas_geometry,tile_state:NPSW:level2_H_4,unresolved,display_overlap,source:65ac4116e7776380,state:NPSW,level2_H_4
claim:tile_state:NPSW:level2_F_3,0.03083,atlas_geometry,tile_state:NPSW:level2_F_3,unresolved,display_overlap,source:65ac4116e7776380,state:NPSW,level2_F_3
claim:tile_state:NPSW:level2_F_2,0.02237,atlas_geometry,tile_state:NPSW:level2_F_2,unresolved,display_overlap,source:65ac4116e7776380,state:NPSW,level2_F_2
claim:tile_state:NPSW:level2_F_4,0.00754,atlas_geometry,tile_state:NPSW:level2_F_4,unresolved,display_overlap,source:65ac4116e7776380,state:NPSW,level2_F_4
claim:tile_state:NPSW:level1_C_1,1.0,atlas_geometry,tile_state:NPSW:level1_C_1,unresolved,display_overlap,source:65ac4116e7776380,state:NPSW,level1_C_1
claim:tile_state:NPSW:level1_C_2,1.0,atlas_geometry,tile_state:NPSW:level1_C_2,unresolved,display_overlap,source:65ac4116e7776380,state:NPSW,level1_C_2
claim:tile_state:NPSW:level1_D_1,1.0,atlas_geometry,tile_state:NPSW:level1_D_1,unresolved,display_overlap,source:65ac4116e7776380,state:NPSW,level1_D_1
claim:tile_state:NPSW:level1_D_2,1.0,atlas_geometry,tile_state:NPSW:level1_D_2,unresolved,display_overlap,source:65ac4116e7776380,state:NPSW,level1_D_2
claim:tile_state:NPSW:level0_A_1,1.0,atlas_geometry,tile_state:NPSW:level0_A_1,unresolved,display_overlap,source:65ac4116e7776380,state:NPSW,level0_A_1
claim:tile_state:NPSW:level0_B_1,1.0,atlas_geometry,tile_state:NPSW:level0_B_1,unresolved,display_overlap,source:65ac4116e7776380,state:NPSW,level0_B_1
claim:tile_state:NPSE:level2_A_3,1.0,atlas_geometry,tile_state:NPSE:level2_A_3,unresolved,display_overlap,source:65ac4116e7776380,state:NPSE,level2_A_3
claim:tile_state:NPSE:level2_H_3,1.0,atlas_geometry,tile_state:NPSE:level2_H_3,unresolved,display_overlap,source:65ac4116e7776380,state:NPSE,level2_H_3
claim:tile_state:NPSE:level2_A_2,0.76474,atlas_geometry,tile_state:NPSE:level2_A_2,unresolved,display_overlap,source:65ac4116e7776380,state:NPSE,level2_A_2
claim:tile_state:NPSE:level2_H_2,0.76474,atlas_geometry,tile_state:NPSE:level2_H_2,unresolved,display_overlap,source:65ac4116e7776380,state:NPSE,level2_H_2
claim:tile_state:NPSE:level2_A_4,0.22403,atlas_geometry,tile_state:NPSE:level2_A_4,unresolved,display_overlap,source:65ac4116e7776380,state:NPSE,level2_A_4
claim:tile_state:NPSE:level2_H_4,0.22403,atlas_geometry,tile_state:NPSE:level2_H_4,unresolved,display_overlap,source:65ac4116e7776380,state:NPSE,level2_H_4
claim:tile_state:NPSE:level1_A_1,1.0,atlas_geometry,tile_state:NPSE:level1_A_1,unresolved,display_overlap,source:65ac4116e7776380,state:NPSE,level1_A_1
claim:tile_state:NPSE:level1_A_2,1.0,atlas_geometry,tile_state:NPSE:level1_A_2,unresolved,display_overlap,source:65ac4116e7776380,state:NPSE,level1_A_2
claim:tile_state:NPSE:level1_D_1,1.0,atlas_geometry,tile_state:NPSE:level1_D_1,unresolved,display_overlap,source:65ac4116e7776380,state:NPSE,level1_D_1
claim:tile_state:NPSE:level1_D_2,1.0,atlas_geometry,tile_state:NPSE:level1_D_2,unresolved,display_overlap,source:65ac4116e7776380,state:NPSE,level1_D_2
claim:tile_state:NPSE:level0_A_1,1.0,atlas_geometry,tile_state:NPSE:level0_A_1,unresolved,display_overlap,source:65ac4116e7776380,state:NPSE,level0_A_1
claim:tile_state:NPSE:level0_B_1,1.0,atlas_geometry,tile_state:NPSE:level0_B_1,unresolved,display_overlap,source:65ac4116e7776380,state:NPSE,level0_B_1
claim:tile_state:CCAL:level2_A_3,0.67567,atlas_geometry,tile_state:CCAL:level2_A_3,unresolved,display_overlap,source:65ac4116e7776380,state:CCAL,level2_A_3
claim:tile_state:CCAL:level2_H_3,0.54715,atlas_geometry,tile_state:CCAL:level2_H_3,unresolved,display_overlap,source:65ac4116e7776380,state:CCAL,level2_H_3
claim:tile_state:CCAL:level2_A_2,0.54611,atlas_geometry,tile_state:CCAL:level2_A_2,unresolved,display_overlap,source:65ac4116e7776380,state:CCAL,level2_A_2
claim:tile_state:CCAL:level2_H_2,0.46107,atlas_geometry,tile_state:CCAL:level2_H_2,unresolved,display_overlap,source:65ac4116e7776380,state:CCAL,level2_H_2
claim:tile_state:CCAL:level2_A_1,0.3241,atlas_geometry,tile_state:CCAL:level2_A_1,unresolved,display_overlap,source:65ac4116e7776380,state:CCAL,level2_A_1
claim:tile_state:CCAL:level2_B_1,0.32203,atlas_geometry,tile_state:CCAL:level2_B_1,unresolved,display_overlap,source:65ac4116e7776380,state:CCAL,level2_B_1
claim:tile_state:CCAL:level2_B_3,0.12772,atlas_geometry,tile_state:CCAL:level2_B_3,unresolved,display_overlap,source:65ac4116e7776380,state:CCAL,level2_B_3
claim:tile_state:CCAL:level2_A_4,0.12455,atlas_geometry,tile_state:CCAL:level2_A_4,unresolved,display_overlap,source:65ac4116e7776380,state:CCAL,level2_A_4
claim:tile_state:CCAL:level2_B_2,0.08453,atlas_geometry,tile_state:CCAL:level2_B_2,unresolved,display_overlap,source:65ac4116e7776380,state:CCAL,level2_B_2
claim:tile_state:CCAL:level2_H_4,0.08417,atlas_geometry,tile_state:CCAL:level2_H_4,unresolved,display_overlap,source:65ac4116e7776380,state:CCAL,level2_H_4
claim:tile_state:CCAL:level2_B_4,0.04011,atlas_geometry,tile_state:CCAL:level2_B_4,unresolved,display_overlap,source:65ac4116e7776380,state:CCAL,level2_B_4
claim:tile_state:CCAL:level2_H_1,0.00206,atlas_geometry,tile_state:CCAL:level2_H_1,unresolved,display_overlap,source:65ac4116e7776380,state:CCAL,level2_H_1
claim:tile_state:CCAL:level1_A_1,1.0,atlas_geometry,tile_state:CCAL:level1_A_1,unresolved,display_overlap,source:65ac4116e7776380,state:CCAL,level1_A_1
claim:tile_state:CCAL:level1_D_1,1.0,atlas_geometry,tile_state:CCAL:level1_D_1,unresolved,display_overlap,source:65ac4116e7776380,state:CCAL,level1_D_1
claim:tile_state:CCAL:level1_A_2,0.67567,atlas_geometry,tile_state:CCAL:level1_A_2,unresolved,display_overlap,source:65ac4116e7776380,state:CCAL,level1_A_2
claim:tile_state:CCAL:level1_D_2,0.67567,atlas_geometry,tile_state:CCAL:level1_D_2,unresolved,display_overlap,source:65ac4116e7776380,state:CCAL,level1_D_2
claim:tile_state:CCAL:level0_A_1,1.0,atlas_geometry,tile_state:CCAL:level0_A_1,unresolved,display_overlap,source:65ac4116e7776380,state:CCAL,level0_A_1
claim:tile_state:CCAL:level0_B_1,1.0,atlas_geometry,tile_state:CCAL:level0_B_1,unresolved,display_overlap,source:65ac4116e7776380,state:CCAL,level0_B_1
claim:tile_state:CHIN:level2_F_3,0.6643,atlas_geometry,tile_state:CHIN:level2_F_3,unresolved,display_overlap,source:65ac4116e7776380,state:CHIN,level2_F_3
claim:tile_state:CHIN:level2_G_3,0.62981,atlas_geometry,tile_state:CHIN:level2_G_3,unresolved,display_overlap,source:65ac4116e7776380,state:CHIN,level2_G_3
claim:tile_state:CHIN:level2_F_4,0.424,atlas_geometry,tile_state:CHIN:level2_F_4,unresolved,display_overlap,source:65ac4116e7776380,state:CHIN,level2_F_4
claim:tile_state:CHIN:level2_G_4,0.38951,atlas_geometry,tile_state:CHIN:level2_G_4,unresolved,display_overlap,source:65ac4116e7776380,state:CHIN,level2_G_4
claim:tile_state:CHIN:level2_F_1,0.3357,atlas_geometry,tile_state:CHIN:level2_F_1,unresolved,display_overlap,source:65ac4116e7776380,state:CHIN,level2_F_1
claim:tile_state:CHIN:level2_E_1,0.33291,atlas_geometry,tile_state:CHIN:level2_E_1,unresolved,display_overlap,source:65ac4116e7776380,state:CHIN,level2_E_1
claim:tile_state:CHIN:level2_F_2,0.23562,atlas_geometry,tile_state:CHIN:level2_F_2,unresolved,display_overlap,source:65ac4116e7776380,state:CHIN,level2_F_2
claim:tile_state:CHIN:level2_G_2,0.23562,atlas_geometry,tile_state:CHIN:level2_G_2,unresolved,display_overlap,source:65ac4116e7776380,state:CHIN,level2_G_2
claim:tile_state:CHIN:level2_E_3,0.03449,atlas_geometry,tile_state:CHIN:level2_E_3,unresolved,display_overlap,source:65ac4116e7776380,state:CHIN,level2_E_3
claim:tile_state:CHIN:level2_E_4,0.03449,atlas_geometry,tile_state:CHIN:level2_E_4,unresolved,display_overlap,source:65ac4116e7776380,state:CHIN,level2_E_4
claim:tile_state:CHIN:level2_G_1,0.00279,atlas_geometry,tile_state:CHIN:level2_G_1,unresolved,display_overlap,source:65ac4116e7776380,state:CHIN,level2_G_1
claim:tile_state:CHIN:level1_C_1,1.0,atlas_geometry,tile_state:CHIN:level1_C_1,unresolved,display_overlap,source:65ac4116e7776380,state:CHIN,level1_C_1
claim:tile_state:CHIN:level1_C_2,0.6643,atlas_geometry,tile_state:CHIN:level1_C_2,unresolved,display_overlap,source:65ac4116e7776380,state:CHIN,level1_C_2
claim:tile_state:CHIN:level1_D_1,0.6326,atlas_geometry,tile_state:CHIN:level1_D_1,unresolved,display_overlap,source:65ac4116e7776380,state:CHIN,level1_D_1
claim:tile_state:CHIN:level1_D_2,0.62981,atlas_geometry,tile_state:CHIN:level1_D_2,unresolved,display_overlap,source:65ac4116e7776380,state:CHIN,level1_D_2
claim:tile_state:CHIN:level1_B_1,0.3674,atlas_geometry,tile_state:CHIN:level1_B_1,unresolved,display_overlap,source:65ac4116e7776380,state:CHIN,level1_B_1
claim:tile_state:CHIN:level1_B_2,0.03449,atlas_geometry,tile_state:CHIN:level1_B_2,unresolved,display_overlap,source:65ac4116e7776380,state:CHIN,level1_B_2
claim:tile_state:CHIN:level0_A_1,1.0,atlas_geometry,tile_state:CHIN:level0_A_1,unresolved,display_overlap,source:65ac4116e7776380,state:CHIN,level0_A_1
claim:tile_state:CHIN:level0_B_1,1.0,atlas_geometry,tile_state:CHIN:level0_B_1,unresolved,display_overlap,source:65ac4116e7776380,state:CHIN,level0_B_1
claim:tile_state:NPTG:level2_H_3,0.79922,atlas_geometry,tile_state:NPTG:level2_H_3,unresolved,display_overlap,source:65ac4116e7776380,state:NPTG,level2_H_3
claim:tile_state:NPTG:level2_H_4,0.75956,atlas_geometry,tile_state:NPTG:level2_H_4,unresolved,display_overlap,source:65ac4116e7776380,state:NPTG,level2_H_4
claim:tile_state:NPTG:level2_G_4,0.64268,atlas_geometry,tile_state:NPTG:level2_G_4,unresolved,display_overlap,source:65ac4116e7776380,state:NPTG,level2_G_4
claim:tile_state:NPTG:level2_G_3,0.58883,atlas_geometry,tile_state:NPTG:level2_G_3,unresolved,display_overlap,source:65ac4116e7776380,state:NPTG,level2_G_3
claim:tile_state:NPTG:level2_H_2,0.23562,atlas_geometry,tile_state:NPTG:level2_H_2,unresolved,display_overlap,source:65ac4116e7776380,state:NPTG,level2_H_2
claim:tile_state:NPTG:level2_A_3,0.20978,atlas_geometry,tile_state:NPTG:level2_A_3,unresolved,display_overlap,source:65ac4116e7776380,state:NPTG,level2_A_3
claim:tile_state:NPTG:level2_H_5,0.19692,atlas_geometry,tile_state:NPTG:level2_H_5,unresolved,display_overlap,source:65ac4116e7776380,state:NPTG,level2_H_5
claim:tile_state:NPTG:level2_G_5,0.19573,atlas_geometry,tile_state:NPTG:level2_G_5,unresolved,display_overlap,source:65ac4116e7776380,state:NPTG,level2_G_5
claim:tile_state:NPTG:level2_G_2,0.14241,atlas_geometry,tile_state:NPTG:level2_G_2,unresolved,display_overlap,source:65ac4116e7776380,state:NPTG,level2_G_2
claim:tile_state:NPTG:level2_A_4,0.11646,atlas_geometry,tile_state:NPTG:level2_A_4,unresolved,display_overlap,source:65ac4116e7776380,state:NPTG,level2_A_4
claim:tile_state:NPTG:level2_A_2,0.09298,atlas_geometry,tile_state:NPTG:level2_A_2,unresolved,display_overlap,source:65ac4116e7776380,state:NPTG,level2_A_2
claim:tile_state:NPTG:level2_A_5,0.00115,atlas_geometry,tile_state:NPTG:level2_A_5,unresolved,display_overlap,source:65ac4116e7776380,state:NPTG,level2_A_5
claim:tile_state:NPTG:level1_D_2,1.0,atlas_geometry,tile_state:NPTG:level1_D_2,unresolved,display_overlap,source:65ac4116e7776380,state:NPTG,level1_D_2
claim:tile_state:NPTG:level1_D_1,0.79922,atlas_geometry,tile_state:NPTG:level1_D_1,unresolved,display_overlap,source:65ac4116e7776380,state:NPTG,level1_D_1
claim:tile_state:NPTG:level1_C_2,0.78824,atlas_geometry,tile_state:NPTG:level1_C_2,unresolved,display_overlap,source:65ac4116e7776380,state:NPTG,level1_C_2
claim:tile_state:NPTG:level1_C_1,0.58883,atlas_geometry,tile_state:NPTG:level1_C_1,unresolved,display_overlap,source:65ac4116e7776380,state:NPTG,level1_C_1
claim:tile_state:NPTG:level1_A_2,0.2111,atlas_geometry,tile_state:NPTG:level1_A_2,unresolved,display_overlap,source:65ac4116e7776380,state:NPTG,level1_A_2
claim:tile_state:NPTG:level1_A_1,0.20978,atlas_geometry,tile_state:NPTG:level1_A_1,unresolved,display_overlap,source:65ac4116e7776380,state:NPTG,level1_A_1
claim:tile_state:NPTG:level1_D_3,0.19692,atlas_geometry,tile_state:NPTG:level1_D_3,unresolved,display_overlap,source:65ac4116e7776380,state:NPTG,level1_D_3
claim:tile_state:NPTG:level1_C_3,0.19573,atlas_geometry,tile_state:NPTG:level1_C_3,unresolved,display_overlap,source:65ac4116e7776380,state:NPTG,level1_C_3
claim:tile_state:NPTG:level1_A_3,0.00115,atlas_geometry,tile_state:NPTG:level1_A_3,unresolved,display_overlap,source:65ac4116e7776380,state:NPTG,level1_A_3
claim:tile_state:NPTG:level0_B_1,1.0,atlas_geometry,tile_state:NPTG:level0_B_1,unresolved,display_overlap,source:65ac4116e7776380,state:NPTG,level0_B_1
claim:tile_state:NPTG:level0_A_1,0.99935,atlas_geometry,tile_state:NPTG:level0_A_1,unresolved,display_overlap,source:65ac4116e7776380,state:NPTG,level0_A_1
claim:tile_state:PNEC:level2_H_4,1.0,atlas_geometry,tile_state:PNEC:level2_H_4,unresolved,display_overlap,source:65ac4116e7776380,state:PNEC,level2_H_4
claim:tile_state:PNEC:level2_A_4,0.97325,atlas_geometry,tile_state:PNEC:level2_A_4,unresolved,display_overlap,source:65ac4116e7776380,state:PNEC,level2_A_4
claim:tile_state:PNEC:level2_A_3,0.62044,atlas_geometry,tile_state:PNEC:level2_A_3,unresolved,display_overlap,source:65ac4116e7776380,state:PNEC,level2_A_3
claim:tile_state:PNEC:level2_H_3,0.62044,atlas_geometry,tile_state:PNEC:level2_H_3,unresolved,display_overlap,source:65ac4116e7776380,state:PNEC,level2_H_3
claim:tile_state:PNEC:level2_H_5,0.37354,atlas_geometry,tile_state:PNEC:level2_H_5,unresolved,display_overlap,source:65ac4116e7776380,state:PNEC,level2_H_5
claim:tile_state:PNEC:level2_A_5,0.34678,atlas_geometry,tile_state:PNEC:level2_A_5,unresolved,display_overlap,source:65ac4116e7776380,state:PNEC,level2_A_5
claim:tile_state:PNEC:level2_G_4,0.02653,atlas_geometry,tile_state:PNEC:level2_G_4,unresolved,display_overlap,source:65ac4116e7776380,state:PNEC,level2_G_4
claim:tile_state:PNEC:level2_G_5,0.02653,atlas_geometry,tile_state:PNEC:level2_G_5,unresolved,display_overlap,source:65ac4116e7776380,state:PNEC,level2_G_5
claim:tile_state:PNEC:level1_D_2,1.0,atlas_geometry,tile_state:PNEC:level1_D_2,unresolved,display_overlap,source:65ac4116e7776380,state:PNEC,level1_D_2
claim:tile_state:PNEC:level1_A_2,0.97325,atlas_geometry,tile_state:PNEC:level1_A_2,unresolved,display_overlap,source:65ac4116e7776380,state:PNEC,level1_A_2
claim:tile_state:PNEC:level1_A_1,0.62044,atlas_geometry,tile_state:PNEC:level1_A_1,unresolved,display_overlap,source:65ac4116e7776380,state:PNEC,level1_A_1
claim:tile_state:PNEC:level1_D_1,0.62044,atlas_geometry,tile_state:PNEC:level1_D_1,unresolved,display_overlap,source:65ac4116e7776380,state:PNEC,level1_D_1
claim:tile_state:PNEC:level1_D_3,0.37354,atlas_geometry,tile_state:PNEC:level1_D_3,unresolved,display_overlap,source:65ac4116e7776380,state:PNEC,level1_D_3
claim:tile_state:PNEC:level1_A_3,0.34678,atlas_geometry,tile_state:PNEC:level1_A_3,unresolved,display_overlap,source:65ac4116e7776380,state:PNEC,level1_A_3
claim:tile_state:PNEC:level1_C_2,0.02653,atlas_geometry,tile_state:PNEC:level1_C_2,unresolved,display_overlap,source:65ac4116e7776380,state:PNEC,level1_C_2
claim:tile_state:PNEC:level1_C_3,0.02653,atlas_geometry,tile_state:PNEC:level1_C_3,unresolved,display_overlap,source:65ac4116e7776380,state:PNEC,level1_C_3
claim:tile_state:PNEC:level0_B_1,1.0,atlas_geometry,tile_state:PNEC:level0_B_1,unresolved,display_overlap,source:65ac4116e7776380,state:PNEC,level0_B_1
claim:tile_state:PNEC:level0_A_1,0.99977,atlas_geometry,tile_state:PNEC:level0_A_1,unresolved,display_overlap,source:65ac4116e7776380,state:PNEC,level0_A_1
claim:tile_state:CAMR:level2_A_4,0.87931,atlas_geometry,tile_state:CAMR:level2_A_4,unresolved,display_overlap,source:65ac4116e7776380,state:CAMR,level2_A_4
claim:tile_state:CAMR:level2_B_4,0.87931,atlas_geometry,tile_state:CAMR:level2_B_4,unresolved,display_overlap,source:65ac4116e7776380,state:CAMR,level2_B_4
claim:tile_state:CAMR:level2_A_3,0.79115,atlas_geometry,tile_state:CAMR:level2_A_3,unresolved,display_overlap,source:65ac4116e7776380,state:CAMR,level2_A_3
claim:tile_state:CAMR:level2_B_3,0.79115,atlas_geometry,tile_state:CAMR:level2_B_3,unresolved,display_overlap,source:65ac4116e7776380,state:CAMR,level2_B_3
claim:tile_state:CAMR:level2_A_5,0.20286,atlas_geometry,tile_state:CAMR:level2_A_5,unresolved,display_overlap,source:65ac4116e7776380,state:CAMR,level2_A_5
claim:tile_state:CAMR:level2_B_5,0.20286,atlas_geometry,tile_state:CAMR:level2_B_5,unresolved,display_overlap,source:65ac4116e7776380,state:CAMR,level2_B_5
claim:tile_state:CAMR:level2_A_2,0.11652,atlas_geometry,tile_state:CAMR:level2_A_2,unresolved,display_overlap,source:65ac4116e7776380,state:CAMR,level2_A_2
claim:tile_state:CAMR:level2_B_2,0.11652,atlas_geometry,tile_state:CAMR:level2_B_2,unresolved,display_overlap,source:65ac4116e7776380,state:CAMR,level2_B_2
claim:tile_state:CAMR:level1_A_2,1.0,atlas_geometry,tile_state:CAMR:level1_A_2,unresolved,display_overlap,source:65ac4116e7776380,state:CAMR,level1_A_2
claim:tile_state:CAMR:level1_D_2,1.0,atlas_geometry,tile_state:CAMR:level1_D_2,unresolved,display_overlap,source:65ac4116e7776380,state:CAMR,level1_D_2
claim:tile_state:CAMR:level1_A_1,0.79115,atlas_geometry,tile_state:CAMR:level1_A_1,unresolved,display_overlap,source:65ac4116e7776380,state:CAMR,level1_A_1
claim:tile_state:CAMR:level1_D_1,0.79115,atlas_geometry,tile_state:CAMR:level1_D_1,unresolved,display_overlap,source:65ac4116e7776380,state:CAMR,level1_D_1
claim:tile_state:CAMR:level1_A_3,0.20286,atlas_geometry,tile_state:CAMR:level1_A_3,unresolved,display_overlap,source:65ac4116e7776380,state:CAMR,level1_A_3
claim:tile_state:CAMR:level1_D_3,0.20286,atlas_geometry,tile_state:CAMR:level1_D_3,unresolved,display_overlap,source:65ac4116e7776380,state:CAMR,level1_D_3
claim:tile_state:CAMR:level0_A_1,1.0,atlas_geometry,tile_state:CAMR:level0_A_1,unresolved,display_overlap,source:65ac4116e7776380,state:CAMR,level0_A_1
claim:tile_state:CAMR:level0_B_1,1.0,atlas_geometry,tile_state:CAMR:level0_B_1,unresolved,display_overlap,source:65ac4116e7776380,state:CAMR,level0_B_1
claim:tile_state:SUND:level2_F_4,1.0,atlas_geometry,tile_state:SUND:level2_F_4,unresolved,display_overlap,source:65ac4116e7776380,state:SUND,level2_F_4
claim:tile_state:SUND:level2_G_4,0.90304,atlas_geometry,tile_state:SUND:level2_G_4,unresolved,display_overlap,source:65ac4116e7776380,state:SUND,level2_G_4
claim:tile_state:SUND:level2_F_5,0.59134,atlas_geometry,tile_state:SUND:level2_F_5,unresolved,display_overlap,source:65ac4116e7776380,state:SUND,level2_F_5
claim:tile_state:SUND:level2_G_5,0.5388,atlas_geometry,tile_state:SUND:level2_G_5,unresolved,display_overlap,source:65ac4116e7776380,state:SUND,level2_G_5
claim:tile_state:SUND:level2_F_3,0.40082,atlas_geometry,tile_state:SUND:level2_F_3,unresolved,display_overlap,source:65ac4116e7776380,state:SUND,level2_F_3
claim:tile_state:SUND:level2_G_3,0.35775,atlas_geometry,tile_state:SUND:level2_G_3,unresolved,display_overlap,source:65ac4116e7776380,state:SUND,level2_G_3
claim:tile_state:SUND:level2_E_4,0.09696,atlas_geometry,tile_state:SUND:level2_E_4,unresolved,display_overlap,source:65ac4116e7776380,state:SUND,level2_E_4
claim:tile_state:SUND:level2_E_5,0.05254,atlas_geometry,tile_state:SUND:level2_E_5,unresolved,display_overlap,source:65ac4116e7776380,state:SUND,level2_E_5
claim:tile_state:SUND:level2_E_3,0.04307,atlas_geometry,tile_state:SUND:level2_E_3,unresolved,display_overlap,source:65ac4116e7776380,state:SUND,level2_E_3
claim:tile_state:SUND:level1_C_2,1.0,atlas_geometry,tile_state:SUND:level1_C_2,unresolved,display_overlap,source:65ac4116e7776380,state:SUND,level1_C_2
claim:tile_state:SUND:level1_D_2,0.90304,atlas_geometry,tile_state:SUND:level1_D_2,unresolved,display_overlap,source:65ac4116e7776380,state:SUND,level1_D_2
claim:tile_state:SUND:level1_C_3,0.59134,atlas_geometry,tile_state:SUND:level1_C_3,unresolved,display_overlap,source:65ac4116e7776380,state:SUND,level1_C_3
claim:tile_state:SUND:level1_D_3,0.5388,atlas_geometry,tile_state:SUND:level1_D_3,unresolved,display_overlap,source:65ac4116e7776380,state:SUND,level1_D_3
claim:tile_state:SUND:level1_C_1,0.40082,atlas_geometry,tile_state:SUND:level1_C_1,unresolved,display_overlap,source:65ac4116e7776380,state:SUND,level1_C_1
claim:tile_state:SUND:level1_D_1,0.35775,atlas_geometry,tile_state:SUND:level1_D_1,unresolved,display_overlap,source:65ac4116e7776380,state:SUND,level1_D_1
claim:tile_state:SUND:level1_B_2,0.09696,atlas_geometry,tile_state:SUND:level1_B_2,unresolved,display_overlap,source:65ac4116e7776380,state:SUND,level1_B_2
claim:tile_state:SUND:level1_B_3,0.05254,atlas_geometry,tile_state:SUND:level1_B_3,unresolved,display_overlap,source:65ac4116e7776380,state:SUND,level1_B_3
claim:tile_state:SUND:level1_B_1,0.04307,atlas_geometry,tile_state:SUND:level1_B_1,unresolved,display_overlap,source:65ac4116e7776380,state:SUND,level1_B_1
claim:tile_state:SUND:level0_A_1,1.0,atlas_geometry,tile_state:SUND:level0_A_1,unresolved,display_overlap,source:65ac4116e7776380,state:SUND,level0_A_1
claim:tile_state:SUND:level0_B_1,1.0,atlas_geometry,tile_state:SUND:level0_B_1,unresolved,display_overlap,source:65ac4116e7776380,state:SUND,level0_B_1
claim:tile_state:WARM:level2_G_4,1.0,atlas_geometry,tile_state:WARM:level2_G_4,unresolved,display_overlap,source:65ac4116e7776380,state:WARM,level2_G_4
claim:tile_state:WARM:level2_G_3,0.77645,atlas_geometry,tile_state:WARM:level2_G_3,unresolved,display_overlap,source:65ac4116e7776380,state:WARM,level2_G_3
claim:tile_state:WARM:level2_F_4,0.53933,atlas_geometry,tile_state:WARM:level2_F_4,unresolved,display_overlap,source:65ac4116e7776380,state:WARM,level2_F_4
claim:tile_state:WARM:level2_F_3,0.47977,atlas_geometry,tile_state:WARM:level2_F_3,unresolved,display_overlap,source:65ac4116e7776380,state:WARM,level2_F_3
claim:tile_state:WARM:level2_H_4,0.46067,atlas_geometry,tile_state:WARM:level2_H_4,unresolved,display_overlap,source:65ac4116e7776380,state:WARM,level2_H_4
claim:tile_state:WARM:level2_H_3,0.29668,atlas_geometry,tile_state:WARM:level2_H_3,unresolved,display_overlap,source:65ac4116e7776380,state:WARM,level2_H_3
claim:tile_state:WARM:level2_G_5,0.21587,atlas_geometry,tile_state:WARM:level2_G_5,unresolved,display_overlap,source:65ac4116e7776380,state:WARM,level2_G_5
claim:tile_state:WARM:level2_H_5,0.15939,atlas_geometry,tile_state:WARM:level2_H_5,unresolved,display_overlap,source:65ac4116e7776380,state:WARM,level2_H_5
claim:tile_state:WARM:level2_F_5,0.05648,atlas_geometry,tile_state:WARM:level2_F_5,unresolved,display_overlap,source:65ac4116e7776380,state:WARM,level2_F_5
claim:tile_state:WARM:level1_C_2,1.0,atlas_geometry,tile_state:WARM:level1_C_2,unresolved,display_overlap,source:65ac4116e7776380,state:WARM,level1_C_2
claim:tile_state:WARM:level1_D_2,1.0,atlas_geometry,tile_state:WARM:level1_D_2,unresolved,display_overlap,source:65ac4116e7776380,state:WARM,level1_D_2
claim:tile_state:WARM:level1_C_1,0.77645,atlas_geometry,tile_state:WARM:level1_C_1,unresolved,display_overlap,source:65ac4116e7776380,state:WARM,level1_C_1
claim:tile_state:WARM:level1_D_1,0.77645,atlas_geometry,tile_state:WARM:level1_D_1,unresolved,display_overlap,source:65ac4116e7776380,state:WARM,level1_D_1
claim:tile_state:WARM:level1_C_3,0.21587,atlas_geometry,tile_state:WARM:level1_C_3,unresolved,display_overlap,source:65ac4116e7776380,state:WARM,level1_C_3
claim:tile_state:WARM:level1_D_3,0.21587,atlas_geometry,tile_state:WARM:level1_D_3,unresolved,display_overlap,source:65ac4116e7776380,state:WARM,level1_D_3
claim:tile_state:WARM:level0_A_1,1.0,atlas_geometry,tile_state:WARM:level0_A_1,unresolved,display_overlap,source:65ac4116e7776380,state:WARM,level0_A_1
claim:tile_state:WARM:level0_B_1,1.0,atlas_geometry,tile_state:WARM:level0_B_1,unresolved,display_overlap,source:65ac4116e7776380,state:WARM,level0_B_1
claim:tile_state:PEQD:level2_A_4,0.9865,atlas_geometry,tile_state:PEQD:level2_A_4,unresolved,display_overlap,source:65ac4116e7776380,state:PEQD,level2_A_4
claim:tile_state:PEQD:level2_A_5,0.60141,atlas_geometry,tile_state:PEQD:level2_A_5,unresolved,display_overlap,source:65ac4116e7776380,state:PEQD,level2_A_5
claim:tile_state:PEQD:level2_B_4,0.524,atlas_geometry,tile_state:PEQD:level2_B_4,unresolved,display_overlap,source:65ac4116e7776380,state:PEQD,level2_B_4
claim:tile_state:PEQD:level2_H_4,0.46124,atlas_geometry,tile_state:PEQD:level2_H_4,unresolved,display_overlap,source:65ac4116e7776380,state:PEQD,level2_H_4
claim:tile_state:PEQD:level2_A_3,0.39338,atlas_geometry,tile_state:PEQD:level2_A_3,unresolved,display_overlap,source:65ac4116e7776380,state:PEQD,level2_A_3
claim:tile_state:PEQD:level2_B_5,0.34476,atlas_geometry,tile_state:PEQD:level2_B_5,unresolved,display_overlap,source:65ac4116e7776380,state:PEQD,level2_B_5
claim:tile_state:PEQD:level2_H_5,0.25599,atlas_geometry,tile_state:PEQD:level2_H_5,unresolved,display_overlap,source:65ac4116e7776380,state:PEQD,level2_H_5
claim:tile_state:PEQD:level2_H_3,0.20261,atlas_geometry,tile_state:PEQD:level2_H_3,unresolved,display_overlap,source:65ac4116e7776380,state:PEQD,level2_H_3
claim:tile_state:PEQD:level2_B_3,0.19018,atlas_geometry,tile_state:PEQD:level2_B_3,unresolved,display_overlap,source:65ac4116e7776380,state:PEQD,level2_B_3
claim:tile_state:PEQD:level2_A_6,0.01216,atlas_geometry,tile_state:PEQD:level2_A_6,unresolved,display_overlap,source:65ac4116e7776380,state:PEQD,level2_A_6
claim:tile_state:PEQD:level2_B_6,0.01216,atlas_geometry,tile_state:PEQD:level2_B_6,unresolved,display_overlap,source:65ac4116e7776380,state:PEQD,level2_B_6
claim:tile_state:PEQD:level1_A_2,1.0,atlas_geometry,tile_state:PEQD:level1_A_2,unresolved,display_overlap,source:65ac4116e7776380,state:PEQD,level1_A_2
claim:tile_state:PEQD:level1_D_2,1.0,atlas_geometry,tile_state:PEQD:level1_D_2,unresolved,display_overlap,source:65ac4116e7776380,state:PEQD,level1_D_2
claim:tile_state:PEQD:level1_A_3,0.60141,atlas_geometry,tile_state:PEQD:level1_A_3,unresolved,display_overlap,source:65ac4116e7776380,state:PEQD,level1_A_3
claim:tile_state:PEQD:level1_D_3,0.60141,atlas_geometry,tile_state:PEQD:level1_D_3,unresolved,display_overlap,source:65ac4116e7776380,state:PEQD,level1_D_3
claim:tile_state:PEQD:level1_A_1,0.39338,atlas_geometry,tile_state:PEQD:level1_A_1,unresolved,display_overlap,source:65ac4116e7776380,state:PEQD,level1_A_1
claim:tile_state:PEQD:level1_D_1,0.39338,atlas_geometry,tile_state:PEQD:level1_D_1,unresolved,display_overlap,source:65ac4116e7776380,state:PEQD,level1_D_1
claim:tile_state:PEQD:level0_A_1,1.0,atlas_geometry,tile_state:PEQD:level0_A_1,unresolved,display_overlap,source:65ac4116e7776380,state:PEQD,level0_A_1
claim:tile_state:PEQD:level0_B_1,1.0,atlas_geometry,tile_state:PEQD:level0_B_1,unresolved,display_overlap,source:65ac4116e7776380,state:PEQD,level0_B_1
claim:tile_state:HUMB:level2_A_5,0.9681,atlas_geometry,tile_state:HUMB:level2_A_5,unresolved,display_overlap,source:65ac4116e7776380,state:HUMB,level2_A_5
claim:tile_state:HUMB:level2_B_5,0.9681,atlas_geometry,tile_state:HUMB:level2_B_5,unresolved,display_overlap,source:65ac4116e7776380,state:HUMB,level2_B_5
claim:tile_state:HUMB:level2_A_6,0.64429,atlas_geometry,tile_state:HUMB:level2_A_6,unresolved,display_overlap,source:65ac4116e7776380,state:HUMB,level2_A_6
claim:tile_state:HUMB:level2_B_6,0.64429,atlas_geometry,tile_state:HUMB:level2_B_6,unresolved,display_overlap,source:65ac4116e7776380,state:HUMB,level2_B_6
claim:tile_state:HUMB:level2_A_4,0.35018,atlas_geometry,tile_state:HUMB:level2_A_4,unresolved,display_overlap,source:65ac4116e7776380,state:HUMB,level2_A_4
claim:tile_state:HUMB:level2_B_4,0.35018,atlas_geometry,tile_state:HUMB:level2_B_4,unresolved,display_overlap,source:65ac4116e7776380,state:HUMB,level2_B_4
claim:tile_state:HUMB:level2_A_7,0.02978,atlas_geometry,tile_state:HUMB:level2_A_7,unresolved,display_overlap,source:65ac4116e7776380,state:HUMB,level2_A_7
claim:tile_state:HUMB:level2_B_7,0.02978,atlas_geometry,tile_state:HUMB:level2_B_7,unresolved,display_overlap,source:65ac4116e7776380,state:HUMB,level2_B_7
claim:tile_state:HUMB:level1_A_3,1.0,atlas_geometry,tile_state:HUMB:level1_A_3,unresolved,display_overlap,source:65ac4116e7776380,state:HUMB,level1_A_3
claim:tile_state:HUMB:level1_D_3,1.0,atlas_geometry,tile_state:HUMB:level1_D_3,unresolved,display_overlap,source:65ac4116e7776380,state:HUMB,level1_D_3
claim:tile_state:HUMB:level1_A_2,0.9681,atlas_geometry,tile_state:HUMB:level1_A_2,unresolved,display_overlap,source:65ac4116e7776380,state:HUMB,level1_A_2
claim:tile_state:HUMB:level1_D_2,0.9681,atlas_geometry,tile_state:HUMB:level1_D_2,unresolved,display_overlap,source:65ac4116e7776380,state:HUMB,level1_D_2
claim:tile_state:HUMB:level0_A_1,1.0,atlas_geometry,tile_state:HUMB:level0_A_1,unresolved,display_overlap,source:65ac4116e7776380,state:HUMB,level0_A_1
claim:tile_state:HUMB:level0_B_1,1.0,atlas_geometry,tile_state:HUMB:level0_B_1,unresolved,display_overlap,source:65ac4116e7776380,state:HUMB,level0_B_1
claim:tile_state:AUSE:level2_G_5,1.0,atlas_geometry,tile_state:AUSE:level2_G_5,unresolved,display_overlap,source:65ac4116e7776380,state:AUSE,level2_G_5
claim:tile_state:AUSE:level2_H_5,0.8437,atlas_geometry,tile_state:AUSE:level2_H_5,unresolved,display_overlap,source:65ac4116e7776380,state:AUSE,level2_H_5
claim:tile_state:AUSE:level2_G_4,0.72518,atlas_geometry,tile_state:AUSE:level2_G_4,unresolved,display_overlap,source:65ac4116e7776380,state:AUSE,level2_G_4
claim:tile_state:AUSE:level2_H_4,0.64173,atlas_geometry,tile_state:AUSE:level2_H_4,unresolved,display_overlap,source:65ac4116e7776380,state:AUSE,level2_H_4
claim:tile_state:AUSE:level2_G_6,0.26798,atlas_geometry,tile_state:AUSE:level2_G_6,unresolved,display_overlap,source:65ac4116e7776380,state:AUSE,level2_G_6
claim:tile_state:AUSE:level2_H_6,0.1964,atlas_geometry,tile_state:AUSE:level2_H_6,unresolved,display_overlap,source:65ac4116e7776380,state:AUSE,level2_H_6
claim:tile_state:AUSE:level2_F_5,0.1563,atlas_geometry,tile_state:AUSE:level2_F_5,unresolved,display_overlap,source:65ac4116e7776380,state:AUSE,level2_F_5
claim:tile_state:AUSE:level2_F_4,0.08345,atlas_geometry,tile_state:AUSE:level2_F_4,unresolved,display_overlap,source:65ac4116e7776380,state:AUSE,level2_F_4
claim:tile_state:AUSE:level2_F_6,0.07158,atlas_geometry,tile_state:AUSE:level2_F_6,unresolved,display_overlap,source:65ac4116e7776380,state:AUSE,level2_F_6
claim:tile_state:AUSE:level1_C_2,1.0,atlas_geometry,tile_state:AUSE:level1_C_2,unresolved,display_overlap,source:65ac4116e7776380,state:AUSE,level1_C_2
claim:tile_state:AUSE:level1_C_3,1.0,atlas_geometry,tile_state:AUSE:level1_C_3,unresolved,display_overlap,source:65ac4116e7776380,state:AUSE,level1_C_3
claim:tile_state:AUSE:level1_D_2,1.0,atlas_geometry,tile_state:AUSE:level1_D_2,unresolved,display_overlap,source:65ac4116e7776380,state:AUSE,level1_D_2
claim:tile_state:AUSE:level1_D_3,1.0,atlas_geometry,tile_state:AUSE:level1_D_3,unresolved,display_overlap,source:65ac4116e7776380,state:AUSE,level1_D_3
claim:tile_state:AUSE:level0_A_1,1.0,atlas_geometry,tile_state:AUSE:level0_A_1,unresolved,display_overlap,source:65ac4116e7776380,state:AUSE,level0_A_1
claim:tile_state:AUSE:level0_B_1,1.0,atlas_geometry,tile_state:AUSE:level0_B_1,unresolved,display_overlap,source:65ac4116e7776380,state:AUSE,level0_B_1
claim:tile_state:ARCH:level2_G_5,0.98746,atlas_geometry,tile_state:ARCH:level2_G_5,unresolved,display_overlap,source:65ac4116e7776380,state:ARCH,level2_G_5
claim:tile_state:ARCH:level2_F_5,0.97704,atlas_geometry,tile_state:ARCH:level2_F_5,unresolved,display_overlap,source:65ac4116e7776380,state:ARCH,level2_F_5
claim:tile_state:ARCH:level2_G_4,0.90884,atlas_geometry,tile_state:ARCH:level2_G_4,unresolved,display_overlap,source:65ac4116e7776380,state:ARCH,level2_G_4
claim:tile_state:ARCH:level2_F_4,0.89841,atlas_geometry,tile_state:ARCH:level2_F_4,unresolved,display_overlap,source:65ac4116e7776380,state:ARCH,level2_F_4
claim:tile_state:ARCH:level2_F_6,0.09116,atlas_geometry,tile_state:ARCH:level2_F_6,unresolved,display_overlap,source:65ac4116e7776380,state:ARCH,level2_F_6
claim:tile_state:ARCH:level2_G_6,0.09116,atlas_geometry,tile_state:ARCH:level2_G_6,unresolved,display_overlap,source:65ac4116e7776380,state:ARCH,level2_G_6
claim:tile_state:ARCH:level2_H_4,0.01043,atlas_geometry,tile_state:ARCH:level2_H_4,unresolved,display_overlap,source:65ac4116e7776380,state:ARCH,level2_H_4
claim:tile_state:ARCH:level2_H_5,0.01043,atlas_geometry,tile_state:ARCH:level2_H_5,unresolved,display_overlap,source:65ac4116e7776380,state:ARCH,level2_H_5
claim:tile_state:ARCH:level2_F_3,0.00972,atlas_geometry,tile_state:ARCH:level2_F_3,unresolved,display_overlap,source:65ac4116e7776380,state:ARCH,level2_F_3
claim:tile_state:ARCH:level2_G_3,0.00972,atlas_geometry,tile_state:ARCH:level2_G_3,unresolved,display_overlap,source:65ac4116e7776380,state:ARCH,level2_G_3
claim:tile_state:ARCH:level1_C_2,1.0,atlas_geometry,tile_state:ARCH:level1_C_2,unresolved,display_overlap,source:65ac4116e7776380,state:ARCH,level1_C_2
claim:tile_state:ARCH:level1_D_2,1.0,atlas_geometry,tile_state:ARCH:level1_D_2,unresolved,display_overlap,source:65ac4116e7776380,state:ARCH,level1_D_2
claim:tile_state:ARCH:level1_C_3,0.98746,atlas_geometry,tile_state:ARCH:level1_C_3,unresolved,display_overlap,source:65ac4116e7776380,state:ARCH,level1_C_3
claim:tile_state:ARCH:level1_D_3,0.98746,atlas_geometry,tile_state:ARCH:level1_D_3,unresolved,display_overlap,source:65ac4116e7776380,state:ARCH,level1_D_3
claim:tile_state:ARCH:level1_C_1,0.00972,atlas_geometry,tile_state:ARCH:level1_C_1,unresolved,display_overlap,source:65ac4116e7776380,state:ARCH,level1_C_1
claim:tile_state:ARCH:level1_D_1,0.00972,atlas_geometry,tile_state:ARCH:level1_D_1,unresolved,display_overlap,source:65ac4116e7776380,state:ARCH,level1_D_1
claim:tile_state:ARCH:level0_A_1,1.0,atlas_geometry,tile_state:ARCH:level0_A_1,unresolved,display_overlap,source:65ac4116e7776380,state:ARCH,level0_A_1
claim:tile_state:ARCH:level0_B_1,1.0,atlas_geometry,tile_state:ARCH:level0_B_1,unresolved,display_overlap,source:65ac4116e7776380,state:ARCH,level0_B_1
claim:tile_state:SPSG:level2_A_5,0.75982,atlas_geometry,tile_state:SPSG:level2_A_5,unresolved,display_overlap,source:65ac4116e7776380,state:SPSG,level2_A_5
claim:tile_state:SPSG:level2_H_5,0.74188,atlas_geometry,tile_state:SPSG:level2_H_5,unresolved,display_overlap,source:65ac4116e7776380,state:SPSG,level2_H_5
claim:tile_state:SPSG:level2_A_6,0.73882,atlas_geometry,tile_state:SPSG:level2_A_6,unresolved,display_overlap,source:65ac4116e7776380,state:SPSG,level2_A_6
claim:tile_state:SPSG:level2_H_6,0.69736,atlas_geometry,tile_state:SPSG:level2_H_6,unresolved,display_overlap,source:65ac4116e7776380,state:SPSG,level2_H_6
claim:tile_state:SPSG:level2_H_4,0.24227,atlas_geometry,tile_state:SPSG:level2_H_4,unresolved,display_overlap,source:65ac4116e7776380,state:SPSG,level2_H_4
claim:tile_state:SPSG:level2_A_4,0.21896,atlas_geometry,tile_state:SPSG:level2_A_4,unresolved,display_overlap,source:65ac4116e7776380,state:SPSG,level2_A_4
claim:tile_state:SPSG:level2_A_7,0.19868,atlas_geometry,tile_state:SPSG:level2_A_7,unresolved,display_overlap,source:65ac4116e7776380,state:SPSG,level2_A_7
claim:tile_state:SPSG:level2_H_7,0.19868,atlas_geometry,tile_state:SPSG:level2_H_7,unresolved,display_overlap,source:65ac4116e7776380,state:SPSG,level2_H_7
claim:tile_state:SPSG:level2_B_5,0.05577,atlas_geometry,tile_state:SPSG:level2_B_5,unresolved,display_overlap,source:65ac4116e7776380,state:SPSG,level2_B_5
claim:tile_state:SPSG:level2_B_6,0.05518,atlas_geometry,tile_state:SPSG:level2_B_6,unresolved,display_overlap,source:65ac4116e7776380,state:SPSG,level2_B_6
claim:tile_state:SPSG:level2_G_5,0.03789,atlas_geometry,tile_state:SPSG:level2_G_5,unresolved,display_overlap,source:65ac4116e7776380,state:SPSG,level2_G_5
claim:tile_state:SPSG:level2_G_4,0.02368,atlas_geometry,tile_state:SPSG:level2_G_4,unresolved,display_overlap,source:65ac4116e7776380,state:SPSG,level2_G_4
claim:tile_state:SPSG:level2_G_6,0.01387,atlas_geometry,tile_state:SPSG:level2_G_6,unresolved,display_overlap,source:65ac4116e7776380,state:SPSG,level2_G_6
claim:tile_state:SPSG:level2_B_4,0.00044,atlas_geometry,tile_state:SPSG:level2_B_4,unresolved,display_overlap,source:65ac4116e7776380,state:SPSG,level2_B_4
claim:tile_state:SPSG:level1_D_3,1.0,atlas_geometry,tile_state:SPSG:level1_D_3,unresolved,display_overlap,source:65ac4116e7776380,state:SPSG,level1_D_3
claim:tile_state:SPSG:level1_A_3,0.96187,atlas_geometry,tile_state:SPSG:level1_A_3,unresolved,display_overlap,source:65ac4116e7776380,state:SPSG,level1_A_3
claim:tile_state:SPSG:level1_D_2,0.79795,atlas_geometry,tile_state:SPSG:level1_D_2,unresolved,display_overlap,source:65ac4116e7776380,state:SPSG,level1_D_2
claim:tile_state:SPSG:level1_A_2,0.75982,atlas_geometry,tile_state:SPSG:level1_A_2,unresolved,display_overlap,source:65ac4116e7776380,state:SPSG,level1_A_2
claim:tile_state:SPSG:level1_C_2,0.03789,atlas_geometry,tile_state:SPSG:level1_C_2,unresolved,display_overlap,source:65ac4116e7776380,state:SPSG,level1_C_2
claim:tile_state:SPSG:level1_C_3,0.03789,atlas_geometry,tile_state:SPSG:level1_C_3,unresolved,display_overlap,source:65ac4116e7776380,state:SPSG,level1_C_3
claim:tile_state:SPSG:level0_B_1,1.0,atlas_geometry,tile_state:SPSG:level0_B_1,unresolved,display_overlap,source:65ac4116e7776380,state:SPSG,level0_B_1
claim:tile_state:SPSG:level0_A_1,0.99976,atlas_geometry,tile_state:SPSG:level0_A_1,unresolved,display_overlap,source:65ac4116e7776380,state:SPSG,level0_A_1
claim:tile_state:NEWZ:level2_H_6,0.79102,atlas_geometry,tile_state:NEWZ:level2_H_6,unresolved,display_overlap,source:65ac4116e7776380,state:NEWZ,level2_H_6
claim:tile_state:NEWZ:level2_G_6,0.72129,atlas_geometry,tile_state:NEWZ:level2_G_6,unresolved,display_overlap,source:65ac4116e7776380,state:NEWZ,level2_G_6
claim:tile_state:NEWZ:level2_H_7,0.56243,atlas_geometry,tile_state:NEWZ:level2_H_7,unresolved,display_overlap,source:65ac4116e7776380,state:NEWZ,level2_H_7
claim:tile_state:NEWZ:level2_G_7,0.45169,atlas_geometry,tile_state:NEWZ:level2_G_7,unresolved,display_overlap,source:65ac4116e7776380,state:NEWZ,level2_G_7
claim:tile_state:NEWZ:level2_H_5,0.43433,atlas_geometry,tile_state:NEWZ:level2_H_5,unresolved,display_overlap,source:65ac4116e7776380,state:NEWZ,level2_H_5
claim:tile_state:NEWZ:level2_G_5,0.4296,atlas_geometry,tile_state:NEWZ:level2_G_5,unresolved,display_overlap,source:65ac4116e7776380,state:NEWZ,level2_G_5
claim:tile_state:NEWZ:level2_A_7,0.11032,atlas_geometry,tile_state:NEWZ:level2_A_7,unresolved,display_overlap,source:65ac4116e7776380,state:NEWZ,level2_A_7
claim:tile_state:NEWZ:level2_G_4,0.07748,atlas_geometry,tile_state:NEWZ:level2_G_4,unresolved,display_overlap,source:65ac4116e7776380,state:NEWZ,level2_G_4
claim:tile_state:NEWZ:level2_H_4,0.07748,atlas_geometry,tile_state:NEWZ:level2_H_4,unresolved,display_overlap,source:65ac4116e7776380,state:NEWZ,level2_H_4
claim:tile_state:NEWZ:level2_A_6,0.0694,atlas_geometry,tile_state:NEWZ:level2_A_6,unresolved,display_overlap,source:65ac4116e7776380,state:NEWZ,level2_A_6
claim:tile_state:NEWZ:level2_A_5,0.00464,atlas_geometry,tile_state:NEWZ:level2_A_5,unresolved,display_overlap,source:65ac4116e7776380,state:NEWZ,level2_A_5
claim:tile_state:NEWZ:level1_D_3,1.0,atlas_geometry,tile_state:NEWZ:level1_D_3,unresolved,display_overlap,source:65ac4116e7776380,state:NEWZ,level1_D_3
claim:tile_state:NEWZ:level1_C_3,0.88431,atlas_geometry,tile_state:NEWZ:level1_C_3,unresolved,display_overlap,source:65ac4116e7776380,state:NEWZ,level1_C_3
claim:tile_state:NEWZ:level1_D_2,0.43433,atlas_geometry,tile_state:NEWZ:level1_D_2,unresolved,display_overlap,source:65ac4116e7776380,state:NEWZ,level1_D_2
claim:tile_state:NEWZ:level1_C_2,0.4296,atlas_geometry,tile_state:NEWZ:level1_C_2,unresolved,display_overlap,source:65ac4116e7776380,state:NEWZ,level1_C_2
claim:tile_state:NEWZ:level1_A_3,0.11518,atlas_geometry,tile_state:NEWZ:level1_A_3,unresolved,display_overlap,source:65ac4116e7776380,state:NEWZ,level1_A_3
claim:tile_state:NEWZ:level1_A_2,0.00464,atlas_geometry,tile_state:NEWZ:level1_A_2,unresolved,display_overlap,source:65ac4116e7776380,state:NEWZ,level1_A_2
claim:tile_state:NEWZ:level0_B_1,1.0,atlas_geometry,tile_state:NEWZ:level0_B_1,unresolved,display_overlap,source:65ac4116e7776380,state:NEWZ,level0_B_1
claim:tile_state:NEWZ:level0_A_1,0.99949,atlas_geometry,tile_state:NEWZ:level0_A_1,unresolved,display_overlap,source:65ac4116e7776380,state:NEWZ,level0_A_1
claim:tile_state:TASM:level2_G_6,1.0,atlas_geometry,tile_state:TASM:level2_G_6,unresolved,display_overlap,source:65ac4116e7776380,state:TASM,level2_G_6
claim:tile_state:TASM:level2_G_5,0.71164,atlas_geometry,tile_state:TASM:level2_G_5,unresolved,display_overlap,source:65ac4116e7776380,state:TASM,level2_G_5
claim:tile_state:TASM:level2_F_6,0.50233,atlas_geometry,tile_state:TASM:level2_F_6,unresolved,display_overlap,source:65ac4116e7776380,state:TASM,level2_F_6
claim:tile_state:TASM:level2_H_6,0.49767,atlas_geometry,tile_state:TASM:level2_H_6,unresolved,display_overlap,source:65ac4116e7776380,state:TASM,level2_H_6
claim:tile_state:TASM:level2_H_5,0.37226,atlas_geometry,tile_state:TASM:level2_H_5,unresolved,display_overlap,source:65ac4116e7776380,state:TASM,level2_H_5
claim:tile_state:TASM:level2_F_5,0.33938,atlas_geometry,tile_state:TASM:level2_F_5,unresolved,display_overlap,source:65ac4116e7776380,state:TASM,level2_F_5
claim:tile_state:TASM:level2_G_7,0.27586,atlas_geometry,tile_state:TASM:level2_G_7,unresolved,display_overlap,source:65ac4116e7776380,state:TASM,level2_G_7
claim:tile_state:TASM:level2_F_7,0.15424,atlas_geometry,tile_state:TASM:level2_F_7,unresolved,display_overlap,source:65ac4116e7776380,state:TASM,level2_F_7
claim:tile_state:TASM:level2_H_7,0.12163,atlas_geometry,tile_state:TASM:level2_H_7,unresolved,display_overlap,source:65ac4116e7776380,state:TASM,level2_H_7
claim:tile_state:TASM:level1_C_3,1.0,atlas_geometry,tile_state:TASM:level1_C_3,unresolved,display_overlap,source:65ac4116e7776380,state:TASM,level1_C_3
claim:tile_state:TASM:level1_D_3,1.0,atlas_geometry,tile_state:TASM:level1_D_3,unresolved,display_overlap,source:65ac4116e7776380,state:TASM,level1_D_3
claim:tile_state:TASM:level1_C_2,0.71164,atlas_geometry,tile_state:TASM:level1_C_2,unresolved,display_overlap,source:65ac4116e7776380,state:TASM,level1_C_2
claim:tile_state:TASM:level1_D_2,0.71164,atlas_geometry,tile_state:TASM:level1_D_2,unresolved,display_overlap,source:65ac4116e7776380,state:TASM,level1_D_2
claim:tile_state:TASM:level0_A_1,1.0,atlas_geometry,tile_state:TASM:level0_A_1,unresolved,display_overlap,source:65ac4116e7776380,state:TASM,level0_A_1
claim:tile_state:TASM:level0_B_1,1.0,atlas_geometry,tile_state:TASM:level0_B_1,unresolved,display_overlap,source:65ac4116e7776380,state:TASM,level0_B_1
claim:tile_state:OCAL:level2_A_2,0.9623,atlas_geometry,tile_state:OCAL:level2_A_2,unresolved,display_overlap,source:65ac4116e7776380,state:OCAL,level2_A_2
claim:tile_state:OCAL:level2_H_2,0.9623,atlas_geometry,tile_state:OCAL:level2_H_2,unresolved,display_overlap,source:65ac4116e7776380,state:OCAL,level2_H_2
claim:tile_state:OCAL:level2_A_3,0.59817,atlas_geometry,tile_state:OCAL:level2_A_3,unresolved,display_overlap,source:65ac4116e7776380,state:OCAL,level2_A_3
claim:tile_state:OCAL:level2_H_3,0.59817,atlas_geometry,tile_state:OCAL:level2_H_3,unresolved,display_overlap,source:65ac4116e7776380,state:OCAL,level2_H_3
claim:tile_state:OCAL:level2_A_1,0.39067,atlas_geometry,tile_state:OCAL:level2_A_1,unresolved,display_overlap,source:65ac4116e7776380,state:OCAL,level2_A_1
claim:tile_state:OCAL:level2_H_1,0.35933,atlas_geometry,tile_state:OCAL:level2_H_1,unresolved,display_overlap,source:65ac4116e7776380,state:OCAL,level2_H_1
claim:tile_state:OCAL:level2_B_1,0.03122,atlas_geometry,tile_state:OCAL:level2_B_1,unresolved,display_overlap,source:65ac4116e7776380,state:OCAL,level2_B_1
claim:tile_state:OCAL:level1_A_1,1.0,atlas_geometry,tile_state:OCAL:level1_A_1,unresolved,display_overlap,source:65ac4116e7776380,state:OCAL,level1_A_1
claim:tile_state:OCAL:level1_D_1,1.0,atlas_geometry,tile_state:OCAL:level1_D_1,unresolved,display_overlap,source:65ac4116e7776380,state:OCAL,level1_D_1
claim:tile_state:OCAL:level1_A_2,0.59817,atlas_geometry,tile_state:OCAL:level1_A_2,unresolved,display_overlap,source:65ac4116e7776380,state:OCAL,level1_A_2
claim:tile_state:OCAL:level1_D_2,0.59817,atlas_geometry,tile_state:OCAL:level1_D_2,unresolved,display_overlap,source:65ac4116e7776380,state:OCAL,level1_D_2
claim:tile_state:OCAL:level0_A_1,1.0,atlas_geometry,tile_state:OCAL:level0_A_1,unresolved,display_overlap,source:65ac4116e7776380,state:OCAL,level0_A_1
claim:tile_state:OCAL:level0_B_1,1.0,atlas_geometry,tile_state:OCAL:level0_B_1,unresolved,display_overlap,source:65ac4116e7776380,state:OCAL,level0_B_1
claim:tile_state:REDS:level2_D_3,1.0,atlas_geometry,tile_state:REDS:level2_D_3,unresolved,display_overlap,source:65ac4116e7776380,state:REDS,level2_D_3
claim:tile_state:REDS:level2_E_3,1.0,atlas_geometry,tile_state:REDS:level2_E_3,unresolved,display_overlap,source:65ac4116e7776380,state:REDS,level2_E_3
claim:tile_state:REDS:level2_D_4,0.64018,atlas_geometry,tile_state:REDS:level2_D_4,unresolved,display_overlap,source:65ac4116e7776380,state:REDS,level2_D_4
claim:tile_state:REDS:level2_E_4,0.64018,atlas_geometry,tile_state:REDS:level2_E_4,unresolved,display_overlap,source:65ac4116e7776380,state:REDS,level2_E_4
claim:tile_state:REDS:level2_D_2,0.35359,atlas_geometry,tile_state:REDS:level2_D_2,unresolved,display_overlap,source:65ac4116e7776380,state:REDS,level2_D_2
claim:tile_state:REDS:level2_E_2,0.35359,atlas_geometry,tile_state:REDS:level2_E_2,unresolved,display_overlap,source:65ac4116e7776380,state:REDS,level2_E_2
claim:tile_state:REDS:level1_B_1,1.0,atlas_geometry,tile_state:REDS:level1_B_1,unresolved,display_overlap,source:65ac4116e7776380,state:REDS,level1_B_1
claim:tile_state:REDS:level1_B_2,1.0,atlas_geometry,tile_state:REDS:level1_B_2,unresolved,display_overlap,source:65ac4116e7776380,state:REDS,level1_B_2
claim:tile_state:REDS:level1_C_1,1.0,atlas_geometry,tile_state:REDS:level1_C_1,unresolved,display_overlap,source:65ac4116e7776380,state:REDS,level1_C_1
claim:tile_state:REDS:level1_C_2,1.0,atlas_geometry,tile_state:REDS:level1_C_2,unresolved,display_overlap,source:65ac4116e7776380,state:REDS,level1_C_2
claim:tile_state:REDS:level0_A_1,1.0,atlas_geometry,tile_state:REDS:level0_A_1,unresolved,display_overlap,source:65ac4116e7776380,state:REDS,level0_A_1
claim:tile_state:REDS:level0_B_1,1.0,atlas_geometry,tile_state:REDS:level0_B_1,unresolved,display_overlap,source:65ac4116e7776380,state:REDS,level0_B_1
claim:tile_state:IND W:level2_E_4,0.99764,atlas_geometry,tile_state:IND W:level2_E_4,unresolved,display_overlap,source:65ac4116e7776380,state:IND W,level2_E_4
claim:tile_state:IND W:level2_E_3,0.80193,atlas_geometry,tile_state:IND W:level2_E_3,unresolved,display_overlap,source:65ac4116e7776380,state:IND W,level2_E_3
claim:tile_state:IND W:level2_F_4,0.76764,atlas_geometry,tile_state:IND W:level2_F_4,unresolved,display_overlap,source:65ac4116e7776380,state:IND W,level2_F_4
claim:tile_state:IND W:level2_F_3,0.62861,atlas_geometry,tile_state:IND W:level2_F_3,unresolved,display_overlap,source:65ac4116e7776380,state:IND W,level2_F_3
claim:tile_state:IND W:level2_D_4,0.23,atlas_geometry,tile_state:IND W:level2_D_4,unresolved,display_overlap,source:65ac4116e7776380,state:IND W,level2_D_4
claim:tile_state:IND W:level2_E_5,0.19006,atlas_geometry,tile_state:IND W:level2_E_5,unresolved,display_overlap,source:65ac4116e7776380,state:IND W,level2_E_5
claim:tile_state:IND W:level2_D_3,0.17333,atlas_geometry,tile_state:IND W:level2_D_3,unresolved,display_overlap,source:65ac4116e7776380,state:IND W,level2_D_3
claim:tile_state:IND W:level2_F_5,0.13691,atlas_geometry,tile_state:IND W:level2_F_5,unresolved,display_overlap,source:65ac4116e7776380,state:IND W,level2_F_5
claim:tile_state:IND W:level2_D_5,0.05315,atlas_geometry,tile_state:IND W:level2_D_5,unresolved,display_overlap,source:65ac4116e7776380,state:IND W,level2_D_5
claim:tile_state:IND W:level2_E_2,0.00158,atlas_geometry,tile_state:IND W:level2_E_2,unresolved,display_overlap,source:65ac4116e7776380,state:IND W,level2_E_2
claim:tile_state:IND W:level2_F_2,0.00158,atlas_geometry,tile_state:IND W:level2_F_2,unresolved,display_overlap,source:65ac4116e7776380,state:IND W,level2_F_2
claim:tile_state:IND W:level1_B_2,1.0,atlas_geometry,tile_state:IND W:level1_B_2,unresolved,display_overlap,source:65ac4116e7776380,state:IND W,level1_B_2
claim:tile_state:IND W:level1_C_2,1.0,atlas_geometry,tile_state:IND W:level1_C_2,unresolved,display_overlap,source:65ac4116e7776380,state:IND W,level1_C_2
claim:tile_state:IND W:level1_B_1,0.80193,atlas_geometry,tile_state:IND W:level1_B_1,unresolved,display_overlap,source:65ac4116e7776380,state:IND W,level1_B_1
claim:tile_state:IND W:level1_C_1,0.80193,atlas_geometry,tile_state:IND W:level1_C_1,unresolved,display_overlap,source:65ac4116e7776380,state:IND W,level1_C_1
claim:tile_state:IND W:level1_B_3,0.19006,atlas_geometry,tile_state:IND W:level1_B_3,unresolved,display_overlap,source:65ac4116e7776380,state:IND W,level1_B_3
claim:tile_state:IND W:level1_C_3,0.19006,atlas_geometry,tile_state:IND W:level1_C_3,unresolved,display_overlap,source:65ac4116e7776380,state:IND W,level1_C_3
claim:tile_state:IND W:level0_A_1,1.0,atlas_geometry,tile_state:IND W:level0_A_1,unresolved,display_overlap,source:65ac4116e7776380,state:IND W,level0_A_1
claim:tile_state:IND W:level0_B_1,1.0,atlas_geometry,tile_state:IND W:level0_B_1,unresolved,display_overlap,source:65ac4116e7776380,state:IND W,level0_B_1
claim:tile_state:ARAB:level2_E_1,0.53645,atlas_geometry,tile_state:ARAB:level2_E_1,unresolved,display_overlap,source:65ac4116e7776380,state:ARAB,level2_E_1
claim:tile_state:ARAB:level2_E_3,0.46355,atlas_geometry,tile_state:ARAB:level2_E_3,unresolved,display_overlap,source:65ac4116e7776380,state:ARAB,level2_E_3
claim:tile_state:ARAB:level2_F_1,0.44152,atlas_geometry,tile_state:ARAB:level2_F_1,unresolved,display_overlap,source:65ac4116e7776380,state:ARAB,level2_F_1
claim:tile_state:ARAB:level2_D_3,0.43133,atlas_geometry,tile_state:ARAB:level2_D_3,unresolved,display_overlap,source:65ac4116e7776380,state:ARAB,level2_D_3
claim:tile_state:ARAB:level2_E_4,0.39137,atlas_geometry,tile_state:ARAB:level2_E_4,unresolved,display_overlap,source:65ac4116e7776380,state:ARAB,level2_E_4
claim:tile_state:ARAB:level2_D_4,0.37248,atlas_geometry,tile_state:ARAB:level2_D_4,unresolved,display_overlap,source:65ac4116e7776380,state:ARAB,level2_D_4
claim:tile_state:ARAB:level2_D_1,0.09493,atlas_geometry,tile_state:ARAB:level2_D_1,unresolved,display_overlap,source:65ac4116e7776380,state:ARAB,level2_D_1
claim:tile_state:ARAB:level2_E_2,0.07306,atlas_geometry,tile_state:ARAB:level2_E_2,unresolved,display_overlap,source:65ac4116e7776380,state:ARAB,level2_E_2
claim:tile_state:ARAB:level2_D_2,0.05713,atlas_geometry,tile_state:ARAB:level2_D_2,unresolved,display_overlap,source:65ac4116e7776380,state:ARAB,level2_D_2
claim:tile_state:ARAB:level2_F_3,0.03222,atlas_geometry,tile_state:ARAB:level2_F_3,unresolved,display_overlap,source:65ac4116e7776380,state:ARAB,level2_F_3
claim:tile_state:ARAB:level2_F_4,0.01889,atlas_geometry,tile_state:ARAB:level2_F_4,unresolved,display_overlap,source:65ac4116e7776380,state:ARAB,level2_F_4
claim:tile_state:ARAB:level2_F_2,0.01592,atlas_geometry,tile_state:ARAB:level2_F_2,unresolved,display_overlap,source:65ac4116e7776380,state:ARAB,level2_F_2
claim:tile_state:ARAB:level1_B_1,1.0,atlas_geometry,tile_state:ARAB:level1_B_1,unresolved,display_overlap,source:65ac4116e7776380,state:ARAB,level1_B_1
claim:tile_state:ARAB:level1_C_1,1.0,atlas_geometry,tile_state:ARAB:level1_C_1,unresolved,display_overlap,source:65ac4116e7776380,state:ARAB,level1_C_1
claim:tile_state:ARAB:level1_B_2,0.46355,atlas_geometry,tile_state:ARAB:level1_B_2,unresolved,display_overlap,source:65ac4116e7776380,state:ARAB,level1_B_2
claim:tile_state:ARAB:level1_C_2,0.46355,atlas_geometry,tile_state:ARAB:level1_C_2,unresolved,display_overlap,source:65ac4116e7776380,state:ARAB,level1_C_2
claim:tile_state:ARAB:level0_A_1,1.0,atlas_geometry,tile_state:ARAB:level0_A_1,unresolved,display_overlap,source:65ac4116e7776380,state:ARAB,level0_A_1
claim:tile_state:ARAB:level0_B_1,1.0,atlas_geometry,tile_state:ARAB:level0_B_1,unresolved,display_overlap,source:65ac4116e7776380,state:ARAB,level0_B_1
claim:tile_state:MONS:level2_E_4,1.0,atlas_geometry,tile_state:MONS:level2_E_4,unresolved,display_overlap,source:65ac4116e7776380,state:MONS,level2_E_4
claim:tile_state:MONS:level2_F_4,1.0,atlas_geometry,tile_state:MONS:level2_F_4,unresolved,display_overlap,source:65ac4116e7776380,state:MONS,level2_F_4
claim:tile_state:MONS:level2_E_5,0.62943,atlas_geometry,tile_state:MONS:level2_E_5,unresolved,display_overlap,source:65ac4116e7776380,state:MONS,level2_E_5
claim:tile_state:MONS:level2_F_5,0.62943,atlas_geometry,tile_state:MONS:level2_F_5,unresolved,display_overlap,source:65ac4116e7776380,state:MONS,level2_F_5
claim:tile_state:MONS:level2_E_3,0.36086,atlas_geometry,tile_state:MONS:level2_E_3,unresolved,display_overlap,source:65ac4116e7776380,state:MONS,level2_E_3
claim:tile_state:MONS:level2_F_3,0.36086,atlas_geometry,tile_state:MONS:level2_F_3,unresolved,display_overlap,source:65ac4116e7776380,state:MONS,level2_F_3
claim:tile_state:MONS:level1_B_2,1.0,atlas_geometry,tile_state:MONS:level1_B_2,unresolved,display_overlap,source:65ac4116e7776380,state:MONS,level1_B_2
claim:tile_state:MONS:level1_C_2,1.0,atlas_geometry,tile_state:MONS:level1_C_2,unresolved,display_overlap,source:65ac4116e7776380,state:MONS,level1_C_2
claim:tile_state:MONS:level1_B_3,0.62943,atlas_geometry,tile_state:MONS:level1_B_3,unresolved,display_overlap,source:65ac4116e7776380,state:MONS,level1_B_3
claim:tile_state:MONS:level1_C_3,0.62943,atlas_geometry,tile_state:MONS:level1_C_3,unresolved,display_overlap,source:65ac4116e7776380,state:MONS,level1_C_3
claim:tile_state:MONS:level1_B_1,0.36086,atlas_geometry,tile_state:MONS:level1_B_1,unresolved,display_overlap,source:65ac4116e7776380,state:MONS,level1_B_1
claim:tile_state:MONS:level1_C_1,0.36086,atlas_geometry,tile_state:MONS:level1_C_1,unresolved,display_overlap,source:65ac4116e7776380,state:MONS,level1_C_1
claim:tile_state:MONS:level0_A_1,1.0,atlas_geometry,tile_state:MONS:level0_A_1,unresolved,display_overlap,source:65ac4116e7776380,state:MONS,level0_A_1
claim:tile_state:MONS:level0_B_1,1.0,atlas_geometry,tile_state:MONS:level0_B_1,unresolved,display_overlap,source:65ac4116e7776380,state:MONS,level0_B_1
claim:tile_state:IND E:level2_E_3,0.72443,atlas_geometry,tile_state:IND E:level2_E_3,unresolved,display_overlap,source:65ac4116e7776380,state:IND E,level2_E_3
claim:tile_state:IND E:level2_F_3,0.72443,atlas_geometry,tile_state:IND E:level2_F_3,unresolved,display_overlap,source:65ac4116e7776380,state:IND E,level2_F_3
claim:tile_state:IND E:level2_E_4,0.72363,atlas_geometry,tile_state:IND E:level2_E_4,unresolved,display_overlap,source:65ac4116e7776380,state:IND E,level2_E_4
claim:tile_state:IND E:level2_F_4,0.72363,atlas_geometry,tile_state:IND E:level2_F_4,unresolved,display_overlap,source:65ac4116e7776380,state:IND E,level2_F_4
claim:tile_state:IND E:level2_E_1,0.27557,atlas_geometry,tile_state:IND E:level2_E_1,unresolved,display_overlap,source:65ac4116e7776380,state:IND E,level2_E_1
claim:tile_state:IND E:level2_F_1,0.27557,atlas_geometry,tile_state:IND E:level2_F_1,unresolved,display_overlap,source:65ac4116e7776380,state:IND E,level2_F_1
claim:tile_state:IND E:level2_E_2,0.00029,atlas_geometry,tile_state:IND E:level2_E_2,unresolved,display_overlap,source:65ac4116e7776380,state:IND E,level2_E_2
claim:tile_state:IND E:level2_F_2,0.00029,atlas_geometry,tile_state:IND E:level2_F_2,unresolved,display_overlap,source:65ac4116e7776380,state:IND E,level2_F_2
claim:tile_state:IND E:level1_B_1,1.0,atlas_geometry,tile_state:IND E:level1_B_1,unresolved,display_overlap,source:65ac4116e7776380,state:IND E,level1_B_1
claim:tile_state:IND E:level1_C_1,1.0,atlas_geometry,tile_state:IND E:level1_C_1,unresolved,display_overlap,source:65ac4116e7776380,state:IND E,level1_C_1
claim:tile_state:IND E:level1_B_2,0.72443,atlas_geometry,tile_state:IND E:level1_B_2,unresolved,display_overlap,source:65ac4116e7776380,state:IND E,level1_B_2
claim:tile_state:IND E:level1_C_2,0.72443,atlas_geometry,tile_state:IND E:level1_C_2,unresolved,display_overlap,source:65ac4116e7776380,state:IND E,level1_C_2
claim:tile_state:IND E:level0_A_1,1.0,atlas_geometry,tile_state:IND E:level0_A_1,unresolved,display_overlap,source:65ac4116e7776380,state:IND E,level0_A_1
claim:tile_state:IND E:level0_B_1,1.0,atlas_geometry,tile_state:IND E:level0_B_1,unresolved,display_overlap,source:65ac4116e7776380,state:IND E,level0_B_1
claim:tile_state:ISSG:level2_E_5,0.88541,atlas_geometry,tile_state:ISSG:level2_E_5,unresolved,display_overlap,source:65ac4116e7776380,state:ISSG,level2_E_5
claim:tile_state:ISSG:level2_F_5,0.76822,atlas_geometry,tile_state:ISSG:level2_F_5,unresolved,display_overlap,source:65ac4116e7776380,state:ISSG,level2_F_5
claim:tile_state:ISSG:level2_E_6,0.73158,atlas_geometry,tile_state:ISSG:level2_E_6,unresolved,display_overlap,source:65ac4116e7776380,state:ISSG,level2_E_6
claim:tile_state:ISSG:level2_F_6,0.54024,atlas_geometry,tile_state:ISSG:level2_F_6,unresolved,display_overlap,source:65ac4116e7776380,state:ISSG,level2_F_6
claim:tile_state:ISSG:level2_E_4,0.26381,atlas_geometry,tile_state:ISSG:level2_E_4,unresolved,display_overlap,source:65ac4116e7776380,state:ISSG,level2_E_4
claim:tile_state:ISSG:level2_F_4,0.26232,atlas_geometry,tile_state:ISSG:level2_F_4,unresolved,display_overlap,source:65ac4116e7776380,state:ISSG,level2_F_4
claim:tile_state:ISSG:level2_D_6,0.19134,atlas_geometry,tile_state:ISSG:level2_D_6,unresolved,display_overlap,source:65ac4116e7776380,state:ISSG,level2_D_6
claim:tile_state:ISSG:level2_D_5,0.11719,atlas_geometry,tile_state:ISSG:level2_D_5,unresolved,display_overlap,source:65ac4116e7776380,state:ISSG,level2_D_5
claim:tile_state:ISSG:level2_E_7,0.1109,atlas_geometry,tile_state:ISSG:level2_E_7,unresolved,display_overlap,source:65ac4116e7776380,state:ISSG,level2_E_7
claim:tile_state:ISSG:level2_D_7,0.07417,atlas_geometry,tile_state:ISSG:level2_D_7,unresolved,display_overlap,source:65ac4116e7776380,state:ISSG,level2_D_7
claim:tile_state:ISSG:level2_F_7,0.03672,atlas_geometry,tile_state:ISSG:level2_F_7,unresolved,display_overlap,source:65ac4116e7776380,state:ISSG,level2_F_7
claim:tile_state:ISSG:level2_D_4,0.0015,atlas_geometry,tile_state:ISSG:level2_D_4,unresolved,display_overlap,source:65ac4116e7776380,state:ISSG,level2_D_4
claim:tile_state:ISSG:level1_B_3,1.0,atlas_geometry,tile_state:ISSG:level1_B_3,unresolved,display_overlap,source:65ac4116e7776380,state:ISSG,level1_B_3
claim:tile_state:ISSG:level1_C_3,1.0,atlas_geometry,tile_state:ISSG:level1_C_3,unresolved,display_overlap,source:65ac4116e7776380,state:ISSG,level1_C_3
claim:tile_state:ISSG:level1_B_2,0.88541,atlas_geometry,tile_state:ISSG:level1_B_2,unresolved,display_overlap,source:65ac4116e7776380,state:ISSG,level1_B_2
claim:tile_state:ISSG:level1_C_2,0.88541,atlas_geometry,tile_state:ISSG:level1_C_2,unresolved,display_overlap,source:65ac4116e7776380,state:ISSG,level1_C_2
claim:tile_state:ISSG:level0_A_1,1.0,atlas_geometry,tile_state:ISSG:level0_A_1,unresolved,display_overlap,source:65ac4116e7776380,state:ISSG,level0_A_1
claim:tile_state:ISSG:level0_B_1,1.0,atlas_geometry,tile_state:ISSG:level0_B_1,unresolved,display_overlap,source:65ac4116e7776380,state:ISSG,level0_B_1
claim:tile_state:EAFR:level2_E_5,0.96283,atlas_geometry,tile_state:EAFR:level2_E_5,unresolved,display_overlap,source:65ac4116e7776380,state:EAFR,level2_E_5
claim:tile_state:EAFR:level2_D_5,0.93198,atlas_geometry,tile_state:EAFR:level2_D_5,unresolved,display_overlap,source:65ac4116e7776380,state:EAFR,level2_D_5
claim:tile_state:EAFR:level2_E_4,0.60066,atlas_geometry,tile_state:EAFR:level2_E_4,unresolved,display_overlap,source:65ac4116e7776380,state:EAFR,level2_E_4
claim:tile_state:EAFR:level2_D_4,0.5698,atlas_geometry,tile_state:EAFR:level2_D_4,unresolved,display_overlap,source:65ac4116e7776380,state:EAFR,level2_D_4
claim:tile_state:EAFR:level2_D_6,0.395,atlas_geometry,tile_state:EAFR:level2_D_6,unresolved,display_overlap,source:65ac4116e7776380,state:EAFR,level2_D_6
claim:tile_state:EAFR:level2_E_6,0.395,atlas_geometry,tile_state:EAFR:level2_E_6,unresolved,display_overlap,source:65ac4116e7776380,state:EAFR,level2_E_6
claim:tile_state:EAFR:level2_D_3,0.03411,atlas_geometry,tile_state:EAFR:level2_D_3,unresolved,display_overlap,source:65ac4116e7776380,state:EAFR,level2_D_3
claim:tile_state:EAFR:level2_E_3,0.03411,atlas_geometry,tile_state:EAFR:level2_E_3,unresolved,display_overlap,source:65ac4116e7776380,state:EAFR,level2_E_3
claim:tile_state:EAFR:level2_F_4,0.03085,atlas_geometry,tile_state:EAFR:level2_F_4,unresolved,display_overlap,source:65ac4116e7776380,state:EAFR,level2_F_4
claim:tile_state:EAFR:level2_F_5,0.03085,atlas_geometry,tile_state:EAFR:level2_F_5,unresolved,display_overlap,source:65ac4116e7776380,state:EAFR,level2_F_5
claim:tile_state:EAFR:level2_D_7,3e-05,atlas_geometry,tile_state:EAFR:level2_D_7,unresolved,display_overlap,source:65ac4116e7776380,state:EAFR,level2_D_7
claim:tile_state:EAFR:level2_E_7,3e-05,atlas_geometry,tile_state:EAFR:level2_E_7,unresolved,display_overlap,source:65ac4116e7776380,state:EAFR,level2_E_7
claim:tile_state:EAFR:level1_B_2,0.99988,atlas_geometry,tile_state:EAFR:level1_B_2,unresolved,display_overlap,source:65ac4116e7776380,state:EAFR,level1_B_2
claim:tile_state:EAFR:level1_C_2,0.99988,atlas_geometry,tile_state:EAFR:level1_C_2,unresolved,display_overlap,source:65ac4116e7776380,state:EAFR,level1_C_2
claim:tile_state:EAFR:level1_B_3,0.96295,atlas_geometry,tile_state:EAFR:level1_B_3,unresolved,display_overlap,source:65ac4116e7776380,state:EAFR,level1_B_3
claim:tile_state:EAFR:level1_C_3,0.96295,atlas_geometry,tile_state:EAFR:level1_C_3,unresolved,display_overlap,source:65ac4116e7776380,state:EAFR,level1_C_3
claim:tile_state:EAFR:level1_B_1,0.03411,atlas_geometry,tile_state:EAFR:level1_B_1,unresolved,display_overlap,source:65ac4116e7776380,state:EAFR,level1_B_1
claim:tile_state:EAFR:level1_C_1,0.03411,atlas_geometry,tile_state:EAFR:level1_C_1,unresolved,display_overlap,source:65ac4116e7776380,state:EAFR,level1_C_1
claim:tile_state:EAFR:level0_A_1,1.0,atlas_geometry,tile_state:EAFR:level0_A_1,unresolved,display_overlap,source:65ac4116e7776380,state:EAFR,level0_A_1
claim:tile_state:EAFR:level0_B_1,1.0,atlas_geometry,tile_state:EAFR:level0_B_1,unresolved,display_overlap,source:65ac4116e7776380,state:EAFR,level0_B_1
claim:tile_state:AUSW:level2_F_5,0.9457,atlas_geometry,tile_state:AUSW:level2_F_5,unresolved,display_overlap,source:65ac4116e7776380,state:AUSW,level2_F_5
claim:tile_state:AUSW:level2_F_6,0.6451,atlas_geometry,tile_state:AUSW:level2_F_6,unresolved,display_overlap,source:65ac4116e7776380,state:AUSW,level2_F_6
claim:tile_state:AUSW:level2_E_5,0.53818,atlas_geometry,tile_state:AUSW:level2_E_5,unresolved,display_overlap,source:65ac4116e7776380,state:AUSW,level2_E_5
claim:tile_state:AUSW:level2_G_5,0.40753,atlas_geometry,tile_state:AUSW:level2_G_5,unresolved,display_overlap,source:65ac4116e7776380,state:AUSW,level2_G_5
claim:tile_state:AUSW:level2_G_6,0.36876,atlas_geometry,tile_state:AUSW:level2_G_6,unresolved,display_overlap,source:65ac4116e7776380,state:AUSW,level2_G_6
claim:tile_state:AUSW:level2_F_4,0.35111,atlas_geometry,tile_state:AUSW:level2_F_4,unresolved,display_overlap,source:65ac4116e7776380,state:AUSW,level2_F_4
claim:tile_state:AUSW:level2_E_6,0.27635,atlas_geometry,tile_state:AUSW:level2_E_6,unresolved,display_overlap,source:65ac4116e7776380,state:AUSW,level2_E_6
claim:tile_state:AUSW:level2_E_4,0.2588,atlas_geometry,tile_state:AUSW:level2_E_4,unresolved,display_overlap,source:65ac4116e7776380,state:AUSW,level2_E_4
claim:tile_state:AUSW:level2_G_4,0.09231,atlas_geometry,tile_state:AUSW:level2_G_4,unresolved,display_overlap,source:65ac4116e7776380,state:AUSW,level2_G_4
claim:tile_state:AUSW:level2_F_7,0.05105,atlas_geometry,tile_state:AUSW:level2_F_7,unresolved,display_overlap,source:65ac4116e7776380,state:AUSW,level2_F_7
claim:tile_state:AUSW:level2_G_7,0.05105,atlas_geometry,tile_state:AUSW:level2_G_7,unresolved,display_overlap,source:65ac4116e7776380,state:AUSW,level2_G_7
claim:tile_state:AUSW:level1_C_3,1.0,atlas_geometry,tile_state:AUSW:level1_C_3,unresolved,display_overlap,source:65ac4116e7776380,state:AUSW,level1_C_3
claim:tile_state:AUSW:level1_C_2,0.9457,atlas_geometry,tile_state:AUSW:level1_C_2,unresolved,display_overlap,source:65ac4116e7776380,state:AUSW,level1_C_2
claim:tile_state:AUSW:level1_B_2,0.53818,atlas_geometry,tile_state:AUSW:level1_B_2,unresolved,display_overlap,source:65ac4116e7776380,state:AUSW,level1_B_2
claim:tile_state:AUSW:level1_B_3,0.53818,atlas_geometry,tile_state:AUSW:level1_B_3,unresolved,display_overlap,source:65ac4116e7776380,state:AUSW,level1_B_3
claim:tile_state:AUSW:level1_D_3,0.46182,atlas_geometry,tile_state:AUSW:level1_D_3,unresolved,display_overlap,source:65ac4116e7776380,state:AUSW,level1_D_3
claim:tile_state:AUSW:level1_D_2,0.40753,atlas_geometry,tile_state:AUSW:level1_D_2,unresolved,display_overlap,source:65ac4116e7776380,state:AUSW,level1_D_2
claim:tile_state:AUSW:level0_A_1,1.0,atlas_geometry,tile_state:AUSW:level0_A_1,unresolved,display_overlap,source:65ac4116e7776380,state:AUSW,level0_A_1
claim:tile_state:AUSW:level0_B_1,1.0,atlas_geometry,tile_state:AUSW:level0_B_1,unresolved,display_overlap,source:65ac4116e7776380,state:AUSW,level0_B_1
claim:tile_state:ARCT:level2_C_1,1.0,atlas_geometry,tile_state:ARCT:level2_C_1,unresolved,display_overlap,source:65ac4116e7776380,state:ARCT,level2_C_1
claim:tile_state:ARCT:level2_D_1,0.89111,atlas_geometry,tile_state:ARCT:level2_D_1,unresolved,display_overlap,source:65ac4116e7776380,state:ARCT,level2_D_1
claim:tile_state:ARCT:level2_C_2,0.21515,atlas_geometry,tile_state:ARCT:level2_C_2,unresolved,display_overlap,source:65ac4116e7776380,state:ARCT,level2_C_2
claim:tile_state:ARCT:level2_D_2,0.21515,atlas_geometry,tile_state:ARCT:level2_D_2,unresolved,display_overlap,source:65ac4116e7776380,state:ARCT,level2_D_2
claim:tile_state:ARCT:level2_B_1,0.10889,atlas_geometry,tile_state:ARCT:level2_B_1,unresolved,display_overlap,source:65ac4116e7776380,state:ARCT,level2_B_1
claim:tile_state:ARCT:level1_A_1,1.0,atlas_geometry,tile_state:ARCT:level1_A_1,unresolved,display_overlap,source:65ac4116e7776380,state:ARCT,level1_A_1
claim:tile_state:ARCT:level1_B_1,1.0,atlas_geometry,tile_state:ARCT:level1_B_1,unresolved,display_overlap,source:65ac4116e7776380,state:ARCT,level1_B_1
claim:tile_state:ARCT:level0_A_1,1.0,atlas_geometry,tile_state:ARCT:level0_A_1,unresolved,display_overlap,source:65ac4116e7776380,state:ARCT,level0_A_1
claim:tile_state:ARCT:level0_B_1,1.0,atlas_geometry,tile_state:ARCT:level0_B_1,unresolved,display_overlap,source:65ac4116e7776380,state:ARCT,level0_B_1
claim:tile_state:SARC:level2_C_1,1.0,atlas_geometry,tile_state:SARC:level2_C_1,unresolved,display_overlap,source:65ac4116e7776380,state:SARC,level2_C_1
claim:tile_state:SARC:level2_B_1,0.73067,atlas_geometry,tile_state:SARC:level2_B_1,unresolved,display_overlap,source:65ac4116e7776380,state:SARC,level2_B_1
claim:tile_state:SARC:level2_C_2,0.6607,atlas_geometry,tile_state:SARC:level2_C_2,unresolved,display_overlap,source:65ac4116e7776380,state:SARC,level2_C_2
claim:tile_state:SARC:level2_B_2,0.41304,atlas_geometry,tile_state:SARC:level2_B_2,unresolved,display_overlap,source:65ac4116e7776380,state:SARC,level2_B_2
claim:tile_state:SARC:level2_D_1,0.26933,atlas_geometry,tile_state:SARC:level2_D_1,unresolved,display_overlap,source:65ac4116e7776380,state:SARC,level2_D_1
claim:tile_state:SARC:level2_D_2,0.24767,atlas_geometry,tile_state:SARC:level2_D_2,unresolved,display_overlap,source:65ac4116e7776380,state:SARC,level2_D_2
claim:tile_state:SARC:level1_A_1,1.0,atlas_geometry,tile_state:SARC:level1_A_1,unresolved,display_overlap,source:65ac4116e7776380,state:SARC,level1_A_1
claim:tile_state:SARC:level1_B_1,1.0,atlas_geometry,tile_state:SARC:level1_B_1,unresolved,display_overlap,source:65ac4116e7776380,state:SARC,level1_B_1
claim:tile_state:SARC:level0_A_1,1.0,atlas_geometry,tile_state:SARC:level0_A_1,unresolved,display_overlap,source:65ac4116e7776380,state:SARC,level0_A_1
claim:tile_state:SARC:level0_B_1,1.0,atlas_geometry,tile_state:SARC:level0_B_1,unresolved,display_overlap,source:65ac4116e7776380,state:SARC,level0_B_1
claim:tile_state:NECS:level2_D_2,0.9776,atlas_geometry,tile_state:NECS:level2_D_2,unresolved,display_overlap,source:65ac4116e7776380,state:NECS,level2_D_2
claim:tile_state:NECS:level2_D_1,0.90961,atlas_geometry,tile_state:NECS:level2_D_1,unresolved,display_overlap,source:65ac4116e7776380,state:NECS,level2_D_1
claim:tile_state:NECS:level2_C_2,0.90576,atlas_geometry,tile_state:NECS:level2_C_2,unresolved,display_overlap,source:65ac4116e7776380,state:NECS,level2_C_2
claim:tile_state:NECS:level2_C_1,0.82156,atlas_geometry,tile_state:NECS:level2_C_1,unresolved,display_overlap,source:65ac4116e7776380,state:NECS,level2_C_1
claim:tile_state:NECS:level2_E_1,0.08805,atlas_geometry,tile_state:NECS:level2_E_1,unresolved,display_overlap,source:65ac4116e7776380,state:NECS,level2_E_1
claim:tile_state:NECS:level2_C_3,0.08546,atlas_geometry,tile_state:NECS:level2_C_3,unresolved,display_overlap,source:65ac4116e7776380,state:NECS,level2_C_3
claim:tile_state:NECS:level2_D_3,0.08546,atlas_geometry,tile_state:NECS:level2_D_3,unresolved,display_overlap,source:65ac4116e7776380,state:NECS,level2_D_3
claim:tile_state:NECS:level2_E_2,0.07183,atlas_geometry,tile_state:NECS:level2_E_2,unresolved,display_overlap,source:65ac4116e7776380,state:NECS,level2_E_2
claim:tile_state:NECS:level1_B_1,1.0,atlas_geometry,tile_state:NECS:level1_B_1,unresolved,display_overlap,source:65ac4116e7776380,state:NECS,level1_B_1
claim:tile_state:NECS:level1_A_1,0.91195,atlas_geometry,tile_state:NECS:level1_A_1,unresolved,display_overlap,source:65ac4116e7776380,state:NECS,level1_A_1
claim:tile_state:NECS:level1_C_1,0.08805,atlas_geometry,tile_state:NECS:level1_C_1,unresolved,display_overlap,source:65ac4116e7776380,state:NECS,level1_C_1
claim:tile_state:NECS:level1_A_2,0.08546,atlas_geometry,tile_state:NECS:level1_A_2,unresolved,display_overlap,source:65ac4116e7776380,state:NECS,level1_A_2
claim:tile_state:NECS:level1_B_2,0.08546,atlas_geometry,tile_state:NECS:level1_B_2,unresolved,display_overlap,source:65ac4116e7776380,state:NECS,level1_B_2
claim:tile_state:NECS:level0_A_1,1.0,atlas_geometry,tile_state:NECS:level0_A_1,unresolved,display_overlap,source:65ac4116e7776380,state:NECS,level0_A_1
claim:tile_state:NECS:level0_B_1,0.99957,atlas_geometry,tile_state:NECS:level0_B_1,unresolved,display_overlap,source:65ac4116e7776380,state:NECS,level0_B_1
claim:tile_state:NWCS:level2_B_1,0.90146,atlas_geometry,tile_state:NWCS:level2_B_1,unresolved,display_overlap,source:65ac4116e7776380,state:NWCS,level2_B_1
claim:tile_state:NWCS:level2_C_1,0.51224,atlas_geometry,tile_state:NWCS:level2_C_1,unresolved,display_overlap,source:65ac4116e7776380,state:NWCS,level2_C_1
claim:tile_state:NWCS:level2_B_2,0.47496,atlas_geometry,tile_state:NWCS:level2_B_2,unresolved,display_overlap,source:65ac4116e7776380,state:NWCS,level2_B_2
claim:tile_state:NWCS:level2_C_2,0.40837,atlas_geometry,tile_state:NWCS:level2_C_2,unresolved,display_overlap,source:65ac4116e7776380,state:NWCS,level2_C_2
claim:tile_state:NWCS:level2_A_1,0.38921,atlas_geometry,tile_state:NWCS:level2_A_1,unresolved,display_overlap,source:65ac4116e7776380,state:NWCS,level2_A_1
claim:tile_state:NWCS:level2_B_3,0.09567,atlas_geometry,tile_state:NWCS:level2_B_3,unresolved,display_overlap,source:65ac4116e7776380,state:NWCS,level2_B_3
claim:tile_state:NWCS:level2_C_3,0.09567,atlas_geometry,tile_state:NWCS:level2_C_3,unresolved,display_overlap,source:65ac4116e7776380,state:NWCS,level2_C_3
claim:tile_state:NWCS:level2_A_2,0.06659,atlas_geometry,tile_state:NWCS:level2_A_2,unresolved,display_overlap,source:65ac4116e7776380,state:NWCS,level2_A_2
claim:tile_state:NWCS:level1_A_1,1.0,atlas_geometry,tile_state:NWCS:level1_A_1,unresolved,display_overlap,source:65ac4116e7776380,state:NWCS,level1_A_1
claim:tile_state:NWCS:level1_B_1,0.61079,atlas_geometry,tile_state:NWCS:level1_B_1,unresolved,display_overlap,source:65ac4116e7776380,state:NWCS,level1_B_1
claim:tile_state:NWCS:level1_D_1,0.38894,atlas_geometry,tile_state:NWCS:level1_D_1,unresolved,display_overlap,source:65ac4116e7776380,state:NWCS,level1_D_1
claim:tile_state:NWCS:level1_A_2,0.09567,atlas_geometry,tile_state:NWCS:level1_A_2,unresolved,display_overlap,source:65ac4116e7776380,state:NWCS,level1_A_2
claim:tile_state:NWCS:level1_B_2,0.09567,atlas_geometry,tile_state:NWCS:level1_B_2,unresolved,display_overlap,source:65ac4116e7776380,state:NWCS,level1_B_2
claim:tile_state:NWCS:level0_A_1,1.0,atlas_geometry,tile_state:NWCS:level0_A_1,unresolved,display_overlap,source:65ac4116e7776380,state:NWCS,level0_A_1
claim:tile_state:NWCS:level0_B_1,1.0,atlas_geometry,tile_state:NWCS:level0_B_1,unresolved,display_overlap,source:65ac4116e7776380,state:NWCS,level0_B_1
claim:tile_state:NADR:level2_C_2,1.0,atlas_geometry,tile_state:NADR:level2_C_2,unresolved,display_overlap,source:65ac4116e7776380,state:NADR,level2_C_2
claim:tile_state:NADR:level2_B_2,0.71564,atlas_geometry,tile_state:NADR:level2_B_2,unresolved,display_overlap,source:65ac4116e7776380,state:NADR,level2_B_2
claim:tile_state:NADR:level2_C_1,0.54799,atlas_geometry,tile_state:NADR:level2_C_1,unresolved,display_overlap,source:65ac4116e7776380,state:NADR,level2_C_1
claim:tile_state:NADR:level2_C_3,0.43969,atlas_geometry,tile_state:NADR:level2_C_3,unresolved,display_overlap,source:65ac4116e7776380,state:NADR,level2_C_3
claim:tile_state:NADR:level2_B_1,0.37571,atlas_geometry,tile_state:NADR:level2_B_1,unresolved,display_overlap,source:65ac4116e7776380,state:NADR,level2_B_1
claim:tile_state:NADR:level2_B_3,0.33246,atlas_geometry,tile_state:NADR:level2_B_3,unresolved,display_overlap,source:65ac4116e7776380,state:NADR,level2_B_3
claim:tile_state:NADR:level2_D_2,0.28436,atlas_geometry,tile_state:NADR:level2_D_2,unresolved,display_overlap,source:65ac4116e7776380,state:NADR,level2_D_2
claim:tile_state:NADR:level2_D_1,0.17227,atlas_geometry,tile_state:NADR:level2_D_1,unresolved,display_overlap,source:65ac4116e7776380,state:NADR,level2_D_1
claim:tile_state:NADR:level2_D_3,0.10723,atlas_geometry,tile_state:NADR:level2_D_3,unresolved,display_overlap,source:65ac4116e7776380,state:NADR,level2_D_3
claim:tile_state:NADR:level1_A_1,1.0,atlas_geometry,tile_state:NADR:level1_A_1,unresolved,display_overlap,source:65ac4116e7776380,state:NADR,level1_A_1
claim:tile_state:NADR:level1_B_1,1.0,atlas_geometry,tile_state:NADR:level1_B_1,unresolved,display_overlap,source:65ac4116e7776380,state:NADR,level1_B_1
claim:tile_state:NADR:level1_A_2,0.43969,atlas_geometry,tile_state:NADR:level1_A_2,unresolved,display_overlap,source:65ac4116e7776380,state:NADR,level1_A_2
claim:tile_state:NADR:level1_B_2,0.43969,atlas_geometry,tile_state:NADR:level1_B_2,unresolved,display_overlap,source:65ac4116e7776380,state:NADR,level1_B_2
claim:tile_state:NADR:level0_A_1,1.0,atlas_geometry,tile_state:NADR:level0_A_1,unresolved,display_overlap,source:65ac4116e7776380,state:NADR,level0_A_1
claim:tile_state:NADR:level0_B_1,1.0,atlas_geometry,tile_state:NADR:level0_B_1,unresolved,display_overlap,source:65ac4116e7776380,state:NADR,level0_B_1
claim:tile_state:GFST:level2_B_2,0.98713,atlas_geometry,tile_state:GFST:level2_B_2,unresolved,display_overlap,source:65ac4116e7776380,state:GFST,level2_B_2
claim:tile_state:GFST:level2_B_3,0.71198,atlas_geometry,tile_state:GFST:level2_B_3,unresolved,display_overlap,source:65ac4116e7776380,state:GFST,level2_B_3
claim:tile_state:GFST:level2_A_2,0.5719,atlas_geometry,tile_state:GFST:level2_A_2,unresolved,display_overlap,source:65ac4116e7776380,state:GFST,level2_A_2
claim:tile_state:GFST:level2_C_2,0.41523,atlas_geometry,tile_state:GFST:level2_C_2,unresolved,display_overlap,source:65ac4116e7776380,state:GFST,level2_C_2
claim:tile_state:GFST:level2_C_3,0.41335,atlas_geometry,tile_state:GFST:level2_C_3,unresolved,display_overlap,source:65ac4116e7776380,state:GFST,level2_C_3
claim:tile_state:GFST:level2_A_3,0.29862,atlas_geometry,tile_state:GFST:level2_A_3,unresolved,display_overlap,source:65ac4116e7776380,state:GFST,level2_A_3
claim:tile_state:GFST:level2_B_1,0.28742,atlas_geometry,tile_state:GFST:level2_B_1,unresolved,display_overlap,source:65ac4116e7776380,state:GFST,level2_B_1
claim:tile_state:GFST:level2_A_1,0.28615,atlas_geometry,tile_state:GFST:level2_A_1,unresolved,display_overlap,source:65ac4116e7776380,state:GFST,level2_A_1
claim:tile_state:GFST:level2_C_1,0.00127,atlas_geometry,tile_state:GFST:level2_C_1,unresolved,display_overlap,source:65ac4116e7776380,state:GFST,level2_C_1
claim:tile_state:GFST:level1_A_1,1.0,atlas_geometry,tile_state:GFST:level1_A_1,unresolved,display_overlap,source:65ac4116e7776380,state:GFST,level1_A_1
claim:tile_state:GFST:level1_A_2,0.71198,atlas_geometry,tile_state:GFST:level1_A_2,unresolved,display_overlap,source:65ac4116e7776380,state:GFST,level1_A_2
claim:tile_state:GFST:level1_D_1,0.58381,atlas_geometry,tile_state:GFST:level1_D_1,unresolved,display_overlap,source:65ac4116e7776380,state:GFST,level1_D_1
claim:tile_state:GFST:level1_B_1,0.41523,atlas_geometry,tile_state:GFST:level1_B_1,unresolved,display_overlap,source:65ac4116e7776380,state:GFST,level1_B_1
claim:tile_state:GFST:level1_B_2,0.41335,atlas_geometry,tile_state:GFST:level1_B_2,unresolved,display_overlap,source:65ac4116e7776380,state:GFST,level1_B_2
claim:tile_state:GFST:level1_D_2,0.29769,atlas_geometry,tile_state:GFST:level1_D_2,unresolved,display_overlap,source:65ac4116e7776380,state:GFST,level1_D_2
claim:tile_state:GFST:level0_A_1,1.0,atlas_geometry,tile_state:GFST:level0_A_1,unresolved,display_overlap,source:65ac4116e7776380,state:GFST,level0_A_1
claim:tile_state:GFST:level0_B_1,1.0,atlas_geometry,tile_state:GFST:level0_B_1,unresolved,display_overlap,source:65ac4116e7776380,state:GFST,level0_B_1
claim:tile_state:NAST E:level2_C_3,1.0,atlas_geometry,tile_state:NAST E:level2_C_3,unresolved,display_overlap,source:65ac4116e7776380,state:NAST E,level2_C_3
claim:tile_state:NAST E:level2_C_2,0.94542,atlas_geometry,tile_state:NAST E:level2_C_2,unresolved,display_overlap,source:65ac4116e7776380,state:NAST E,level2_C_2
claim:tile_state:NAST E:level2_B_3,0.59219,atlas_geometry,tile_state:NAST E:level2_B_3,unresolved,display_overlap,source:65ac4116e7776380,state:NAST E,level2_B_3
claim:tile_state:NAST E:level2_B_2,0.53761,atlas_geometry,tile_state:NAST E:level2_B_2,unresolved,display_overlap,source:65ac4116e7776380,state:NAST E,level2_B_2
claim:tile_state:NAST E:level2_D_2,0.40781,atlas_geometry,tile_state:NAST E:level2_D_2,unresolved,display_overlap,source:65ac4116e7776380,state:NAST E,level2_D_2
claim:tile_state:NAST E:level2_D_3,0.40781,atlas_geometry,tile_state:NAST E:level2_D_3,unresolved,display_overlap,source:65ac4116e7776380,state:NAST E,level2_D_3
claim:tile_state:NAST E:level2_B_4,0.05054,atlas_geometry,tile_state:NAST E:level2_B_4,unresolved,display_overlap,source:65ac4116e7776380,state:NAST E,level2_B_4
claim:tile_state:NAST E:level2_C_4,0.05054,atlas_geometry,tile_state:NAST E:level2_C_4,unresolved,display_overlap,source:65ac4116e7776380,state:NAST E,level2_C_4
claim:tile_state:NAST E:level1_A_1,1.0,atlas_geometry,tile_state:NAST E:level1_A_1,unresolved,display_overlap,source:65ac4116e7776380,state:NAST E,level1_A_1
claim:tile_state:NAST E:level1_A_2,1.0,atlas_geometry,tile_state:NAST E:level1_A_2,unresolved,display_overlap,source:65ac4116e7776380,state:NAST E,level1_A_2
claim:tile_state:NAST E:level1_B_1,1.0,atlas_geometry,tile_state:NAST E:level1_B_1,unresolved,display_overlap,source:65ac4116e7776380,state:NAST E,level1_B_1
claim:tile_state:NAST E:level1_B_2,1.0,atlas_geometry,tile_state:NAST E:level1_B_2,unresolved,display_overlap,source:65ac4116e7776380,state:NAST E,level1_B_2
claim:tile_state:NAST E:level0_A_1,1.0,atlas_geometry,tile_state:NAST E:level0_A_1,unresolved,display_overlap,source:65ac4116e7776380,state:NAST E,level0_A_1
claim:tile_state:NAST E:level0_B_1,1.0,atlas_geometry,tile_state:NAST E:level0_B_1,unresolved,display_overlap,source:65ac4116e7776380,state:NAST E,level0_B_1
claim:tile_state:NAST W:level2_B_3,1.0,atlas_geometry,tile_state:NAST W:level2_B_3,unresolved,display_overlap,source:65ac4116e7776380,state:NAST W,level2_B_3
claim:tile_state:NAST W:level2_C_3,1.0,atlas_geometry,tile_state:NAST W:level2_C_3,unresolved,display_overlap,source:65ac4116e7776380,state:NAST W,level2_C_3
claim:tile_state:NAST W:level2_B_2,0.81628,atlas_geometry,tile_state:NAST W:level2_B_2,unresolved,display_overlap,source:65ac4116e7776380,state:NAST W,level2_B_2
claim:tile_state:NAST W:level2_C_2,0.81628,atlas_geometry,tile_state:NAST W:level2_C_2,unresolved,display_overlap,source:65ac4116e7776380,state:NAST W,level2_C_2
claim:tile_state:NAST W:level2_B_4,0.17616,atlas_geometry,tile_state:NAST W:level2_B_4,unresolved,display_overlap,source:65ac4116e7776380,state:NAST W,level2_B_4
claim:tile_state:NAST W:level2_C_4,0.17616,atlas_geometry,tile_state:NAST W:level2_C_4,unresolved,display_overlap,source:65ac4116e7776380,state:NAST W,level2_C_4
claim:tile_state:NAST W:level1_A_1,1.0,atlas_geometry,tile_state:NAST W:level1_A_1,unresolved,display_overlap,source:65ac4116e7776380,state:NAST W,level1_A_1
claim:tile_state:NAST W:level1_A_2,1.0,atlas_geometry,tile_state:NAST W:level1_A_2,unresolved,display_overlap,source:65ac4116e7776380,state:NAST W,level1_A_2
claim:tile_state:NAST W:level1_B_1,1.0,atlas_geometry,tile_state:NAST W:level1_B_1,unresolved,display_overlap,source:65ac4116e7776380,state:NAST W,level1_B_1
claim:tile_state:NAST W:level1_B_2,1.0,atlas_geometry,tile_state:NAST W:level1_B_2,unresolved,display_overlap,source:65ac4116e7776380,state:NAST W,level1_B_2
claim:tile_state:NAST W:level0_A_1,1.0,atlas_geometry,tile_state:NAST W:level0_A_1,unresolved,display_overlap,source:65ac4116e7776380,state:NAST W,level0_A_1
claim:tile_state:NAST W:level0_B_1,1.0,atlas_geometry,tile_state:NAST W:level0_B_1,unresolved,display_overlap,source:65ac4116e7776380,state:NAST W,level0_B_1
claim:tile_state:MEDI:level2_D_2,0.76572,atlas_geometry,tile_state:MEDI:level2_D_2,unresolved,display_overlap,source:65ac4116e7776380,state:MEDI,level2_D_2
claim:tile_state:MEDI:level2_D_3,0.70288,atlas_geometry,tile_state:MEDI:level2_D_3,unresolved,display_overlap,source:65ac4116e7776380,state:MEDI,level2_D_3
claim:tile_state:MEDI:level2_E_2,0.38864,atlas_geometry,tile_state:MEDI:level2_E_2,unresolved,display_overlap,source:65ac4116e7776380,state:MEDI,level2_E_2
claim:tile_state:MEDI:level2_C_2,0.37708,atlas_geometry,tile_state:MEDI:level2_C_2,unresolved,display_overlap,source:65ac4116e7776380,state:MEDI,level2_C_2
claim:tile_state:MEDI:level2_C_3,0.37462,atlas_geometry,tile_state:MEDI:level2_C_3,unresolved,display_overlap,source:65ac4116e7776380,state:MEDI,level2_C_3
claim:tile_state:MEDI:level2_E_3,0.32826,atlas_geometry,tile_state:MEDI:level2_E_3,unresolved,display_overlap,source:65ac4116e7776380,state:MEDI,level2_E_3
claim:tile_state:MEDI:level2_D_1,0.29411,atlas_geometry,tile_state:MEDI:level2_D_1,unresolved,display_overlap,source:65ac4116e7776380,state:MEDI,level2_D_1
claim:tile_state:MEDI:level2_E_1,0.29257,atlas_geometry,tile_state:MEDI:level2_E_1,unresolved,display_overlap,source:65ac4116e7776380,state:MEDI,level2_E_1
claim:tile_state:MEDI:level2_C_1,0.00154,atlas_geometry,tile_state:MEDI:level2_C_1,unresolved,display_overlap,source:65ac4116e7776380,state:MEDI,level2_C_1
claim:tile_state:MEDI:level1_B_1,1.0,atlas_geometry,tile_state:MEDI:level1_B_1,unresolved,display_overlap,source:65ac4116e7776380,state:MEDI,level1_B_1
claim:tile_state:MEDI:level1_B_2,0.70288,atlas_geometry,tile_state:MEDI:level1_B_2,unresolved,display_overlap,source:65ac4116e7776380,state:MEDI,level1_B_2
claim:tile_state:MEDI:level1_C_1,0.62292,atlas_geometry,tile_state:MEDI:level1_C_1,unresolved,display_overlap,source:65ac4116e7776380,state:MEDI,level1_C_1
claim:tile_state:MEDI:level1_A_1,0.37708,atlas_geometry,tile_state:MEDI:level1_A_1,unresolved,display_overlap,source:65ac4116e7776380,state:MEDI,level1_A_1
claim:tile_state:MEDI:level1_A_2,0.37462,atlas_geometry,tile_state:MEDI:level1_A_2,unresolved,display_overlap,source:65ac4116e7776380,state:MEDI,level1_A_2
claim:tile_state:MEDI:level1_C_2,0.32826,atlas_geometry,tile_state:MEDI:level1_C_2,unresolved,display_overlap,source:65ac4116e7776380,state:MEDI,level1_C_2
claim:tile_state:MEDI:level0_A_1,1.0,atlas_geometry,tile_state:MEDI:level0_A_1,unresolved,display_overlap,source:65ac4116e7776380,state:MEDI,level0_A_1
claim:tile_state:MEDI:level0_B_1,0.9996,atlas_geometry,tile_state:MEDI:level0_B_1,unresolved,display_overlap,source:65ac4116e7776380,state:MEDI,level0_B_1
claim:tile_state:CNRY:level2_C_3,1.0,atlas_geometry,tile_state:CNRY:level2_C_3,unresolved,display_overlap,source:65ac4116e7776380,state:CNRY,level2_C_3
claim:tile_state:CNRY:level2_D_3,0.89955,atlas_geometry,tile_state:CNRY:level2_D_3,unresolved,display_overlap,source:65ac4116e7776380,state:CNRY,level2_D_3
claim:tile_state:CNRY:level2_C_4,0.51151,atlas_geometry,tile_state:CNRY:level2_C_4,unresolved,display_overlap,source:65ac4116e7776380,state:CNRY,level2_C_4
claim:tile_state:CNRY:level2_C_2,0.48245,atlas_geometry,tile_state:CNRY:level2_C_2,unresolved,display_overlap,source:65ac4116e7776380,state:CNRY,level2_C_2
claim:tile_state:CNRY:level2_D_2,0.48232,atlas_geometry,tile_state:CNRY:level2_D_2,unresolved,display_overlap,source:65ac4116e7776380,state:CNRY,level2_D_2
claim:tile_state:CNRY:level2_D_4,0.4114,atlas_geometry,tile_state:CNRY:level2_D_4,unresolved,display_overlap,source:65ac4116e7776380,state:CNRY,level2_D_4
claim:tile_state:CNRY:level2_B_3,0.10045,atlas_geometry,tile_state:CNRY:level2_B_3,unresolved,display_overlap,source:65ac4116e7776380,state:CNRY,level2_B_3
claim:tile_state:CNRY:level2_B_4,0.1001,atlas_geometry,tile_state:CNRY:level2_B_4,unresolved,display_overlap,source:65ac4116e7776380,state:CNRY,level2_B_4
claim:tile_state:CNRY:level2_B_2,0.00013,atlas_geometry,tile_state:CNRY:level2_B_2,unresolved,display_overlap,source:65ac4116e7776380,state:CNRY,level2_B_2
claim:tile_state:CNRY:level1_A_1,1.0,atlas_geometry,tile_state:CNRY:level1_A_1,unresolved,display_overlap,source:65ac4116e7776380,state:CNRY,level1_A_1
claim:tile_state:CNRY:level1_A_2,1.0,atlas_geometry,tile_state:CNRY:level1_A_2,unresolved,display_overlap,source:65ac4116e7776380,state:CNRY,level1_A_2
claim:tile_state:CNRY:level1_B_1,1.0,atlas_geometry,tile_state:CNRY:level1_B_1,unresolved,display_overlap,source:65ac4116e7776380,state:CNRY,level1_B_1
claim:tile_state:CNRY:level1_B_2,1.0,atlas_geometry,tile_state:CNRY:level1_B_2,unresolved,display_overlap,source:65ac4116e7776380,state:CNRY,level1_B_2
claim:tile_state:CNRY:level0_A_1,1.0,atlas_geometry,tile_state:CNRY:level0_A_1,unresolved,display_overlap,source:65ac4116e7776380,state:CNRY,level0_A_1
claim:tile_state:CNRY:level0_B_1,1.0,atlas_geometry,tile_state:CNRY:level0_B_1,unresolved,display_overlap,source:65ac4116e7776380,state:CNRY,level0_B_1
claim:tile_state:NATR:level2_B_3,1.0,atlas_geometry,tile_state:NATR:level2_B_3,unresolved,display_overlap,source:65ac4116e7776380,state:NATR,level2_B_3
claim:tile_state:NATR:level2_C_3,1.0,atlas_geometry,tile_state:NATR:level2_C_3,unresolved,display_overlap,source:65ac4116e7776380,state:NATR,level2_C_3
claim:tile_state:NATR:level2_B_4,0.7834,atlas_geometry,tile_state:NATR:level2_B_4,unresolved,display_overlap,source:65ac4116e7776380,state:NATR,level2_B_4
claim:tile_state:NATR:level2_C_4,0.7834,atlas_geometry,tile_state:NATR:level2_C_4,unresolved,display_overlap,source:65ac4116e7776380,state:NATR,level2_C_4
claim:tile_state:NATR:level2_B_2,0.20759,atlas_geometry,tile_state:NATR:level2_B_2,unresolved,display_overlap,source:65ac4116e7776380,state:NATR,level2_B_2
claim:tile_state:NATR:level2_C_2,0.20759,atlas_geometry,tile_state:NATR:level2_C_2,unresolved,display_overlap,source:65ac4116e7776380,state:NATR,level2_C_2
claim:tile_state:NATR:level1_A_1,1.0,atlas_geometry,tile_state:NATR:level1_A_1,unresolved,display_overlap,source:65ac4116e7776380,state:NATR,level1_A_1
claim:tile_state:NATR:level1_A_2,1.0,atlas_geometry,tile_state:NATR:level1_A_2,unresolved,display_overlap,source:65ac4116e7776380,state:NATR,level1_A_2
claim:tile_state:NATR:level1_B_1,1.0,atlas_geometry,tile_state:NATR:level1_B_1,unresolved,display_overlap,source:65ac4116e7776380,state:NATR,level1_B_1
claim:tile_state:NATR:level1_B_2,1.0,atlas_geometry,tile_state:NATR:level1_B_2,unresolved,display_overlap,source:65ac4116e7776380,state:NATR,level1_B_2
claim:tile_state:NATR:level0_A_1,1.0,atlas_geometry,tile_state:NATR:level0_A_1,unresolved,display_overlap,source:65ac4116e7776380,state:NATR,level0_A_1
claim:tile_state:NATR:level0_B_1,1.0,atlas_geometry,tile_state:NATR:level0_B_1,unresolved,display_overlap,source:65ac4116e7776380,state:NATR,level0_B_1
claim:tile_state:CARB:level2_B_3,1.0,atlas_geometry,tile_state:CARB:level2_B_3,unresolved,display_overlap,source:65ac4116e7776380,state:CARB,level2_B_3
claim:tile_state:CARB:level2_B_4,0.72195,atlas_geometry,tile_state:CARB:level2_B_4,unresolved,display_overlap,source:65ac4116e7776380,state:CARB,level2_B_4
claim:tile_state:CARB:level2_A_3,0.69202,atlas_geometry,tile_state:CARB:level2_A_3,unresolved,display_overlap,source:65ac4116e7776380,state:CARB,level2_A_3
claim:tile_state:CARB:level2_A_4,0.45632,atlas_geometry,tile_state:CARB:level2_A_4,unresolved,display_overlap,source:65ac4116e7776380,state:CARB,level2_A_4
claim:tile_state:CARB:level2_C_3,0.30798,atlas_geometry,tile_state:CARB:level2_C_3,unresolved,display_overlap,source:65ac4116e7776380,state:CARB,level2_C_3
claim:tile_state:CARB:level2_B_2,0.26953,atlas_geometry,tile_state:CARB:level2_B_2,unresolved,display_overlap,source:65ac4116e7776380,state:CARB,level2_B_2
claim:tile_state:CARB:level2_C_4,0.26563,atlas_geometry,tile_state:CARB:level2_C_4,unresolved,display_overlap,source:65ac4116e7776380,state:CARB,level2_C_4
claim:tile_state:CARB:level2_A_2,0.22992,atlas_geometry,tile_state:CARB:level2_A_2,unresolved,display_overlap,source:65ac4116e7776380,state:CARB,level2_A_2
claim:tile_state:CARB:level2_C_2,0.03962,atlas_geometry,tile_state:CARB:level2_C_2,unresolved,display_overlap,source:65ac4116e7776380,state:CARB,level2_C_2
claim:tile_state:CARB:level1_A_1,1.0,atlas_geometry,tile_state:CARB:level1_A_1,unresolved,display_overlap,source:65ac4116e7776380,state:CARB,level1_A_1
claim:tile_state:CARB:level1_A_2,1.0,atlas_geometry,tile_state:CARB:level1_A_2,unresolved,display_overlap,source:65ac4116e7776380,state:CARB,level1_A_2
claim:tile_state:CARB:level1_D_1,0.69131,atlas_geometry,tile_state:CARB:level1_D_1,unresolved,display_overlap,source:65ac4116e7776380,state:CARB,level1_D_1
claim:tile_state:CARB:level1_D_2,0.69131,atlas_geometry,tile_state:CARB:level1_D_2,unresolved,display_overlap,source:65ac4116e7776380,state:CARB,level1_D_2
claim:tile_state:CARB:level1_B_1,0.30798,atlas_geometry,tile_state:CARB:level1_B_1,unresolved,display_overlap,source:65ac4116e7776380,state:CARB,level1_B_1
claim:tile_state:CARB:level1_B_2,0.30798,atlas_geometry,tile_state:CARB:level1_B_2,unresolved,display_overlap,source:65ac4116e7776380,state:CARB,level1_B_2
claim:tile_state:CARB:level0_A_1,1.0,atlas_geometry,tile_state:CARB:level0_A_1,unresolved,display_overlap,source:65ac4116e7776380,state:CARB,level0_A_1
claim:tile_state:CARB:level0_B_1,1.0,atlas_geometry,tile_state:CARB:level0_B_1,unresolved,display_overlap,source:65ac4116e7776380,state:CARB,level0_B_1
claim:tile_state:GUIA:level2_B_4,1.0,atlas_geometry,tile_state:GUIA:level2_B_4,unresolved,display_overlap,source:65ac4116e7776380,state:GUIA,level2_B_4
claim:tile_state:GUIA:level2_C_4,1.0,atlas_geometry,tile_state:GUIA:level2_C_4,unresolved,display_overlap,source:65ac4116e7776380,state:GUIA,level2_C_4
claim:tile_state:GUIA:level2_B_3,0.96702,atlas_geometry,tile_state:GUIA:level2_B_3,unresolved,display_overlap,source:65ac4116e7776380,state:GUIA,level2_B_3
claim:tile_state:GUIA:level2_C_3,0.96702,atlas_geometry,tile_state:GUIA:level2_C_3,unresolved,display_overlap,source:65ac4116e7776380,state:GUIA,level2_C_3
claim:tile_state:GUIA:level2_B_5,0.0271,atlas_geometry,tile_state:GUIA:level2_B_5,unresolved,display_overlap,source:65ac4116e7776380,state:GUIA,level2_B_5
claim:tile_state:GUIA:level2_C_5,0.0271,atlas_geometry,tile_state:GUIA:level2_C_5,unresolved,display_overlap,source:65ac4116e7776380,state:GUIA,level2_C_5
claim:tile_state:GUIA:level1_A_2,1.0,atlas_geometry,tile_state:GUIA:level1_A_2,unresolved,display_overlap,source:65ac4116e7776380,state:GUIA,level1_A_2
claim:tile_state:GUIA:level1_B_2,1.0,atlas_geometry,tile_state:GUIA:level1_B_2,unresolved,display_overlap,source:65ac4116e7776380,state:GUIA,level1_B_2
claim:tile_state:GUIA:level1_A_1,0.96702,atlas_geometry,tile_state:GUIA:level1_A_1,unresolved,display_overlap,source:65ac4116e7776380,state:GUIA,level1_A_1
claim:tile_state:GUIA:level1_B_1,0.96702,atlas_geometry,tile_state:GUIA:level1_B_1,unresolved,display_overlap,source:65ac4116e7776380,state:GUIA,level1_B_1
claim:tile_state:GUIA:level1_A_3,0.0271,atlas_geometry,tile_state:GUIA:level1_A_3,unresolved,display_overlap,source:65ac4116e7776380,state:GUIA,level1_A_3
claim:tile_state:GUIA:level1_B_3,0.0271,atlas_geometry,tile_state:GUIA:level1_B_3,unresolved,display_overlap,source:65ac4116e7776380,state:GUIA,level1_B_3
claim:tile_state:GUIA:level0_A_1,1.0,atlas_geometry,tile_state:GUIA:level0_A_1,unresolved,display_overlap,source:65ac4116e7776380,state:GUIA,level0_A_1
claim:tile_state:GUIA:level0_B_1,1.0,atlas_geometry,tile_state:GUIA:level0_B_1,unresolved,display_overlap,source:65ac4116e7776380,state:GUIA,level0_B_1
claim:tile_state:WTRA:level2_C_4,1.0,atlas_geometry,tile_state:WTRA:level2_C_4,unresolved,display_overlap,source:65ac4116e7776380,state:WTRA,level2_C_4
claim:tile_state:WTRA:level2_B_4,0.79892,atlas_geometry,tile_state:WTRA:level2_B_4,unresolved,display_overlap,source:65ac4116e7776380,state:WTRA,level2_B_4
claim:tile_state:WTRA:level2_C_3,0.56696,atlas_geometry,tile_state:WTRA:level2_C_3,unresolved,display_overlap,source:65ac4116e7776380,state:WTRA,level2_C_3
claim:tile_state:WTRA:level2_B_3,0.45279,atlas_geometry,tile_state:WTRA:level2_B_3,unresolved,display_overlap,source:65ac4116e7776380,state:WTRA,level2_B_3
claim:tile_state:WTRA:level2_C_5,0.42353,atlas_geometry,tile_state:WTRA:level2_C_5,unresolved,display_overlap,source:65ac4116e7776380,state:WTRA,level2_C_5
claim:tile_state:WTRA:level2_B_5,0.33857,atlas_geometry,tile_state:WTRA:level2_B_5,unresolved,display_overlap,source:65ac4116e7776380,state:WTRA,level2_B_5
claim:tile_state:WTRA:level2_D_4,0.20108,atlas_geometry,tile_state:WTRA:level2_D_4,unresolved,display_overlap,source:65ac4116e7776380,state:WTRA,level2_D_4
claim:tile_state:WTRA:level2_D_3,0.11417,atlas_geometry,tile_state:WTRA:level2_D_3,unresolved,display_overlap,source:65ac4116e7776380,state:WTRA,level2_D_3
claim:tile_state:WTRA:level2_D_5,0.08497,atlas_geometry,tile_state:WTRA:level2_D_5,unresolved,display_overlap,source:65ac4116e7776380,state:WTRA,level2_D_5
claim:tile_state:WTRA:level1_A_2,1.0,atlas_geometry,tile_state:WTRA:level1_A_2,unresolved,display_overlap,source:65ac4116e7776380,state:WTRA,level1_A_2
claim:tile_state:WTRA:level1_B_2,1.0,atlas_geometry,tile_state:WTRA:level1_B_2,unresolved,display_overlap,source:65ac4116e7776380,state:WTRA,level1_B_2
claim:tile_state:WTRA:level1_A_1,0.56696,atlas_geometry,tile_state:WTRA:level1_A_1,unresolved,display_overlap,source:65ac4116e7776380,state:WTRA,level1_A_1
claim:tile_state:WTRA:level1_B_1,0.56696,atlas_geometry,tile_state:WTRA:level1_B_1,unresolved,display_overlap,source:65ac4116e7776380,state:WTRA,level1_B_1
claim:tile_state:WTRA:level1_A_3,0.42353,atlas_geometry,tile_state:WTRA:level1_A_3,unresolved,display_overlap,source:65ac4116e7776380,state:WTRA,level1_A_3
claim:tile_state:WTRA:level1_B_3,0.42353,atlas_geometry,tile_state:WTRA:level1_B_3,unresolved,display_overlap,source:65ac4116e7776380,state:WTRA,level1_B_3
claim:tile_state:WTRA:level0_A_1,1.0,atlas_geometry,tile_state:WTRA:level0_A_1,unresolved,display_overlap,source:65ac4116e7776380,state:WTRA,level0_A_1
claim:tile_state:WTRA:level0_B_1,1.0,atlas_geometry,tile_state:WTRA:level0_B_1,unresolved,display_overlap,source:65ac4116e7776380,state:WTRA,level0_B_1
claim:tile_state:ETRA:level2_C_4,1.0,atlas_geometry,tile_state:ETRA:level2_C_4,unresolved,display_overlap,source:65ac4116e7776380,state:ETRA,level2_C_4
claim:tile_state:ETRA:level2_D_4,1.0,atlas_geometry,tile_state:ETRA:level2_D_4,unresolved,display_overlap,source:65ac4116e7776380,state:ETRA,level2_D_4
claim:tile_state:ETRA:level2_C_5,0.69315,atlas_geometry,tile_state:ETRA:level2_C_5,unresolved,display_overlap,source:65ac4116e7776380,state:ETRA,level2_C_5
claim:tile_state:ETRA:level2_D_5,0.69315,atlas_geometry,tile_state:ETRA:level2_D_5,unresolved,display_overlap,source:65ac4116e7776380,state:ETRA,level2_D_5
claim:tile_state:ETRA:level2_C_3,0.29806,atlas_geometry,tile_state:ETRA:level2_C_3,unresolved,display_overlap,source:65ac4116e7776380,state:ETRA,level2_C_3
claim:tile_state:ETRA:level2_D_3,0.29806,atlas_geometry,tile_state:ETRA:level2_D_3,unresolved,display_overlap,source:65ac4116e7776380,state:ETRA,level2_D_3
claim:tile_state:ETRA:level1_A_2,1.0,atlas_geometry,tile_state:ETRA:level1_A_2,unresolved,display_overlap,source:65ac4116e7776380,state:ETRA,level1_A_2
claim:tile_state:ETRA:level1_B_2,1.0,atlas_geometry,tile_state:ETRA:level1_B_2,unresolved,display_overlap,source:65ac4116e7776380,state:ETRA,level1_B_2
claim:tile_state:ETRA:level1_A_3,0.69315,atlas_geometry,tile_state:ETRA:level1_A_3,unresolved,display_overlap,source:65ac4116e7776380,state:ETRA,level1_A_3
claim:tile_state:ETRA:level1_B_3,0.69315,atlas_geometry,tile_state:ETRA:level1_B_3,unresolved,display_overlap,source:65ac4116e7776380,state:ETRA,level1_B_3
claim:tile_state:ETRA:level1_A_1,0.29806,atlas_geometry,tile_state:ETRA:level1_A_1,unresolved,display_overlap,source:65ac4116e7776380,state:ETRA,level1_A_1
claim:tile_state:ETRA:level1_B_1,0.29806,atlas_geometry,tile_state:ETRA:level1_B_1,unresolved,display_overlap,source:65ac4116e7776380,state:ETRA,level1_B_1
claim:tile_state:ETRA:level0_A_1,1.0,atlas_geometry,tile_state:ETRA:level0_A_1,unresolved,display_overlap,source:65ac4116e7776380,state:ETRA,level0_A_1
claim:tile_state:ETRA:level0_B_1,1.0,atlas_geometry,tile_state:ETRA:level0_B_1,unresolved,display_overlap,source:65ac4116e7776380,state:ETRA,level0_B_1
claim:tile_state:GUIN:level2_C_4,1.0,atlas_geometry,tile_state:GUIN:level2_C_4,unresolved,display_overlap,source:65ac4116e7776380,state:GUIN,level2_C_4
claim:tile_state:GUIN:level2_D_4,1.0,atlas_geometry,tile_state:GUIN:level2_D_4,unresolved,display_overlap,source:65ac4116e7776380,state:GUIN,level2_D_4
claim:tile_state:GUIN:level2_C_5,0.57885,atlas_geometry,tile_state:GUIN:level2_C_5,unresolved,display_overlap,source:65ac4116e7776380,state:GUIN,level2_C_5
claim:tile_state:GUIN:level2_D_5,0.57885,atlas_geometry,tile_state:GUIN:level2_D_5,unresolved,display_overlap,source:65ac4116e7776380,state:GUIN,level2_D_5
claim:tile_state:GUIN:level2_C_3,0.40889,atlas_geometry,tile_state:GUIN:level2_C_3,unresolved,display_overlap,source:65ac4116e7776380,state:GUIN,level2_C_3
claim:tile_state:GUIN:level2_D_3,0.40889,atlas_geometry,tile_state:GUIN:level2_D_3,unresolved,display_overlap,source:65ac4116e7776380,state:GUIN,level2_D_3
claim:tile_state:GUIN:level1_A_2,1.0,atlas_geometry,tile_state:GUIN:level1_A_2,unresolved,display_overlap,source:65ac4116e7776380,state:GUIN,level1_A_2
claim:tile_state:GUIN:level1_B_2,1.0,atlas_geometry,tile_state:GUIN:level1_B_2,unresolved,display_overlap,source:65ac4116e7776380,state:GUIN,level1_B_2
claim:tile_state:GUIN:level1_A_3,0.57885,atlas_geometry,tile_state:GUIN:level1_A_3,unresolved,display_overlap,source:65ac4116e7776380,state:GUIN,level1_A_3
claim:tile_state:GUIN:level1_B_3,0.57885,atlas_geometry,tile_state:GUIN:level1_B_3,unresolved,display_overlap,source:65ac4116e7776380,state:GUIN,level1_B_3
claim:tile_state:GUIN:level1_A_1,0.40889,atlas_geometry,tile_state:GUIN:level1_A_1,unresolved,display_overlap,source:65ac4116e7776380,state:GUIN,level1_A_1
claim:tile_state:GUIN:level1_B_1,0.40889,atlas_geometry,tile_state:GUIN:level1_B_1,unresolved,display_overlap,source:65ac4116e7776380,state:GUIN,level1_B_1
claim:tile_state:GUIN:level0_A_1,1.0,atlas_geometry,tile_state:GUIN:level0_A_1,unresolved,display_overlap,source:65ac4116e7776380,state:GUIN,level0_A_1
claim:tile_state:GUIN:level0_B_1,1.0,atlas_geometry,tile_state:GUIN:level0_B_1,unresolved,display_overlap,source:65ac4116e7776380,state:GUIN,level0_B_1
claim:tile_state:SATL:level2_C_6,0.75886,atlas_geometry,tile_state:SATL:level2_C_6,unresolved,display_overlap,source:65ac4116e7776380,state:SATL,level2_C_6
claim:tile_state:SATL:level2_C_5,0.69487,atlas_geometry,tile_state:SATL:level2_C_5,unresolved,display_overlap,source:65ac4116e7776380,state:SATL,level2_C_5
claim:tile_state:SATL:level2_D_6,0.56641,atlas_geometry,tile_state:SATL:level2_D_6,unresolved,display_overlap,source:65ac4116e7776380,state:SATL,level2_D_6
claim:tile_state:SATL:level2_D_5,0.49179,atlas_geometry,tile_state:SATL:level2_D_5,unresolved,display_overlap,source:65ac4116e7776380,state:SATL,level2_D_5
claim:tile_state:SATL:level2_C_7,0.30136,atlas_geometry,tile_state:SATL:level2_C_7,unresolved,display_overlap,source:65ac4116e7776380,state:SATL,level2_C_7
claim:tile_state:SATL:level2_D_7,0.24448,atlas_geometry,tile_state:SATL:level2_D_7,unresolved,display_overlap,source:65ac4116e7776380,state:SATL,level2_D_7
claim:tile_state:SATL:level2_C_4,0.23009,atlas_geometry,tile_state:SATL:level2_C_4,unresolved,display_overlap,source:65ac4116e7776380,state:SATL,level2_C_4
claim:tile_state:SATL:level2_B_5,0.20307,atlas_geometry,tile_state:SATL:level2_B_5,unresolved,display_overlap,source:65ac4116e7776380,state:SATL,level2_B_5
claim:tile_state:SATL:level2_B_6,0.19245,atlas_geometry,tile_state:SATL:level2_B_6,unresolved,display_overlap,source:65ac4116e7776380,state:SATL,level2_B_6
claim:tile_state:SATL:level2_D_4,0.16259,atlas_geometry,tile_state:SATL:level2_D_4,unresolved,display_overlap,source:65ac4116e7776380,state:SATL,level2_D_4
claim:tile_state:SATL:level2_B_4,0.0675,atlas_geometry,tile_state:SATL:level2_B_4,unresolved,display_overlap,source:65ac4116e7776380,state:SATL,level2_B_4
claim:tile_state:SATL:level2_B_7,0.05688,atlas_geometry,tile_state:SATL:level2_B_7,unresolved,display_overlap,source:65ac4116e7776380,state:SATL,level2_B_7
claim:tile_state:SATL:level1_A_3,1.0,atlas_geometry,tile_state:SATL:level1_A_3,unresolved,display_overlap,source:65ac4116e7776380,state:SATL,level1_A_3
claim:tile_state:SATL:level1_B_3,1.0,atlas_geometry,tile_state:SATL:level1_B_3,unresolved,display_overlap,source:65ac4116e7776380,state:SATL,level1_B_3
claim:tile_state:SATL:level1_A_2,0.69487,atlas_geometry,tile_state:SATL:level1_A_2,unresolved,display_overlap,source:65ac4116e7776380,state:SATL,level1_A_2
claim:tile_state:SATL:level1_B_2,0.69487,atlas_geometry,tile_state:SATL:level1_B_2,unresolved,display_overlap,source:65ac4116e7776380,state:SATL,level1_B_2
claim:tile_state:SATL:level0_A_1,1.0,atlas_geometry,tile_state:SATL:level0_A_1,unresolved,display_overlap,source:65ac4116e7776380,state:SATL,level0_A_1
claim:tile_state:SATL:level0_B_1,1.0,atlas_geometry,tile_state:SATL:level0_B_1,unresolved,display_overlap,source:65ac4116e7776380,state:SATL,level0_B_1
claim:tile_state:BRAZ:level2_B_5,0.97865,atlas_geometry,tile_state:BRAZ:level2_B_5,unresolved,display_overlap,source:65ac4116e7776380,state:BRAZ,level2_B_5
claim:tile_state:BRAZ:level2_C_5,0.97865,atlas_geometry,tile_state:BRAZ:level2_C_5,unresolved,display_overlap,source:65ac4116e7776380,state:BRAZ,level2_C_5
claim:tile_state:BRAZ:level2_B_6,0.82451,atlas_geometry,tile_state:BRAZ:level2_B_6,unresolved,display_overlap,source:65ac4116e7776380,state:BRAZ,level2_B_6
claim:tile_state:BRAZ:level2_C_6,0.82451,atlas_geometry,tile_state:BRAZ:level2_C_6,unresolved,display_overlap,source:65ac4116e7776380,state:BRAZ,level2_C_6
claim:tile_state:BRAZ:level2_B_4,0.17144,atlas_geometry,tile_state:BRAZ:level2_B_4,unresolved,display_overlap,source:65ac4116e7776380,state:BRAZ,level2_B_4
claim:tile_state:BRAZ:level2_C_4,0.17144,atlas_geometry,tile_state:BRAZ:level2_C_4,unresolved,display_overlap,source:65ac4116e7776380,state:BRAZ,level2_C_4
claim:tile_state:BRAZ:level2_B_7,0.01918,atlas_geometry,tile_state:BRAZ:level2_B_7,unresolved,display_overlap,source:65ac4116e7776380,state:BRAZ,level2_B_7
claim:tile_state:BRAZ:level2_C_7,0.01918,atlas_geometry,tile_state:BRAZ:level2_C_7,unresolved,display_overlap,source:65ac4116e7776380,state:BRAZ,level2_C_7
claim:tile_state:BRAZ:level1_A_3,1.0,atlas_geometry,tile_state:BRAZ:level1_A_3,unresolved,display_overlap,source:65ac4116e7776380,state:BRAZ,level1_A_3
claim:tile_state:BRAZ:level1_B_3,1.0,atlas_geometry,tile_state:BRAZ:level1_B_3,unresolved,display_overlap,source:65ac4116e7776380,state:BRAZ,level1_B_3
claim:tile_state:BRAZ:level1_A_2,0.97865,atlas_geometry,tile_state:BRAZ:level1_A_2,unresolved,display_overlap,source:65ac4116e7776380,state:BRAZ,level1_A_2
claim:tile_state:BRAZ:level1_B_2,0.97865,atlas_geometry,tile_state:BRAZ:level1_B_2,unresolved,display_overlap,source:65ac4116e7776380,state:BRAZ,level1_B_2
claim:tile_state:BRAZ:level0_A_1,1.0,atlas_geometry,tile_state:BRAZ:level0_A_1,unresolved,display_overlap,source:65ac4116e7776380,state:BRAZ,level0_A_1
claim:tile_state:BRAZ:level0_B_1,1.0,atlas_geometry,tile_state:BRAZ:level0_B_1,unresolved,display_overlap,source:65ac4116e7776380,state:BRAZ,level0_B_1
claim:tile_state:BENG:level2_C_5,0.99765,atlas_geometry,tile_state:BENG:level2_C_5,unresolved,display_overlap,source:65ac4116e7776380,state:BENG,level2_C_5
claim:tile_state:BENG:level2_D_5,0.99765,atlas_geometry,tile_state:BENG:level2_D_5,unresolved,display_overlap,source:65ac4116e7776380,state:BENG,level2_D_5
claim:tile_state:BENG:level2_C_6,0.6372,atlas_geometry,tile_state:BENG:level2_C_6,unresolved,display_overlap,source:65ac4116e7776380,state:BENG,level2_C_6
claim:tile_state:BENG:level2_D_6,0.6372,atlas_geometry,tile_state:BENG:level2_D_6,unresolved,display_overlap,source:65ac4116e7776380,state:BENG,level2_D_6
claim:tile_state:BENG:level2_C_4,0.35655,atlas_geometry,tile_state:BENG:level2_C_4,unresolved,display_overlap,source:65ac4116e7776380,state:BENG,level2_C_4
claim:tile_state:BENG:level2_D_4,0.35655,atlas_geometry,tile_state:BENG:level2_D_4,unresolved,display_overlap,source:65ac4116e7776380,state:BENG,level2_D_4
claim:tile_state:BENG:level2_C_7,0.00173,atlas_geometry,tile_state:BENG:level2_C_7,unresolved,display_overlap,source:65ac4116e7776380,state:BENG,level2_C_7
claim:tile_state:BENG:level2_D_7,0.00173,atlas_geometry,tile_state:BENG:level2_D_7,unresolved,display_overlap,source:65ac4116e7776380,state:BENG,level2_D_7
claim:tile_state:BENG:level1_A_3,1.0,atlas_geometry,tile_state:BENG:level1_A_3,unresolved,display_overlap,source:65ac4116e7776380,state:BENG,level1_A_3
claim:tile_state:BENG:level1_B_3,1.0,atlas_geometry,tile_state:BENG:level1_B_3,unresolved,display_overlap,source:65ac4116e7776380,state:BENG,level1_B_3
claim:tile_state:BENG:level1_A_2,0.99765,atlas_geometry,tile_state:BENG:level1_A_2,unresolved,display_overlap,source:65ac4116e7776380,state:BENG,level1_A_2
claim:tile_state:BENG:level1_B_2,0.99765,atlas_geometry,tile_state:BENG:level1_B_2,unresolved,display_overlap,source:65ac4116e7776380,state:BENG,level1_B_2
claim:tile_state:BENG:level0_A_1,1.0,atlas_geometry,tile_state:BENG:level0_A_1,unresolved,display_overlap,source:65ac4116e7776380,state:BENG,level0_A_1
claim:tile_state:BENG:level0_B_1,1.0,atlas_geometry,tile_state:BENG:level0_B_1,unresolved,display_overlap,source:65ac4116e7776380,state:BENG,level0_B_1
claim:tile_state:FKLD:level2_B_7,0.86929,atlas_geometry,tile_state:FKLD:level2_B_7,unresolved,display_overlap,source:65ac4116e7776380,state:FKLD,level2_B_7
claim:tile_state:FKLD:level2_C_7,0.74293,atlas_geometry,tile_state:FKLD:level2_C_7,unresolved,display_overlap,source:65ac4116e7776380,state:FKLD,level2_C_7
claim:tile_state:FKLD:level2_B_6,0.66643,atlas_geometry,tile_state:FKLD:level2_B_6,unresolved,display_overlap,source:65ac4116e7776380,state:FKLD,level2_B_6
claim:tile_state:FKLD:level2_C_6,0.53522,atlas_geometry,tile_state:FKLD:level2_C_6,unresolved,display_overlap,source:65ac4116e7776380,state:FKLD,level2_C_6
claim:tile_state:FKLD:level2_A_7,0.15916,atlas_geometry,tile_state:FKLD:level2_A_7,unresolved,display_overlap,source:65ac4116e7776380,state:FKLD,level2_A_7
claim:tile_state:FKLD:level2_A_6,0.1381,atlas_geometry,tile_state:FKLD:level2_A_6,unresolved,display_overlap,source:65ac4116e7776380,state:FKLD,level2_A_6
claim:tile_state:FKLD:level2_B_5,0.09482,atlas_geometry,tile_state:FKLD:level2_B_5,unresolved,display_overlap,source:65ac4116e7776380,state:FKLD,level2_B_5
claim:tile_state:FKLD:level2_C_5,0.08264,atlas_geometry,tile_state:FKLD:level2_C_5,unresolved,display_overlap,source:65ac4116e7776380,state:FKLD,level2_C_5
claim:tile_state:FKLD:level2_D_7,0.03281,atlas_geometry,tile_state:FKLD:level2_D_7,unresolved,display_overlap,source:65ac4116e7776380,state:FKLD,level2_D_7
claim:tile_state:FKLD:level2_A_5,0.01218,atlas_geometry,tile_state:FKLD:level2_A_5,unresolved,display_overlap,source:65ac4116e7776380,state:FKLD,level2_A_5
claim:tile_state:FKLD:level2_D_6,0.00689,atlas_geometry,tile_state:FKLD:level2_D_6,unresolved,display_overlap,source:65ac4116e7776380,state:FKLD,level2_D_6
claim:tile_state:FKLD:level1_A_3,1.0,atlas_geometry,tile_state:FKLD:level1_A_3,unresolved,display_overlap,source:65ac4116e7776380,state:FKLD,level1_A_3
claim:tile_state:FKLD:level1_B_3,0.82809,atlas_geometry,tile_state:FKLD:level1_B_3,unresolved,display_overlap,source:65ac4116e7776380,state:FKLD,level1_B_3
claim:tile_state:FKLD:level1_D_3,0.17171,atlas_geometry,tile_state:FKLD:level1_D_3,unresolved,display_overlap,source:65ac4116e7776380,state:FKLD,level1_D_3
claim:tile_state:FKLD:level1_A_2,0.09482,atlas_geometry,tile_state:FKLD:level1_A_2,unresolved,display_overlap,source:65ac4116e7776380,state:FKLD,level1_A_2
claim:tile_state:FKLD:level1_B_2,0.08264,atlas_geometry,tile_state:FKLD:level1_B_2,unresolved,display_overlap,source:65ac4116e7776380,state:FKLD,level1_B_2
claim:tile_state:FKLD:level1_D_2,0.01218,atlas_geometry,tile_state:FKLD:level1_D_2,unresolved,display_overlap,source:65ac4116e7776380,state:FKLD,level1_D_2
claim:tile_state:FKLD:level0_A_1,1.0,atlas_geometry,tile_state:FKLD:level0_A_1,unresolved,display_overlap,source:65ac4116e7776380,state:FKLD,level0_A_1
claim:tile_state:FKLD:level0_B_1,1.0,atlas_geometry,tile_state:FKLD:level0_B_1,unresolved,display_overlap,source:65ac4116e7776380,state:FKLD,level0_B_1
claim:tile_state:SSTC:level2_D_6,0.90675,atlas_geometry,tile_state:SSTC:level2_D_6,unresolved,display_overlap,source:65ac4116e7776380,state:SSTC,level2_D_6
claim:tile_state:SSTC:level2_D_7,0.77007,atlas_geometry,tile_state:SSTC:level2_D_7,unresolved,display_overlap,source:65ac4116e7776380,state:SSTC,level2_D_7
claim:tile_state:SSTC:level2_E_6,0.51502,atlas_geometry,tile_state:SSTC:level2_E_6,unresolved,display_overlap,source:65ac4116e7776380,state:SSTC,level2_E_6
claim:tile_state:SSTC:level2_C_6,0.39174,atlas_geometry,tile_state:SSTC:level2_C_6,unresolved,display_overlap,source:65ac4116e7776380,state:SSTC,level2_C_6
claim:tile_state:SSTC:level2_E_7,0.38667,atlas_geometry,tile_state:SSTC:level2_E_7,unresolved,display_overlap,source:65ac4116e7776380,state:SSTC,level2_E_7
claim:tile_state:SSTC:level2_C_7,0.38341,atlas_geometry,tile_state:SSTC:level2_C_7,unresolved,display_overlap,source:65ac4116e7776380,state:SSTC,level2_C_7
claim:tile_state:SSTC:level2_D_5,0.2252,atlas_geometry,tile_state:SSTC:level2_D_5,unresolved,display_overlap,source:65ac4116e7776380,state:SSTC,level2_D_5
claim:tile_state:SSTC:level2_E_5,0.15199,atlas_geometry,tile_state:SSTC:level2_E_5,unresolved,display_overlap,source:65ac4116e7776380,state:SSTC,level2_E_5
claim:tile_state:SSTC:level2_C_5,0.07321,atlas_geometry,tile_state:SSTC:level2_C_5,unresolved,display_overlap,source:65ac4116e7776380,state:SSTC,level2_C_5
claim:tile_state:SSTC:level1_B_3,1.0,atlas_geometry,tile_state:SSTC:level1_B_3,unresolved,display_overlap,source:65ac4116e7776380,state:SSTC,level1_B_3
claim:tile_state:SSTC:level1_C_3,0.54139,atlas_geometry,tile_state:SSTC:level1_C_3,unresolved,display_overlap,source:65ac4116e7776380,state:SSTC,level1_C_3
claim:tile_state:SSTC:level1_A_3,0.45861,atlas_geometry,tile_state:SSTC:level1_A_3,unresolved,display_overlap,source:65ac4116e7776380,state:SSTC,level1_A_3
claim:tile_state:SSTC:level1_B_2,0.2252,atlas_geometry,tile_state:SSTC:level1_B_2,unresolved,display_overlap,source:65ac4116e7776380,state:SSTC,level1_B_2
claim:tile_state:SSTC:level1_C_2,0.15199,atlas_geometry,tile_state:SSTC:level1_C_2,unresolved,display_overlap,source:65ac4116e7776380,state:SSTC,level1_C_2
claim:tile_state:SSTC:level1_A_2,0.07321,atlas_geometry,tile_state:SSTC:level1_A_2,unresolved,display_overlap,source:65ac4116e7776380,state:SSTC,level1_A_2
claim:tile_state:SSTC:level0_A_1,1.0,atlas_geometry,tile_state:SSTC:level0_A_1,unresolved,display_overlap,source:65ac4116e7776380,state:SSTC,level0_A_1
claim:tile_state:SSTC:level0_B_1,0.99968,atlas_geometry,tile_state:SSTC:level0_B_1,unresolved,display_overlap,source:65ac4116e7776380,state:SSTC,level0_B_1
claim:tile_state:SANT:level2_F_6,0.90098,atlas_geometry,tile_state:SANT:level2_F_6,unresolved,display_overlap,source:65ac4116e7776380,state:SANT,level2_F_6
claim:tile_state:SANT:level2_F_7,0.82407,atlas_geometry,tile_state:SANT:level2_F_7,unresolved,display_overlap,source:65ac4116e7776380,state:SANT,level2_F_7
claim:tile_state:SANT:level2_E_6,0.78068,atlas_geometry,tile_state:SANT:level2_E_6,unresolved,display_overlap,source:65ac4116e7776380,state:SANT,level2_E_6
claim:tile_state:SANT:level2_E_7,0.70805,atlas_geometry,tile_state:SANT:level2_E_7,unresolved,display_overlap,source:65ac4116e7776380,state:SANT,level2_E_7
claim:tile_state:SANT:level2_G_6,0.1948,atlas_geometry,tile_state:SANT:level2_G_6,unresolved,display_overlap,source:65ac4116e7776380,state:SANT,level2_G_6
claim:tile_state:SANT:level2_G_7,0.1919,atlas_geometry,tile_state:SANT:level2_G_7,unresolved,display_overlap,source:65ac4116e7776380,state:SANT,level2_G_7
claim:tile_state:SANT:level2_F_5,0.09594,atlas_geometry,tile_state:SANT:level2_F_5,unresolved,display_overlap,source:65ac4116e7776380,state:SANT,level2_F_5
claim:tile_state:SANT:level2_E_5,0.09353,atlas_geometry,tile_state:SANT:level2_E_5,unresolved,display_overlap,source:65ac4116e7776380,state:SANT,level2_E_5
claim:tile_state:SANT:level2_D_7,0.07587,atlas_geometry,tile_state:SANT:level2_D_7,unresolved,display_overlap,source:65ac4116e7776380,state:SANT,level2_D_7
claim:tile_state:SANT:level2_D_6,0.07449,atlas_geometry,tile_state:SANT:level2_D_6,unresolved,display_overlap,source:65ac4116e7776380,state:SANT,level2_D_6
claim:tile_state:SANT:level2_G_5,0.00241,atlas_geometry,tile_state:SANT:level2_G_5,unresolved,display_overlap,source:65ac4116e7776380,state:SANT,level2_G_5
claim:tile_state:SANT:level1_C_3,1.0,atlas_geometry,tile_state:SANT:level1_C_3,unresolved,display_overlap,source:65ac4116e7776380,state:SANT,level1_C_3
claim:tile_state:SANT:level1_B_3,0.8052,atlas_geometry,tile_state:SANT:level1_B_3,unresolved,display_overlap,source:65ac4116e7776380,state:SANT,level1_B_3
claim:tile_state:SANT:level1_D_3,0.1948,atlas_geometry,tile_state:SANT:level1_D_3,unresolved,display_overlap,source:65ac4116e7776380,state:SANT,level1_D_3
claim:tile_state:SANT:level1_C_2,0.09594,atlas_geometry,tile_state:SANT:level1_C_2,unresolved,display_overlap,source:65ac4116e7776380,state:SANT,level1_C_2
claim:tile_state:SANT:level1_B_2,0.09353,atlas_geometry,tile_state:SANT:level1_B_2,unresolved,display_overlap,source:65ac4116e7776380,state:SANT,level1_B_2
claim:tile_state:SANT:level1_D_2,0.00241,atlas_geometry,tile_state:SANT:level1_D_2,unresolved,display_overlap,source:65ac4116e7776380,state:SANT,level1_D_2
claim:tile_state:SANT:level0_A_1,1.0,atlas_geometry,tile_state:SANT:level0_A_1,unresolved,display_overlap,source:65ac4116e7776380,state:SANT,level0_A_1
claim:tile_state:SANT:level0_B_1,1.0,atlas_geometry,tile_state:SANT:level0_B_1,unresolved,display_overlap,source:65ac4116e7776380,state:SANT,level0_B_1
claim:tile_state:ANTA:level2_A_7,0.9445,atlas_geometry,tile_state:ANTA:level2_A_7,unresolved,display_overlap,source:65ac4116e7776380,state:ANTA,level2_A_7
claim:tile_state:ANTA:level2_A_6,0.68531,atlas_geometry,tile_state:ANTA:level2_A_6,unresolved,display_overlap,source:65ac4116e7776380,state:ANTA,level2_A_6
claim:tile_state:ANTA:level2_B_7,0.49586,atlas_geometry,tile_state:ANTA:level2_B_7,unresolved,display_overlap,source:65ac4116e7776380,state:ANTA,level2_B_7
claim:tile_state:ANTA:level2_H_7,0.44817,atlas_geometry,tile_state:ANTA:level2_H_7,unresolved,display_overlap,source:65ac4116e7776380,state:ANTA,level2_H_7
claim:tile_state:ANTA:level2_B_6,0.41965,atlas_geometry,tile_state:ANTA:level2_B_6,unresolved,display_overlap,source:65ac4116e7776380,state:ANTA,level2_B_6
claim:tile_state:ANTA:level2_H_6,0.26525,atlas_geometry,tile_state:ANTA:level2_H_6,unresolved,display_overlap,source:65ac4116e7776380,state:ANTA,level2_H_6
claim:tile_state:ANTA:level2_A_5,0.05306,atlas_geometry,tile_state:ANTA:level2_A_5,unresolved,display_overlap,source:65ac4116e7776380,state:ANTA,level2_A_5
claim:tile_state:ANTA:level2_B_5,0.04984,atlas_geometry,tile_state:ANTA:level2_B_5,unresolved,display_overlap,source:65ac4116e7776380,state:ANTA,level2_B_5
claim:tile_state:ANTA:level2_H_5,0.00318,atlas_geometry,tile_state:ANTA:level2_H_5,unresolved,display_overlap,source:65ac4116e7776380,state:ANTA,level2_H_5
claim:tile_state:ANTA:level1_A_3,1.0,atlas_geometry,tile_state:ANTA:level1_A_3,unresolved,display_overlap,source:65ac4116e7776380,state:ANTA,level1_A_3
claim:tile_state:ANTA:level1_D_3,1.0,atlas_geometry,tile_state:ANTA:level1_D_3,unresolved,display_overlap,source:65ac4116e7776380,state:ANTA,level1_D_3
claim:tile_state:ANTA:level1_A_2,0.05306,atlas_geometry,tile_state:ANTA:level1_A_2,unresolved,display_overlap,source:65ac4116e7776380,state:ANTA,level1_A_2
claim:tile_state:ANTA:level1_D_2,0.05306,atlas_geometry,tile_state:ANTA:level1_D_2,unresolved,display_overlap,source:65ac4116e7776380,state:ANTA,level1_D_2
claim:tile_state:ANTA:level0_A_1,1.0,atlas_geometry,tile_state:ANTA:level0_A_1,unresolved,display_overlap,source:65ac4116e7776380,state:ANTA,level0_A_1
claim:tile_state:ANTA:level0_B_1,1.0,atlas_geometry,tile_state:ANTA:level0_B_1,unresolved,display_overlap,source:65ac4116e7776380,state:ANTA,level0_B_1
claim:tile_state:APLR:level2_G_7,0.99881,atlas_geometry,tile_state:APLR:level2_G_7,unresolved,display_overlap,source:65ac4116e7776380,state:APLR,level2_G_7
claim:tile_state:APLR:level2_G_6,0.63551,atlas_geometry,tile_state:APLR:level2_G_6,unresolved,display_overlap,source:65ac4116e7776380,state:APLR,level2_G_6
claim:tile_state:APLR:level2_H_7,0.56351,atlas_geometry,tile_state:APLR:level2_H_7,unresolved,display_overlap,source:65ac4116e7776380,state:APLR,level2_H_7
claim:tile_state:APLR:level2_F_7,0.43649,atlas_geometry,tile_state:APLR:level2_F_7,unresolved,display_overlap,source:65ac4116e7776380,state:APLR,level2_F_7
claim:tile_state:APLR:level2_F_6,0.4284,atlas_geometry,tile_state:APLR:level2_F_6,unresolved,display_overlap,source:65ac4116e7776380,state:APLR,level2_F_6
claim:tile_state:APLR:level2_H_6,0.20711,atlas_geometry,tile_state:APLR:level2_H_6,unresolved,display_overlap,source:65ac4116e7776380,state:APLR,level2_H_6
claim:tile_state:APLR:level2_A_7,0.00116,atlas_geometry,tile_state:APLR:level2_A_7,unresolved,display_overlap,source:65ac4116e7776380,state:APLR,level2_A_7
claim:tile_state:APLR:level1_D_3,1.0,atlas_geometry,tile_state:APLR:level1_D_3,unresolved,display_overlap,source:65ac4116e7776380,state:APLR,level1_D_3
claim:tile_state:APLR:level1_C_3,0.99881,atlas_geometry,tile_state:APLR:level1_C_3,unresolved,display_overlap,source:65ac4116e7776380,state:APLR,level1_C_3
claim:tile_state:APLR:level1_A_3,0.00116,atlas_geometry,tile_state:APLR:level1_A_3,unresolved,display_overlap,source:65ac4116e7776380,state:APLR,level1_A_3
claim:tile_state:APLR:level0_B_1,1.0,atlas_geometry,tile_state:APLR:level0_B_1,unresolved,display_overlap,source:65ac4116e7776380,state:APLR,level0_B_1
claim:tile_state:APLR:level0_A_1,0.99998,atlas_geometry,tile_state:APLR:level0_A_1,unresolved,display_overlap,source:65ac4116e7776380,state:APLR,level0_A_1
claim:tile_state:BPLR:level2_D_1,0.97438,atlas_geometry,tile_state:BPLR:level2_D_1,unresolved,display_overlap,source:65ac4116e7776380,state:BPLR,level2_D_1
claim:tile_state:BPLR:level2_E_1,0.57435,atlas_geometry,tile_state:BPLR:level2_E_1,unresolved,display_overlap,source:65ac4116e7776380,state:BPLR,level2_E_1
claim:tile_state:BPLR:level2_C_1,0.42565,atlas_geometry,tile_state:BPLR:level2_C_1,unresolved,display_overlap,source:65ac4116e7776380,state:BPLR,level2_C_1
claim:tile_state:BPLR:level2_F_1,0.02562,atlas_geometry,tile_state:BPLR:level2_F_1,unresolved,display_overlap,source:65ac4116e7776380,state:BPLR,level2_F_1
claim:tile_state:BPLR:level2_C_2,0.0012,atlas_geometry,tile_state:BPLR:level2_C_2,unresolved,display_overlap,source:65ac4116e7776380,state:BPLR,level2_C_2
claim:tile_state:BPLR:level2_D_2,0.0012,atlas_geometry,tile_state:BPLR:level2_D_2,unresolved,display_overlap,source:65ac4116e7776380,state:BPLR,level2_D_2
claim:tile_state:BPLR:level1_B_1,1.0,atlas_geometry,tile_state:BPLR:level1_B_1,unresolved,display_overlap,source:65ac4116e7776380,state:BPLR,level1_B_1
claim:tile_state:BPLR:level1_C_1,0.57435,atlas_geometry,tile_state:BPLR:level1_C_1,unresolved,display_overlap,source:65ac4116e7776380,state:BPLR,level1_C_1
claim:tile_state:BPLR:level1_A_1,0.42565,atlas_geometry,tile_state:BPLR:level1_A_1,unresolved,display_overlap,source:65ac4116e7776380,state:BPLR,level1_A_1
claim:tile_state:BPLR:level0_A_1,1.0,atlas_geometry,tile_state:BPLR:level0_A_1,unresolved,display_overlap,source:65ac4116e7776380,state:BPLR,level0_A_1
claim:tile_state:BPLR:level0_B_1,0.99973,atlas_geometry,tile_state:BPLR:level0_B_1,unresolved,display_overlap,source:65ac4116e7776380,state:BPLR,level0_B_1
