Dataset {
    Grid {
     ARRAY:
        Float64 lat[Y = 48][X = 50];
     MAPS:
        Float64 Y[Y = 48];
        Float64 X[X = 50];
    } lat;
    Grid {
     ARRAY:
        Float64 lon[Y = 48][X = 50];
     MAPS:
        Float64 Y[Y = 48];
        Float64 X[X = 50];
    } lon;
    Grid {
     ARRAY:
        Int16 salinity[time = 1][depth = 1][Y = 48][X = 50];
     MAPS:
        Float64 time[time = 1];
        Float64 depth[depth = 1];
        Float64 Y[Y = 48];
        Float64 X[X = 50];
    } salinity;
    Grid {
     ARRAY:
        Byte sea_mask[Y = 48][X = 50];
     MAPS:
        Float64 Y[Y = 48];
        Float64 X[X = 50];
    } sea_mask;
    Grid {
     ARRAY:
        Int16 u_eastward[time = 1][depth = 1][Y = 48][X = 50];
     MAPS:
        Float64 time[time = 1];
        Float64 depth[depth = 1];
        Float64 Y[Y = 48];
        Float64 X[X = 50];
    } u_eastward;
    Grid {
     ARRAY:
        Int16 v_northward[time = 1][depth = 1][Y = 48][X = 50];
     MAPS:
        Float64 time[time = 1];
        Float64 depth[depth = 1];
        Float64 Y[Y = 48];
        Float64 X[X = 50];
    } v_northward;
} romshindcast/norkyst_v3/zdepth/2024/01/norkyst800-20240115.nc;
---------------------------------------------
lat.lat[48][50]
[0], 71.04772540405455, 71.06922918390444, 71.09071100828356, 71.11217079091448, 71.13360844522722, 71.15502388435867, 71.17641702115193, 71.19778776815568, 71.21913603762354, 71.24046174151357, 71.26176479148747, 71.28304509891015, 71.304302574849, 71.32553713007341, 71.34674867505414, 71.36793711996263, 71.38910237467064, 71.41024434874946, 71.43136295146952, 71.45245809179973, 71.4735296784069, 71.49457761965537, 71.51560182360625, 71.53660219801701, 71.55757865034097, 71.57853108772674, 71.59945941701766, 71.62036354475143, 71.64124337715947, 71.66209882016653, 71.68292977939018, 71.70373616014028, 71.7245178674186, 71.74527480591831, 71.76600688002358, 71.78671399380903, 71.80739605103945, 71.82805295516921, 71.84868460934199, 71.86929091639027, 71.88987177883496, 71.91042709888507, 71.93095677843719, 71.9514607190753, 71.97193882207024, 71.99239098837947, 72.01281711864665, 72.03321711320139, 72.05359087205883, 72.07393829491942
[1], 71.06848392297755, 71.09001297978989, 71.11152011101348, 71.133005230288, 71.15446825095925, 71.1759090860785, 71.19732764840178, 71.21872385038937, 71.24009760420508, 71.26144882171559, 71.28277741448998, 71.30408329379895, 71.32536637061433, 71.34662655560838, 71.36786375915325, 71.38907789132037, 71.41026886187989, 71.43143658030004, 71.45258095574658, 71.47370189708231, 71.49479931286633, 71.51587311135366, 71.53692320049458, 71.55794948793415, 71.57895188101163, 71.59993028676, 71.62088461190532, 71.64181476286639, 71.66272064575409, 71.68360216637097, 71.7044592302107, 71.72529174245763, 71.74609960798625, 71.7668827313608, 71.78764101683473, 71.80837436835031, 71.82908268953814, 71.84976588371671, 71.87042385389205, 71.89105650275715, 71.91166373269174, 71.93224544576172, 71.9528015437189, 71.9733319280005, 71.99383649972887, 72.01431515971107, 72.03476780843852, 72.05519434608671, 72.07559467251473, 72.09596868726514
[2], 71.08921870505623, 71.11077306367648, 71.13230552681564, 71.15381600803137, 71.17530442058606, 71.19677067744617, 71.21821469128157, 71.23963637446496, 71.26103563907115, 71.28241239687642, 71.30376655935792, 71.32509803769311, 71.34640674275896, 71.36769258513152, 71.38895547508521, 71.41019532259219, 71.43141203732189, 71.45260552864026, 71.47377570560931, 71.49492247698642, 71.51604575122387, 71.5371454364682, 71.55822144055965, 71.57927367103167, 71.60030203511029, 71.62130643971362, 71.6422867914513, 71.66324299662399, 71.68417496122285, 71.70508259092898, 71.72596579111301, 71.74682446683447, 71.76765852284143, 71.7884678635699, 71.80925239314347, 71.83001201537276, 71.850746633755, 71.8714561514735, 71.8921404713974, 71.912799496081, 71.93343312776351, 71.95404126836857, 71.97462381950382, 71.99518068246054, 72.0157117582133, 72.03621694741945, 72.05669615041893, 72.07714926723374, 72.09757619756772, 72.11797684080615
[3], 71.10992966114162, 71.13150934629847, 71.15306716630813, 71.17460303464712, 71.19611686449528, 71.21760856873516, 71.23907805995135, 71.26052525042981, 71.28195005215716, 71.30335237682016, 71.32473213580495, 71.34608924019648, 71.36742360077781, 71.3887351280296, 71.41002373212932, 71.43128932295082, 71.45253181006355, 71.47375110273208, 71.49494710991546, 71.51611974026653, 71.53726890213156, 71.55839450354942, 71.57949645225116, 71.60057465565941, 71.62162902088781, 71.64265945474044, 71.66366586371127, 71.68464815398372, 71.70560623142993, 71.72654000161046, 71.74744936977358, 71.76833424085491, 71.7891945194768, 71.81003010994789, 71.83084091626263, 71.85162684210079, 71.87238779082698, 71.89312366549018, 71.91383436882333, 71.93451980324284, 71.95517987084814, 71.97581447342134, 71.9964235124267, 72.01700688901029, 72.03756450399959, 72.05809625790303, 72.07860205090972, 72.099081782889, 72.11953535339006, 72.13996266164172
[4], 71.13061670180674, 71.1522217381104, 71.17380493982775, 71.195366220355, 71.21690549279036, 71.2384226699333, 71.25991766428399, 71.28139038804251, 71.30284075310823, 71.32426867107917, 71.34567405325136, 71.3670568106181, 71.38841685386942, 71.40975409339138, 71.43106843926547, 71.45235980126796, 71.47362808886925, 71.49487321123337, 71.5160950772172, 71.53729359536997, 71.55846867393268, 71.57962022083746, 71.60074814370694, 71.62185234985384, 71.64293274628014, 71.66398923967675, 71.68502173642288, 71.70603014258538, 71.72701436391831, 71.74797430586244, 71.76890987354453, 71.78982097177706, 71.81070750505747, 71.83156937756782, 71.85240649317424, 71.87321875542642, 71.89400606755717, 71.91476833248187, 71.93550545279807, 71.95621733078502, 71.97690386840321, 71.99756496729393, 72.0182005287788, 72.0388104538595, 72.05939464321709, 72.0799529972119, 72.10048541588291, 72.1209917989475, 72.14147204580102, 72.16192605551643
[5], 71.15127973734593, 71.17291014928675, 71.19451875742975, 71.21610547509174, 71.23767021529011, 71.25921289074223, 71.28073341386465, 71.30223169677248, 71.32370765127871, 71.34516118889354, 71.36659222082366, 71.38800065797169, 71.40938641093543, 71.43074939000728, 71.45208950517356, 71.4734066661138, 71.49470078220031, 71.51597176249733, 71.53721951576047, 71.55844395043623, 71.57964497466118, 71.6008224962615, 71.62197642275237, 71.64310666133727, 71.66421311890753, 71.68529570204167, 71.7063543170049, 71.72738886974841, 71.748399265909, 71.76938541080843, 71.79034720945283, 71.81128456653227, 71.8321973864202, 71.85308557317285, 71.87394903052886, 71.89478766190864, 71.91560137041392, 71.93639005882737, 71.9571536296119, 71.9778919849104, 71.99860502654516, 72.01929265601746, 72.0399547745071, 72.06059128287195, 72.08120208164766, 72.10178707104701, 72.12234615095971, 72.14287922095191, 72.16338618026579, 72.18386692781925
[6], 71.17191867777461, 71.19357448972154, 71.2152085288874, 71.23682070851049, 71.25841094152835, 71.27997914057701, 71.3015252179904, 71.3230490857995, 71.34455065573181, 71.36602983921055, 71.38748654735407, 71.4089206909751, 71.43033218058011, 71.45172092636872, 71.47308683823292, 71.49442982575648, 71.51574979821436, 71.53704666457192, 71.55832033348446, 71.57957071329646, 71.60079771204106, 71.62200123743928, 71.64318119689966, 71.66433749751742, 71.68547004607399, 71.70657874903638, 71.72766351255662, 71.74872424247116, 71.7697608443003, 71.79077322324763, 71.8117612841995, 71.83272493172448, 71.85366407007268, 71.87457860317546, 71.89546843464471, 71.9163334677724, 71.93717360553008, 71.95798875056832, 71.97877880521635, 71.99954367148143, 72.02028325104845, 72.04099744527949, 72.06168615521321, 72.08234928156467, 72.10298672472463, 72.12359838475923, 72.14418416140964, 72.1647439540915, 72.18527766189463, 72.20578518358259
[7], 71.19253343282888, 71.21421466902791, 71.23587416369158, 71.25751182998054, 71.27912758075337, 71.30072132856574, 71.32229298566975, 71.34384246401324, 71.36536967523905, 71.3868745306844, 71.40835694138008, 71.42981681804989, 71.45125407110986, 71.47266861066767, 71.49406034652192, 71.51542918816148, 71.53677504476482, 71.5580978251994, 71.57939743802093, 71.6006737914729, 71.62192679348574, 71.64315635167632, 71.66436237334734, 71.68554476548664, 71.70670343476657, 71.72783828754355, 71.74894922985727, 71.77003616743025, 71.79109900566716, 71.81213764965432, 71.8331520041591, 71.85414197362935, 71.87510746219282, 71.8960483736567, 71.91696461150701, 71.9378560789081, 71.9587226787021, 71.97956431340846, 72.00038088522338, 72.02117229601937, 72.0419384473447, 72.06267924042304, 72.08339457615278, 72.10408435510683, 72.12474847753194, 72.14538684334839, 72.1659993521495, 72.18658590320125, 72.20714639544182, 72.22768072748123
[8], 71.21312391196516, 71.23483059653782, 71.2565155710504, 71.27817874858685, 71.29982004192767, 71.32143936354908, 71.34303662562229, 71.36461174001286, 71.38616461827995, 71.40769517167554, 71.42920331114391, 71.45068894732076, 71.47215199053262, 71.49359235079613, 71.51500993781737, 71.53640466099118, 71.55777642940048, 71.57912515181566, 71.60045073669383, 71.62175309217825, 71.64303212609762, 71.6642877459655, 71.68551985897965, 71.70672837202132, 71.7279131916548, 71.74907422412667, 71.77021137536522, 71.79132455097987, 71.81241365626052, 71.8334785961771, 71.85451927537882, 71.87553559819368, 71.8965274686279, 71.91749479036535, 71.93843746676707, 71.95935540087055, 71.98024849538942, 72.00111665271272, 72.02195977490454, 72.04277776370341, 72.06357052052186, 72.08433794644586, 72.1050799422344, 72.12579640831902, 72.14648724480327, 72.16715235146232, 72.18779162774253, 72.20840497276089, 72.22899228530477, 72.24955346383138
[9], 71.23369002435984, 71.25542218130167, 71.27713265988888, 71.29882137312971, 71.32048823372752, 71.34213315407992, 71.36375604627821, 71.38535682210659, 71.40693539304138, 71.42849167025038, 71.45002556459215, 71.47153698661526, 71.49302584655759, 71.51449205434568, 71.53593551959399, 71.55735615160428, 71.57875385936481, 71.60012855154976, 71.62148013651854, 71.64280852231512, 71.66411361666734, 71.68539532698634, 71.7066535603658, 71.72788822358135, 71.74909922309003, 71.77028646502947, 71.79144985521744, 71.81258929915114, 71.83370470200663, 71.85479596863821, 71.87586300357785, 71.89690571103458, 71.91792399489394, 71.93891775871737, 71.95988690574166, 71.98083133887843, 72.00175096071354, 72.02264567350655, 72.04351537919021, 72.06435997936994, 72.08517937532329, 72.10597346799948, 72.12674215801881, 72.14748534567231, 72.16820293092111, 72.18889481339612, 72.20956089239743, 72.23020106689398, 72.250815235523, 72.27140329658975
[10], 71.25423167890901, 71.27598933208789, 71.29772533884854, 71.31943961212437, 71.34113206454249, 71.36280260842291, 71.38445115577792, 71.40607761831124, 71.42768190741737, 71.44926393418078, 71.47082360937523, 71.49236084346309, 71.51387554659455, 71.53536762860695, 71.55683699902406, 71.5782835670554, 71.59970724159552, 71.62110793122336, 71.6424855442015, 71.66383998847552, 71.68517117167332, 71.70647900110448, 71.72776338375955, 71.74902422630944, 71.77026143510477, 71.7914749161752, 71.81266457522881, 71.83383031765149, 71.8549720485063, 71.87608967253286, 71.89718309414674, 71.91825221743889, 71.939296946175, 71.96031718379497, 71.98131283341225, 72.00228379781336, 72.02322997945731, 72.044151280475, 72.06504760266873, 72.0859188475116, 72.1067649161471, 72.12758570938841, 72.14838112771807, 72.16915107128736, 72.18989543991589, 72.21061413309103, 72.23130704996753, 72.25197408936694, 72.27261514977728, 72.29323012935255
[11], 71.27474878422795, 71.29653195738264, 71.31829351628703, 71.34003337380062, 71.36175144247521, 71.38344763455417, 71.40512186197168, 71.42677403635194, 71.44840406900856, 71.4700118709436, 71.49159735284701, 71.51316042509583, 71.53470099775353, 71.55621898056916, 71.5777142829767, 71.59918681409444, 71.6206364827241, 71.64206319735027, 71.66346686613961, 71.68484739694027, 71.70620469728112, 71.7275386743711, 71.74884923509856, 71.77013628603052, 71.79139973341216, 71.81263948316604, 71.83385544089147, 71.85504751186392, 71.87621560103433, 71.89735961302856, 71.91847945214666, 71.93957502236235, 71.96064622732241, 71.981692970346, 72.00271515442417, 72.02371268221923, 72.04468545606416, 72.06563337796207, 72.08655634958566, 72.10745427227661, 72.12832704704512, 72.14917457456927, 72.16999675519463, 72.19079348893361, 72.21156467546506, 72.2323102141337, 72.2530300039497, 72.27372394358814, 72.29439193138856, 72.31503386535454
[12], 71.29524124865095, 71.3170499653895, 71.33883710027783, 71.36060256610247, 71.38234627534091, 71.40406814016077, 71.42576807241912, 71.44744598366158, 71.46910178512175, 71.4907353877203, 71.51234670206429, 71.53393563844642, 71.55550210684427, 71.57704601691961, 71.59856727801761, 71.62006579916617, 71.64154148907517, 71.66299425613575, 71.68442400841965, 71.70583065367848, 71.72721409934297, 71.74857425252239, 71.76991102000375, 71.79122430825122, 71.81251402340534, 71.83378007128253, 71.85502235737424, 71.87624078684642, 71.89743526453884, 71.91860569496444, 71.93975198230868, 71.96087403042897, 71.98197174285401, 72.0030450227832, 72.02409377308601, 72.04511789630142, 72.06611729463728, 72.08709186996981, 72.10804152384296, 72.12896615746784, 72.14986567172225, 72.17073996715003, 72.19158894396057, 72.21241250202836, 72.23321054089226, 72.25398295975523, 72.27472965748369, 72.29545053260702, 72.31614548331714, 72.33681440746805
[13], 71.315708980231, 71.33754326402911, 71.35935599860987, 71.38114709668783, 71.40291647066708, 71.42466403264048, 71.44638969438893, 71.46809336738046, 71.4897749627696, 71.51143439139659, 71.53307156378652, 71.5546863901487, 71.57627878037584, 71.59784864404332, 71.61939589040846, 71.64092042840971, 71.66242216666608, 71.68390101347623, 71.70535687681786, 71.72678966434698, 71.74819928339716, 71.76958564097889, 71.79094864377885, 71.81228819815915, 71.8336042101568, 71.85489658548289, 71.87616522952194, 71.89741004733135, 71.91863094364057, 71.93982782285057, 71.96100058903315, 71.9821491459303, 72.00327339695357, 72.02437324518345, 72.04544859336879, 72.06649934392607, 72.08752539893898, 72.10852666015765, 72.1295030289982, 72.15045440654208, 72.17138069353554, 72.19228179038903, 72.21315759717673, 72.23400801363589, 72.2548329391664, 72.27563227283026, 72.29640591335095, 72.31715375911304, 72.33787570816169, 72.35857165820211
[14], 71.33615188673932, 71.3580117609388, 71.3798501187872, 71.40166687292809, 71.42346193569311, 71.44523521910138, 71.46698663485851, 71.48871609435595, 71.51042350867019, 71.53210878856189, 71.55377184447521, 71.57541258653703, 71.59703092455614, 71.61862676802248, 71.64020002610646, 71.66175060765812, 71.68327842120645, 71.70478337495864, 71.7262653767993, 71.7477243342898, 71.7691601546675, 71.79057274484505, 71.8119620114097, 71.83332786062253, 71.85467019841786, 71.87598893040244, 71.89728396185482, 71.91855519772473, 71.93980254263228, 71.96102590086737, 71.98222517638905, 72.00340027282483, 72.02455109347001, 72.04567754128713, 72.06677951890524, 72.08785692861935, 72.10890967238976, 72.12993765184153, 72.15094076826381, 72.17191892260922, 72.19287201549342, 72.21379994719433, 72.23470261765176, 72.25557992646671, 72.27643177290086, 72.29725805587611, 72.31805867397395, 72.33883352543495, 72.35958250815834, 72.38030551970141
[15], 71.35656987566523, 71.37845536347234, 71.4003193680287, 71.42216180190782, 71.44398257736998, 71.4657816063614, 71.48755880051353, 71.5093140711421, 71.53104732924655, 71.55275848550899, 71.57444745029362, 71.59611413364581, 71.61775844529143, 71.63938029463597, 71.66097959076392, 71.68255624243778, 71.7041101580976, 71.72564124586, 71.74714941351748, 71.76863456853772, 71.79009661806282, 71.81153546890859, 71.83295102756378, 71.8543432001894, 71.87571189261803, 71.89705701035304, 71.91837845856793, 71.93967614210571, 71.9609499654781, 71.98219983286488, 72.00342564811326, 72.0246273147372, 72.04580473591673, 72.06695781449729, 72.08808645298913, 72.10919055356666, 72.13027001806776, 72.15132474799324, 72.17235464450623, 72.19335960843148, 72.21433954025488, 72.23529434012279, 72.25622390784149, 72.27712814287659, 72.29800694435255, 72.31886021105197, 72.33968784141521, 72.36048973353977, 72.38126578517975, 72.40201589374541
[16], 71.3769628542158, 71.39887397869961, 71.42076365326768, 71.44263179042449, 71.46447830235984, 71.48630310094812, 71.50810609774756, 71.52988720399921, 71.5516463306264, 71.57338338823371, 71.59509828710632, 71.61679093720915, 71.63846124818603, 71.66010912935909, 71.68173448972773, 71.7033372379681, 71.72491728243213, 71.74647453114687, 71.76800889181372, 71.78952027180765, 71.81100857817644, 71.83247371764003, 71.85391559658964, 71.8753341210872, 71.89672919686447, 71.91810072932242, 71.9394486235305, 71.9607727842259, 71.9820731158129, 72.00334952236214, 72.02460190760995, 72.04583017495766, 72.06703422747094, 72.08821396787913, 72.10936929857459, 72.130500121612, 72.15160633870785, 72.1726878512396, 72.19374456024525, 72.21477636642263, 72.23578317012874, 72.25676487137927, 72.27772136984792, 72.29865256486585, 72.31955835542105, 72.34043864015788, 72.36129331737638, 72.38212228503183, 72.40292544073415, 72.4237026817474
[17], 71.39733072931547, 71.41926751340633, 71.4411828811517, 71.46307674498804, 71.48494901703573, 71.50679960909834, 71.52862843266176, 71.55043539889351, 71.5722204186417, 71.59398340243442, 71.6157242604788, 71.63744290266028, 71.65913923854177, 71.68081317736286, 71.70246462803907, 71.72409349916093, 71.74569969899339, 71.76728313547494, 71.78884371621679, 71.81038134850218, 71.83189593928563, 71.85338739519212, 71.87485562251639, 71.89630052722217, 71.91772201494142, 71.93911999097372, 71.96049436028535, 71.98184502750875, 72.00317189694168, 72.02447487254659, 72.04575385794989, 72.06700875644125, 72.08823947097295, 72.10944590415914, 72.13062795827526, 72.15178553525725, 72.17291853670105, 72.19402686386177, 72.21511041765321, 72.23616909864714, 72.25720280707273, 72.27821144281585, 72.29919490541855, 72.32015309407839, 72.34108590764791, 72.36199324463402, 72.38287500319743, 72.40373108115205, 72.42456137596453, 72.44536578475362
[18], 71.41767340760592, 71.43963587409367, 71.46157695804216, 71.48349657182072, 71.50539462748132, 71.52727103675772, 71.54912571106463, 71.57095856149678, 71.5927694988283, 71.61455843351169, 71.63632527567707, 71.65806993513141, 71.67979232135765, 71.70149234351392, 71.72316991043273, 71.74482493062017, 71.76645731225513, 71.78806696318847, 71.80965379094229, 71.8312177027091, 71.8527586053511, 71.87427640539934, 71.89577100905304, 71.91724232217872, 71.93869025030962, 71.96011469864479, 71.98151557204838, 72.00289277504902, 72.02424621183896, 72.04557578627343, 72.06688140186988, 72.08816296180733, 72.10942036892556, 72.13065352572455, 72.15186233436376, 72.17304669666137, 72.19420651409366, 72.21534168779442, 72.23645211855415, 72.25753770681956, 72.27859835269284, 72.29963395593101, 72.32064441594541, 72.34162963180094, 72.3625895022156, 72.38352392555977, 72.40443279985571, 72.42531602277693, 72.44617349164766, 72.46700510344225
[19], 71.43799079544563, 71.45997896697813, 71.481945790014, 71.50389117685658, 71.52581503949047, 71.54771728958059, 71.56959783847141, 71.5914565971861, 71.61329347642561, 71.63510838656796, 71.6569012376673, 71.67867193945311, 71.70042040132938, 71.72214653237381, 71.74385024133693, 71.76553143664133, 71.78719002638088, 71.8088259183199, 71.8304390198923, 71.85202923820088, 71.87359648001653, 71.89514065177738, 71.91666165958812, 71.93815940921912, 71.95963380610577, 71.98108475534767, 72.00251216170786, 72.0239159296121, 72.04529596314815, 72.06665216606497, 72.08798444177206, 72.10929269333873, 72.13057682349331, 72.15183673462258, 72.17307232877091, 72.19428350763972, 72.21547017258668, 72.23663222462511, 72.25776956442324, 72.27888209230366, 72.29996970824247, 72.32103231186889, 72.3420698024644, 72.36308207896226, 72.3840690399468, 72.40503058365285, 72.42596660796511, 72.44687701041765, 72.46776168819318, 72.48862053812255
[20], 71.4582827989098, 71.48029669799108, 71.50228928285549, 71.5242604657414, 71.546210158567, 71.56813827292946, 71.59004472010403, 71.6119294110433, 71.63379225637617, 71.65563316640714, 71.67745205111541, 71.69924882015404, 71.72102338284905, 71.74277564819874, 71.76450552487272, 71.7862129212111, 71.80789774522374, 71.82955990458937, 71.85119930665482, 71.8728158584342, 71.89440946660804, 71.91598003752264, 71.9375274771891, 71.95905169128268, 71.98055258514198, 72.0020300637681, 72.02348403182395, 72.04491439363349, 72.06632105318094, 72.08770391411002, 72.1090628797233, 72.1303978529813, 72.15170873650196, 72.17299543255974, 72.19425784308507, 72.21549586966347, 72.23670941353501, 72.2578983755935, 72.27906265638592, 72.3002021561116, 72.32131677462168, 72.3424064114184, 72.36347096565443, 72.38451033613227, 72.40552442130357, 72.42651311926852, 72.44747632777529, 72.46841394421931, 72.48932586564275, 72.51021198873399
[21], 71.47854932379, 71.50058897277869, 71.52260734206797, 71.54460434383225, 71.56657988992438, 71.5885338918748, 71.61046626089066, 71.63237690785489, 71.65426574332541, 71.6761326775343, 71.69797762038678, 71.71980048146052, 71.74160117000471, 71.7633795949392, 71.78513566485368, 71.8068692880069, 71.82858037232569, 71.85026882540427, 71.8719345545034, 71.89357746654943, 71.91519746813375, 71.93679446551168, 71.95836836460188, 71.97991907098546, 72.00144648990523, 72.02295052626484, 72.04443108462812, 72.0658880692182, 72.08732138391677, 72.10873093226338, 72.13011661745456, 72.15147834234318, 72.17281600943768, 72.19412952090133, 72.21541877855145, 72.2366836838588, 72.25792413794673, 72.27914004159065, 72.30033129521715, 72.32149779890338, 72.34263945237643, 72.36375615501257, 72.38484780583661, 72.40591430352126, 72.42695554638645, 72.44797143239875, 72.4689618591706, 72.48992672395993, 72.51086592366924, 72.53177935484524
[22], 71.49879027559385, 71.5208556967015, 71.54289987286546, 71.56492271619726, 71.58692413848547, 71.60890405119483, 71.63086236546535, 71.65279899211151, 71.67471384162126, 71.69660682415523, 71.71847784954579, 71.74032682729624, 71.76215366657995, 71.7839582762394, 71.80574056478547, 71.82750044039646, 71.84923781091732, 71.87095258385878, 71.8926446663965, 71.91431396537031, 71.93596038728325, 71.95758383830083, 71.97918422425028, 72.00076145061959, 72.02231542255683, 72.04384604486926, 72.0653532220226, 72.08683685814017, 72.10829685700224, 72.12973312204508, 72.15114555636035, 72.17253406269418, 72.19389854344658, 72.21523890067057, 72.23655503607148, 72.25784685100622, 72.27911424648254, 72.30035712315829, 72.32157538134076, 72.34276892098595, 72.36393764169782, 72.38508144272768, 72.40620022297348, 72.42729388097911, 72.44836231493377, 72.46940542267129, 72.49042310166953, 72.51141524904966, 72.53238176157562, 72.55332253565342
[23], 71.51900555954495, 71.54109677483427, 71.56316678017453, 71.58521548761537, 71.60724280888215, 71.62924865537498, 71.65123293816787, 71.67319556800778, 71.6951364553138, 71.7170555101762, 71.73895264235553, 71.7608277612818, 71.78268077605358, 71.8045115954371, 71.82632012786542, 71.8481062814375, 71.86986996391742, 71.89161108273348, 71.91332954497737, 71.93502525740328, 71.95669812642711, 71.97834805812562, 71.99997495823554, 72.02157873215288, 72.04315928493196, 72.0647165212847, 72.08625034557976, 72.10776066184174, 72.12924737375043, 72.15071038463995, 72.17214959749802, 72.19356491496517, 72.21495623933393, 72.23632347254814, 72.25766651620214, 72.27898527154001, 72.30027963945489, 72.32154952048815, 72.34279481482876, 72.36401542231253, 72.38521124242136, 72.4063821742826, 72.42752811666826, 72.44864896799449, 72.46974462632068, 72.490814989349, 72.51185995442358, 72.53287941852996, 72.55387327829433, 72.57484142998308
[24], 71.53919508058254, 71.56131211196578, 71.58340796863396, 71.60548256257606, 71.62753580545517, 71.64956760860791, 71.6715778830433, 71.69356653944193, 71.71553348815505, 71.73747863920363, 71.7594019022775, 71.78130318673443, 71.8031824015993, 71.8250394555631, 71.84687425698215, 71.86868671387718, 71.89047673393245, 71.91224422449488, 71.93398909257326, 71.9557112448372, 71.97741058761655, 71.9990870269003, 72.02074046833586, 72.04237081722822, 72.06397797853907, 72.085561856886, 72.1071223565417, 72.12865938143304, 72.15017283514045, 72.17166262089691, 72.19312864158728, 72.21457079974746, 72.23598899756364, 72.25738313687144, 72.27875311915525, 72.30009884554741, 72.32142021682742, 72.34271713342123, 72.36398949540053, 72.38523720248189, 72.40646015402623, 72.42765824903789, 72.44883138616407, 72.46997946369405, 72.49110237955853, 72.51220003132892, 72.53327231621665, 72.55431913107262, 72.57534037238632, 72.5963359362854
[25], 71.5593587433613, 71.58150161259844, 71.60362334259462, 71.62572384527903, 71.64780303225379, 71.669860814793, 71.6918971038418, 71.71391181001549, 71.73590484359852, 71.75787611454369, 71.77982553247118, 71.80175300666764, 71.82365844608525, 71.8455417593409, 71.86740285471525, 71.88924164015188, 71.91105802325626, 71.93285191129507, 71.9546232111952, 71.97637182954288, 71.99809767258286, 72.01980064621749, 72.04148065600592, 72.06313760716318, 72.08477140455943, 72.10638195271898, 72.12796915581957, 72.14953291769153, 72.17107314181688, 72.19258973132852, 72.21408258900955, 72.2355516172923, 72.2569967182576, 72.27841779363399, 72.29981474479695, 72.32118747276806, 72.34253587821428, 72.36385986144717, 72.38515932242211, 72.4064341607376, 72.4276842756345, 72.44890956599522, 72.47010993034313, 72.4912852668417, 72.5124354732939, 72.53356044714145, 72.55466008546414, 72.57573428497908, 72.59678294204016, 72.61780595263728
[26], 71.57949645225116, 71.60166518094829, 71.62381280611906, 71.64593923963413, 71.66804439303561, 71.69012817753622, 71.71219050401832, 71.73423128303298, 71.75625042479902, 71.77824783920211, 71.80022343579385, 71.82217712379085, 71.84410881207374, 71.86601840918638, 71.88790582333488, 71.90977096238666, 71.93161373386963, 71.95343404497123, 71.97523180253759, 71.99700691307258, 72.018759282737, 72.04048881734761, 72.06219542237639, 72.0838790029495, 72.10553946384664, 72.12717670949992, 72.14879064399325, 72.1703811710614, 72.1919481940891, 72.2134916161103, 72.23501133980736, 72.2565072675101, 72.2779793011951, 72.29942734248485, 72.32085129264695, 72.34225105259333, 72.36362652287943, 72.38497760370348, 72.40630419490566, 72.42760619596737, 72.44888350601047, 72.4701360237965, 72.49136364772602, 72.51256627583776, 72.53374380580796, 72.55489613494967, 72.57602316021202, 72.59712477817949, 72.61820088507126, 72.6392513767405
[27], 71.5996081113371, 71.62180272094456, 71.64397626298145, 71.66612864926094, 71.68825979126626, 71.71036960014986, 71.73245798673237, 71.75452486150179, 71.77657013461236, 71.79859371588377, 71.82059551480013, 71.84257544050911, 71.86453340182092, 71.88646930720745, 71.90838306480134, 71.93027458239506, 71.95214376743994, 71.97399052704533, 71.9958147679777, 72.01761639665968, 72.03939531916916, 72.06115144123847, 72.08288466825347, 72.10459490525261, 72.1262820569261, 72.14794602761505, 72.1695867213106, 72.19120404165302, 72.21279789193092, 72.2343681750803, 72.25591479368387, 72.27743764997004, 72.2989366458122, 72.3204116827279, 72.34186266187793, 72.3632894840656, 72.38469204973597, 72.40607025897498, 72.42742401150862, 72.44875320670229, 72.47005774355992, 72.49133752072323, 72.512592436471, 72.53382238871825, 72.5550272750156, 72.57620699254844, 72.59736143813625, 72.61849050823191, 72.63959409892095, 72.66067210592087
[28], 71.61969362441899, 71.64191413622969, 71.66411361666734, 71.68629197748868, 71.7084491301192, 71.73058498565217, 71.7526994548477, 71.7747924481317, 71.79686387559504, 71.81891364699248, 71.84094167174179, 71.8629478589228, 71.88493211727638, 71.90689435520365, 71.92883448076483, 71.95075240167854, 71.97264802532071, 71.99452125872368, 72.01637200857533, 72.03820018121816, 72.06000568264834, 72.08178841851485, 72.10354829411848, 72.1252852144111, 72.14699908399457, 72.1686898071201, 72.19035728768712, 72.21200142924255, 72.2336221349799, 72.25521930773841, 72.27679285000221, 72.29834266389936, 72.3198686512012, 72.34137071332137, 72.36284875131497, 72.38430266587784, 72.40573235734561, 72.42713772569307, 72.44851867053313, 72.46987509111622, 72.49120688632944, 72.51251395469573, 72.53379619437318, 72.55505350315417, 72.57628577846471, 72.5974929173636, 72.61867481654178, 72.63983137232152, 72.66096248065575, 72.6820680371273
[29], 71.63975289501128, 71.66199933015899, 71.68422477037338, 71.70642912735593, 71.72861231247553, 71.75077423676736, 71.7729148109321, 71.7950339453348, 71.81713155000398, 71.83920753463066, 71.86126180856739, 71.88329428082726, 71.90530486008296, 71.92729345466587, 71.94925997256507, 71.97120432142634, 71.99312640855133, 72.01502614089652, 72.0369034250724, 72.05875816734236, 72.08059027362201, 72.10239964947802, 72.12418620012737, 72.14594983043636, 72.16769044491974, 72.18940794773978, 72.2111022427054, 72.23277323327127, 72.25442082253697, 72.27604491324597, 72.29764540778498, 72.3192222081829, 72.34077521611002, 72.36230433287719, 72.38380945943496, 72.40529049637271, 72.42674734391788, 72.44817990193506, 72.46958806992527, 72.49097174702504, 72.51233083200567, 72.53366522327245, 72.55497481886384, 72.57625951645066, 72.59751921333539, 72.61875380645131, 72.63996319236185, 72.66114726725976, 72.68230592696644, 72.70343906693108
[30], 71.65978582634305, 71.6820582058005, 71.70430962700718, 71.72654000161046, 71.74874924092366, 71.77093725592512, 71.79310395725716, 71.81524925522511, 71.8373730597963, 71.85947528059914, 71.88155582692202, 71.90361460771256, 71.92565153157632, 71.94766650677612, 71.96965944123093, 71.99163024251496, 72.01357881785665, 72.03550507413782, 72.05740891789253, 72.07929025530643, 72.10114899221553, 72.12298503410541, 72.14479828611034, 72.16658865301218, 72.18835603923966, 72.21010034886731, 72.23182148561466, 72.25351935284522, 72.27519385356574, 72.29684489042513, 72.31847236571376, 72.34007618136243, 72.36165623894156, 72.38321243966034, 72.40474468436585, 72.42625287354217, 72.44773690730956, 72.46919668542363, 72.4906321072745, 72.51204307188596, 72.53342947791467, 72.55479122364926, 72.5761282070097, 72.59744032554636, 72.6187274764392, 72.63998955649716, 72.66122646215717, 72.68243808948358, 72.70362433416727, 72.72478509152494
[31], 71.67979232135765, 71.70209066593488, 71.7243680891872, 71.74662450270901, 71.76885981775928, 71.79107394526058, 71.81326679579806, 71.83543827961844, 71.85758830662905, 71.87971678639678, 71.90182362814713, 71.92390874076318, 71.9459720327847, 71.96801341240702, 71.9900327874802, 72.01203006550794, 72.0340051536467, 72.05595795870468, 72.07788838714085, 72.09979634506402, 72.1216817382319, 72.14354447205012, 72.16538445157131, 72.18720158149415, 72.20899576616239, 72.230766909564, 72.25251491533021, 72.2742396867346, 72.29594112669216, 72.31761913775838, 72.33927362212846, 72.3609044816362, 72.38251161775331, 72.40409493158843, 72.42565432388625, 72.44718969502674, 72.46870094502408, 72.49018797352605, 72.51165067981296, 72.53308896279697, 72.55450272102117, 72.57589185265874, 72.59725625551224, 72.61859582701258, 72.63991046421847, 72.66120006381547, 72.68246452211521, 72.70370373505463, 72.72491759819522, 72.74610600672229
[32], 71.69977228271264, 71.7220966130551, 71.74440005924242, 71.76668253281713, 71.78894394498502, 71.81118420661403, 71.83340322823331, 71.85560092003215, 71.87777719185897, 71.89993195322036, 71.92206511328001, 71.9441765808578, 71.96626626442864, 71.98833407212169, 72.01037991171917, 72.0324036906555, 72.05440531601624, 72.0763846945372, 72.09834173260334, 72.12027633624788, 72.14218841115137, 72.16407786264058, 72.18594459568772, 72.20778851490935, 72.22960952456552, 72.25140752855873, 72.27318243043308, 72.29493413337336, 72.31666254020395, 72.3383675533881, 72.36004907502688, 72.38170700685836, 72.40334125025663, 72.42495170623093, 72.44653827542476, 72.46810085811497, 72.48963935421095, 72.51115366325367, 72.53264368441482, 72.55410931649605, 72.57555045792802, 72.59696700676955, 72.61835886070686, 72.6397259170527, 72.6610680727455, 72.68238522434854, 72.70367726804928, 72.72494409965842, 72.74618561460913, 72.76740170795635
[33], 71.71972561277968, 71.74207594936652, 71.76440543921234, 71.78671399380903, 71.80900152431033, 71.83126794153077, 71.85351315594458, 71.87573707768485, 71.89793961654226, 71.92012068196422, 71.94228018305387, 71.9644180285689, 71.98653412692073, 72.00862838617337, 72.03070071404242, 72.0527510178942, 72.07477920474456, 72.09678518125803, 72.11876885374676, 72.14073012816958, 72.16266891013098, 72.18458510488009, 72.20647861730987, 72.22834935195596, 72.25019721299577, 72.27202210424758, 72.29382392916953, 72.31560259085869, 72.33735799205012, 72.35909003511588, 72.38079862206422, 72.4024836545385, 72.42414503381637, 72.44578266080883, 72.46739643605935, 72.48898625974287, 72.51055203166503, 72.53209365126122, 72.55361101759566, 72.57510402936059, 72.59657258487536, 72.61801658208563, 72.63943591856244, 72.66083049150137, 72.68220019772178, 72.70354493366587, 72.72486459539797, 72.74615907860365, 72.76742827858891, 72.78867209027942
[34], 71.73965221364433, 71.76202857678652, 71.78438413084675, 71.8067187872674, 71.82903245715136, 71.85132505126086, 71.87359648001653, 71.89584665349629, 71.91807548143436, 71.94028287322014, 71.96246873789732, 71.9846329841627, 72.00677552036528, 72.02889625450514, 72.05099509423252, 72.07307194684668, 72.09512671929504, 72.11715931817203, 72.13916964971816, 72.161157619819, 72.18312313400422, 72.20506609744653, 72.2269864149607, 72.2488839910027, 72.2707587296685, 72.29261053469332, 72.31443930945049, 72.33624495695061, 72.3580273798405, 72.37978648040229, 72.40152216055246, 72.42323432184097, 72.44492286545014, 72.46658769219393, 72.48822870251688, 72.50984579649325, 72.53143887382608, 72.55300783384631, 72.57455257551186, 72.59607299740672, 72.61756899774015, 72.63904047434569, 72.66048732468039, 72.68190944582385, 72.70330673447745, 72.72467908696349, 72.74602639922426, 72.76734856682135, 72.78864548493473, 72.80991704836198
[35], 71.759551987106, 71.78195439694453, 71.80433603560557, 71.82669681448323, 71.84903664463066, 71.87135543675905, 71.89365310123654, 71.91592954808716, 71.93818468698976, 71.96041842727702, 71.98263067793431, 72.00482134759875, 72.0269903445581, 72.04913757674976, 72.07126295175966, 72.09336637682141, 72.11544775881498, 72.13750700426603, 72.15954401934458, 72.18155870986416, 72.20355098128078, 72.2255207386919, 72.24746788683541, 72.26939233008865, 72.29129397246744, 72.3131727176251, 72.33502846885135, 72.35686112907148, 72.37867060084528, 72.40045678636615, 72.42221958746003, 72.44395890558455, 72.46567464182797, 72.48736669690835, 72.50903497117254, 72.53067936459523, 72.55229977677806, 72.57389610694872, 72.59546825395995, 72.61701611628874, 72.63853959203534, 72.66003857892241, 72.68151297429411, 72.70296267511526, 72.72438757797045, 72.74578757906312, 72.7671625742148, 72.78851245886419, 72.80983712806639, 72.83113647649196
[36], 71.77942483467776, 71.80185331118183, 71.8242610546588, 71.84664797645567, 71.86901398757715, 71.89135899868452, 71.91368292009464, 71.93598566177884, 71.95826713336184, 71.98052724412072, 72.00276590298384, 72.02498301852977, 72.04717849898627, 72.06935225222921, 72.09150418578155, 72.11363420681225, 72.13574222213525, 72.15782813820849, 72.17989186113276, 72.2019332966508, 72.22395235014608, 72.24594892664207, 72.26792293080092, 72.2898742669227, 72.31180283894415, 72.33370855043789, 72.3555913046113, 72.37745100430553, 72.39928755199459, 72.42110084978427, 72.44289079941117, 72.46465730224186, 72.48640025927173, 72.50811957112407, 72.52981513804927, 72.55148685992366, 72.57313463624865, 72.59475836614988, 72.6163579483761, 72.63793328129846, 72.65948426290939, 72.68101079082184, 72.70251276226834, 72.72399007410002, 72.74544262278582, 72.7668703044116, 72.78827301467922, 72.80965064890569, 72.83100310202234, 72.85233026857395
[37], 71.79927065758635, 71.82172522055149, 71.84415908888634, 71.86657217389202, 71.88896438652596, 71.9113356374008, 71.93368583678328, 71.95601489459328, 71.97832272040259, 72.00060922343391, 72.02287431255975, 72.04511789630142, 72.06733988282787, 72.08954017995467, 72.11171869514297, 72.13387533549837, 72.15601000776996, 72.17812261834918, 72.20021307326883, 72.22228127820198, 72.24432713846095, 72.26635055899631, 72.28835144439577, 72.31032969888321, 72.33228522631765, 72.35421793019219, 72.37612771363305, 72.39801447939851, 72.41987812987794, 72.4417185670908, 72.46353569268558, 72.48532940793892, 72.50709961375455, 72.52884621066234, 72.55056909881725, 72.57226817799855, 72.59394334760864, 72.61559450667224, 72.63722155383539, 72.65882438736456, 72.68040290514556, 72.70195700468284, 72.72348658309842, 72.74499153713101, 72.7664717631351, 72.78792715708009, 72.80935761454937, 72.83076303073945, 72.85214330045909, 72.87349831812841
[38], 71.81908935677203, 71.84157002581823, 71.8640300388779, 71.88646930720745, 71.90888774171827, 71.93128525297556, 71.9536617511972, 71.97601714625283, 71.99835134766248, 72.02066426459575, 72.04295580587058, 72.06522587995212, 72.08747439495181, 72.10970125862615, 72.13190637837567, 72.15408966124392, 72.17625101391624, 72.19839034271894, 72.22050755361794, 72.24260255221797, 72.26467524376137, 72.28672553312705, 72.30875332482952, 72.33075852301774, 72.35274103147417, 72.37470075361364, 72.39663759248246, 72.41855145075723, 72.44044223074397, 72.46230983437697, 72.48415416321785, 72.50597511845461, 72.5277726009005, 72.54954651099311, 72.57129674879339, 72.59302321398458, 72.61472580587139, 72.6364044233788, 72.65805896505135, 72.67968932905202, 72.70129541316129, 72.7228771147763, 72.74443433090973, 72.76596695818907, 72.78747489285558, 72.80895803076339, 72.83041626737865, 72.85184949777852, 72.87325761665039, 72.89464051829094
[39], 71.83888083288849, 71.86138762745837, 71.88387380493288, 71.90633927652497, 71.9287839531012, 71.95120774518054, 71.9736105629333, 71.99599231618002, 72.01835291439035, 72.04069226668192, 72.06301028181927, 72.08530686821281, 72.10758193391759, 72.12983538663228, 72.1520671336981, 72.17427708209767, 72.19646513845402, 72.21863120902933, 72.24077519972407, 72.26289701607581, 72.2849965632581, 72.30707374607954, 72.32912846898259, 72.35116063604256, 72.3731701509666, 72.39515691709255, 72.41712083738798, 72.43906181444913, 72.46097975049982, 72.48287454739048, 72.50474610659711, 72.52659432922025, 72.54841911598393, 72.57022036723475, 72.59199798294075, 72.61375186269055, 72.63548190569223, 72.65718801077242, 72.67887007637529, 72.7005280005616, 72.7221616810077, 72.74377101500458, 72.76535589945695, 72.78691623088223, 72.80845190540963, 72.8299628187793, 72.85144886634124, 72.87290994305458, 72.8943459434865, 72.91575676181142
[40], 71.85864498630285, 71.88117792565978, 71.90369028706037, 71.92618198167537, 71.94865292032773, 71.97110301349147, 71.9935321712905, 72.0159403034976, 72.03832731953318, 72.06069312846421, 72.08303763900315, 72.10536075950678, 72.12766239797509, 72.14994246205016, 72.17220085901513, 72.19443749579301, 72.21665227894562, 72.23884511467247, 72.26101590880971, 72.283164566829, 72.30529099383644, 72.32739509457146, 72.34947677340581, 72.3715359343424, 72.3935724810143, 72.4155863166836, 72.43757734424047, 72.4595454662019, 72.4814905847109, 72.50341260153526, 72.52531141806655, 72.54718693531915, 72.56903905392915, 72.59086767415333, 72.61267269586818, 72.63445401856883, 72.65621154136808, 72.67794516299537, 72.69965478179581, 72.72134029572916, 72.74300160236885, 72.76463859890104, 72.78625118212358, 72.80783924844512, 72.82940269388409, 72.8509414140678, 72.87245530423147, 72.89394425921728, 72.91540817347348, 72.93684694105349
[41], 71.87838171709558, 71.90094082032178, 71.923479384979, 71.94599732219706, 71.96849454275657, 71.99097095708781, 72.01342647526963, 72.03586100702817, 72.05827446173599, 72.0806667484106, 72.10303777571362, 72.12538745194949, 72.14771568506437, 72.17002238264507, 72.19230745191788, 72.21457079974746, 72.23681233263572, 72.25903195672073, 72.28122957777559, 72.30340510120735, 72.32555843205586, 72.34768947499272, 72.36979813432022, 72.39188431397011, 72.41394791750267, 72.43598884810551, 72.45800700859262, 72.48000230140313, 72.5019746286004, 72.52392389187084, 72.54584999252293, 72.56775283148613, 72.58963230930982, 72.61148832616229, 72.63332078182967, 72.65512957571492, 72.67691460683677, 72.69867577382878, 72.72041297493821, 72.7421261080251, 72.76381507056124, 72.78547975962915, 72.80712007192116, 72.82873590373833, 72.85032715098957, 72.8718937091906, 72.89343547346309, 72.91495233853351, 72.93644419873247, 72.95791094799351
[42], 71.89809092506042, 71.92067621105505, 71.9432409981169, 71.96578519733606, 71.98830871945212, 72.01081147485286, 72.03329337357327, 72.0557543252943, 72.0781942393417, 72.10061302468496, 72.12301058993606, 72.14538684334839, 72.16774169281557, 72.1900750458704, 72.21238680968357, 72.23467689106269, 72.25694519645103, 72.2791916319265, 72.30141610320044, 72.32361851561656, 72.34579877414976, 72.3679567834051, 72.39009244761664, 72.41220567064629, 72.43429635598278, 72.4563644067406, 72.47840972565878, 72.50043221509986, 72.52243177704887, 72.54440831311213, 72.56636172451627, 72.58829191210712, 72.61019877634867, 72.63208221732194, 72.65394213472399, 72.6757784278669, 72.69759099567663, 72.71937973669209, 72.74114454906399, 72.7628853305539, 72.78460197853325, 72.8062943899822, 72.82796246148878, 72.8496060892478, 72.87122516905984, 72.89281959633036, 72.91438926606862, 72.93593407288681, 72.95745391099896, 72.97894867422013
[43], 71.9177725097044, 71.94038399718168, 71.96297502561163, 71.98554550604594, 72.00809534918434, 72.03062446537349, 72.05313276460579, 72.0756201565182, 72.09808655039106, 72.12053185514702, 72.14295597934972, 72.16535883120281, 72.18774031854868, 72.21010034886731, 72.2324388292752, 72.25475566652412, 72.27705076700005, 72.29932403672197, 72.32157538134076, 72.34380470613812, 72.36601191602527, 72.388196915542, 72.41035960885544, 72.43249989975901, 72.45461769167117, 72.47671288763453, 72.4987853903145, 72.52083510199832, 72.54286192459395, 72.56486575962896, 72.5868465082494, 72.60880407121877, 72.63073834891692, 72.65264924133895, 72.67453664809415, 72.69640046840499, 72.71824060110595, 72.74005694464252, 72.76184939707024, 72.78361785605345, 72.8053622188645, 72.8270823823825, 72.84877824309247, 72.87044969708415, 72.8920966400512, 72.91371896728997, 72.93531657369873, 72.95688935377649, 72.97843720162213, 72.99996001093335
[44], 71.93742637024789, 71.96006407773513, 71.98268136631022, 72.00527814698768, 72.02785433042875, 72.05040982694021, 72.07294454647314, 72.0954583986218, 72.11795129262246, 72.14042313735214, 72.16287384132754, 72.18530331270381, 72.20771145927337, 72.23009818846475, 72.25246340734151, 72.2748070226009, 72.29712894057289, 72.31942906721888, 72.3417073081306, 72.36396356852894, 72.38619775326285, 72.40840976680813, 72.43059951326632, 72.45276689636356, 72.47491181944946, 72.49703418549593, 72.51913389709618, 72.54121085646342, 72.56326496542988, 72.58529612544562, 72.60730423757748, 72.6292892025079, 72.65125092053393, 72.67318929156603, 72.69510421512702, 72.71699559035106, 72.73886331598244, 72.76070729037465, 72.7825274114892, 72.80432357689465, 72.82609568376542, 72.84784362888097, 72.86956730862453, 72.89126661898219, 72.91294145554183, 72.93459171349211, 72.9562172876215, 72.97781807231718, 72.99939396156408, 73.02094484894398
[45], 71.95705240562442, 71.97971635146013, 72.00235991876902, 72.02498301852977, 72.04758556136638, 72.07016745754703, 72.09272861698282, 72.11526894922663, 72.13778836347188, 72.16028676855137, 72.18276407293608, 72.205220184734, 72.2276550116889, 72.25006846117917, 72.2724604402167, 72.29483085544561, 72.31717961314112, 72.33950661920838, 72.36181177918124, 72.38409499822122, 72.4063561811162, 72.42859523227935, 72.45081205574793, 72.47300655518212, 72.49517863386399, 72.51732819469616, 72.53945514020087, 72.56155937251862, 72.58364079340726, 72.60569930424067, 72.62773480600775, 72.64974719931128, 72.67173638436677, 72.69370226100138, 72.71564472865279, 72.73756368636816, 72.75945903280295, 72.78133066621984, 72.80317848448777, 72.8250023850807, 72.8468022650766, 72.86857802115647, 72.8903295496031, 72.9120567463002, 72.93375950673123, 72.95543772597847, 72.97709129872183, 72.998720119238, 73.02032408139932, 73.04190307867283
[46], 71.97665051448084, 71.9993407168128, 72.02201058125382, 72.04466001874809, 72.06728893988367, 72.08989725489144, 72.11248487364385, 72.13505170565368, 72.15759766007284, 72.1801226456912, 72.20262657093537, 72.22510934386747, 72.24757087218396, 72.27001106321443, 72.2924298239204, 72.31482706089417, 72.33720268035756, 72.35955658816077, 72.38188868978116, 72.40419889032215, 72.42648709451191, 72.44875320670229, 72.47099713086762, 72.4932187706035, 72.51541802912571, 72.53759480926895, 72.5597490134858, 72.58188054384544, 72.6039893020326, 72.6260751893464, 72.6481381066991, 72.67017795461511, 72.6921946332298, 72.71418804228836, 72.73615808114462, 72.7581046487601, 72.78002764370271, 72.80192696414578, 72.8238025078669, 72.8456541722468, 72.8674818542683, 72.88928545051529, 72.91106485717147, 72.93281997001945, 72.95455068443965, 72.97625689540918, 72.99793849750084, 73.01959538488208, 73.04122745131396, 73.06283459015008
[47], 71.9962205951773, 72.01893707196054, 72.04163325173978, 72.06430904542594, 72.08696436357252, 72.1095991163744, 72.13221321366667, 72.15480656492339, 72.17737907925626, 72.19993066541358, 72.22246123177885, 72.24497068636971, 72.26745893683662, 72.28992589046166, 72.31237145415743, 72.33479553446563, 72.3571980375561, 72.3795788692254, 72.40193793489574, 72.42427513961377, 72.4465903880493, 72.46888358449424, 72.49115463286131, 72.51340343668285, 72.53562989910972, 72.55783392291008, 72.58001541046815, 72.60217426378317, 72.6243103844681, 72.64642367374859, 72.66851403246167, 72.69058136105475, 72.71262555958435, 72.734646527715, 72.75664416471815, 72.77861836947095, 72.80056904045517, 72.82249607575602, 72.8443993730612, 72.86627882965949, 72.88813434243997, 72.90996580789066, 72.93177312209758, 72.9535561807436, 72.97531487910737, 72.99704911206224, 73.01875877407518, 73.04044375920576, 73.06210396110505, 73.08373927301461

lat.Y[48]
460800.0, 464000.0, 467200.0, 470400.0, 473600.0, 476800.0, 480000.0, 483200.0, 486400.0, 489600.0, 492800.0, 496000.0, 499200.0, 502400.0, 505600.0, 508800.0, 512000.0, 515200.0, 518400.0, 521600.0, 524800.0, 528000.0, 531200.0, 534400.0, 537600.0, 540800.0, 544000.0, 547200.0, 550400.0, 553600.0, 556800.0, 560000.0, 563200.0, 566400.0, 569600.0, 572800.0, 576000.0, 579200.0, 582400.0, 585600.0, 588800.0, 592000.0, 595200.0, 598400.0, 601600.0, 604800.0, 608000.0, 611200.0

lat.X[50]
1936000.0, 1939200.0, 1942400.0, 1945600.0, 1948800.0, 1952000.0, 1955200.0, 1958400.0, 1961600.0, 1964800.0, 1968000.0, 1971200.0, 1974400.0, 1977600.0, 1980800.0, 1984000.0, 1987200.0, 1990400.0, 1993600.0, 1996800.0, 2000000.0, 2003200.0, 2006400.0, 2009600.0, 2012800.0, 2016000.0, 2019200.0, 2022400.0, 2025600.0, 2028800.0, 2032000.0, 2035200.0, 2038400.0, 2041600.0, 2044800.0, 2048000.0, 2051200.0, 2054400.0, 2057600.0, 2060800.0, 2064000.0, 2067200.0, 2070400.0, 2073600.0, 2076800.0, 2080000.0, 2083200.0, 2086400.0, 2089600.0, 2092800.0


lon.lon[48][50]
[0], 23.991490216992354, 24.05547067291497, 24.119599151038614, 24.183876004414387, 24.24830158623513, 24.312876249825667, 24.37760034863298, 24.44247423621623, 24.507498266236663, 24.572672792447392, 24.63799816868307, 24.703474748849448, 24.769102886912734, 24.83488293688893, 24.900815252832967, 24.966900188827758, 25.033138098973048, 25.09952933737425, 25.166074258131072, 25.232773215325988, 25.299626563012637, 25.366634655204102, 25.433797845860965, 25.5011164888793, 25.56859093807854, 25.636221547189113, 25.704008669840064, 25.771952659546468, 25.840053869696668, 25.90831265353947, 25.976729364171124, 26.04530435452217, 26.114037977344168, 26.182930585196267, 26.251982530431622, 26.321194165183666, 26.390565841352252, 26.460097910589653, 26.52979072428635, 26.599644633556764, 26.66965998922476, 26.739837141809033, 26.81017644150835, 26.880678238186636, 26.951342881357846, 27.022170720170788, 27.09316210339371, 27.164317379398767, 27.2356368961463, 27.307121001168976
[1], 23.925219473996982, 23.98919471152334, 24.053318290857998, 24.117590567354487, 24.182011896519402, 24.246582634002664, 24.311303135587735, 24.376173757181597, 24.44119485480474, 24.506366784580873, 24.57168990272666, 24.637164565541262, 24.702791129395692, 24.768569950722185, 24.834501386003325, 24.900585791761074, 24.966823524545685, 25.033214940924484, 25.099760397470487, 25.166460250750944, 25.23331485731569, 25.300324573685383, 25.367489756339637, 25.43481076170496, 25.502287946142605, 25.569921665936256, 25.63771227727958, 25.70566013626367, 25.77376559886426, 25.842029020928912, 25.910450758163986, 25.97903116612148, 26.047770600185732, 26.116669415559972, 26.18572796725274, 26.254946610064145, 26.32432569857196, 26.393865587117617, 26.463566629792002, 26.5334291804211, 26.60345359255153, 26.673640219435914, 26.74398941401804, 26.81450152891794, 26.885176916416786, 26.95601592844161, 27.027018916549903, 27.098186231914013, 27.169518225305442, 27.241015247078913
[2], 23.85880074441286, 23.922770408350505, 23.986888733541058, 24.05115607765006, 24.115572798507564, 24.18013925409845, 24.244855802552593, 24.309722802134914, 24.37474061123531, 24.43990958835844, 24.50523009211344, 24.570702481203426, 24.63632711441497, 24.70210435060736, 24.768034548701785, 24.834118067670378, 24.900355266525096, 24.96674650430654, 25.033292140072547, 25.099992532886763, 25.166848041806944, 25.233859025873258, 25.30102584409637, 25.368348855445372, 25.435828418835662, 25.503464893116618, 25.571258637059124, 25.639210009343003, 25.707319368544248, 25.77558707312221, 25.844013481406495, 25.91259895158386, 25.981343841684854, 26.0502485095704, 26.11931331291817, 26.188538609208805, 26.257924755712068, 26.327472109472723, 26.39718102729637, 26.46705186573509, 26.53708498107289, 26.607280729311093, 26.677639466153465, 26.74816154699128, 26.81884732688816, 26.889697160564786, 26.960711402383456, 27.031890406332487, 27.1032345260104, 27.17474411461005
[3], 23.792233711097847, 23.856197443953786, 23.92031015733311, 23.984572211222936, 24.048983965786515, 24.113545781353483, 24.178258018410105, 24.24312103758929, 24.308135199660555, 24.373300865519823, 24.438618396179134, 24.50408815275617, 24.56971049646373, 24.635485788599002, 24.701414390532737, 24.767496663698324, 24.83373296958067, 24.900123669704985, 24.966669125625444, 25.033369698913674, 25.100225751147157, 25.167237643897433, 25.234405738718255, 25.30173039713349, 25.36921198062499, 25.43685085062026, 25.50464736848, 25.572601895485512, 25.640714792825932, 25.708986421585376, 25.777417142729906, 25.84600731709433, 25.914757305368887, 25.98366746808579, 26.05273816560558, 26.121969758103372, 26.191362605554925, 26.260917067722573, 26.33063350414101, 26.40051227410288, 26.470553736644266, 26.54075825053002, 26.611126174238855, 26.681657865948416, 26.752353683520063, 26.82321398448359, 26.894239126021713, 26.96542946495446, 27.036785357723343, 27.108307160375396
[4], 23.72551805709344, 23.78947549906464, 23.853582240643995, 23.917838644149803, 23.98224507208817, 24.04680188714332, 24.111509452167834, 24.176368130172666, 24.241378284317154, 24.306540277898787, 24.371854474342946, 24.437321237192467, 24.502940930097047, 24.568713916802608, 24.63464056114043, 24.700721227016242, 24.766956278399103, 24.83334607931021, 24.899890993811542, 24.96659138599436, 25.033447619967596, 25.100460059846096, 25.16762906973872, 25.23495501373629, 25.302438255899414, 25.370079160246206, 25.437878090739762, 25.50583541127561, 25.5739514856689, 25.642226677641588, 25.710661350809332, 25.77925586866833, 25.84801059458198, 25.916925891767388, 25.98600212328177, 26.055239652008606, 26.124638840643748, 26.194200051681314, 26.263923647399455, 26.333809989845943, 26.403859440823616, 26.474072361875677, 26.544449114270815, 26.614990058988198, 26.68569555670225, 26.756565967767347, 26.82760165220227, 26.898802969674563, 26.97017027948467, 27.04170394054998
[5], 23.658653465636267, 23.72260425460023, 23.786704662059744, 23.85095505267381, 23.915355791301096, 23.97990724299021, 24.044609772969963, 24.109463746639424, 24.17446952955791, 24.239627487434795, 24.304937986119224, 24.370401391589734, 24.43601806994362, 24.501788387386355, 24.567712710220693, 24.6337914048358, 24.70002483769609, 24.766413375330103, 24.8329573843191, 24.899657231285612, 24.96651328288178, 25.033525905777637, 25.100695466649213, 25.168022332166434, 25.235506868981023, 25.303149443714126, 25.37095042294386, 25.438910173192713, 25.50702906091477, 25.575307452482843, 25.643745714175374, 25.7123442121633, 25.78110331249665, 25.85002338109108, 25.91910478371423, 25.988347885971912, 26.057753053294146, 26.127320650921092, 26.197051043888745, 26.266944597014557, 26.337001674882828, 26.40722264183, 26.477607861929755, 26.548157698977963, 26.618872516477474, 26.68975267762274, 26.760798545284278, 26.83201048199299, 26.903388849924266, 26.97493401088197
[6], 23.591639620169836, 23.65558339167515, 23.7196771003542, 23.78392111321627, 23.848315797482215, 23.912861520574836, 23.97755865010908, 24.042407553882175, 24.107408599863568, 24.17256215618481, 24.23786859112924, 24.30332827312163, 24.368941570717578, 24.434708852592887, 24.500630487532764, 24.56670684442084, 24.632938292228147, 24.699325200001883, 24.765867936854097, 24.83256687195018, 24.899422374497263, 24.96643481373247, 25.03360455891101, 25.100931979294124, 25.16841744413695, 25.236061322676132, 25.303863984117438, 25.37182579762306, 25.439947132298915, 25.508228357181704, 25.57666984122589, 25.645271953290454, 25.714035062125568, 25.782959536359087, 25.852045744482876, 25.921294054839016, 25.99070483560582, 26.060278454783724, 26.13001528018102, 26.199915679399393, 26.269980019819343, 26.34020866858544, 26.410601992591406, 26.481160358465033, 26.551884132552953, 26.622773680905247, 26.693829369259873, 26.76505156302694, 26.836440627272808, 26.90799692670404
[7], 23.524476204356276, 23.58841259161319, 23.65249923450091, 23.716736502388503, 23.781124764868697, 23.84566439174822, 23.910355753038075, 23.975199218943644, 24.04019515985469, 24.105343946335196, 24.170645949113123, 24.236101539070003, 24.3017110872304, 24.36747496475128, 24.433393542911194, 24.499467193099356, 24.56569628680458, 24.63208119560409, 24.69862229115218, 24.76531994516875, 24.83217452942765, 24.89918641574499, 24.966355975967204, 25.033683581959046, 25.101169605591352, 25.168814418728786, 25.23661839321732, 25.30458190087165, 25.37270531346241, 25.440989002703276, 25.50943334023789, 25.57803869762667, 25.646805446333428, 25.71573395771186, 25.78482460299188, 25.854077753265813, 25.923493779474367, 25.993073052392553, 26.062815942615366, 26.132722820543336, 26.20279405636791, 26.27303002005671, 26.343431081338547, 26.41399760968839, 26.48472997431205, 26.555628544130794, 26.626693687765744, 26.697925773522126, 26.769325169373325, 26.84089224294481
[8], 23.457162902088246, 23.52109153595929, 23.58517074368503, 23.649400897003826, 23.713782367889895, 23.77831552854367, 23.84300075138208, 23.907838409028685, 23.972828874303683, 24.037972520213764, 24.1032697199419, 24.16872084683692, 24.23432627440301, 24.300086376289087, 24.36600152627798, 24.432072098275547, 24.498298466299573, 24.564681004468657, 24.6312200869908, 24.69791608815202, 24.764769382304646, 24.83178034385568, 24.89894934725482, 24.96627676698246, 25.033762977537524, 25.101408353425118, 25.169213269144077, 25.237178099174326, 25.305303217964145, 25.373588999917228, 25.442035819379633, 25.510644050626567, 25.579414067848983, 25.648346245140107, 25.717440956481727, 25.786698575730366, 25.85611947660328, 25.92570403266435, 25.995452617309716, 26.065365603753367, 26.13544336501247, 26.205686273892614, 26.27609470297283, 26.346669024590497, 26.417409610826038, 26.48831683348749, 26.5593910640949, 26.63063267386452, 26.70204203369285, 26.773619514140563
[9], 23.389699397501005, 23.453619906491582, 23.517691307315395, 23.581913974089588, 23.64628828117947, 23.71081460318892, 23.775493314950662, 23.840324791516426, 23.905309408146966, 23.97044754030194, 24.03573956362969, 24.101185853956885, 24.166786787277967, 24.232542739744584, 24.298454087654765, 24.364521207442056, 24.43074447566443, 24.49712426899315, 24.56366096420143, 24.630354938152973, 24.697206567790374, 24.764216230123388, 24.831384302217007, 24.898711161179495, 24.966197184150126, 25.033842748286954, 25.10164823075426, 25.16961400871, 25.237740459293, 25.306027959610045, 25.37447688672282, 25.44308761763468, 25.511860529277268, 25.580795998496995, 25.649894402041355, 25.719156116545072, 25.788581518516104, 25.858170984321475, 25.92792489017298, 25.99784361211268, 26.06792752599824, 26.138177007488178, 26.20859243202685, 26.279174174829336, 26.34992261086611, 26.420838114847605, 26.491921061208565, 26.563171824092215, 26.634590777334317, 26.706178294446993
[10], 23.32208537498454, 23.385997385233587, 23.450060605036747, 23.514275410899423, 23.578642179587625, 23.643161288118375, 23.70783311375006, 23.772658033972547, 23.83763642649726, 23.90276866924705, 23.968055140346014, 24.033496218109146, 24.099092281031794, 24.164843707779095, 24.230750877175197, 24.296814168192363, 24.363033959939933, 24.42941063165317, 24.495944562681938, 24.562636132479266, 24.629485720589713, 24.696493706637686, 24.76366047031552, 24.83098639137149, 24.898471849597584, 24.966117224817236, 25.033922896872827, 25.10188924561308, 25.170016650880292, 25.238305492497414, 25.306756150254976, 25.37536900389786, 25.44414443311192, 25.51308281751046, 25.5821845366205, 25.65144996986898, 25.720879496568703, 25.790473495904198, 25.860232346917343, 25.93015642849293, 26.000246119343945, 26.070501797996798, 26.140923842776306, 26.211512631790544, 26.282268542915517, 26.353191953779685, 26.424283241748288, 26.495542783907528, 26.56697095704854, 26.638568137651255
[11], 23.254320519195872, 23.318223654466486, 23.38227831674202, 23.446484884925585, 23.51084373819344, 23.575355255985492, 23.64001981799559, 23.704837804161706, 23.76980959465601, 23.834935569874794, 23.900216110428257, 23.965651597130186, 24.03124241098747, 24.0969889331895, 24.162891545097416, 24.228950628233253, 24.295166564268875, 24.361539735014855, 24.42807052240917, 24.494759308505735, 24.56160647546285, 24.62861240553144, 24.695777481043212, 24.763102084398607, 24.830586598054662, 24.89823140451265, 24.96603688630567, 25.034003425985986, 25.10213140611229, 25.17042120923675, 25.23887321789198, 25.30748781457778, 25.376265381747736, 25.44520630179573, 25.514310957042188, 25.583579729720267, 25.653013001961785, 25.722611155783074, 25.792374573070642, 25.862303635566647, 25.93239872485422, 26.002660222342648, 26.07308850925236, 26.143683966599756, 26.214446975181865, 26.285377915560822, 26.356477168048215, 26.427745112689202, 26.499182129246485, 26.570788597184134
[12], 23.186404515071423, 23.250298396741563, 23.314344122584814, 23.378542073911383, 23.44289263231739, 23.50739617967526, 23.572053098124137, 23.636863770060028, 23.70182857812594, 23.76694790520179, 23.832222134394218, 23.897651649026294, 23.963236832627036, 24.028978068920832, 24.094875741816708, 24.160930235397476, 24.227141933908694, 24.29351122174754, 24.36003848345154, 24.426724103687107, 24.493568467237974, 24.56057195899348, 24.627734963936703, 24.69505786713246, 24.762541053715093, 24.83018490887623, 24.89798981785228, 24.965956165911823, 25.03408433834285, 25.10237472043985, 25.17082769749073, 25.23944365476358, 25.30822297749328, 25.37716605086799, 25.446273260015392, 25.515544989988868, 25.584981625753446, 25.654583552171626, 25.724351153989016, 25.794284815819825, 25.864384922132164, 25.93465185723321, 26.005086005254174, 26.075687750135128, 26.14645747560961, 26.21739556518913, 26.288502402147483, 26.359778369504795, 26.43122385001156, 26.50283922613235
[13], 23.118337047839578, 23.18222129489276, 23.246257702991926, 23.310446655863824, 23.374788537533917, 23.439283732316852, 23.503932624806822, 23.568735599867825, 23.633693042623737, 23.698805338448278, 23.764072872954863, 23.829496031986302, 23.895075201604318, 23.96081076807904, 24.02670311787825, 24.09275263765652, 24.15895971424427, 24.225324734636565, 24.291848085981908, 24.358530155570783, 24.425371330824085, 24.492371999281424, 24.559532548589278, 24.626853366488962, 24.694334840804494, 24.761977359430272, 24.82978131031864, 24.897747081467262, 24.965875060906356, 25.034165636685778, 25.10261919686198, 25.171236129484733, 25.240016822583762, 25.308961664155177, 25.378071042147806, 25.44734534444929, 25.51678495887203, 25.586390273139063, 25.656161674869626, 25.72609955156465, 25.796204290592087, 25.866476279172, 25.936915904361594, 26.007523553039956, 26.078299611892678, 26.14924446739636, 26.220358505802835, 26.291642113123302, 26.363095675112227, 26.43471957725112
[14], 23.050117803033306, 23.11399203204932, 23.178018738676087, 23.24219830906627, 23.306531129684203, 23.37101758729636, 23.43565806896179, 23.500452962022358, 23.565402654092846, 23.630507533050952, 23.695767987027164, 23.76118440439445, 23.826757173757844, 23.892486683943908, 23.958373323990017, 24.024417483133544, 24.090619550800852, 24.156979916596203, 24.22349897029049, 24.290177101809814, 24.357014701223957, 24.424012158734666, 24.491169864663796, 24.558488209441357, 24.6259675835933, 24.693608377729284, 24.761410982530187, 24.829375788735504, 24.89750318713061, 24.965793568533822, 25.034247323783344, 25.10286484372402, 25.17164651919395, 25.24059274101095, 25.30970389995883, 25.378980386773527, 25.448422592129038, 25.518030906623263, 25.5878057207636, 25.657747424952426, 25.72785640947237, 25.79813306447144, 25.868577779948012, 25.939190945735575, 26.009972951487335, 26.08092418666068, 26.152045040501417, 26.22333590202785, 26.294797160014703, 26.36642920297682
[15], 22.981746466502983, 23.045610291648625, 23.109626910648775, 23.173796712091345, 23.23812008488902, 23.302597418269738, 23.367229101767126, 23.432015525210797, 23.49695707871647, 23.562054152675945, 23.627307137747074, 23.69271642484341, 23.75828240512384, 23.824005469982065, 23.88988601103589, 23.95592442011644, 24.022121089257176, 24.088476410682787, 24.15499077679798, 24.221664580176032, 24.2884982135473, 24.3554920697875, 24.422646541905902, 24.489962023033314, 24.557438906409953, 24.62507758537316, 24.692878453344957, 24.760841903819454, 24.828968330350087, 24.897258126536677, 24.96571168601244, 25.034329402430675, 25.103111669451415, 25.172058880727874, 25.24117142989274, 25.310449710544265, 25.379894116232258, 25.449505040443853, 25.519282876589152, 25.589228017986667, 25.65934085784858, 25.729621789265902, 25.800071205193408, 25.870689498434363, 25.941477061625157, 26.01243428721971, 26.083561567473712, 26.154859294428682, 26.226327859895854, 26.297967655439898
[16], 22.913222724429232, 22.977075757449125, 23.041081900233163, 23.10524154381387, 23.169555079561746, 23.234022899175766, 23.298645394673873, 23.36342295838328, 23.428355982930604, 23.49344486123192, 23.558689986482676, 23.624091752147404, 23.6896505519494, 23.755366779860164, 23.821240830088765, 23.887273097071034, 23.953463975458618, 24.019813860107906, 24.086323146068786, 24.152992228573268, 24.219821503023965, 24.286811364982405, 24.353962210157242, 24.421274434392235, 24.48874843365414, 24.55638460402045, 24.62418334166692, 24.69214504285502, 24.760270103919144, 24.82855892125373, 24.89701189130019, 24.965629410533687, 25.034411875449738, 25.10335968255067, 25.172473228331913, 25.2417529092681, 25.311199121799035, 25.380812262315487, 25.450592727144787, 25.520540912536298, 25.59065721464667, 25.660942029524954, 25.731395753097537, 25.802018781152906, 25.87281150932619, 25.943774333083603, 26.014907647706657, 26.086211848276207, 26.1576873296563, 26.22933448647789
[17], 22.844546263336017, 22.908388113543346, 22.9723833890772, 23.036532483424008, 23.10083579042149, 23.16529370424924, 23.22990661941923, 23.29467493076608, 23.359599033437306, 23.424679322883325, 23.48991619484742, 23.555310045355515, 23.620861270705795, 23.686570267458233, 23.75243743242395, 23.818463162654435, 23.884647855430615, 23.950991908251794, 24.017495718824428, 24.08415968505078, 24.150984205017394, 24.217969676983447, 24.285116499368932, 24.352425070742694, 24.419895789810326, 24.48752905540187, 24.555325266459434, 24.623284822024576, 24.691408121225574, 24.759695563264533, 24.828147547404296, 24.896764472955283, 24.96554673926203, 25.0344947456897, 25.103608891610342, 25.17288957638901, 25.24233719936973, 25.311952159861274, 25.38173485712277, 25.45168569034914, 25.5218050586564, 25.59209336106672, 25.66255099649334, 25.733178363725376, 25.803975861412304, 25.87494388804842, 25.946082841956994, 26.017393121274345, 26.08887512393366, 26.160529247648675
[18], 22.775716770103763, 22.839547044371145, 22.90353105916684, 22.967669210440448, 23.031961894506342, 23.096409508034267, 23.161012448039862, 23.225771111875005, 23.29068589721802, 23.35575720206375, 23.420985424713557, 23.48637096376507, 23.551914218101878, 23.617615586883076, 23.683475469532606, 23.74949426572854, 23.81567237539214, 23.882010198676852, 23.948508135957066, 24.015166587816797, 24.081985955038192, 24.14896663858987, 24.21610903961513, 24.283413559420033, 24.35088059946126, 24.418510561333843, 24.486303846758815, 24.55426085757058, 24.622381995704178, 24.690667663182438, 24.759118262102888, 24.82773419462455, 24.896515862954555, 24.965463669334596, 25.034578016027233, 25.10385930530199, 25.17330793942133, 25.24292432062641, 25.31270885112271, 25.382661933065464, 25.452783968544935, 25.523075359571475, 25.59353650806048, 25.664167815817088, 25.73496968452075, 25.80594251570961, 25.877086710764697, 25.948402670893945, 26.019890797116002, 26.091551490243912
[19], 22.70673393198264, 22.77055223473297, 22.83452459283937, 22.89865140472385, 22.962933069186807, 23.02736998539766, 23.091962552885374, 23.15671117152883, 23.221616241547096, 23.2866781634895, 23.351897338225648, 23.417274166935247, 23.48280905109774, 23.548502392481947, 23.614354593135406, 23.680366055373668, 23.7465371817694, 23.812868375141353, 23.87936003854322, 23.94601257525225, 24.01282638875783, 24.079801882749823, 24.146939461106808, 24.214239527884136, 24.281702487301818, 24.34932874373234, 24.417118701688203, 24.48507276580937, 24.55319134085058, 24.62147483166842, 24.6899236432083, 24.758538180491243, 24.82731884860052, 24.896266052668068, 24.96538019786083, 25.034661689366867, 25.104110932381253, 25.17372833209196, 25.243514293665374, 25.313469222231774, 25.38359352287057, 25.453887600595408, 25.524351860339074, 25.594986706938194, 25.665792545117807, 25.736769779475722, 25.8079188144667, 25.879240054386464, 25.950733903355477, 26.022400765302628
[20], 22.637597436606008, 22.70140336980334, 22.76536367279688, 22.829478746490274, 22.893748992179304, 22.95817481154253, 23.022756606631845, 23.0874947798629, 23.152389734005403, 23.217441872173183, 23.28265159781428, 23.348019314700736, 23.413545426918347, 23.47923033885623, 23.545074455196257, 23.61107818090235, 23.677241921209582, 23.743566081613228, 23.810051067857554, 23.87669728592457, 23.94350514202251, 24.01047504257426, 24.0776073942056, 24.14490260373328, 24.212361078152895, 24.27998322462675, 24.3477694504714, 24.415720163145114, 24.48383577023516, 24.552116679444957, 24.620563298581015, 24.689176035539738, 24.75795529829404, 24.82690149487984, 24.896015033382348, 24.965296321922175, 25.034745768641283, 25.104363781688797, 25.174150769206587, 25.24410713931472, 25.31423330009668, 25.384529659584505, 25.454996625743618, 25.52563460645761, 25.59644400951273, 25.667425242582276, 25.73857871321073, 25.809904828797798, 25.881403996582137, 25.953076623625027
[21], 22.56830697200393, 22.63210013514439, 22.69604798211988, 22.760150916324875, 22.82440934155984, 22.888823662021927, 22.953394282295566, 23.018121607342902, 23.083006042494116, 23.14804799343756, 23.213247866209834, 23.278606067185624, 23.34412300306747, 23.40979908087538, 23.475634707936262, 23.54163029187325, 23.60778624059486, 23.67410296228402, 23.74058086538692, 23.807220358601732, 23.87402185086718, 23.940985751350933, 24.008112469437883, 24.07540241471824, 24.142855996975445, 24.210473626173993, 24.27825571244704, 24.34620266608387, 24.414314897517176, 24.482592817310227, 24.55103683614383, 24.61964736480314, 24.68842481416427, 24.75736959518082, 24.826482118870118, 24.89576279629939, 24.965212038571693, 25.034830256811716, 25.104617862151372, 25.174575265715248, 25.244702878605846, 25.31500111188866, 25.385470376577068, 25.456111083617067, 25.52692364387177, 25.59790846810578, 25.66906596696933, 25.740396550982286, 25.811900630517904, 25.88357861578644
[22], 22.498862226616865, 22.562642216719603, 22.626577204281034, 22.690667595195624, 22.754913795777806, 22.81931621275273, 22.883875253246934, 22.94859132477874, 23.01346483524864, 23.078496192929478, 23.143685806456524, 23.209034084817368, 23.274541437341696, 23.34020827369093, 23.406035003847723, 23.472022038105262, 23.53816978705648, 23.604478661583087, 23.670949072844476, 23.737581432266442, 23.804376151529755, 23.871333642558636, 23.938454317508985, 24.005738588756536, 24.07318686888477, 24.140799570672765, 24.208577107082817, 24.276519891247915, 24.344628336459035, 24.41290285615234, 24.481343863896114, 24.54995177337763, 24.61872699838973, 24.68766995281737, 24.756781050623896, 24.82606070583719, 24.8955093325356, 24.965127344833785, 25.034915156868262, 25.1048731827829, 25.175001836714113, 25.24530153277599, 25.315772685045125, 25.386415707545407, 25.457231014232452, 25.52821901897801, 25.599380135554096, 25.67071477761696, 25.742223358690833, 25.813906292151554
[23], 22.429262889309467, 22.493029300907633, 22.55695102315905, 22.62102846446725, 22.685262033669904, 22.749652140029575, 22.814199193224397, 22.878903603338543, 22.943765780852623, 23.008786136633923, 23.073965081926445, 23.139303028340915, 23.204800387844546, 23.270457572750697, 23.336274995708404, 23.40225306969173, 23.468392207988984, 23.53469282419178, 23.601155332183964, 23.667780146130358, 23.734567680465386, 23.801518349881505, 23.868632569317526, 23.93591075394674, 24.00335331916487, 24.070960680577937, 24.1387332539899, 24.206671455390126, 24.274775700940747, 24.343046406963804, 24.411483989928282, 24.48008886643688, 24.548861453212712, 24.617802167085795, 24.68691142497934, 24.75618964389591, 24.825637240903394, 24.89525463312077, 24.965042237703766, 25.03500047183025, 25.105129752685496, 25.175430497447262, 25.245903123270693, 25.316548047273002, 25.387365686518002, 25.458356458000427, 25.529520778630104, 25.60085906521589, 25.672371734449417, 25.744059202888703
[24], 22.35950864938452, 22.42326107451629, 22.487169123052627, 22.551233205915242, 22.615453734474244, 22.67983112053896, 22.74436577634861, 22.809058114562852, 22.8739085482522, 22.93891749088825, 23.00408535633384, 23.069412558833005, 23.134899513000818, 23.20054663381308, 23.266354336595846, 23.33232303701483, 23.398453151064654, 23.464745095057918, 23.531199285614168, 23.597816139648657, 23.664596074360976, 23.73153950722356, 23.798646855969963, 23.86591853858307, 23.93335497328302, 24.000956578515133, 24.068723772937513, 24.1366569754086, 24.2047566049745, 24.273023080856163, 24.341456822436392, 24.410058249246713, 24.478827780953992, 24.54776583734699, 24.616872838322646, 24.68614920387225, 24.755595354067406, 24.82521170904585, 24.89499868899703, 24.964956714147593, 25.035086204746584, 25.10538758105056, 25.175861263308484, 25.246507671746404, 25.317327226551964, 25.38832034785877, 25.45948745573048, 25.530828970144807, 25.602345310977203, 25.6740368979845
[25], 22.28959919659701, 22.35333722479663, 22.417231188694668, 22.48128150174005, 22.545488577844523, 22.609852831373477, 22.674374677136697, 22.739054530378915, 22.803892806770264, 22.86888992239657, 22.934046293749496, 22.999362337716565, 23.064838471571026, 23.130475112961566, 23.196272679901874, 23.26223159076009, 23.328352264248036, 23.394635119410367, 23.461080575613536, 23.52768905253459, 23.594460970149836, 23.661396748723337, 23.728496808795267, 23.79576157117007, 23.863191456904485, 23.930786887295444, 23.9985482838677, 24.066476068361407, 24.13457066271947, 24.202832489074726, 24.271261969736983, 24.339859527179893, 24.40862558402759, 24.477560563041248, 24.546664887105383, 24.615938979214043, 24.685383262456764, 24.75499816000438, 24.82478409509466, 24.89474149101775, 24.964870771101406, 25.0351723586961, 25.105646677159893, 25.17629414984315, 25.24711520007304, 25.318110251137867, 25.389279726271212, 25.460624048635857, 25.532143641307545, 25.603838927258526
[26], 22.219534221168317, 22.283257439457195, 22.347136905266503, 22.411173034581395, 22.475366243864386, 22.53971695004623, 22.604225570516693, 22.66889252311514, 22.73371822612103, 22.798703098244253, 22.8638475586153, 22.92915202677532, 22.994616922666005, 23.060242666619363, 23.126029679347305, 23.191978381931094, 23.25808919581067, 23.32436254277376, 23.390798844944907, 23.457398524774305, 23.52416200502646, 23.59108970876875, 23.658182059359753, 23.72543948043748, 23.792862395907402, 23.86045122993036, 23.928206406910228, 23.99612835148153, 24.064217488496748, 24.132474243013593, 24.200899040282025, 24.26949230573113, 24.338254464955796, 24.407185943703286, 24.476287167859535, 24.54555856343535, 24.615000556552385, 24.684613573428983, 24.75439804036577, 24.824354383731134, 24.894483029946468, 24.964784405471264, 25.03525893678798, 25.1059070503868, 25.17672917275006, 25.24772573033667, 25.318897149566148, 25.390243856802634, 25.461766278338583, 25.533464840378326
[27], 22.149313413800567, 22.21302140667839, 22.27688595841231, 22.340907487532682, 22.405086413061895, 22.469423154505314, 22.53391813184205, 22.59857176551565, 22.66338447642457, 22.728356685912562, 22.793488815758902, 22.858781288168455, 22.924234525761626, 22.989848951564138, 23.055624988996655, 23.12156306186429, 23.187663594345917, 23.25392701098336, 23.320353736670416, 23.386944196641736, 23.4536988164615, 23.520618022012023, 23.58770223948209, 23.654951895355246, 23.7223674163978, 23.789949229646798, 23.857697762397677, 23.92561344219194, 23.99369669680444, 24.061947954230735, 24.130367642674038, 24.198956190532186, 24.267714026384308, 24.33664157897738, 24.405739277212597, 24.475007550131537, 24.544446826902167, 24.614057536804687, 24.683840109217147, 24.753794973600908, 24.82392255948591, 24.894223296455777, 24.96469761413268, 25.035345942162085, 25.106168710197196, 25.17716634788336, 25.248339284842135, 25.31968795065526, 25.391212774848366, 25.46291418687451
[28], 22.078936465691076, 22.142628815126994, 22.20647803425368, 22.270484544155625, 22.334648766424163, 22.39897112314847, 22.463452036906382, 22.528091930755068, 22.59289122822163, 22.657850353293462, 22.722969730408547, 22.78824978444553, 22.853690940713747, 22.91929362494298, 22.985058263273196, 23.050985282243992, 23.11707510878402, 23.18332817020016, 23.249744894166604, 23.316325708713734, 23.383071042216876, 23.44998132338487, 23.51705698124849, 23.584298445148736, 23.65170614472485, 23.719280509902337, 23.787021970880662, 23.854930958120868, 23.923007902332984, 23.991253234463297, 24.059667385681433, 24.128250787367254, 24.19700387109757, 24.265927068632738, 24.335020811903014, 24.404285532994738, 24.473721664136377, 24.543329637684344, 24.613109886108653, 24.683062841978373, 24.753188937946916, 24.823488606737136, 24.893962281126203, 24.964610393930343, 25.03543337798932, 25.106431666150797, 25.177605691254435, 25.248955886115834, 25.32048268351024, 25.392186516156137
[29], 22.00840306854698, 22.072079353970786, 22.13591281940427, 22.199903888494937, 22.264052985412118, 22.32836053483793, 22.39282696195824, 22.457452692453334, 22.522238152488512, 22.587183768704573, 22.652289968208052, 22.717557178561457, 22.782985827773196, 22.84857634428747, 22.91432915697399, 22.98024469511751, 23.04632338840722, 23.112565666926024, 23.17897196113959, 23.245542701885313, 23.312278320361052, 23.37917924811378, 23.446245917027994, 23.51347875931404, 23.580878207496195, 23.64844469440065, 23.716178653143274, 23.78408051711726, 23.852150719980536, 23.92038969564308, 23.98879787825398, 24.057375702188406, 24.126123602034298, 24.195042012579016, 24.264131368795663, 24.333392105829354, 24.4028246589832, 24.472429463704184, 24.54220695556881, 24.61215757026859, 24.68228174359531, 24.75257991142615, 24.823052509708578, 24.893699974445074, 24.964522741677616, 25.035521247472072, 25.106695927902255, 25.17804721903391, 25.249575556908386, 25.32128137752623
[30], 21.937712914599942, 22.001372712893343, 22.06519000098465, 22.129165205093237, 22.193298751975377, 22.257591068915303, 22.322042583716172, 22.386653724690756, 22.45142492065216, 22.516356600904235, 22.581449195231983, 22.64670313389169, 22.712118847601026, 22.777696767528894, 22.8434373252852, 22.90934095291045, 22.97540808286514, 23.041639148019087, 23.10803458164052, 23.17459481738506, 23.241320289284516, 23.308211431735515, 23.375268679488002, 23.442492467633564, 23.509883231593534, 23.57744140710701, 23.645167430218663, 23.713061737266372, 23.781124764868697, 23.84935694991219, 23.91775872953849, 23.986330541131313, 24.055072822303174, 24.123986010882017, 24.19307054489762, 24.2623268625678, 24.331755402284475, 24.401356602599552, 24.471130902210536, 24.541078739946105, 24.611200554751306, 24.681496785672753, 24.751967871843487, 24.822614252467723, 24.893436366805346, 24.96443465415628, 25.03560955384457, 25.10696150520236, 25.1784909475536, 25.250198320197548
[31], 21.866865696621048, 21.930508582108956, 21.99430926663725, 22.058268179005978, 22.122385748567318, 22.1866624052167, 22.251098579383758, 22.315694702023176, 22.380451204605322, 22.445368519106797, 22.510447078000837, 22.575687314247514, 22.64108966128382, 22.706654553013642, 22.772382423797488, 22.838273708442163, 22.904328842190207, 22.97054826070923, 23.036932400081042, 23.10348169679071, 23.170196587715314, 23.237077510112695, 23.304124901609917, 23.371339200191642, 23.438720844188296, 23.506270272264064, 23.573987923404772, 23.64187423690553, 23.709929652358216, 23.77815460963883, 23.84654954889463, 23.91511491053109, 23.983851135198716, 24.052758663779628, 24.121837937374018, 24.1910893972864, 24.260513485011643, 24.330110642220856, 24.39988131074711, 24.469825932570902, 24.53994494980547, 24.610238804681938, 24.680707939534194, 24.751352796783664, 24.822173818923805, 24.893171448504464, 24.96434612811602, 25.03569830037327, 25.107228407899207, 25.178936893308528
[32], 21.79586110793582, 21.85948665237765, 21.923270304541447, 21.987212495816657, 22.05131365816026, 22.11557422408792, 22.179994626664946, 22.24457529949724, 22.309316676721917, 22.374219192997945, 22.439283283496557, 22.50450938389151, 22.569897930349224, 22.63544935951874, 22.701164108521578, 22.767042614941367, 22.833085316813342, 22.899292652613774, 22.965665061249073, 23.032202982044872, 23.09890685473489, 23.165777119449633, 23.232814216704963, 23.300018587390433, 23.367390672757537, 23.434930914407737, 23.502639754280313, 23.57051763464011, 23.638564998065018, 23.706782287433334, 23.775169945910942, 23.843728416938315, 23.912458144217304, 23.981359571697805, 24.05043314356417, 24.119679304221535, 24.18909849828182, 24.2586911705497, 24.32845776600827, 24.398398729804565, 24.46851450723488, 24.53880554372992, 24.6092722848397, 24.679915176218334, 24.750734663608494, 24.821731192825855, 24.892905209743137, 24.964257160274112, 25.035787490357283, 25.10749664593944
[33], 21.724698842439313, 21.788306615020435, 21.852072803428815, 21.915997841652047, 21.98008216426077, 22.04432620639984, 22.10873040377943, 22.17329519266588, 22.238021009872533, 22.302908292750267, 22.367957479178052, 22.433169007553197, 22.498543316781557, 22.564080846267547, 22.629782035903997, 22.695647326061856, 22.761677157579733, 22.82787197175332, 22.89423221032461, 22.960758315470947, 23.02745072979395, 23.094309896308282, 23.161336258430183, 23.22853025996592, 23.295892345100004, 23.36342295838328, 23.431122544720818, 23.49899154935966, 23.567030417876346, 23.635239596164304, 23.703619530421065, 23.77217066713526, 23.840893453073473, 23.909788335266896, 23.978855760997806, 24.04809617778585, 24.117510033374142, 24.187097775715188, 24.25685985295659, 24.32679671342661, 24.39690880561946, 24.467196578180502, 24.53766047989114, 24.608300959653608, 24.679118466475508, 24.75011344945415, 24.821286357760698, 24.892637640624134, 24.964167747314967, 25.035877127128757
[34], 21.65337859461148, 21.716968161934577, 21.78071645259851, 21.84462390319767, 21.90869095092515, 21.972918033563968, 22.037305589478205, 22.101854057603944, 22.16656387744007, 22.23143548903895, 22.29646933299694, 22.36166585044476, 22.427025483037674, 22.492548672945595, 22.558235862842967, 22.624087495898507, 22.6901040157648, 22.756285866567747, 22.82263349289582, 22.88914733978919, 22.955827852728635, 23.022675477624365, 23.08969066080462, 23.156873849004118, 23.224225489352314, 23.291746029361555, 23.35943591691495, 23.427295600254187, 23.49532552796708, 23.563526148975, 23.63189791252008, 23.7004412681523, 23.769156665716288, 23.83804455533808, 23.90710538741157, 23.97633961258483, 24.045747681746242, 24.115330046010428, 24.18508715670397, 24.255019465351012, 24.325127423658543, 24.395411483501626, 24.465872096908313, 24.536509716044428, 24.607324793198107, 24.678317780764175, 24.74948913122831, 24.820839297150954, 24.892368731151084, 24.964077885889743
[35], 21.581900059532515, 21.645470985609105, 21.709200941932767, 21.77309036771331, 21.837139702775033, 21.90134938754801, 21.965719863059295, 22.03025157092387, 22.094944953335524, 22.159800453057585, 22.224818513413442, 22.28999957827699, 22.355344092062868, 22.420852499716577, 22.486525246704417, 22.55236277900329, 22.618365543090313, 22.684533985932333, 22.750868554975195, 22.817369698132932, 22.88403786377671, 22.95087350072368, 23.017877058225622, 23.085048985957425, 23.152389734005396, 23.21989975285543, 23.28757949338093, 23.355429406830655, 23.423449944816266, 23.491641559299843, 23.560004702581097, 23.62853982728446, 23.697247386345946, 23.76612783299993, 23.83518162076561, 23.90440920343337, 23.97381103505091, 24.043387569909225, 24.11313926252835, 24.18306656764292, 24.25316994018758, 24.323449835282112, 24.393906708216463, 24.464541014435465, 24.53535320952345, 24.606343749188614, 24.67751308924717, 24.748861685607302, 24.82038999425292, 24.892098471227207
[36], 21.510262932898463, 21.573814779140402, 21.63752596191257, 21.701396923048744, 21.76542810501314, 21.829619950891747, 21.893972904383567, 21.958487409791626, 22.02316391201393, 22.08800285653417, 22.15300468941238, 22.218169857275377, 22.283498807307044, 22.34899198723853, 22.414649845338214, 22.480472830401535, 22.546461391740674, 22.6126159791741, 22.6789370430159, 22.745425034064965, 22.81208040359403, 22.878903603338543, 22.945895085485333, 23.013055302661158, 23.080384707921024, 23.1478837547364, 23.2155528969832, 23.28339258892962, 23.351403285223757, 23.419585440881136, 23.487939511271954, 23.556465952108205, 23.625165219430592, 23.69403776959529, 23.763084059260475, 23.832304545372683, 23.901699685152987, 23.971269936082994, 24.041015755890605, 24.110937602535618, 24.1810359341951, 24.251311209248616, 24.321763886263202, 24.39239442397816, 24.46320328128963, 24.534190917235, 24.60535779097708, 24.676704361788037, 24.748231089033187, 24.81993843215452
[37], 21.43846691103688, 21.501999236247958, 21.56569120363344, 21.629543257659595, 21.693555843439196, 21.75772940672295, 21.82206439389075, 21.886561251942776, 21.95122042849045, 22.016042371747254, 22.081027530519393, 22.146176354196285, 22.21148929274094, 22.276966796680146, 22.342609317094503, 22.408417305608328, 22.474391214379352, 22.540531496088306, 22.606838603928313, 22.67331299159411, 22.73995511327114, 22.806765423624448, 22.873744377787396, 22.94089243135025, 23.008210040348544, 23.07569766125133, 23.143355750949183, 23.211184766742093, 23.27918516632713, 23.347357407785957, 23.415701949572163, 23.484219250498388, 23.552909769723264, 23.62177396673823, 23.690812301354065, 23.760025233687305, 23.82941322414641, 23.89897673341781, 23.968716222451686, 24.038632152447583, 24.108724984839835, 24.17899518128277, 24.249443203635725, 24.320069513947878, 24.390874574442805, 24.46185884750292, 24.533022795653633, 24.604366881547364, 24.675891567947275, 24.747597317710845
[38], 21.36651169092272, 21.430024051290275, 21.49369635882141, 21.55752906062332, 21.621522604465962, 21.68567743877349, 21.74999401261559, 21.814472775698626, 21.879114178356634, 21.943918671542217, 22.008886706817247, 22.074018736343405, 22.139315212872603, 22.204776589737225, 22.270403320840245, 22.3361958606451, 22.402154664165508, 22.468280186955074, 22.53457288509672, 22.60103321519196, 22.667661634350043, 22.73445860017687, 22.801424570763775, 22.868560004676155, 22.93586536094184, 23.00334109903943, 23.070987678886297, 23.13880556082655, 23.2067952056187, 23.274957074423252, 23.34329162879004, 23.411799330645376, 23.480480642279087, 23.549336026331265, 23.61836594577893, 23.687570863922396, 23.756951244371518, 23.82650755103173, 23.89624024808989, 23.966149799999872, 24.036236671468057, 24.106501327438533, 24.17694423307814, 24.2475658537613, 24.318366655054643, 24.3893471027014, 24.460507662605643, 24.531848800816245, 24.60337098351066, 24.675074676978518
[39], 21.294396970194263, 21.357888919280885, 21.421541119849067, 21.485354021655354, 21.54932807513543, 21.61346373139558, 21.67776144220413, 21.742221659982597, 21.806844837796792, 21.87163142934772, 21.936581888962344, 22.00169667158423, 22.066976232763924, 22.132421028649347, 22.19803151597586, 22.2638081520563, 22.32975139477073, 22.395861702556203, 22.462139534396147, 22.528585349809752, 22.595199608841114, 22.661982772048223, 22.72893530049178, 22.796057655723867, 22.86335029977638, 22.930813695149368, 22.99844830479911, 23.066254592126096, 23.134233020962768, 23.202384055561083, 23.270708160579943, 23.33920580107239, 23.407877442472582, 23.47672355058271, 23.545744591559586, 23.614941031901086, 23.684313338432425, 23.75386197829222, 23.823587418918343, 23.89349012803359, 23.963570573631127, 24.03382922395977, 24.104266547509035, 24.17488301299399, 24.245679089339866, 24.316655245666546, 24.387811951272734, 24.45914967562, 24.530668888316526, 24.602370059100746
[40], 21.222122447169262, 21.28559353590451, 21.349225179751805, 21.413017831125394, 21.476971943135148, 21.54108796957815, 21.605366364930127, 21.66980758433671, 21.734412083604543, 21.799180319192274, 21.864112748201375, 21.92920982836679, 21.994472018047446, 22.05989977621661, 22.125493562452107, 22.191253836926304, 22.257181060396004, 22.323275694192162, 22.389538200209408, 22.455969040895443, 22.522568679240226, 22.589337578765015, 22.65627620351123, 22.723385018029177, 22.790664487366502, 22.85811507705659, 22.92573725310668, 22.9935314819859, 23.06149823061301, 23.129637966344056, 23.197951156959803, 23.266438270652966, 23.335099776015255, 23.40393614202428, 23.472947838030183, 23.542135333742173, 23.61149909921476, 23.681039604833877, 23.750757321302753, 23.820652719627628, 23.89072627110321, 23.96097844729798, 24.031409720039285, 24.102020561398188, 24.17281144367411, 24.24378283937933, 24.314935221223205, 24.386269062096197, 24.45778483505364, 24.529483013299412
[41], 21.14968782086119, 21.2131375975334, 21.276748232244202, 21.3405201800738, 21.404453896814715, 21.468549838963394, 21.5328084637117, 21.597230228938233, 21.66181559319953, 21.726565015721057, 21.791478956388097, 21.856557875736502, 21.921802234943204, 21.987212495816657, 22.052789120787068, 22.118532572896505, 22.18444331578877, 22.2505218136992, 22.31676853144426, 22.38318393441094, 22.449768488546024, 22.516522660345178, 22.583446916841865, 22.650541725596064, 22.717807554682842, 22.78524487268077, 22.852854148660064, 22.920635852170683, 22.98859045323009, 23.056718422310993, 23.12502023032877, 23.193496348628738, 23.262147248973292, 23.33097340352879, 23.399975284852257, 23.469153365877908, 23.53850811990346, 23.608040020576265, 23.67774954187925, 23.747637158116582, 23.817703343899232, 23.887948574130284, 23.958373323990017, 24.028978068920832, 24.099763284611885, 24.17072944698364, 24.24187703217206, 24.31320651651268, 24.38471837652442, 24.456413088893203
[42], 21.077092790995643, 21.140520801243806, 21.204109971736532, 21.26786076022822, 21.331773625202427, 21.395849025863473, 21.460087422128026, 21.524489274616506, 21.589055044644272, 21.65378519421274, 21.71868018600032, 21.783740483353174, 21.84896655027584, 21.914358851421714, 21.979917852083318, 22.045644018182465, 22.111537816260213, 22.177599713466712, 22.2438301775508, 22.310229676849524, 22.376798680277396, 22.443537657315588, 22.510447078000837, 22.57752741291428, 22.644779133170005, 22.712202710403538, 22.779798616760075, 22.847567324882544, 22.915509307899477, 22.983625039412743, 23.051914993485045, 23.12037964462725, 23.18901946778551, 23.25783493832821, 23.326826532032737, 23.39599472507201, 23.465339994000832, 23.53486281574205, 23.604563667572535, 23.674443027108907, 23.744501372293076, 23.8147391813776, 23.885156932910817, 23.95575510572177, 24.026534178904907, 24.097494631804565, 24.16863694399929, 24.23996159528588, 24.311469065663214, 24.383159835315908
[43], 21.004337058026902, 21.067742844832544, 21.131310093351402, 21.195039264020274, 21.258930818022023, 21.322985217277328, 21.387202924436274, 21.451584402869837, 21.51613011666114, 21.580840530596614, 21.645716110157, 21.710757321508172, 21.775964631491807, 21.841338507615923, 21.906879418045236, 21.972587831591333, 22.038464217702714, 22.10450904645467, 22.170722788538974, 22.237105915253395, 22.303658898491054, 22.370382210729666, 22.437276325020466, 22.504341714977112, 22.571578854764294, 22.638988219086272, 22.706570283175108, 22.774325522778827, 22.84225441414933, 22.910357434030146, 22.97863505964398, 23.047087768680086, 23.11571603928144, 23.184520350031733, 23.253501179942138, 23.322659008437913, 23.3919943153448, 23.4615075808752, 23.531199285614168, 23.601069910505217, 23.671119936835854, 23.741349846223006, 23.811760120598123, 23.882351242192197, 23.953123693520432, 24.024077957366796, 24.095214516768355, 24.1665338549993, 24.238036455554855, 24.309722802134914
[44], 20.93142032315459, 20.994803426833766, 21.05834829294062, 21.12205538460243, 21.185925165709644, 21.249958100907676, 21.314154655588606, 21.378515295882657, 21.44304048864956, 21.507730701469775, 21.572586402635544, 21.63760806114176, 21.702796146676736, 21.76815112961276, 21.83367348099653, 21.899363672539373, 21.965222176607387, 22.031249466211296, 22.09744601499626, 22.163812297231434, 22.230348787799375, 22.29705596218529, 22.363934296466095, 22.43098426729932, 22.49820635191178, 22.56560102808814, 22.633168774159234, 22.700910068990268, 22.768825391968747, 22.836915222992296, 22.90518004245627, 22.97362033124113, 23.042236570699696, 23.111029242644165, 23.17999882933291, 23.249145813457158, 23.318470678127373, 23.38797390685952, 23.45765598356107, 23.527517392516838, 23.597558618374563, 23.667780146130358, 23.738182461113865, 23.808766048973265, 23.879531395659995, 23.95047898741338, 24.021609310744868, 24.09292285242222, 24.164420099453345, 24.236101539070003
[45], 20.85834228834051, 20.92170224653584, 20.985224267102073, 21.048908815865012, 21.112756359430875, 21.17676736517817, 21.24094230124941, 21.305281636542738, 21.369785840703294, 21.4344553841145, 21.499290737889197, 21.56429237386059, 21.629460764573018, 21.694796383272635, 21.760299703897864, 21.825971201069706, 21.89181135008189, 21.95782062689086, 22.02399950810557, 22.09034847097715, 22.156867993388335, 22.22355855384279, 22.290420631454204, 22.357454705935275, 22.4246612575864, 22.492040767284323, 22.55959371647049, 22.627320587139288, 22.695221861826045, 22.763298023594885, 22.831549556026392, 22.89997694320503, 22.968580669706427, 23.03736122058445, 23.106319081358066, 23.175454737998017, 23.24476867691327, 23.31426138493733, 23.38393334931425, 23.453785057684552, 23.523816998070792, 23.59402965886309, 23.664423528804274, 23.73499909697496, 23.80575685277829, 23.876697285924564, 23.947820886415556, 24.01912814452867, 24.090619550800852, 24.162295596012278
[46], 20.785102656325645, 20.848439003998415, 20.9119377131969, 20.9755992524534, 21.039424091098027, 21.10341269925063, 21.16756554781264, 21.23188310845865, 21.29636585362794, 21.361014256515798, 21.425828791064706, 21.490809931955354, 21.555958154597498, 21.621273935120676, 21.686757750364716, 21.752410077870152, 21.818231395868374, 21.884222183271717, 21.95038291966331, 22.016714085286758, 22.083216161035708, 22.149889628443148, 22.216734969670625, 22.283752667497225, 22.350943205308344, 22.41830706708442, 22.48584473738928, 22.55355670135848, 22.62144344468733, 22.689505453618803, 22.757743214931253, 22.82615721592588, 22.894747944414053, 22.963515888704453, 23.03246153758995, 23.10158538033433, 23.17088790665881, 23.24036960672835, 23.310030971137753, 23.37987249089758, 23.449894657419772, 23.520097962503225, 23.590482898318957, 23.6610499573952, 23.73179963260224, 23.802732417136983, 23.873848804507386, 23.945149288516596, 24.016634363246908, 24.088304523043448
[47], 20.711701130647217, 20.77501340006956, 20.838488329366687, 20.90212638978529, 20.965928053387447, 21.029893793042568, 21.094024082419324, 21.15831939597729, 21.22278020895856, 21.28740699737909, 21.35220023801999, 21.417160408418585, 21.482287986859337, 21.54758345236463, 21.613047284685333, 21.67867996429129, 21.744481972361534, 21.81045379077441, 21.876595902097517, 21.942908789577437, 22.00939293712935, 22.07604882932641, 22.142876951389006, 22.209877789173802, 22.2770518291626, 22.34439955845102, 22.411921464737045, 22.47961803630931, 22.54748976203522, 22.615537131348905, 22.683760634238972, 22.75216076123606, 22.82073800340017, 22.889492852307857, 22.95842580003919, 23.027537339164496, 23.096827962730924, 23.166298164248794, 23.23594843767776, 23.305779277412714, 23.375791178269544, 23.445984635470623, 23.51636014463013, 23.586918201739103, 23.657659303150318, 23.728583945562942, 23.799692626006937, 23.870985841827245, 23.94246409066779, 24.014127870455177

lon.Y[48]
460800.0, 464000.0, 467200.0, 470400.0, 473600.0, 476800.0, 480000.0, 483200.0, 486400.0, 489600.0, 492800.0, 496000.0, 499200.0, 502400.0, 505600.0, 508800.0, 512000.0, 515200.0, 518400.0, 521600.0, 524800.0, 528000.0, 531200.0, 534400.0, 537600.0, 540800.0, 544000.0, 547200.0, 550400.0, 553600.0, 556800.0, 560000.0, 563200.0, 566400.0, 569600.0, 572800.0, 576000.0, 579200.0, 582400.0, 585600.0, 588800.0, 592000.0, 595200.0, 598400.0, 601600.0, 604800.0, 608000.0, 611200.0

lon.X[50]
1936000.0, 1939200.0, 1942400.0, 1945600.0, 1948800.0, 1952000.0, 1955200.0, 1958400.0, 1961600.0, 1964800.0, 1968000.0, 1971200.0, 1974400.0, 1977600.0, 1980800.0, 1984000.0, 1987200.0, 1990400.0, 1993600.0, 1996800.0, 2000000.0, 2003200.0, 2006400.0, 2009600.0, 2012800.0, 2016000.0, 2019200.0, 2022400.0, 2025600.0, 2028800.0, 2032000.0, 2035200.0, 2038400.0, 2041600.0, 2044800.0, 2048000.0, 2051200.0, 2054400.0, 2057600.0, 2060800.0, 2064000.0, 2067200.0, 2070400.0, 2073600.0, 2076800.0, 2080000.0, 2083200.0, 2086400.0, 2089600.0, 2092800.0


salinity.salinity[1][1][48][50]
[0][0][0], 3967, 3978, 3981, 3978, 3978, 3984, 3994, 4145, 4200, 4102, 4038, 4084, 4315, 4412, 4254, 4162, 4136, 4144, 4160, 4230, 4392, 4332, 4268, 4242, 4235, 4248, 4262, 4238, 4294, 4313, 4339, 4367, 4403, 4495, 4520, 4475, 4446, 4314, 4294, 4295, 4272, 4277, 4318, 4316, 4475, 4527, 4528, 4498, 4437, 4369
[0][0][1], 3970, 3973, 3971, 3974, 3986, 3992, 4007, 4175, 4205, 4202, 4224, 4367, 4390, 4417, 4368, 4227, 4172, 4185, 4246, 4394, 4499, 4356, 4271, 4239, 4213, 4239, 4261, 4250, 4323, 4326, 4357, 4369, 4403, 4544, 4587, 4597, 4463, 4407, 4317, 4315, 4304, 4314, 4345, 4345, 4358, 4454, 4426, 4384, 4344, 4321
[0][0][2], 3961, 3971, 3978, 3991, 3996, 3993, 4023, 4161, 4188, 4288, 4342, 4346, 4336, 4347, 4329, 4282, 4268, 4316, 4455, 4504, 4487, 4422, 4290, 4247, 4216, 4215, 4331, 4318, 4336, 4344, 4371, 4384, 4409, 4617, 4628, 4635, 4518, 4466, 4408, 4361, 4354, 4367, 4376, 4360, 4320, 4452, 4393, 4358, 4326, 4304
[0][0][3], 3983, 3989, 3996, 3998, 3993, 4008, 4065, 4185, 4202, 4338, 4304, 4295, 4277, 4287, 4298, 4296, 4297, 4407, 4506, 4475, 4487, 4497, 4314, 4264, 4222, 4210, 4277, 4366, 4366, 4374, 4373, 4398, 4439, 4607, 4608, 4631, 4581, 4482, 4454, 4431, 4414, 4401, 4391, 4401, 4366, 4335, 4427, 4389, 4332, 4312
[0][0][4], 3993, 3995, 3992, 3995, 4010, 4049, 4145, 4225, 4226, 4327, 4276, 4258, 4260, 4292, 4293, 4283, 4310, 4467, 4493, 4451, 4434, 4506, 4367, 4278, 4233, 4220, 4240, 4342, 4377, 4376, 4396, 4440, 4546, 4593, 4606, 4630, 4587, 4539, 4493, 4465, 4452, 4453, 4468, 4454, 4397, 4323, 4340, 4358, 4331, 4328
[0][0][5], 4021, 4015, 4018, 4027, 4052, 4105, 4215, 4268, 4256, 4312, 4268, 4267, 4274, 4278, 4278, 4277, 4317, 4456, 4480, 4421, 4389, 4463, 4402, 4281, 4243, 4236, 4335, 4367, 4372, 4452, 4540, 4543, 4580, 4585, 4612, 4623, 4610, 4608, 4590, 4537, 4514, 4491, 4462, 4425, 4384, 4350, 4340, 4345, 4357, 4366
[0][0][6], 4066, 4066, 4064, 4088, 4149, 4217, 4313, 4280, 4309, 4300, 4282, 4291, 4296, 4282, 4277, 4284, 4353, 4451, 4475, 4409, 4337, 4355, 4341, 4272, 4249, 4327, 4345, 4343, 4491, 4574, 4591, 4571, 4558, 4581, 4611, 4624, 4599, 4521, 4577, 4646, 4551, 4493, 4464, 4458, 4460, 4456, 4441, 4423, 4405, 4408
[0][0][7], 4221, 4268, 4189, 4236, 4315, 4354, 4312, 4292, 4348, 4302, 4301, 4309, 4319, 4335, 4305, 4311, 4445, 4463, 4477, 4418, 4327, 4290, 4280, 4287, 4333, 4349, 4306, 4369, 4541, 4587, 4579, 4537, 4529, 4542, 4583, 4570, 4460, 4424, 4431, 4494, 4586, 4579, 4490, 4467, 4464, 4460, 4452, 4447, 4458, 4489
[0][0][8], 4397, 4411, 4375, 4363, 4333, 4307, 4330, 4384, 4341, 4304, 4303, 4302, 4328, 4359, 4328, 4378, 4452, 4466, 4482, 4457, 4373, 4305, 4329, 4358, 4355, 4339, 4299, 4340, 4496, 4580, 4550, 4518, 4498, 4450, 4427, 4421, 4429, 4441, 4450, 4451, 4450, 4515, 4616, 4523, 4504, 4499, 4518, 4545, 4583, 4620
[0][0][9], 4449, 4395, 4339, 4314, 4316, 4388, 4418, 4386, 4335, 4313, 4307, 4323, 4362, 4369, 4343, 4436, 4441, 4446, 4455, 4466, 4451, 4357, 4325, 4358, 4346, 4338, 4308, 4296, 4433, 4540, 4567, 4545, 4515, 4474, 4448, 4449, 4457, 4461, 4465, 4460, 4472, 4479, 4642, 4636, 4655, 4653, 4691, 4727, 4735, 4726
[0][0][10], 4474, 4385, 4383, 4377, 4420, 4425, 4386, 4355, 4332, 4320, 4337, 4393, 4388, 4374, 4366, 4427, 4434, 4434, 4445, 4450, 4456, 4460, 4364, 4332, 4352, 4349, 4321, 4282, 4385, 4513, 4516, 4539, 4509, 4502, 4491, 4477, 4462, 4453, 4450, 4480, 4535, 4502, 4650, 4701, 4722, 4739, 4735, 4730, 4734, 4755
[0][0][11], 4476, 4395, 4452, 4446, 4424, 4394, 4361, 4348, 4360, 4386, 4405, 4412, 4390, 4395, 4425, 4446, 4445, 4445, 4450, 4450, 4453, 4459, 4468, 4376, 4326, 4335, 4335, 4286, 4341, 4434, 4465, 4482, 4493, 4475, 4455, 4443, 4437, 4443, 4454, 4586, 4579, 4531, 4606, 4740, 4745, 4746, 4738, 4722, 4737, 4754
[0][0][12], 4469, 4405, 4450, 4427, 4395, 4367, 4373, 4379, 4396, 4401, 4408, 4405, 4422, 4463, 4471, 4460, 4453, 4458, 4449, 4441, 4455, 4460, 4473, 4474, 4376, 4320, 4332, 4296, 4310, 4372, 4405, 4423, 4433, 4445, 4447, 4443, 4439, 4444, 4495, 4635, 4593, 4560, 4584, 4711, 4763, 4765, 4763, 4733, 4719, 4748
[0][0][13], 4443, 4414, 4440, 4421, 4395, 4379, 4385, 4374, 4390, 4397, 4407, 4422, 4483, 4481, 4486, 4487, 4483, 4477, 4431, 4417, 4440, 4458, 4458, 4457, 4439, 4379, 4319, 4300, 4290, 4311, 4344, 4386, 4406, 4412, 4418, 4423, 4426, 4447, 4585, 4661, 4609, 4660, 4691, 4745, 4774, 4768, 4757, 4741, 4718, 4737
[0][0][14], 4417, 4421, 4424, 4421, 4414, 4404, 4394, 4387, 4389, 4392, 4407, 4463, 4470, 4452, 4450, 4477, 4499, 4491, 4438, 4392, 4386, 4407, 4422, 4427, 4431, 4406, 4319, 4286, 4277, 4295, 4373, 4411, 4426, 4428, 4425, 4427, 4441, 4519, 4677, 4681, 4621, 4679, 4660, 4739, 4776, 4761, 4748, 4748, 4744, 4736
[0][0][15], 4437, 4440, 4443, 4441, 4431, 4415, 4406, 4392, 4391, 4388, 4409, 4444, 4478, 4467, 4445, 4443, 4480, 4503, 4480, 4400, 4359, 4371, 4407, 4445, 4433, 4359, 4305, 4263, 4275, 4404, 4488, 4504, 4508, 4491, 4465, 4464, 4520, 4680, 4707, 4680, 4629, 4632, 4652, 4764, 4747, 4740, 4740, 4744, 4749, 4755
[0][0][16], 4449, 4451, 4449, 4448, 4451, 4420, 4391, 4383, 4394, 4420, 4420, 4418, 4425, 4451, 4446, 4425, 4454, 4499, 4504, 4453, 4367, 4334, 4340, 4354, 4339, 4301, 4266, 4261, 4296, 4480, 4482, 4476, 4511, 4512, 4511, 4600, 4679, 4677, 4679, 4658, 4619, 4604, 4643, 4745, 4738, 4741, 4747, 4755, 4759, 4761
[0][0][17], 4418, 4413, 4421, 4432, 4443, 4449, 4404, 4392, 4400, 4414, 4429, 4435, 4446, 4430, 4439, 4419, 4449, 4493, 4491, 4507, 4431, 4342, 4306, 4289, 4272, 4260, 4262, 4300, 4390, 4473, 4470, 4447, 4530, 4655, 4693, 4691, 4658, 4652, 4640, 4631, 4610, 4613, 4623, 4714, 4748, 4746, 4750, 4757, 4764, 4769
[0][0][18], 4174, 4150, 4237, 4335, 4428, 4455, 4429, 4403, 4402, 4410, 4450, 4457, 4463, 4449, 4416, 4408, 4461, 4486, 4480, 4500, 4560, 4397, 4326, 4291, 4278, 4301, 4375, 4440, 4506, 4486, 4463, 4447, 4485, 4664, 4656, 4680, 4690, 4716, 4720, 4647, 4605, 4596, 4602, 4611, 4622, 4732, 4750, 4760, 4765, 4766
[0][0][19], 4145, 4129, 4172, 4364, 4429, 4450, 4464, 4422, 4410, 4420, 4443, 4462, 4444, 4441, 4410, 4398, 4463, 4475, 4485, 4596, 4619, 4564, 4396, 4344, 4329, 4366, 4407, 4487, 4514, 4499, 4492, 4461, 4451, 4492, 4570, 4644, 4692, 4707, 4713, 4743, 4661, 4599, 4586, 4590, 4615, 4725, 4753, 4762, 4764, 4761
[0][0][20], 4173, 4228, 4246, 4331, 4430, 4440, 4464, 4456, 4443, 4448, 4449, 4460, 4422, 4415, 4403, 4395, 4406, 4458, 4534, 4570, 4569, 4614, 4554, 4438, 4417, 4436, 4458, 4484, 4492, 4475, 4476, 4490, 4443, 4426, 4494, 4604, 4661, 4701, 4704, 4733, 4752, 4690, 4634, 4637, 4712, 4749, 4757, 4763, 4764, 4761
[0][0][21], 4415, 4400, 4396, 4421, 4457, 4459, 4467, 4467, 4466, 4465, 4464, 4461, 4437, 4439, 4447, 4458, 4464, 4516, 4578, 4547, 4539, 4561, 4631, 4545, 4467, 4463, 4483, 4486, 4481, 4489, 4473, 4478, 4432, 4403, 4509, 4660, 4693, 4693, 4705, 4719, 4756, 4760, 4759, 4759, 4759, 4757, 4759, 4765, 4767, 4768
[0][0][22], 4473, 4460, 4468, 4482, 4476, 4472, 4474, 4479, 4481, 4478, 4474, 4464, 4458, 4459, 4521, 4557, 4557, 4577, 4563, 4550, 4548, 4554, 4612, 4621, 4525, 4490, 4497, 4497, 4492, 4498, 4475, 4450, 4410, 4397, 4683, 4713, 4711, 4705, 4705, 4715, 4744, 4759, 4759, 4760, 4762, 4759, 4762, 4770, 4771, 4774
[0][0][23], 4518, 4523, 4499, 4482, 4488, 4488, 4486, 4484, 4484, 4483, 4479, 4466, 4459, 4511, 4589, 4582, 4575, 4572, 4574, 4573, 4573, 4575, 4587, 4638, 4576, 4518, 4518, 4495, 4482, 4479, 4467, 4427, 4401, 4542, 4698, 4699, 4706, 4707, 4707, 4717, 4735, 4752, 4752, 4755, 4763, 4761, 4764, 4769, 4769, 4772
[0][0][24], 4534, 4511, 4505, 4526, 4528, 4530, 4528, 4525, 4520, 4503, 4485, 4470, 4458, 4542, 4579, 4583, 4582, 4579, 4578, 4577, 4579, 4588, 4581, 4638, 4598, 4535, 4527, 4487, 4475, 4474, 4450, 4423, 4413, 4672, 4654, 4645, 4673, 4712, 4711, 4718, 4727, 4740, 4740, 4747, 4754, 4764, 4765, 4768, 4767, 4762
[0][0][25], 4532, 4525, 4528, 4523, 4523, 4525, 4534, 4528, 4520, 4528, 4511, 4479, 4461, 4520, 4578, 4575, 4577, 4576, 4576, 4579, 4590, 4595, 4588, 4636, 4606, 4546, 4525, 4494, 4473, 4460, 4442, 4448, 4454, 4665, 4633, 4637, 4644, 4716, 4708, 4708, 4713, 4725, 4729, 4733, 4734, 4745, 4758, 4767, 4768, 4762
[0][0][26], 4535, 4533, 4530, 4528, 4526, 4528, 4534, 4538, 4514, 4516, 4522, 4494, 4465, 4497, 4573, 4557, 4560, 4572, 4581, 4598, 4609, 4587, 4583, 4629, 4606, 4556, 4522, 4506, 4460, 4464, 4525, 4546, 4514, 4651, 4631, 4637, 4643, 4682, 4727, 4725, 4713, 4704, 4711, 4720, 4712, 4714, 4732, 4750, 4759, 4761
[0][0][27], 4473, 4489, 4522, 4533, 4532, 4535, 4547, 4542, 4515, 4507, 4508, 4501, 4468, 4488, 4566, 4563, 4546, 4566, 4589, 4616, 4611, 4575, 4549, 4607, 4595, 4551, 4524, 4479, 4454, 4426, 4453, 4568, 4569, 4653, 4639, 4649, 4654, 4643, 4683, 4713, 4728, 4716, 4705, 4706, 4700, 4704, 4732, 4749, 4753, 4757
[0][0][28], 4428, 4425, 4450, 4539, 4547, 4577, 4592, 4566, 4520, 4496, 4500, 4481, 4460, 4481, 4552, 4564, 4540, 4563, 4598, 4614, 4594, 4556, 4522, 4579, 4583, 4545, 4512, 4451, 4423, 4403, 4475, 4578, 4629, 4663, 4655, 4648, 4659, 4646, 4649, 4673, 4698, 4708, 4707, 4700, 4692, 4694, 4716, 4737, 4753, 4757
[0][0][29], 4414, 4413, 4419, 4550, 4575, 4576, 4589, 4577, 4525, 4492, 4489, 4496, 4475, 4464, 4501, 4548, 4531, 4568, 4602, 4592, 4554, 4520, 4520, 4574, 4568, 4542, 4489, 4439, 4405, 4421, 4583, 4610, 4651, 4650, 4585, 4554, 4634, 4643, 4638, 4645, 4661, 4670, 4672, 4675, 4692, 4691, 4704, 4759, 4755, 4757
[0][0][30], 4415, 4407, 4413, 4501, 4564, 4562, 4558, 4545, 4527, 4507, 4488, 4489, 4490, 4476, 4493, 4526, 4530, 4577, 4595, 4553, 4515, 4521, 4536, 4576, 4561, 4548, 4470, 4433, 4423, 4391, 4451, 4576, 4591, 4524, 4453, 4431, 4478, 4610, 4643, 4645, 4654, 4657, 4653, 4653, 4666, 4684, 4716, 4753, 4740, 4755
[0][0][31], 4442, 4414, 4411, 4485, 4565, 4557, 4556, 4557, 4563, 4565, 4530, 4498, 4497, 4501, 4507, 4511, 4548, 4585, 4583, 4527, 4516, 4526, 4563, 4554, 4525, 4503, 4443, 4418, 4434, 4401, 4392, 4386, 4386, 4384, 4383, 4384, 4390, 4429, 4534, 4654, 4654, 4649, 4646, 4651, 4711, 4675, 4706, 4730, 4737, 4748
[0][0][32], 4513, 4419, 4413, 4516, 4580, 4587, 4608, 4609, 4568, 4564, 4569, 4531, 4505, 4506, 4507, 4519, 4565, 4592, 4579, 4522, 4505, 4511, 4562, 4524, 4473, 4432, 4420, 4430, 4419, 4405, 4396, 4384, 4377, 4379, 4387, 4394, 4396, 4394, 4432, 4636, 4636, 4633, 4641, 4654, 4745, 4718, 4676, 4710, 4741, 4753
[0][0][33], 4479, 4414, 4420, 4543, 4601, 4610, 4621, 4630, 4625, 4567, 4572, 4569, 4547, 4529, 4538, 4568, 4572, 4591, 4586, 4525, 4507, 4489, 4513, 4515, 4464, 4421, 4420, 4417, 4408, 4400, 4393, 4391, 4399, 4424, 4534, 4526, 4445, 4411, 4410, 4517, 4596, 4623, 4640, 4700, 4788, 4780, 4762, 4702, 4696, 4736
[0][0][34], 4420, 4415, 4431, 4569, 4612, 4612, 4618, 4623, 4624, 4587, 4566, 4567, 4566, 4568, 4572, 4579, 4590, 4588, 4590, 4526, 4513, 4503, 4485, 4488, 4490, 4467, 4440, 4427, 4423, 4421, 4420, 4429, 4474, 4604, 4575, 4520, 4469, 4422, 4419, 4497, 4587, 4634, 4733, 4802, 4813, 4788, 4774, 4758, 4707, 4753
[0][0][35], 4482, 4560, 4553, 4611, 4614, 4605, 4603, 4614, 4603, 4580, 4566, 4580, 4609, 4624, 4617, 4608, 4596, 4590, 4596, 4524, 4509, 4516, 4503, 4493, 4491, 4488, 4482, 4474, 4467, 4466, 4486, 4564, 4661, 4655, 4578, 4507, 4461, 4439, 4458, 4549, 4662, 4800, 4816, 4815, 4817, 4816, 4783, 4765, 4761, 4784
[0][0][36], 4527, 4615, 4618, 4618, 4612, 4595, 4591, 4593, 4610, 4609, 4617, 4652, 4648, 4642, 4640, 4617, 4594, 4595, 4609, 4535, 4544, 4589, 4597, 4600, 4601, 4604, 4611, 4620, 4615, 4620, 4638, 4660, 4674, 4683, 4635, 4566, 4510, 4490, 4543, 4662, 4810, 4814, 4820, 4818, 4820, 4827, 4810, 4793, 4797, 4805
[0][0][37], 4593, 4611, 4608, 4607, 4599, 4593, 4590, 4590, 4589, 4594, 4608, 4608, 4609, 4619, 4628, 4641, 4595, 4605, 4622, 4570, 4605, 4615, 4609, 4610, 4609, 4615, 4616, 4630, 4653, 4661, 4664, 4661, 4664, 4677, 4696, 4691, 4611, 4576, 4648, 4800, 4818, 4827, 4827, 4847, 4851, 4851, 4852, 4834, 4826, 4835
[0][0][38], 4457, 4511, 4577, 4604, 4599, 4594, 4585, 4582, 4587, 4590, 4588, 4591, 4610, 4626, 4624, 4640, 4605, 4616, 4629, 4621, 4626, 4625, 4620, 4617, 4624, 4639, 4632, 4638, 4653, 4721, 4762, 4726, 4703, 4715, 4744, 4730, 4697, 4642, 4712, 4812, 4830, 4833, 4842, 4849, 4849, 4848, 4848, 4848, 4833, 4813
[0][0][39], 4433, 4441, 4440, 4444, 4490, 4521, 4535, 4555, 4571, 4596, 4593, 4609, 4645, 4640, 4625, 4647, 4610, 4617, 4627, 4625, 4630, 4635, 4620, 4628, 4641, 4648, 4646, 4655, 4713, 4754, 4745, 4740, 4743, 4762, 4770, 4772, 4745, 4679, 4750, 4812, 4836, 4839, 4848, 4851, 4856, 4856, 4848, 4840, 4808, 4792
[0][0][40], 4497, 4537, 4587, 4582, 4499, 4442, 4454, 4513, 4579, 4595, 4615, 4651, 4652, 4636, 4630, 4655, 4616, 4602, 4606, 4605, 4608, 4638, 4632, 4638, 4650, 4655, 4660, 4724, 4783, 4776, 4763, 4767, 4774, 4778, 4779, 4776, 4750, 4699, 4748, 4813, 4814, 4848, 4851, 4855, 4856, 4858, 4848, 4838, 4803, 4781
[0][0][41], 4490, 4530, 4571, 4591, 4588, 4500, 4439, 4518, 4595, 4612, 4647, 4646, 4638, 4634, 4639, 4687, 4633, 4605, 4600, 4619, 4652, 4657, 4681, 4671, 4707, 4742, 4743, 4768, 4783, 4784, 4783, 4782, 4782, 4796, 4797, 4781, 4760, 4714, 4725, 4807, 4803, 4826, 4853, 4853, 4854, 4856, 4846, 4843, 4813, 4787
[0][0][42], 4544, 4578, 4603, 4603, 4596, 4568, 4463, 4571, 4601, 4639, 4643, 4653, 4673, 4681, 4714, 4705, 4660, 4633, 4653, 4677, 4686, 4705, 4679, 4702, 4771, 4764, 4774, 4774, 4778, 4789, 4782, 4805, 4822, 4812, 4805, 4794, 4775, 4750, 4785, 4788, 4797, 4804, 4852, 4852, 4855, 4849, 4841, 4842, 4840, 4799
[0][0][43], 4651, 4644, 4631, 4610, 4600, 4603, 4515, 4595, 4611, 4640, 4640, 4653, 4680, 4721, 4723, 4721, 4704, 4702, 4716, 4720, 4724, 4711, 4695, 4719, 4743, 4751, 4752, 4758, 4764, 4798, 4790, 4811, 4820, 4819, 4830, 4796, 4780, 4775, 4768, 4773, 4771, 4813, 4850, 4850, 4849, 4842, 4838, 4838, 4840, 4820
[0][0][44], 4673, 4678, 4661, 4612, 4604, 4613, 4580, 4600, 4619, 4655, 4669, 4662, 4670, 4710, 4704, 4715, 4723, 4718, 4712, 4711, 4731, 4721, 4716, 4734, 4735, 4743, 4751, 4758, 4759, 4763, 4773, 4799, 4798, 4811, 4835, 4802, 4782, 4774, 4768, 4770, 4793, 4846, 4849, 4849, 4844, 4840, 4841, 4840, 4832, 4826
[0][0][45], 4669, 4678, 4672, 4612, 4604, 4619, 4607, 4601, 4624, 4661, 4652, 4673, 4693, 4703, 4700, 4698, 4703, 4710, 4707, 4735, 4750, 4728, 4719, 4730, 4730, 4751, 4765, 4774, 4777, 4770, 4768, 4795, 4796, 4783, 4791, 4807, 4792, 4785, 4791, 4817, 4835, 4854, 4848, 4847, 4843, 4842, 4844, 4843, 4840, 4838
[0][0][46], 4676, 4684, 4662, 4601, 4602, 4624, 4615, 4604, 4622, 4650, 4643, 4652, 4703, 4702, 4706, 4729, 4724, 4727, 4729, 4752, 4750, 4733, 4720, 4723, 4730, 4762, 4766, 4781, 4782, 4776, 4774, 4781, 4804, 4794, 4786, 4785, 4786, 4829, 4843, 4857, 4857, 4855, 4850, 4844, 4846, 4844, 4842, 4837, 4834, 4833
[0][0][47], 4689, 4686, 4615, 4592, 4621, 4624, 4615, 4606, 4613, 4635, 4634, 4655, 4688, 4698, 4690, 4703, 4695, 4688, 4700, 4743, 4760, 4738, 4723, 4722, 4755, 4759, 4758, 4768, 4776, 4777, 4777, 4770, 4774, 4793, 4796, 4794, 4777, 4775, 4796, 4842, 4858, 4856, 4851, 4847, 4841, 4843, 4838, 4833, 4832, 4831

salinity.time[1]
1.70532E9

salinity.depth[1]
10.0

salinity.Y[48]
460800.0, 464000.0, 467200.0, 470400.0, 473600.0, 476800.0, 480000.0, 483200.0, 486400.0, 489600.0, 492800.0, 496000.0, 499200.0, 502400.0, 505600.0, 508800.0, 512000.0, 515200.0, 518400.0, 521600.0, 524800.0, 528000.0, 531200.0, 534400.0, 537600.0, 540800.0, 544000.0, 547200.0, 550400.0, 553600.0, 556800.0, 560000.0, 563200.0, 566400.0, 569600.0, 572800.0, 576000.0, 579200.0, 582400.0, 585600.0, 588800.0, 592000.0, 595200.0, 598400.0, 601600.0, 604800.0, 608000.0, 611200.0

salinity.X[50]
1936000.0, 1939200.0, 1942400.0, 1945600.0, 1948800.0, 1952000.0, 1955200.0, 1958400.0, 1961600.0, 1964800.0, 1968000.0, 1971200.0, 1974400.0, 1977600.0, 1980800.0, 1984000.0, 1987200.0, 1990400.0, 1993600.0, 1996800.0, 2000000.0, 2003200.0, 2006400.0, 2009600.0, 2012800.0, 2016000.0, 2019200.0, 2022400.0, 2025600.0, 2028800.0, 2032000.0, 2035200.0, 2038400.0, 2041600.0, 2044800.0, 2048000.0, 2051200.0, 2054400.0, 2057600.0, 2060800.0, 2064000.0, 2067200.0, 2070400.0, 2073600.0, 2076800.0, 2080000.0, 2083200.0, 2086400.0, 2089600.0, 2092800.0


sea_mask.sea_mask[48][50]
[0], 1, 1, 1, 1, 1, 1, 1, 1, 1, 1, 1, 1, 1, 1, 1, 1, 1, 1, 1, 1, 1, 1, 1, 1, 1, 1, 1, 1, 1, 1, 1, 1, 1, 1, 1, 1, 1, 1, 1, 1, 1, 1, 1, 1, 1, 1, 1, 1, 1, 1
[1], 1, 1, 1, 1, 1, 1, 1, 1, 1, 1, 1, 1, 1, 1, 1, 1, 1, 1, 1, 1, 1, 1, 1, 1, 1, 1, 1, 1, 1, 1, 1, 1, 1, 1, 1, 1, 1, 1, 1, 1, 1, 1, 1, 1, 1, 1, 1, 1, 1, 1
[2], 1, 1, 1, 1, 1, 1, 1, 1, 1, 1, 1, 1, 1, 1, 1, 1, 1, 1, 1, 1, 1, 1, 1, 1, 1, 1, 1, 1, 1, 1, 1, 1, 1, 1, 1, 1, 1, 1, 1, 1, 1, 1, 1, 1, 1, 1, 1, 1, 1, 1
[3], 1, 1, 1, 1, 1, 1, 1, 1, 1, 1, 1, 1, 1, 1, 1, 1, 1, 1, 1, 1, 1, 1, 1, 1, 1, 1, 1, 1, 1, 1, 1, 1, 1, 1, 1, 1, 1, 1, 1, 1, 1, 1, 1, 1, 1, 1, 1, 1, 1, 1
[4], 1, 1, 1, 1, 1, 1, 1, 1, 1, 1, 1, 1, 1, 1, 1, 1, 1, 1, 1, 1, 1, 1, 1, 1, 1, 1, 1, 1, 1, 1, 1, 1, 1, 1, 1, 1, 1, 1, 1, 1, 1, 1, 1, 1, 1, 1, 1, 1, 1, 1
[5], 1, 1, 1, 1, 1, 1, 1, 1, 1, 1, 1, 1, 1, 1, 1, 1, 1, 1, 1, 1, 1, 1, 1, 1, 1, 1, 1, 1, 1, 1, 1, 1, 1, 1, 1, 1, 1, 1, 1, 1, 1, 1, 1, 1, 1, 1, 1, 1, 1, 1
[6], 1, 1, 1, 1, 1, 1, 1, 1, 1, 1, 1, 1, 1, 1, 1, 1, 1, 1, 1, 1, 1, 1, 1, 1, 1, 1, 1, 1, 1, 1, 1, 1, 1, 1, 1, 1, 1, 1, 1, 1, 1, 1, 1, 1, 1, 1, 1, 1, 1, 1
[7], 1, 1, 1, 1, 1, 1, 1, 1, 1, 1, 1, 1, 1, 1, 1, 1, 1, 1, 1, 1, 1, 1, 1, 1, 1, 1, 1, 1, 1, 1, 1, 1, 1, 1, 1, 1, 1, 1, 1, 1, 1, 1, 1, 1, 1, 1, 1, 1, 1, 1
[8], 1, 1, 1, 1, 1, 1, 1, 1, 1, 1, 1, 1, 1, 1, 1, 1, 1, 1, 1, 1, 1, 1, 1, 1, 1, 1, 1, 1, 1, 1, 1, 1, 1, 1, 1, 1, 1, 1, 1, 1, 1, 1, 1, 1, 1, 1, 1, 1, 1, 1
[9], 1, 1, 1, 1, 1, 1, 1, 1, 1, 1, 1, 1, 1, 1, 1, 1, 1, 1, 1, 1, 1, 1, 1, 1, 1, 1, 1, 1, 1, 1, 1, 1, 1, 1, 1, 1, 1, 1, 1, 1, 1, 1, 1, 1, 1, 1, 1, 1, 1, 1
[10], 1, 1, 1, 1, 1, 1, 1, 1, 1, 1, 1, 1, 1, 1, 1, 1, 1, 1, 1, 1, 1, 1, 1, 1, 1, 1, 1, 1, 1, 1, 1, 1, 1, 1, 1, 1, 1, 1, 1, 1, 1, 1, 1, 1, 1, 1, 1, 1, 1, 1
[11], 1, 1, 1, 1, 1, 1, 1, 1, 1, 1, 1, 1, 1, 1, 1, 1, 1, 1, 1, 1, 1, 1, 1, 1, 1, 1, 1, 1, 1, 1, 1, 1, 1, 1, 1, 1, 1, 1, 1, 1, 1, 1, 1, 1, 1, 1, 1, 1, 1, 1
[12], 1, 1, 1, 1, 1, 1, 1, 1, 1, 1, 1, 1, 1, 1, 1, 1, 1, 1, 1, 1, 1, 1, 1, 1, 1, 1, 1, 1, 1, 1, 1, 1, 1, 1, 1, 1, 1, 1, 1, 1, 1, 1, 1, 1, 1, 1, 1, 1, 1, 1
[13], 1, 1, 1, 1, 1, 1, 1, 1, 1, 1, 1, 1, 1, 1, 1, 1, 1, 1, 1, 1, 1, 1, 1, 1, 1, 1, 1, 1, 1, 1, 1, 1, 1, 1, 1, 1, 1, 1, 1, 1, 1, 1, 1, 1, 1, 1, 1, 1, 1, 1
[14], 1, 1, 1, 1, 1, 1, 1, 1, 1, 1, 1, 1, 1, 1, 1, 1, 1, 1, 1, 1, 1, 1, 1, 1, 1, 1, 1, 1, 1, 1, 1, 1, 1, 1, 1, 1, 1, 1, 1, 1, 1, 1, 1, 1, 1, 1, 1, 1, 1, 1
[15], 1, 1, 1, 1, 1, 1, 1, 1, 1, 1, 1, 1, 1, 1, 1, 1, 1, 1, 1, 1, 1, 1, 1, 1, 1, 1, 1, 1, 1, 1, 1, 1, 1, 1, 1, 1, 1, 1, 1, 1, 1, 1, 1, 1, 1, 1, 1, 1, 1, 1
[16], 1, 1, 1, 1, 1, 1, 1, 1, 1, 1, 1, 1, 1, 1, 1, 1, 1, 1, 1, 1, 1, 1, 1, 1, 1, 1, 1, 1, 1, 1, 1, 1, 1, 1, 1, 1, 1, 1, 1, 1, 1, 1, 1, 1, 1, 1, 1, 1, 1, 1
[17], 1, 1, 1, 1, 1, 1, 1, 1, 1, 1, 1, 1, 1, 1, 1, 1, 1, 1, 1, 1, 1, 1, 1, 1, 1, 1, 1, 1, 1, 1, 1, 1, 1, 1, 1, 1, 1, 1, 1, 1, 1, 1, 1, 1, 1, 1, 1, 1, 1, 1
[18], 1, 1, 1, 1, 1, 1, 1, 1, 1, 1, 1, 1, 1, 1, 1, 1, 1, 1, 1, 1, 1, 1, 1, 1, 1, 1, 1, 1, 1, 1, 1, 1, 1, 1, 1, 1, 1, 1, 1, 1, 1, 1, 1, 1, 1, 1, 1, 1, 1, 1
[19], 1, 1, 1, 1, 1, 1, 1, 1, 1, 1, 1, 1, 1, 1, 1, 1, 1, 1, 1, 1, 1, 1, 1, 1, 1, 1, 1, 1, 1, 1, 1, 1, 1, 1, 1, 1, 1, 1, 1, 1, 1, 1, 1, 1, 1, 1, 1, 1, 1, 1
[20], 1, 1, 1, 1, 1, 1, 1, 1, 1, 1, 1, 1, 1, 1, 1, 1, 1, 1, 1, 1, 1, 1, 1, 1, 1, 1, 1, 1, 1, 1, 1, 1, 1, 1, 1, 1, 1, 1, 1, 1, 1, 1, 1, 1, 1, 1, 1, 1, 1, 1
[21], 1, 1, 1, 1, 1, 1, 1, 1, 1, 1, 1, 1, 1, 1, 1, 1, 1, 1, 1, 1, 1, 1, 1, 1, 1, 1, 1, 1, 1, 1, 1, 1, 1, 1, 1, 1, 1, 1, 1, 1, 1, 1, 1, 1, 1, 1, 1, 1, 1, 1
[22], 1, 1, 1, 1, 1, 1, 1, 1, 1, 1, 1, 1, 1, 1, 1, 1, 1, 1, 1, 1, 1, 1, 1, 1, 1, 1, 1, 1, 1, 1, 1, 1, 1, 1, 1, 1, 1, 1, 1, 1, 1, 1, 1, 1, 1, 1, 1, 1, 1, 1
[23], 1, 1, 1, 1, 1, 1, 1, 1, 1, 1, 1, 1, 1, 1, 1, 1, 1, 1, 1, 1, 1, 1, 1, 1, 1, 1, 1, 1, 1, 1, 1, 1, 1, 1, 1, 1, 1, 1, 1, 1, 1, 1, 1, 1, 1, 1, 1, 1, 1, 1
[24], 1, 1, 1, 1, 1, 1, 1, 1, 1, 1, 1, 1, 1, 1, 1, 1, 1, 1, 1, 1, 1, 1, 1, 1, 1, 1, 1, 1, 1, 1, 1, 1, 1, 1, 1, 1, 1, 1, 1, 1, 1, 1, 1, 1, 1, 1, 1, 1, 1, 1
[25], 1, 1, 1, 1, 1, 1, 1, 1, 1, 1, 1, 1, 1, 1, 1, 1, 1, 1, 1, 1, 1, 1, 1, 1, 1, 1, 1, 1, 1, 1, 1, 1, 1, 1, 1, 1, 1, 1, 1, 1, 1, 1, 1, 1, 1, 1, 1, 1, 1, 1
[26], 1, 1, 1, 1, 1, 1, 1, 1, 1, 1, 1, 1, 1, 1, 1, 1, 1, 1, 1, 1, 1, 1, 1, 1, 1, 1, 1, 1, 1, 1, 1, 1, 1, 1, 1, 1, 1, 1, 1, 1, 1, 1, 1, 1, 1, 1, 1, 1, 1, 1
[27], 1, 1, 1, 1, 1, 1, 1, 1, 1, 1, 1, 1, 1, 1, 1, 1, 1, 1, 1, 1, 1, 1, 1, 1, 1, 1, 1, 1, 1, 1, 1, 1, 1, 1, 1, 1, 1, 1, 1, 1, 1, 1, 1, 1, 1, 1, 1, 1, 1, 1
[28], 1, 1, 1, 1, 1, 1, 1, 1, 1, 1, 1, 1, 1, 1, 1, 1, 1, 1, 1, 1, 1, 1, 1, 1, 1, 1, 1, 1, 1, 1, 1, 1, 1, 1, 1, 1, 1, 1, 1, 1, 1, 1, 1, 1, 1, 1, 1, 1, 1, 1
[29], 1, 1, 1, 1, 1, 1, 1, 1, 1, 1, 1, 1, 1, 1, 1, 1, 1, 1, 1, 1, 1, 1, 1, 1, 1, 1, 1, 1, 1, 1, 1, 1, 1, 1, 1, 1, 1, 1, 1, 1, 1, 1, 1, 1, 1, 1, 1, 1, 1, 1
[30], 1, 1, 1, 1, 1, 1, 1, 1, 1, 1, 1, 1, 1, 1, 1, 1, 1, 1, 1, 1, 1, 1, 1, 1, 1, 1, 1, 1, 1, 1, 1, 1, 1, 1, 1, 1, 1, 1, 1, 1, 1, 1, 1, 1, 1, 1, 1, 1, 1, 1
[31], 1, 1, 1, 1, 1, 1, 1, 1, 1, 1, 1, 1, 1, 1, 1, 1, 1, 1, 1, 1, 1, 1, 1, 1, 1, 1, 1, 1, 1, 1, 1, 1, 1, 1, 1, 1, 1, 1, 1, 1, 1, 1, 1, 1, 1, 1, 1, 1, 1, 1
[32], 1, 1, 1, 1, 1, 1, 1, 1, 1, 1, 1, 1, 1, 1, 1, 1, 1, 1, 1, 1, 1, 1, 1, 1, 1, 1, 1, 1, 1, 1, 1, 1, 1, 1, 1, 1, 1, 1, 1, 1, 1, 1, 1, 1, 1, 1, 1, 1, 1, 1
[33], 1, 1, 1, 1, 1, 1, 1, 1, 1, 1, 1, 1, 1, 1, 1, 1, 1, 1, 1, 1, 1, 1, 1, 1, 1, 1, 1, 1, 1, 1, 1, 1, 1, 1, 1, 1, 1, 1, 1, 1, 1, 1, 1, 1, 1, 1, 1, 1, 1, 1
[34], 1, 1, 1, 1, 1, 1, 1, 1, 1, 1, 1, 1, 1, 1, 1, 1, 1, 1, 1, 1, 1, 1, 1, 1, 1, 1, 1, 1, 1, 1, 1, 1, 1, 1, 1, 1, 1, 1, 1, 1, 1, 1, 1, 1, 1, 1, 1, 1, 1, 1
[35], 1, 1, 1, 1, 1, 1, 1, 1, 1, 1, 1, 1, 1, 1, 1, 1, 1, 1, 1, 1, 1, 1, 1, 1, 1, 1, 1, 1, 1, 1, 1, 1, 1, 1, 1, 1, 1, 1, 1, 1, 1, 1, 1, 1, 1, 1, 1, 1, 1, 1
[36], 1, 1, 1, 1, 1, 1, 1, 1, 1, 1, 1, 1, 1, 1, 1, 1, 1, 1, 1, 1, 1, 1, 1, 1, 1, 1, 1, 1, 1, 1, 1, 1, 1, 1, 1, 1, 1, 1, 1, 1, 1, 1, 1, 1, 1, 1, 1, 1, 1, 1
[37], 1, 1, 1, 1, 1, 1, 1, 1, 1, 1, 1, 1, 1, 1, 1, 1, 1, 1, 1, 1, 1, 1, 1, 1, 1, 1, 1, 1, 1, 1, 1, 1, 1, 1, 1, 1, 1, 1, 1, 1, 1, 1, 1, 1, 1, 1, 1, 1, 1, 1
[38], 1, 1, 1, 1, 1, 1, 1, 1, 1, 1, 1, 1, 1, 1, 1, 1, 1, 1, 1, 1, 1, 1, 1, 1, 1, 1, 1, 1, 1, 1, 1, 1, 1, 1, 1, 1, 1, 1, 1, 1, 1, 1, 1, 1, 1, 1, 1, 1, 1, 1
[39], 1, 1, 1, 1, 1, 1, 1, 1, 1, 1, 1, 1, 1, 1, 1, 1, 1, 1, 1, 1, 1, 1, 1, 1, 1, 1, 1, 1, 1, 1, 1, 1, 1, 1, 1, 1, 1, 1, 1, 1, 1, 1, 1, 1, 1, 1, 1, 1, 1, 1
[40], 1, 1, 1, 1, 1, 1, 1, 1, 1, 1, 1, 1, 1, 1, 1, 1, 1, 1, 1, 1, 1, 1, 1, 1, 1, 1, 1, 1, 1, 1, 1, 1, 1, 1, 1, 1, 1, 1, 1, 1, 1, 1, 1, 1, 1, 1, 1, 1, 1, 1
[41], 1, 1, 1, 1, 1, 1, 1, 1, 1, 1, 1, 1, 1, 1, 1, 1, 1, 1, 1, 1, 1, 1, 1, 1, 1, 1, 1, 1, 1, 1, 1, 1, 1, 1, 1, 1, 1, 1, 1, 1, 1, 1, 1, 1, 1, 1, 1, 1, 1, 1
[42], 1, 1, 1, 1, 1, 1, 1, 1, 1, 1, 1, 1, 1, 1, 1, 1, 1, 1, 1, 1, 1, 1, 1, 1, 1, 1, 1, 1, 1, 1, 1, 1, 1, 1, 1, 1, 1, 1, 1, 1, 1, 1, 1, 1, 1, 1, 1, 1, 1, 1
[43], 1, 1, 1, 1, 1, 1, 1, 1, 1, 1, 1, 1, 1, 1, 1, 1, 1, 1, 1, 1, 1, 1, 1, 1, 1, 1, 1, 1, 1, 1, 1, 1, 1, 1, 1, 1, 1, 1, 1, 1, 1, 1, 1, 1, 1, 1, 1, 1, 1, 1
[44], 1, 1, 1, 1, 1, 1, 1, 1, 1, 1, 1, 1, 1, 1, 1, 1, 1, 1, 1, 1, 1, 1, 1, 1, 1, 1, 1, 1, 1, 1, 1, 1, 1, 1, 1, 1, 1, 1, 1, 1, 1, 1, 1, 1, 1, 1, 1, 1, 1, 1
[45], 1, 1, 1, 1, 1, 1, 1, 1, 1, 1, 1, 1, 1, 1, 1, 1, 1, 1, 1, 1, 1, 1, 1, 1, 1, 1, 1, 1, 1, 1, 1, 1, 1, 1, 1, 1, 1, 1, 1, 1, 1, 1, 1, 1, 1, 1, 1, 1, 1, 1
[46], 1, 1, 1, 1, 1, 1, 1, 1, 1, 1, 1, 1, 1, 1, 1, 1, 1, 1, 1, 1, 1, 1, 1, 1, 1, 1, 1, 1, 1, 1, 1, 1, 1, 1, 1, 1, 1, 1, 1, 1, 1, 1, 1, 1, 1, 1, 1, 1, 1, 1
[47], 1, 1, 1, 1, 1, 1, 1, 1, 1, 1, 1, 1, 1, 1, 1, 1, 1, 1, 1, 1, 1, 1, 1, 1, 1, 1, 1, 1, 1, 1, 1, 1, 1, 1, 1, 1, 1, 1, 1, 1, 1, 1, 1, 1, 1, 1, 1, 1, 1, 1

sea_mask.Y[48]
460800.0, 464000.0, 467200.0, 470400.0, 473600.0, 476800.0, 480000.0, 483200.0, 486400.0, 489600.0, 492800.0, 496000.0, 499200.0, 502400.0, 505600.0, 508800.0, 512000.0, 515200.0, 518400.0, 521600.0, 524800.0, 528000.0, 531200.0, 534400.0, 537600.0, 540800.0, 544000.0, 547200.0, 550400.0, 553600.0, 556800.0, 560000.0, 563200.0, 566400.0, 569600.0, 572800.0, 576000.0, 579200.0, 582400.0, 585600.0, 588800.0, 592000.0, 595200.0, 598400.0, 601600.0, 604800.0, 608000.0, 611200.0

sea_mask.X[50]
1936000.0, 1939200.0, 1942400.0, 1945600.0, 1948800.0, 1952000.0, 1955200.0, 1958400.0, 1961600.0, 1964800.0, 1968000.0, 1971200.0, 1974400.0, 1977600.0, 1980800.0, 1984000.0, 1987200.0, 1990400.0, 1993600.0, 1996800.0, 2000000.0, 2003200.0, 2006400.0, 2009600.0, 2012800.0, 2016000.0, 2019200.0, 2022400.0, 2025600.0, 2028800.0, 2032000.0, 2035200.0, 2038400.0, 2041600.0, 2044800.0, 2048000.0, 2051200.0, 2054400.0, 2057600.0, 2060800.0, 2064000.0, 2067200.0, 2070400.0, 2073600.0, 2076800.0, 2080000.0, 2083200.0, 2086400.0, 2089600.0, 2092800.0


u_eastward.u_eastward[1][1][48][50]
[0][0][0], 559, -210, -196, 19, 131, 236, 334, 274, 98, 178, 368, 474, 278, -62, -142, -81, 24, 158, 260, 323, 176, -247, -218, -145, -267, -279, -381, -336, -330, -249, -71, 7, 64, 5, -86, -128, -297, -337, -287, -219, -116, 3, 117, -136, -176, -446, -496, -560, -615, -514
[0][0][1], -220, -356, -185, 32, 174, 288, 368, 218, 39, 68, 137, 28, -34, -74, -179, -94, 52, 185, 284, 243, -43, -271, -249, -238, -276, -221, -326, -297, -395, -200, -23, 5, 44, -27, -131, -138, -286, -324, -243, -160, -54, 70, 109, -49, -218, -419, -528, -511, -427, -329
[0][0][2], -93, -198, -89, 28, 161, 319, 385, 222, 123, 130, -61, -90, -139, -226, -311, -233, -39, 160, 139, -85, -82, -313, -298, -255, -265, -205, -364, -380, -321, -113, 7, 14, 44, -140, -198, -187, -295, -326, -270, -129, -11, 51, 48, -55, -266, -374, -396, -343, -264, -169
[0][0][3], -58, 2, 4, 54, 178, 311, 328, 203, 102, -27, -71, -138, -179, -211, -175, -80, 89, 87, -85, -114, -144, -277, -350, -275, -258, -207, -242, -320, -211, -8, 18, 13, 22, -177, -181, -174, -312, -271, -259, -202, -120, -68, -55, -100, -197, -272, -232, -196, -133, -19
[0][0][4], 40, 65, 109, 187, 247, 299, 258, 180, 67, -85, -73, -96, -114, -92, -54, 33, 126, -57, -147, -158, -180, -242, -426, -322, -258, -204, -185, -227, -160, -9, 45, -51, -134, -201, -171, -245, -319, -337, -303, -260, -228, -232, -240, -245, -266, -264, -163, -99, 4, 112
[0][0][5], 87, 161, 217, 265, 304, 281, 292, 96, 38, -125, -90, -67, -54, -18, 12, 86, 134, -80, -173, -193, -211, -309, -460, -371, -259, -199, -277, -207, -86, -45, -253, -231, -282, -213, -207, -372, -411, -391, -348, -306, -270, -266, -267, -290, -301, -250, -175, -86, -5, 16
[0][0][6], 221, 251, 255, 285, 273, 312, 189, -44, 2, -143, -94, -14, 22, 24, 41, 122, 176, -115, -176, -209, -270, -366, -455, -374, -242, -338, -272, -171, -165, -186, -254, -372, -263, -252, -288, -382, -424, -336, -323, -295, -315, -266, -267, -258, -253, -246, -214, -138, -49, 23
[0][0][7], 298, 218, 230, 251, 255, -47, -145, -40, -154, -141, -71, 13, 59, -29, 33, 163, -1, -156, -213, -222, -276, -301, -328, -300, -402, -366, -235, -155, -226, -256, -413, -337, -306, -331, -399, -483, -430, -304, -264, -297, -372, -338, -256, -251, -236, -190, -132, -81, -63, -86
[0][0][8], 147, 5, -13, -77, -126, -120, -49, -155, -214, -125, -18, 85, 86, -64, 18, 162, -125, -159, -210, -255, -207, -227, -259, -359, -375, -307, -227, -161, -210, -278, -444, -320, -356, -370, -390, -380, -281, -184, -152, -160, -197, -215, -269, -301, -260, -213, -161, -80, -86, -153
[0][0][9], 15, -43, -106, -124, -59, -20, -164, -190, -158, -66, 46, 153, 16, -76, 9, -68, -146, -130, -121, -154, -254, -212, -204, -282, -286, -251, -217, -162, -181, -208, -388, -198, -301, -316, -262, -204, -167, -129, -65, -19, -7, -121, -171, -272, -180, -184, -167, -172, -197, -210
[0][0][10], -33, -68, -69, -54, -43, -139, -147, -134, -81, 20, 103, 92, -95, -87, -10, -81, -63, -76, -89, -57, -119, -232, -196, -177, -202, -202, -237, -154, -165, -231, -198, -278, -234, -255, -198, -147, -125, -69, 34, 103, -77, -192, -209, -260, -253, -263, -225, -220, -218, -204
[0][0][11], -36, -60, -49, -112, -117, -132, -129, -73, 26, 3, 9, -58, -118, -46, -28, -105, -78, -78, -28, -21, -73, -145, -232, -219, -173, -187, -255, -158, -157, -184, -166, -175, -184, -158, -148, -123, -72, 13, 117, -31, -183, -269, -212, -299, -274, -255, -243, -214, -219, -152
[0][0][12], -79, -105, -91, -133, -124, -127, -109, -51, -41, -25, 0, -129, -33, -84, -130, -127, -106, -51, -50, -48, -111, -190, -256, -296, -227, -224, -206, -175, -123, -147, -131, -122, -114, -100, -87, -67, -11, 80, 117, -156, -210, -241, -154, -273, -230, -209, -196, -265, -196, -178
[0][0][13], -136, -124, -103, -97, -90, -65, -47, -17, -32, -4, -96, -63, -157, -148, -140, -132, -97, -61, -116, -144, -212, -288, -272, -278, -273, -273, -248, -190, -107, -73, -44, -55, -69, -61, -37, -9, 60, 134, -1, -168, -214, -346, -301, -239, -227, -276, -220, -247, -224, -214
[0][0][14], -117, -130, -82, -37, -17, 7, 13, 8, -43, -35, -99, -101, -190, -140, -112, -86, -90, -72, -107, -144, -195, -214, -199, -216, -272, -352, -309, -188, -57, 57, 23, -21, -27, -19, -11, 21, 101, 163, -81, -182, -264, -350, -139, -207, -251, -266, -221, -220, -230, -215
[0][0][15], -129, -166, -115, -76, -42, -29, -51, -36, -83, -41, -68, -85, -114, -83, -73, -59, -37, -56, -95, -145, -169, -231, -218, -291, -409, -439, -313, -145, 20, 46, -107, -156, -170, -162, -128, -11, 116, -47, -130, -193, -237, -250, -113, -335, -298, -228, -203, -191, -185, -184
[0][0][16], -112, -129, -92, -42, -34, -17, -74, -111, -90, -69, -52, -29, -29, -18, -145, -26, -26, -61, -62, -126, -129, -172, -235, -292, -365, -336, -200, -66, 33, -210, -305, -213, -110, -80, -27, 31, -109, -153, -170, -189, -232, -235, -140, -335, -246, -212, -192, -198, -187, -173
[0][0][17], -136, -78, -8, 11, 33, -29, -43, -98, -54, 1, 11, -9, -4, -39, -95, -7, -17, -54, -15, -51, -152, -127, -180, -218, -204, -141, -49, -5, -100, -275, -213, -123, 11, -151, -200, -142, -235, -188, -179, -196, -226, -239, -174, -306, -177, -197, -182, -186, -172, -161
[0][0][18], -116, -1, 63, 121, 55, 26, -59, -62, -37, 40, 30, -4, 2, -91, -90, -8, -26, -20, 18, 20, -61, -180, -151, -157, -124, -56, -99, -190, -268, -251, -183, -100, 5, -228, -158, -125, -193, -200, -216, -194, -203, -230, -181, -280, -202, -144, -160, -169, -205, -151
[0][0][19], 39, 120, 136, 78, 64, 32, -11, -50, 0, 43, 53, 20, -29, -138, -121, -3, -14, 54, 66, -60, -106, -221, -171, -129, -97, -80, -141, -224, -244, -225, -188, -106, -59, -73, -42, -93, -133, -173, -140, -180, -227, -194, -177, -165, -159, -151, -162, -167, -217, -162
[0][0][20], 238, 281, 109, 94, 41, 9, -29, -67, -11, 7, 9, 0, -73, -125, -72, 24, 103, 119, 14, -67, -55, -83, -214, -177, -171, -175, -210, -215, -205, -181, -159, -125, -93, 24, 47, -4, -93, -134, -130, -128, -220, -249, -184, -154, -168, -155, -187, -186, -210, -189
[0][0][21], -64, -102, -92, 5, -11, -63, -72, -68, -36, -32, -37, -29, -27, 8, 72, 91, 88, 32, -56, 25, 32, 31, -118, -232, -223, -195, -186, -179, -140, -150, -188, -157, -74, 80, 100, -4, -137, -152, -153, -116, -180, -214, -213, -190, -178, -202, -196, -204, -205, -209
[0][0][22], -31, -28, -36, -79, -102, -91, -58, -49, -41, -33, -48, -57, -6, 96, 108, -25, -98, -93, -8, 28, 58, 63, 10, -219, -224, -208, -180, -159, -181, -233, -223, -218, -32, 164, -107, -183, -213, -225, -191, -143, -163, -203, -206, -187, -192, -208, -208, -226, -201, -214
[0][0][23], 41, -23, -76, -52, -31, -13, 4, 3, -6, -11, -40, -63, 1, 126, -159, -148, -118, -64, -22, 5, 39, 55, 37, -190, -236, -232, -211, -208, -227, -257, -258, -152, 17, 114, -243, -220, -207, -204, -186, -189, -174, -210, -212, -173, -182, -213, -215, -208, -191, -221
[0][0][24], -18, -101, -98, -138, -126, -75, -47, -50, -43, -28, -40, -61, 0, 12, -75, -77, -75, -80, -51, -15, 42, 55, 9, -145, -240, -250, -238, -239, -258, -247, -235, -72, 71, -236, -277, -200, -127, -192, -197, -197, -186, -218, -194, -192, -182, -212, -197, -176, -197, -244
[0][0][25], -69, -105, -133, -104, -46, -7, -12, -38, -31, -41, -82, -88, -24, 25, -93, -71, -70, -45, -31, 16, 95, 7, -15, -108, -238, -261, -252, -265, -281, -265, -82, 15, 53, -361, -259, -166, -98, -160, -240, -199, -182, -189, -189, -199, -182, -182, -194, -184, -199, -195
[0][0][26], -63, -57, -37, 14, 55, 52, 28, -41, -56, -32, -74, -134, -76, 19, -110, -56, -8, 17, 50, 77, 31, -60, -34, -94, -249, -280, -255, -298, -334, -196, -36, -228, -145, -335, -203, -96, -45, -68, -228, -203, -180, -165, -164, -166, -155, -129, -120, -138, -160, -163
[0][0][27], -242, -144, 49, 77, 60, 34, 17, -43, -81, -41, -76, -140, -119, 0, -35, -45, 46, 65, 114, 18, -28, -96, -51, -78, -253, -289, -251, -396, -308, -126, 30, -204, -183, -287, -130, -14, -42, -77, -99, -106, -150, -194, -175, -148, -137, -89, -107, -119, -118, -127
[0][0][28], -105, -38, 40, 40, 42, 11, -1, -70, -107, -62, -78, -111, -99, -8, -29, 1, 57, 103, 111, 2, -45, -125, -37, -49, -232, -281, -314, -395, -223, 1, 112, -179, -199, -253, -90, -42, -69, -136, -115, -112, -139, -172, -148, -136, -122, -66, -56, -40, -115, -115
[0][0][29], -13, -12, 78, -14, -24, -4, -52, -110, -127, -92, -60, -82, -84, -37, -5, -8, 67, 113, 76, -28, -97, -105, -9, -74, -202, -273, -398, -357, -161, 42, -306, -280, -233, -269, -222, -86, -47, -165, -123, -94, -95, -82, -76, -67, -71, -70, -6, -97, -137, -112
[0][0][30], 63, 3, 44, 78, -52, -59, -127, -149, -124, -102, -83, -67, -76, -76, -43, -31, 64, 102, 14, -98, -113, -25, -52, -172, -195, -308, -433, -323, -154, -90, -230, -344, -379, -283, -120, -37, -23, -118, -67, -67, -80, -42, -27, 3, 62, 20, -45, -31, -32, -129
[0][0][31], 28, -51, 4, 105, -82, -94, -117, -97, -87, -94, -96, -80, -77, -76, -65, -11, 44, 81, -35, -132, -43, -39, -186, -238, -309, -393, -355, -210, -80, -122, -130, -159, -123, -39, 38, 54, 50, 36, 28, -39, -59, 0, 4, 95, 161, -73, -40, -55, -16, -12
[0][0][32], -114, -158, -43, 67, -88, -105, -55, -51, -63, -71, -97, -109, -93, -75, -42, 3, 19, 44, -63, -136, -57, -61, -251, -247, -297, -304, -237, -185, -151, -111, -63, 5, 84, 162, 198, 159, 92, 71, 76, -48, 5, 40, 49, 186, 95, -107, -29, -16, -35, -25
[0][0][33], -241, -233, -55, -3, -80, -51, 20, 2, -62, -118, -103, -120, -124, -101, -71, -30, -24, 9, -69, -141, -65, -67, -155, -243, -250, -207, -149, -109, -64, -9, 71, 165, 220, 252, 187, 33, 14, 36, 57, 53, 78, 101, 135, 172, -74, -70, -58, -23, -14, 45
[0][0][34], -283, -169, 4, -7, -100, -50, -19, -16, -54, -160, -134, -126, -121, -104, -73, -28, -24, -22, -66, -146, -58, 0, -111, -161, -169, -130, -64, -11, 43, 117, 181, 203, 186, 120, -32, -117, -128, -43, 38, 106, 156, 220, -8, -98, -87, -77, -55, -229, -179, -16
[0][0][35], -146, -207, -79, -64, -122, -83, -47, -64, -97, -156, -134, -89, -180, -191, -127, -80, -100, -61, -69, -137, -67, -54, -112, -119, -107, -69, -16, 32, 77, 118, 138, 122, 29, -7, -39, -82, -92, -27, 54, 157, 244, -175, -154, -88, -68, -74, -125, -254, -180, -61
[0][0][36], -26, -144, -125, -115, -118, -82, -29, -7, -65, -95, -149, -225, -147, -93, -37, -109, -129, -61, -82, -121, -117, -213, -181, -151, -119, -74, -48, -42, -4, 36, 45, 19, -3, -24, 17, -7, -19, 2, 81, 169, -188, -75, -88, -71, 2, -3, -153, -154, -92, -26
[0][0][37], -102, -115, -112, -133, -137, -94, -11, 16, -11, -45, -162, -117, -17, 0, -23, -17, -119, -62, -97, -142, -154, -108, -43, -22, -27, -7, -25, -15, 23, 89, 93, 38, 1, 42, 91, 47, -18, -9, 32, -188, -43, -89, -126, -92, -138, -125, -126, -107, -23, -56
[0][0][38], -179, -157, -108, -81, -58, 37, 100, 87, 40, -4, 13, 68, 108, 9, -52, 14, -179, -86, -107, -158, -69, -27, -29, -40, -27, -34, -71, 0, 138, 216, -86, -93, -42, 9, -102, -128, -117, -84, 0, -120, -61, -145, -100, -146, -104, -98, -104, -127, -121, -116
[0][0][39], -31, -21, 15, 49, 55, 62, 95, 71, 65, 18, 50, 191, 55, -74, -96, 34, -208, -132, -129, -111, -72, -44, -75, -55, -13, -71, -50, 51, 112, -158, -260, -315, -221, -189, -110, -39, -145, -139, -79, -42, -119, -141, -139, -107, -62, -99, -116, -139, -197, -289
[0][0][40], 36, 119, 91, 79, 58, 90, 89, 91, 48, 37, 159, 47, -52, -127, -83, 62, -191, -146, -98, -50, 26, -72, -60, 8, 24, -20, 38, -75, -178, -176, -203, -226, -149, -33, -12, -60, -103, -205, -139, -120, -69, -121, -141, -79, -80, -73, -167, -161, -243, -244
[0][0][41], 151, 216, 271, 139, 80, 52, 50, 115, 24, 137, 28, -57, -89, -68, 34, -42, -161, -112, -71, -38, -111, -32, -55, -73, 68, -252, -327, -211, -151, -106, -146, -117, -30, 15, -99, -164, -164, -224, -102, -152, -34, -36, -122, -66, -54, -131, -190, -145, -231, -192
[0][0][42], 284, 293, 244, 85, 17, 39, 25, 49, 47, 45, -50, -23, -25, 24, -66, -139, -158, -142, -124, -145, -84, -141, -208, -60, -333, -304, -318, -196, -78, -196, -195, -55, -148, -173, -108, -179, -201, -219, -218, -78, -38, 61, -121, -45, -141, -243, -164, -129, -203, -205
[0][0][43], 186, 151, 109, 10, -38, 28, 9, 7, 79, -25, -54, -15, 51, -150, -174, -193, -218, -200, -175, -149, -131, -170, -185, -153, -159, -178, -157, -150, -86, -254, -152, -78, -146, -70, -99, -181, -256, -181, -126, -76, 33, 52, -132, -98, -194, -234, -160, -182, -225, -263
[0][0][44], 95, 107, 87, 0, -49, -2, -21, -34, 63, -40, -61, -41, 32, -131, -89, -130, -199, -153, -111, -77, -71, -192, -167, -200, -146, -131, -88, -76, -88, -93, -72, -56, -191, -184, -225, -228, -221, -177, -83, -12, -5, -143, -154, -144, -211, -211, -194, -210, -245, -254
[0][0][45], 105, 93, 29, -20, -38, -16, -58, -42, 28, -94, -45, -6, -57, -63, -141, -155, -94, -58, -139, -50, -180, -235, -185, -145, -96, -86, -87, -57, -84, -93, -79, -108, -237, -128, -200, -266, -132, -55, 25, -33, -87, -230, -179, -153, -211, -218, -226, -232, -274, -272
[0][0][46], 142, 41, -12, -72, -45, -49, -63, -69, -12, -84, -16, 15, -164, -163, -108, -193, -232, -208, -140, -118, -165, -212, -174, -152, -71, -115, -61, -99, -134, -160, -129, -109, -169, -71, -52, -105, -73, -231, -163, -120, -142, -225, -191, -147, -200, -180, -232, -218, -220, -201
[0][0][47], 68, -34, -82, -102, -74, -58, -119, -96, -28, -32, 45, -85, -79, -138, -137, -188, -196, -143, -104, -149, -132, -178, -181, -129, -108, -125, -99, -94, -111, -125, -141, -105, -99, -126, -36, -13, -125, -68, -55, -81, -131, -230, -189, -145, -142, -201, -230, -183, -179, -154

u_eastward.time[1]
1.70532E9

u_eastward.depth[1]
10.0

u_eastward.Y[48]
460800.0, 464000.0, 467200.0, 470400.0, 473600.0, 476800.0, 480000.0, 483200.0, 486400.0, 489600.0, 492800.0, 496000.0, 499200.0, 502400.0, 505600.0, 508800.0, 512000.0, 515200.0, 518400.0, 521600.0, 524800.0, 528000.0, 531200.0, 534400.0, 537600.0, 540800.0, 544000.0, 547200.0, 550400.0, 553600.0, 556800.0, 560000.0, 563200.0, 566400.0, 569600.0, 572800.0, 576000.0, 579200.0, 582400.0, 585600.0, 588800.0, 592000.0, 595200.0, 598400.0, 601600.0, 604800.0, 608000.0, 611200.0

u_eastward.X[50]
1936000.0, 1939200.0, 1942400.0, 1945600.0, 1948800.0, 1952000.0, 1955200.0, 1958400.0, 1961600.0, 1964800.0, 1968000.0, 1971200.0, 1974400.0, 1977600.0, 1980800.0, 1984000.0, 1987200.0, 1990400.0, 1993600.0, 1996800.0, 2000000.0, 2003200.0, 2006400.0, 2009600.0, 2012800.0, 2016000.0, 2019200.0, 2022400.0, 2025600.0, 2028800.0, 2032000.0, 2035200.0, 2038400.0, 2041600.0, 2044800.0, 2048000.0, 2051200.0, 2054400.0, 2057600.0, 2060800.0, 2064000.0, 2067200.0, 2070400.0, 2073600.0, 2076800.0, 2080000.0, 2083200.0, 2086400.0, 2089600.0, 2092800.0


v_northward.v_northward[1][1][48][50]
[0][0][0], 249, 296, -57, -130, -88, -76, -112, -76, -8, 172, 255, 205, 10, 55, 198, 180, 160, 160, 133, 136, 24, 138, 132, 62, -32, -60, 35, 87, 141, 42, -42, -56, -144, -114, 42, 94, 264, 466, 440, 346, 269, 158, 13, -3, -18, -33, 14, -30, -31, 19
[0][0][1], -6, 55, -91, -85, -45, -88, -182, -115, -77, -4, 25, -110, -67, -5, 125, 199, 164, 160, 161, 130, 84, 292, 210, 91, 12, -74, 144, 142, 201, 69, -18, -10, -106, -60, 69, 76, 182, 449, 526, 453, 370, 265, 154, 131, 159, 40, 20, 37, 74, 80
[0][0][2], 67, 165, 15, -8, -22, -121, -181, -42, -55, -143, -174, -151, -130, -129, -94, -17, 77, 80, 104, 42, 58, 332, 282, 136, 98, -26, 126, 175, 219, 135, 15, 19, -117, -12, -25, 20, 174, 193, 411, 486, 419, 312, 239, 222, 318, 375, 222, 169, 140, 79
[0][0][3], 192, 148, 86, 45, -6, -99, -90, -60, -86, -111, -146, -112, -109, -135, -108, -72, -73, 23, 27, -27, 18, 176, 383, 206, 157, 49, -47, 177, 206, 168, 90, 54, -58, 12, -17, 11, 112, 214, 224, 277, 300, 292, 277, 271, 363, 379, 398, 295, 184, 127
[0][0][4], 160, 185, 118, 79, 6, -29, -62, -73, -102, -37, -88, -48, -21, -48, -92, -114, -95, -38, 8, -64, -38, 109, 427, 272, 163, 97, 58, 59, 74, 119, 171, 81, 7, -29, -6, 21, 19, 84, 157, 206, 227, 234, 208, 174, 259, 347, 307, 271, 254, 209
[0][0][5], 170, 183, 154, 105, 68, 22, -11, -33, -57, 21, -3, 16, -5, -21, -76, -67, -89, -28, 9, -77, -71, 41, 272, 283, 143, 112, 67, 42, 76, 79, 27, 35, -23, -2, 17, -34, -56, -54, 87, 207, 229, 217, 196, 156, 166, 236, 295, 308, 269, 197
[0][0][6], 45, 142, 165, 148, 99, 85, 29, -13, -2, 57, 40, 46, 38, 20, -37, -56, -55, 1, 13, -32, -82, -63, 76, 164, 146, 96, 42, 3, -6, -39, 19, -25, -48, 4, 40, 14, -35, -146, -184, 79, 175, 208, 234, 225, 209, 213, 229, 220, 223, 242
[0][0][7], 109, 203, 218, 143, 64, -50, -39, 18, 80, 86, 59, -48, -51, 27, -25, -86, -9, -4, 36, 59, 6, 14, 52, 106, 139, 89, 10, -37, -138, -71, -12, -53, -90, -107, -44, -72, -98, -114, -129, -159, -141, 107, 226, 248, 238, 239, 255, 279, 284, 250
[0][0][8], -58, -117, -79, -75, -74, -39, 18, 28, 111, 92, 46, -41, -38, -14, -64, -66, -73, -53, 2, 149, 151, 117, 92, 132, 178, 125, 20, -82, -177, -100, 13, -8, 7, -52, -77, -55, -48, -50, -55, -56, -24, -14, 155, 255, 269, 279, 255, 253, 269, 274
[0][0][9], -19, -74, -72, -57, -42, -41, -37, 43, 93, 72, 42, -10, 2, -31, -61, -4, -69, -65, -32, 17, 225, 282, 197, 227, 225, 216, 109, -44, -129, -117, 166, 132, 156, 147, 131, 76, 26, 8, 2, 4, 66, 54, 52, 213, 152, 195, 172, 179, 176, 192
[0][0][10], -44, -35, -67, -83, -92, -65, -16, 13, 42, 77, 46, 11, -8, -42, -14, 40, 3, 8, 18, 15, 68, 214, 403, 275, 246, 240, 242, 47, -54, -5, -110, 45, -12, 59, 92, 55, 8, -2, -11, 17, 133, 108, -3, 237, 162, 112, 98, 122, 141, 133
[0][0][11], -48, -4, -128, -142, -108, -51, -26, 10, 56, -13, 8, -31, -39, -6, -1, 13, -16, -15, -34, 12, 93, 160, 226, 418, 328, 212, 263, 121, 7, -16, -34, -55, 8, 23, 13, 8, -6, -13, -50, 25, 116, 114, 22, 181, 137, 127, 129, 122, 87, 23
[0][0][12], -39, 25, -82, -92, -80, -21, -16, -49, -44, -44, -47, -39, -32, -2, -41, -39, -37, -42, -85, -61, 49, 127, 145, 268, 373, 301, 220, 162, 41, 10, 53, 59, 30, 23, 41, 28, 3, -13, -47, 76, 80, 90, 105, 57, 162, 137, 101, 168, 129, 57
[0][0][13], -81, -10, -61, -61, -39, 12, 9, -31, -34, -69, -51, -48, -58, -95, -106, -66, -66, -69, -98, -129, -121, -5, 38, 110, 219, 272, 224, 169, 81, 50, 115, 155, 168, 166, 130, 76, 31, 1, -6, 131, 75, -2, -12, 28, 137, 62, 51, 117, 164, 143
[0][0][14], -86, -93, -100, -49, -6, 43, 69, 20, -23, -58, -56, -36, -48, -90, -136, -127, -101, -63, -54, -100, -126, -47, 73, 173, 169, 187, 214, 145, 106, 126, 184, 243, 250, 239, 202, 135, 70, 17, 74, 145, 149, 91, -39, 163, 143, 90, 100, 81, 111, 176
[0][0][15], -25, -101, -107, -94, -114, -117, 13, 32, -28, -31, -69, -37, 135, 143, -71, -116, -93, -49, -16, -53, -124, -113, -62, 95, 139, 153, 146, 118, 121, 83, 46, 58, 85, 124, 121, 129, 74, 66, 102, 146, 164, 186, 28, 85, 55, 102, 120, 133, 143, 145
[0][0][16], 35, -37, -71, -120, -111, -108, -98, -15, -10, -36, -27, 1, -9, -40, 54, -103, -75, -44, -58, 37, -29, -85, -99, -45, 17, 64, 98, 157, 104, -24, -129, -202, -104, 77, 132, 83, 26, 26, 49, 110, 134, 139, 61, 86, 78, 91, 112, 112, 127, 161
[0][0][17], 73, 28, 47, 15, -54, -36, -56, -8, 18, -44, -15, 4, 18, 11, 33, -69, -61, -34, -60, -35, 148, 58, 26, 10, 25, 85, 169, 187, 114, 32, -38, -171, -192, -26, -38, -46, -22, -24, 59, 115, 131, 120, 75, 41, 73, 70, 99, 100, 114, 100
[0][0][18], 68, 16, 28, 73, 29, -6, 48, 25, 19, -12, -52, -28, 13, 74, 42, -67, -31, -15, -63, -36, 29, 280, 162, 124, 129, 131, 107, 99, 68, 77, 52, -82, -231, -62, -107, -134, -44, -55, -19, 163, 200, 159, 113, 21, -39, 36, 106, 100, 94, 32
[0][0][19], 190, 141, 82, 31, 84, 48, 23, 68, 51, 38, -23, -42, -28, 52, 34, -50, -36, -27, -87, -65, -78, 139, 322, 257, 217, 159, 112, 110, 59, 23, 27, 36, -89, -159, -124, -57, -36, -31, -78, -34, 183, 233, 179, 143, 90, 71, 120, 102, 118, 43
[0][0][20], 335, 299, 227, 122, 72, 56, 34, 47, 45, 19, -8, -35, -61, -46, -29, -9, -20, -12, -72, -78, -113, -55, 213, 285, 179, 127, 102, 115, 104, 101, 54, 40, 7, -81, -32, 47, 53, 57, -22, -79, 43, 158, 216, 202, 128, 140, 116, 98, 119, 96
[0][0][21], -84, -53, 7, 42, 48, 39, 34, 37, 38, 3, -1, -19, -37, -64, -13, 42, 40, -21, -20, -43, -72, -86, 78, 237, 226, 137, 90, 100, 117, 141, 120, 59, 13, -34, 43, 92, 119, 104, 49, -36, -31, 39, 72, 98, 120, 135, 111, 103, 105, 111
[0][0][22], -58, -26, 22, -27, -40, 5, 38, 43, 50, 41, 10, 0, -21, -58, -9, 1, -24, -6, 17, 16, 1, -33, -34, 174, 227, 157, 104, 86, 81, 129, 100, 78, -8, -16, -8, -21, 39, 92, 71, 21, -31, 41, 32, 13, 89, 132, 118, 70, 92, 107
[0][0][23], -55, 5, 17, -32, -5, 51, 94, 104, 93, 79, 47, 13, -31, -112, -47, -29, 12, 36, 29, 30, 29, 8, -37, 136, 182, 152, 92, 60, 86, 109, 92, 62, -33, -16, -92, -101, -27, 68, 84, 64, 9, 3, 4, 17, 38, 133, 142, 102, 60, 97
[0][0][24], -128, -108, -68, -89, -97, -60, -11, 4, 40, 120, 124, 59, 1, -29, 16, 27, 39, 25, 16, 27, 36, 29, -5, 99, 153, 132, 92, 68, 93, 86, 118, 90, -14, 38, -84, -151, -174, 19, 71, 67, 40, 34, 11, 14, -27, 50, 150, 130, 111, 117
[0][0][25], -89, -68, -39, -26, -39, -31, 9, 46, 29, 38, 119, 136, 73, -15, 41, 9, 21, -2, -6, 12, 33, 38, 3, 72, 148, 127, 79, 84, 78, 57, 154, 218, 83, 73, -28, -134, -177, -99, 12, 36, 40, 49, 46, 34, 0, -7, 13, 93, 153, 135
[0][0][26], -46, -3, 58, 94, 60, 6, 34, 51, 64, 30, 60, 152, 138, 32, 130, 17, -5, -30, -33, 10, 43, 42, -10, 52, 126, 122, 71, 103, 59, 29, -21, 115, 88, 147, 53, -39, -96, -181, -75, -41, 39, 76, 64, 72, 46, 55, 63, 103, 122, 154
[0][0][27], -198, -133, 54, 74, 44, 57, 106, 103, 79, 25, 32, 102, 150, 92, 154, 129, 2, -30, -48, -13, 28, 57, -10, 17, 99, 112, 67, 99, 57, 30, -18, 93, 54, 199, 122, 51, 41, 3, -54, -70, -55, -10, 48, 64, 55, 37, 98, 120, 158, 172
[0][0][28], -91, -186, -292, 15, 67, 44, 43, 121, 105, 57, 29, 71, 115, 90, 150, 122, 40, -24, -41, -16, 12, 53, 15, -6, 71, 92, 88, 98, 35, -1, 152, 123, 84, 180, 89, -34, -9, 73, -6, -34, -90, -95, -37, 23, 54, 18, 31, 60, 155, 172
[0][0][29], 68, -33, -177, -84, -37, -41, -18, 34, 97, 99, 56, 58, 152, 138, 84, 95, 56, -17, -25, -22, -13, 47, 24, 33, 55, 92, 138, 122, 17, -192, 87, 126, 95, 88, 26, -94, -32, 42, 53, 39, 22, 21, -6, -63, 8, 76, 39, -30, 119, 157
[0][0][30], 196, 97, -49, -153, -46, -104, -109, -28, 41, 74, 95, 74, 84, 133, 111, 97, 72, -16, -29, -22, -2, 32, 44, 73, 36, 107, 184, 203, 52, -77, -277, -139, -27, 54, 60, 26, -63, -12, 66, 99, 88, 46, 52, 42, 133, 86, 50, 112, 6, 99
[0][0][31], 210, 157, 37, -136, -24, -55, -68, -44, -5, 22, 99, 117, 92, 102, 116, 95, 57, -26, -19, -1, -31, -24, 41, 36, 11, 49, 121, 183, 150, 66, 12, 10, 73, 151, 187, 166, 110, 45, 23, 117, 86, 72, 78, 55, 2, 281, 141, 125, 63, 30
[0][0][32], 149, 120, 28, -110, -30, -62, -110, -20, 63, 22, 5, 39, 83, 91, 104, 113, 45, -32, 7, 39, -12, -63, 53, 62, 91, 120, 163, 174, 156, 145, 135, 154, 190, 221, 262, 290, 254, 163, 55, 89, 93, 100, 108, 79, 51, 186, 298, 204, 105, 2
[0][0][33], 21, 58, -13, -156, -37, -97, -135, -92, 3, 86, 9, 1, 29, 72, 103, 88, 55, -10, 16, 88, 61, 3, 12, 141, 212, 225, 222, 215, 216, 214, 229, 231, 222, 229, 203, 208, 286, 225, 144, 106, 107, 146, 177, 125, 52, 56, 148, 383, 239, 60
[0][0][34], -87, 2, -2, -136, -29, -112, -189, -150, -94, 54, 27, 5, 22, 39, 60, 71, 56, 20, 8, 92, 111, 62, 86, 70, 138, 266, 321, 337, 322, 297, 275, 240, 193, 104, 23, 62, 144, 203, 158, 122, 141, 200, 135, 85, 26, 22, -36, 72, 214, 133
[0][0][35], -70, -88, 39, -65, -45, -108, -206, -226, -116, -26, 23, 43, -8, -53, -3, 24, 45, 22, 18, 76, 88, 68, 56, 77, 108, 161, 217, 251, 263, 255, 211, 144, 119, 83, 62, 95, 138, 154, 143, 144, 92, 52, 36, 29, 19, 31, 3, 19, 124, 90
[0][0][36], -148, -147, -109, -64, -43, -85, -103, -153, -245, -15, 16, -42, -61, -76, -140, -27, 21, 14, 39, 58, 68, 47, 23, 26, 43, 56, 48, 89, 130, 157, 170, 152, 119, 103, 150, 169, 174, 158, 133, 53, 13, 42, 55, 49, 112, 107, 179, 150, 147, 150
[0][0][37], -145, -115, -104, -71, -45, -85, -119, -115, -60, -122, -108, -60, -23, 15, -12, -63, 67, 19, 58, 106, 131, 112, 101, 74, 62, 76, 90, 72, 76, 142, 242, 246, 200, 174, 177, 263, 250, 156, 64, 92, 1, 19, 35, 10, -50, -40, 27, 161, 147, 92
[0][0][38], -257, -249, -138, 17, 43, 52, -9, -7, -28, 34, 14, 6, 37, 62, 24, -36, 103, 19, 61, 169, 134, 104, 102, 81, 52, 52, 63, 80, 74, 103, 60, 215, 230, 140, -8, 3, 130, 119, 1, 9, -46, 27, 32, -8, -8, 4, -19, 27, 23, 19
[0][0][39], -82, -67, -42, -33, -35, -4, 9, -2, -8, 29, 24, 27, 34, 56, 30, -35, 84, 32, 22, 43, 65, 69, 76, 66, 33, 37, 78, 92, -3, -115, -144, -54, 34, 20, -13, -53, 89, 134, 26, -11, -73, 18, 7, -6, -22, 25, 21, 13, 1, 0
[0][0][40], -68, -67, -51, 6, 81, 75, 27, -20, -5, 2, 17, -11, -10, 19, 16, -17, 60, 79, 85, 88, 87, 49, 63, 77, 70, 102, 134, 36, -18, 25, 19, 48, 79, 68, 63, 85, -4, 138, 20, -21, -226, 6, 3, -30, -34, -12, 28, 17, 83, 89
[0][0][41], 124, 99, 51, 56, 64, 41, 36, -3, -6, -16, -42, -53, -38, -1, 50, 47, 80, 97, 81, 80, 9, 24, 7, -24, 62, -19, 35, 11, -52, 10, 0, 4, 28, 44, 6, 89, 35, 158, 90, 32, -103, -129, -14, -46, -11, 3, 7, 12, 143, 146
[0][0][42], 211, 180, 60, 81, 95, 35, 27, -26, -21, -60, -64, -68, -27, 23, -13, 20, 64, 60, 49, -10, -12, -64, -73, -146, -227, -130, -52, -44, -124, -34, -53, -66, -60, -51, -38, 12, 74, 117, 53, 61, 7, -102, -29, -74, -41, -31, -39, -12, 95, 174
[0][0][43], 22, 17, 4, 40, 77, 35, 30, -5, -51, -51, -39, -93, -146, -112, -104, -44, -31, -7, -33, -36, -24, -28, -47, -70, -100, -69, -50, -45, -111, -22, -122, -148, -151, -58, 10, -23, 140, 92, 74, 32, 33, -17, -34, -64, -37, -24, -49, -85, -12, 114
[0][0][44], 16, 27, 39, -7, 32, 15, 3, -16, -61, -46, -91, -21, -54, -43, -44, -73, -20, -32, -22, -29, 28, 45, 7, -20, -55, -23, 2, 25, 31, -9, -44, -85, -188, -300, -59, -1, -7, 62, 75, 89, 67, 62, -19, -35, -15, 0, -49, -68, -44, -1
[0][0][45], 27, 44, 35, -4, -5, 1, 4, -8, -54, -36, -129, -160, -25, -71, -45, -25, 6, 8, -31, -53, -34, 51, 42, 37, -22, -27, -50, -1, 46, 76, 21, -53, 24, -173, -381, -178, 49, 83, 126, 80, 87, 110, 11, -53, 23, -1, -47, -101, -126, -133
[0][0][46], 25, 38, 15, -2, -17, -4, 17, 2, -49, -7, -56, -96, -3, -95, -197, -164, -231, -164, -44, -66, -61, 29, 48, 20, -5, -25, -80, -58, -49, 13, 35, -59, 55, 73, -79, -159, -287, -232, -173, 25, 100, 148, 50, -46, 15, 31, -4, -37, -39, -63
[0][0][47], -11, 5, -23, -19, -15, -29, -8, -9, -35, -35, -23, -21, -58, 28, -46, -85, -129, -198, -232, -81, -24, 9, 33, 26, -6, -46, -88, -135, -61, -10, 52, 4, -87, -12, 44, 37, -3, -72, -157, -124, 65, 153, 79, 7, -54, -19, 12, 16, 16, -22

v_northward.time[1]
1.70532E9

v_northward.depth[1]
10.0

v_northward.Y[48]
460800.0, 464000.0, 467200.0, 470400.0, 473600.0, 476800.0, 480000.0, 483200.0, 486400.0, 489600.0, 492800.0, 496000.0, 499200.0, 502400.0, 505600.0, 508800.0, 512000.0, 515200.0, 518400.0, 521600.0, 524800.0, 528000.0, 531200.0, 534400.0, 537600.0, 540800.0, 544000.0, 547200.0, 550400.0, 553600.0, 556800.0, 560000.0, 563200.0, 566400.0, 569600.0, 572800.0, 576000.0, 579200.0, 582400.0, 585600.0, 588800.0, 592000.0, 595200.0, 598400.0, 601600.0, 604800.0, 608000.0, 611200.0

v_northward.X[50]
1936000.0, 1939200.0, 1942400.0, 1945600.0, 1948800.0, 1952000.0, 1955200.0, 1958400.0, 1961600.0, 1964800.0, 1968000.0, 1971200.0, 1974400.0, 1977600.0, 1980800.0, 1984000.0, 1987200.0, 1990400.0, 1993600.0, 1996800.0, 2000000.0, 2003200.0, 2006400.0, 2009600.0, 2012800.0, 2016000.0, 2019200.0, 2022400.0, 2025600.0, 2028800.0, 2032000.0, 2035200.0, 2038400.0, 2041600.0, 2044800.0, 2048000.0, 2051200.0, 2054400.0, 2057600.0, 2060800.0, 2064000.0, 2067200.0, 2070400.0, 2073600.0, 2076800.0, 2080000.0, 2083200.0, 2086400.0, 2089600.0, 2092800.0


