Dataset {
    Grid {
     ARRAY:
        Float64 lat[Y = 48][X = 50];
     MAPS:
        Float64 Y[Y = 48];
        Float64 X[X = 50];
    } lat;
    Grid {
     ARRAY:
        Float64 lon[Y = 48][X = 50];
     MAPS:
        Float64 Y[Y = 48];
        Float64 X[X = 50];
    } lon;
    Grid {
     ARRAY:
        Int16 salinity[time = 1][depth = 1][Y = 48][X = 50];
     MAPS:
        Float64 time[time = 1];
        Float64 depth[depth = 1];
        Float64 Y[Y = 48];
        Float64 X[X = 50];
    } salinity;
    Grid {
     ARRAY:
        Byte sea_mask[Y = 48][X = 50];
     MAPS:
        Float64 Y[Y = 48];
        Float64 X[X = 50];
    } sea_mask;
    Grid {
     ARRAY:
        Int16 u_eastward[time = 1][depth = 1][Y = 48][X = 50];
     MAPS:
        Float64 time[time = 1];
        Float64 depth[depth = 1];
        Float64 Y[Y = 48];
        Float64 X[X = 50];
    } u_eastward;
    Grid {
     ARRAY:
        Int16 v_northward[time = 1][depth = 1][Y = 48][X = 50];
     MAPS:
        Float64 time[time = 1];
        Float64 depth[depth = 1];
        Float64 Y[Y = 48];
        Float64 X[X = 50];
    } v_northward;
} romshindcast/norkyst_v3/zdepth/2024/02/norkyst800-20240215.nc;
---------------------------------------------
lat.lat[48][50]
[0], 71.04772540405455, 71.06922918390444, 71.09071100828356, 71.11217079091448, 71.13360844522722, 71.15502388435867, 71.17641702115193, 71.19778776815568, 71.21913603762354, 71.24046174151357, 71.26176479148747, 71.28304509891015, 71.304302574849, 71.32553713007341, 71.34674867505414, 71.36793711996263, 71.38910237467064, 71.41024434874946, 71.43136295146952, 71.45245809179973, 71.4735296784069, 71.49457761965537, 71.51560182360625, 71.53660219801701, 71.55757865034097, 71.57853108772674, 71.59945941701766, 71.62036354475143, 71.64124337715947, 71.66209882016653, 71.68292977939018, 71.70373616014028, 71.7245178674186, 71.74527480591831, 71.76600688002358, 71.78671399380903, 71.80739605103945, 71.82805295516921, 71.84868460934199, 71.86929091639027, 71.88987177883496, 71.91042709888507, 71.93095677843719, 71.9514607190753, 71.97193882207024, 71.99239098837947, 72.01281711864665, 72.03321711320139, 72.05359087205883, 72.07393829491942
[1], 71.06848392297755, 71.09001297978989, 71.11152011101348, 71.133005230288, 71.15446825095925, 71.1759090860785, 71.19732764840178, 71.21872385038937, 71.24009760420508, 71.26144882171559, 71.28277741448998, 71.30408329379895, 71.32536637061433, 71.34662655560838, 71.36786375915325, 71.38907789132037, 71.41026886187989, 71.43143658030004, 71.45258095574658, 71.47370189708231, 71.49479931286633, 71.51587311135366, 71.53692320049458, 71.55794948793415, 71.57895188101163, 71.59993028676, 71.62088461190532, 71.64181476286639, 71.66272064575409, 71.68360216637097, 71.7044592302107, 71.72529174245763, 71.74609960798625, 71.7668827313608, 71.78764101683473, 71.80837436835031, 71.82908268953814, 71.84976588371671, 71.87042385389205, 71.89105650275715, 71.91166373269174, 71.93224544576172, 71.9528015437189, 71.9733319280005, 71.99383649972887, 72.01431515971107, 72.03476780843852, 72.05519434608671, 72.07559467251473, 72.09596868726514
[2], 71.08921870505623, 71.11077306367648, 71.13230552681564, 71.15381600803137, 71.17530442058606, 71.19677067744617, 71.21821469128157, 71.23963637446496, 71.26103563907115, 71.28241239687642, 71.30376655935792, 71.32509803769311, 71.34640674275896, 71.36769258513152, 71.38895547508521, 71.41019532259219, 71.43141203732189, 71.45260552864026, 71.47377570560931, 71.49492247698642, 71.51604575122387, 71.5371454364682, 71.55822144055965, 71.57927367103167, 71.60030203511029, 71.62130643971362, 71.6422867914513, 71.66324299662399, 71.68417496122285, 71.70508259092898, 71.72596579111301, 71.74682446683447, 71.76765852284143, 71.7884678635699, 71.80925239314347, 71.83001201537276, 71.850746633755, 71.8714561514735, 71.8921404713974, 71.912799496081, 71.93343312776351, 71.95404126836857, 71.97462381950382, 71.99518068246054, 72.0157117582133, 72.03621694741945, 72.05669615041893, 72.07714926723374, 72.09757619756772, 72.11797684080615
[3], 71.10992966114162, 71.13150934629847, 71.15306716630813, 71.17460303464712, 71.19611686449528, 71.21760856873516, 71.23907805995135, 71.26052525042981, 71.28195005215716, 71.30335237682016, 71.32473213580495, 71.34608924019648, 71.36742360077781, 71.3887351280296, 71.41002373212932, 71.43128932295082, 71.45253181006355, 71.47375110273208, 71.49494710991546, 71.51611974026653, 71.53726890213156, 71.55839450354942, 71.57949645225116, 71.60057465565941, 71.62162902088781, 71.64265945474044, 71.66366586371127, 71.68464815398372, 71.70560623142993, 71.72654000161046, 71.74744936977358, 71.76833424085491, 71.7891945194768, 71.81003010994789, 71.83084091626263, 71.85162684210079, 71.87238779082698, 71.89312366549018, 71.91383436882333, 71.93451980324284, 71.95517987084814, 71.97581447342134, 71.9964235124267, 72.01700688901029, 72.03756450399959, 72.05809625790303, 72.07860205090972, 72.099081782889, 72.11953535339006, 72.13996266164172
[4], 71.13061670180674, 71.1522217381104, 71.17380493982775, 71.195366220355, 71.21690549279036, 71.2384226699333, 71.25991766428399, 71.28139038804251, 71.30284075310823, 71.32426867107917, 71.34567405325136, 71.3670568106181, 71.38841685386942, 71.40975409339138, 71.43106843926547, 71.45235980126796, 71.47362808886925, 71.49487321123337, 71.5160950772172, 71.53729359536997, 71.55846867393268, 71.57962022083746, 71.60074814370694, 71.62185234985384, 71.64293274628014, 71.66398923967675, 71.68502173642288, 71.70603014258538, 71.72701436391831, 71.74797430586244, 71.76890987354453, 71.78982097177706, 71.81070750505747, 71.83156937756782, 71.85240649317424, 71.87321875542642, 71.89400606755717, 71.91476833248187, 71.93550545279807, 71.95621733078502, 71.97690386840321, 71.99756496729393, 72.0182005287788, 72.0388104538595, 72.05939464321709, 72.0799529972119, 72.10048541588291, 72.1209917989475, 72.14147204580102, 72.16192605551643
[5], 71.15127973734593, 71.17291014928675, 71.19451875742975, 71.21610547509174, 71.23767021529011, 71.25921289074223, 71.28073341386465, 71.30223169677248, 71.32370765127871, 71.34516118889354, 71.36659222082366, 71.38800065797169, 71.40938641093543, 71.43074939000728, 71.45208950517356, 71.4734066661138, 71.49470078220031, 71.51597176249733, 71.53721951576047, 71.55844395043623, 71.57964497466118, 71.6008224962615, 71.62197642275237, 71.64310666133727, 71.66421311890753, 71.68529570204167, 71.7063543170049, 71.72738886974841, 71.748399265909, 71.76938541080843, 71.79034720945283, 71.81128456653227, 71.8321973864202, 71.85308557317285, 71.87394903052886, 71.89478766190864, 71.91560137041392, 71.93639005882737, 71.9571536296119, 71.9778919849104, 71.99860502654516, 72.01929265601746, 72.0399547745071, 72.06059128287195, 72.08120208164766, 72.10178707104701, 72.12234615095971, 72.14287922095191, 72.16338618026579, 72.18386692781925
[6], 71.17191867777461, 71.19357448972154, 71.2152085288874, 71.23682070851049, 71.25841094152835, 71.27997914057701, 71.3015252179904, 71.3230490857995, 71.34455065573181, 71.36602983921055, 71.38748654735407, 71.4089206909751, 71.43033218058011, 71.45172092636872, 71.47308683823292, 71.49442982575648, 71.51574979821436, 71.53704666457192, 71.55832033348446, 71.57957071329646, 71.60079771204106, 71.62200123743928, 71.64318119689966, 71.66433749751742, 71.68547004607399, 71.70657874903638, 71.72766351255662, 71.74872424247116, 71.7697608443003, 71.79077322324763, 71.8117612841995, 71.83272493172448, 71.85366407007268, 71.87457860317546, 71.89546843464471, 71.9163334677724, 71.93717360553008, 71.95798875056832, 71.97877880521635, 71.99954367148143, 72.02028325104845, 72.04099744527949, 72.06168615521321, 72.08234928156467, 72.10298672472463, 72.12359838475923, 72.14418416140964, 72.1647439540915, 72.18527766189463, 72.20578518358259
[7], 71.19253343282888, 71.21421466902791, 71.23587416369158, 71.25751182998054, 71.27912758075337, 71.30072132856574, 71.32229298566975, 71.34384246401324, 71.36536967523905, 71.3868745306844, 71.40835694138008, 71.42981681804989, 71.45125407110986, 71.47266861066767, 71.49406034652192, 71.51542918816148, 71.53677504476482, 71.5580978251994, 71.57939743802093, 71.6006737914729, 71.62192679348574, 71.64315635167632, 71.66436237334734, 71.68554476548664, 71.70670343476657, 71.72783828754355, 71.74894922985727, 71.77003616743025, 71.79109900566716, 71.81213764965432, 71.8331520041591, 71.85414197362935, 71.87510746219282, 71.8960483736567, 71.91696461150701, 71.9378560789081, 71.9587226787021, 71.97956431340846, 72.00038088522338, 72.02117229601937, 72.0419384473447, 72.06267924042304, 72.08339457615278, 72.10408435510683, 72.12474847753194, 72.14538684334839, 72.1659993521495, 72.18658590320125, 72.20714639544182, 72.22768072748123
[8], 71.21312391196516, 71.23483059653782, 71.2565155710504, 71.27817874858685, 71.29982004192767, 71.32143936354908, 71.34303662562229, 71.36461174001286, 71.38616461827995, 71.40769517167554, 71.42920331114391, 71.45068894732076, 71.47215199053262, 71.49359235079613, 71.51500993781737, 71.53640466099118, 71.55777642940048, 71.57912515181566, 71.60045073669383, 71.62175309217825, 71.64303212609762, 71.6642877459655, 71.68551985897965, 71.70672837202132, 71.7279131916548, 71.74907422412667, 71.77021137536522, 71.79132455097987, 71.81241365626052, 71.8334785961771, 71.85451927537882, 71.87553559819368, 71.8965274686279, 71.91749479036535, 71.93843746676707, 71.95935540087055, 71.98024849538942, 72.00111665271272, 72.02195977490454, 72.04277776370341, 72.06357052052186, 72.08433794644586, 72.1050799422344, 72.12579640831902, 72.14648724480327, 72.16715235146232, 72.18779162774253, 72.20840497276089, 72.22899228530477, 72.24955346383138
[9], 71.23369002435984, 71.25542218130167, 71.27713265988888, 71.29882137312971, 71.32048823372752, 71.34213315407992, 71.36375604627821, 71.38535682210659, 71.40693539304138, 71.42849167025038, 71.45002556459215, 71.47153698661526, 71.49302584655759, 71.51449205434568, 71.53593551959399, 71.55735615160428, 71.57875385936481, 71.60012855154976, 71.62148013651854, 71.64280852231512, 71.66411361666734, 71.68539532698634, 71.7066535603658, 71.72788822358135, 71.74909922309003, 71.77028646502947, 71.79144985521744, 71.81258929915114, 71.83370470200663, 71.85479596863821, 71.87586300357785, 71.89690571103458, 71.91792399489394, 71.93891775871737, 71.95988690574166, 71.98083133887843, 72.00175096071354, 72.02264567350655, 72.04351537919021, 72.06435997936994, 72.08517937532329, 72.10597346799948, 72.12674215801881, 72.14748534567231, 72.16820293092111, 72.18889481339612, 72.20956089239743, 72.23020106689398, 72.250815235523, 72.27140329658975
[10], 71.25423167890901, 71.27598933208789, 71.29772533884854, 71.31943961212437, 71.34113206454249, 71.36280260842291, 71.38445115577792, 71.40607761831124, 71.42768190741737, 71.44926393418078, 71.47082360937523, 71.49236084346309, 71.51387554659455, 71.53536762860695, 71.55683699902406, 71.5782835670554, 71.59970724159552, 71.62110793122336, 71.6424855442015, 71.66383998847552, 71.68517117167332, 71.70647900110448, 71.72776338375955, 71.74902422630944, 71.77026143510477, 71.7914749161752, 71.81266457522881, 71.83383031765149, 71.8549720485063, 71.87608967253286, 71.89718309414674, 71.91825221743889, 71.939296946175, 71.96031718379497, 71.98131283341225, 72.00228379781336, 72.02322997945731, 72.044151280475, 72.06504760266873, 72.0859188475116, 72.1067649161471, 72.12758570938841, 72.14838112771807, 72.16915107128736, 72.18989543991589, 72.21061413309103, 72.23130704996753, 72.25197408936694, 72.27261514977728, 72.29323012935255
[11], 71.27474878422795, 71.29653195738264, 71.31829351628703, 71.34003337380062, 71.36175144247521, 71.38344763455417, 71.40512186197168, 71.42677403635194, 71.44840406900856, 71.4700118709436, 71.49159735284701, 71.51316042509583, 71.53470099775353, 71.55621898056916, 71.5777142829767, 71.59918681409444, 71.6206364827241, 71.64206319735027, 71.66346686613961, 71.68484739694027, 71.70620469728112, 71.7275386743711, 71.74884923509856, 71.77013628603052, 71.79139973341216, 71.81263948316604, 71.83385544089147, 71.85504751186392, 71.87621560103433, 71.89735961302856, 71.91847945214666, 71.93957502236235, 71.96064622732241, 71.981692970346, 72.00271515442417, 72.02371268221923, 72.04468545606416, 72.06563337796207, 72.08655634958566, 72.10745427227661, 72.12832704704512, 72.14917457456927, 72.16999675519463, 72.19079348893361, 72.21156467546506, 72.2323102141337, 72.2530300039497, 72.27372394358814, 72.29439193138856, 72.31503386535454
[12], 71.29524124865095, 71.3170499653895, 71.33883710027783, 71.36060256610247, 71.38234627534091, 71.40406814016077, 71.42576807241912, 71.44744598366158, 71.46910178512175, 71.4907353877203, 71.51234670206429, 71.53393563844642, 71.55550210684427, 71.57704601691961, 71.59856727801761, 71.62006579916617, 71.64154148907517, 71.66299425613575, 71.68442400841965, 71.70583065367848, 71.72721409934297, 71.74857425252239, 71.76991102000375, 71.79122430825122, 71.81251402340534, 71.83378007128253, 71.85502235737424, 71.87624078684642, 71.89743526453884, 71.91860569496444, 71.93975198230868, 71.96087403042897, 71.98197174285401, 72.0030450227832, 72.02409377308601, 72.04511789630142, 72.06611729463728, 72.08709186996981, 72.10804152384296, 72.12896615746784, 72.14986567172225, 72.17073996715003, 72.19158894396057, 72.21241250202836, 72.23321054089226, 72.25398295975523, 72.27472965748369, 72.29545053260702, 72.31614548331714, 72.33681440746805
[13], 71.315708980231, 71.33754326402911, 71.35935599860987, 71.38114709668783, 71.40291647066708, 71.42466403264048, 71.44638969438893, 71.46809336738046, 71.4897749627696, 71.51143439139659, 71.53307156378652, 71.5546863901487, 71.57627878037584, 71.59784864404332, 71.61939589040846, 71.64092042840971, 71.66242216666608, 71.68390101347623, 71.70535687681786, 71.72678966434698, 71.74819928339716, 71.76958564097889, 71.79094864377885, 71.81228819815915, 71.8336042101568, 71.85489658548289, 71.87616522952194, 71.89741004733135, 71.91863094364057, 71.93982782285057, 71.96100058903315, 71.9821491459303, 72.00327339695357, 72.02437324518345, 72.04544859336879, 72.06649934392607, 72.08752539893898, 72.10852666015765, 72.1295030289982, 72.15045440654208, 72.17138069353554, 72.19228179038903, 72.21315759717673, 72.23400801363589, 72.2548329391664, 72.27563227283026, 72.29640591335095, 72.31715375911304, 72.33787570816169, 72.35857165820211
[14], 71.33615188673932, 71.3580117609388, 71.3798501187872, 71.40166687292809, 71.42346193569311, 71.44523521910138, 71.46698663485851, 71.48871609435595, 71.51042350867019, 71.53210878856189, 71.55377184447521, 71.57541258653703, 71.59703092455614, 71.61862676802248, 71.64020002610646, 71.66175060765812, 71.68327842120645, 71.70478337495864, 71.7262653767993, 71.7477243342898, 71.7691601546675, 71.79057274484505, 71.8119620114097, 71.83332786062253, 71.85467019841786, 71.87598893040244, 71.89728396185482, 71.91855519772473, 71.93980254263228, 71.96102590086737, 71.98222517638905, 72.00340027282483, 72.02455109347001, 72.04567754128713, 72.06677951890524, 72.08785692861935, 72.10890967238976, 72.12993765184153, 72.15094076826381, 72.17191892260922, 72.19287201549342, 72.21379994719433, 72.23470261765176, 72.25557992646671, 72.27643177290086, 72.29725805587611, 72.31805867397395, 72.33883352543495, 72.35958250815834, 72.38030551970141
[15], 71.35656987566523, 71.37845536347234, 71.4003193680287, 71.42216180190782, 71.44398257736998, 71.4657816063614, 71.48755880051353, 71.5093140711421, 71.53104732924655, 71.55275848550899, 71.57444745029362, 71.59611413364581, 71.61775844529143, 71.63938029463597, 71.66097959076392, 71.68255624243778, 71.7041101580976, 71.72564124586, 71.74714941351748, 71.76863456853772, 71.79009661806282, 71.81153546890859, 71.83295102756378, 71.8543432001894, 71.87571189261803, 71.89705701035304, 71.91837845856793, 71.93967614210571, 71.9609499654781, 71.98219983286488, 72.00342564811326, 72.0246273147372, 72.04580473591673, 72.06695781449729, 72.08808645298913, 72.10919055356666, 72.13027001806776, 72.15132474799324, 72.17235464450623, 72.19335960843148, 72.21433954025488, 72.23529434012279, 72.25622390784149, 72.27712814287659, 72.29800694435255, 72.31886021105197, 72.33968784141521, 72.36048973353977, 72.38126578517975, 72.40201589374541
[16], 71.3769628542158, 71.39887397869961, 71.42076365326768, 71.44263179042449, 71.46447830235984, 71.48630310094812, 71.50810609774756, 71.52988720399921, 71.5516463306264, 71.57338338823371, 71.59509828710632, 71.61679093720915, 71.63846124818603, 71.66010912935909, 71.68173448972773, 71.7033372379681, 71.72491728243213, 71.74647453114687, 71.76800889181372, 71.78952027180765, 71.81100857817644, 71.83247371764003, 71.85391559658964, 71.8753341210872, 71.89672919686447, 71.91810072932242, 71.9394486235305, 71.9607727842259, 71.9820731158129, 72.00334952236214, 72.02460190760995, 72.04583017495766, 72.06703422747094, 72.08821396787913, 72.10936929857459, 72.130500121612, 72.15160633870785, 72.1726878512396, 72.19374456024525, 72.21477636642263, 72.23578317012874, 72.25676487137927, 72.27772136984792, 72.29865256486585, 72.31955835542105, 72.34043864015788, 72.36129331737638, 72.38212228503183, 72.40292544073415, 72.4237026817474
[17], 71.39733072931547, 71.41926751340633, 71.4411828811517, 71.46307674498804, 71.48494901703573, 71.50679960909834, 71.52862843266176, 71.55043539889351, 71.5722204186417, 71.59398340243442, 71.6157242604788, 71.63744290266028, 71.65913923854177, 71.68081317736286, 71.70246462803907, 71.72409349916093, 71.74569969899339, 71.76728313547494, 71.78884371621679, 71.81038134850218, 71.83189593928563, 71.85338739519212, 71.87485562251639, 71.89630052722217, 71.91772201494142, 71.93911999097372, 71.96049436028535, 71.98184502750875, 72.00317189694168, 72.02447487254659, 72.04575385794989, 72.06700875644125, 72.08823947097295, 72.10944590415914, 72.13062795827526, 72.15178553525725, 72.17291853670105, 72.19402686386177, 72.21511041765321, 72.23616909864714, 72.25720280707273, 72.27821144281585, 72.29919490541855, 72.32015309407839, 72.34108590764791, 72.36199324463402, 72.38287500319743, 72.40373108115205, 72.42456137596453, 72.44536578475362
[18], 71.41767340760592, 71.43963587409367, 71.46157695804216, 71.48349657182072, 71.50539462748132, 71.52727103675772, 71.54912571106463, 71.57095856149678, 71.5927694988283, 71.61455843351169, 71.63632527567707, 71.65806993513141, 71.67979232135765, 71.70149234351392, 71.72316991043273, 71.74482493062017, 71.76645731225513, 71.78806696318847, 71.80965379094229, 71.8312177027091, 71.8527586053511, 71.87427640539934, 71.89577100905304, 71.91724232217872, 71.93869025030962, 71.96011469864479, 71.98151557204838, 72.00289277504902, 72.02424621183896, 72.04557578627343, 72.06688140186988, 72.08816296180733, 72.10942036892556, 72.13065352572455, 72.15186233436376, 72.17304669666137, 72.19420651409366, 72.21534168779442, 72.23645211855415, 72.25753770681956, 72.27859835269284, 72.29963395593101, 72.32064441594541, 72.34162963180094, 72.3625895022156, 72.38352392555977, 72.40443279985571, 72.42531602277693, 72.44617349164766, 72.46700510344225
[19], 71.43799079544563, 71.45997896697813, 71.481945790014, 71.50389117685658, 71.52581503949047, 71.54771728958059, 71.56959783847141, 71.5914565971861, 71.61329347642561, 71.63510838656796, 71.6569012376673, 71.67867193945311, 71.70042040132938, 71.72214653237381, 71.74385024133693, 71.76553143664133, 71.78719002638088, 71.8088259183199, 71.8304390198923, 71.85202923820088, 71.87359648001653, 71.89514065177738, 71.91666165958812, 71.93815940921912, 71.95963380610577, 71.98108475534767, 72.00251216170786, 72.0239159296121, 72.04529596314815, 72.06665216606497, 72.08798444177206, 72.10929269333873, 72.13057682349331, 72.15183673462258, 72.17307232877091, 72.19428350763972, 72.21547017258668, 72.23663222462511, 72.25776956442324, 72.27888209230366, 72.29996970824247, 72.32103231186889, 72.3420698024644, 72.36308207896226, 72.3840690399468, 72.40503058365285, 72.42596660796511, 72.44687701041765, 72.46776168819318, 72.48862053812255
[20], 71.4582827989098, 71.48029669799108, 71.50228928285549, 71.5242604657414, 71.546210158567, 71.56813827292946, 71.59004472010403, 71.6119294110433, 71.63379225637617, 71.65563316640714, 71.67745205111541, 71.69924882015404, 71.72102338284905, 71.74277564819874, 71.76450552487272, 71.7862129212111, 71.80789774522374, 71.82955990458937, 71.85119930665482, 71.8728158584342, 71.89440946660804, 71.91598003752264, 71.9375274771891, 71.95905169128268, 71.98055258514198, 72.0020300637681, 72.02348403182395, 72.04491439363349, 72.06632105318094, 72.08770391411002, 72.1090628797233, 72.1303978529813, 72.15170873650196, 72.17299543255974, 72.19425784308507, 72.21549586966347, 72.23670941353501, 72.2578983755935, 72.27906265638592, 72.3002021561116, 72.32131677462168, 72.3424064114184, 72.36347096565443, 72.38451033613227, 72.40552442130357, 72.42651311926852, 72.44747632777529, 72.46841394421931, 72.48932586564275, 72.51021198873399
[21], 71.47854932379, 71.50058897277869, 71.52260734206797, 71.54460434383225, 71.56657988992438, 71.5885338918748, 71.61046626089066, 71.63237690785489, 71.65426574332541, 71.6761326775343, 71.69797762038678, 71.71980048146052, 71.74160117000471, 71.7633795949392, 71.78513566485368, 71.8068692880069, 71.82858037232569, 71.85026882540427, 71.8719345545034, 71.89357746654943, 71.91519746813375, 71.93679446551168, 71.95836836460188, 71.97991907098546, 72.00144648990523, 72.02295052626484, 72.04443108462812, 72.0658880692182, 72.08732138391677, 72.10873093226338, 72.13011661745456, 72.15147834234318, 72.17281600943768, 72.19412952090133, 72.21541877855145, 72.2366836838588, 72.25792413794673, 72.27914004159065, 72.30033129521715, 72.32149779890338, 72.34263945237643, 72.36375615501257, 72.38484780583661, 72.40591430352126, 72.42695554638645, 72.44797143239875, 72.4689618591706, 72.48992672395993, 72.51086592366924, 72.53177935484524
[22], 71.49879027559385, 71.5208556967015, 71.54289987286546, 71.56492271619726, 71.58692413848547, 71.60890405119483, 71.63086236546535, 71.65279899211151, 71.67471384162126, 71.69660682415523, 71.71847784954579, 71.74032682729624, 71.76215366657995, 71.7839582762394, 71.80574056478547, 71.82750044039646, 71.84923781091732, 71.87095258385878, 71.8926446663965, 71.91431396537031, 71.93596038728325, 71.95758383830083, 71.97918422425028, 72.00076145061959, 72.02231542255683, 72.04384604486926, 72.0653532220226, 72.08683685814017, 72.10829685700224, 72.12973312204508, 72.15114555636035, 72.17253406269418, 72.19389854344658, 72.21523890067057, 72.23655503607148, 72.25784685100622, 72.27911424648254, 72.30035712315829, 72.32157538134076, 72.34276892098595, 72.36393764169782, 72.38508144272768, 72.40620022297348, 72.42729388097911, 72.44836231493377, 72.46940542267129, 72.49042310166953, 72.51141524904966, 72.53238176157562, 72.55332253565342
[23], 71.51900555954495, 71.54109677483427, 71.56316678017453, 71.58521548761537, 71.60724280888215, 71.62924865537498, 71.65123293816787, 71.67319556800778, 71.6951364553138, 71.7170555101762, 71.73895264235553, 71.7608277612818, 71.78268077605358, 71.8045115954371, 71.82632012786542, 71.8481062814375, 71.86986996391742, 71.89161108273348, 71.91332954497737, 71.93502525740328, 71.95669812642711, 71.97834805812562, 71.99997495823554, 72.02157873215288, 72.04315928493196, 72.0647165212847, 72.08625034557976, 72.10776066184174, 72.12924737375043, 72.15071038463995, 72.17214959749802, 72.19356491496517, 72.21495623933393, 72.23632347254814, 72.25766651620214, 72.27898527154001, 72.30027963945489, 72.32154952048815, 72.34279481482876, 72.36401542231253, 72.38521124242136, 72.4063821742826, 72.42752811666826, 72.44864896799449, 72.46974462632068, 72.490814989349, 72.51185995442358, 72.53287941852996, 72.55387327829433, 72.57484142998308
[24], 71.53919508058254, 71.56131211196578, 71.58340796863396, 71.60548256257606, 71.62753580545517, 71.64956760860791, 71.6715778830433, 71.69356653944193, 71.71553348815505, 71.73747863920363, 71.7594019022775, 71.78130318673443, 71.8031824015993, 71.8250394555631, 71.84687425698215, 71.86868671387718, 71.89047673393245, 71.91224422449488, 71.93398909257326, 71.9557112448372, 71.97741058761655, 71.9990870269003, 72.02074046833586, 72.04237081722822, 72.06397797853907, 72.085561856886, 72.1071223565417, 72.12865938143304, 72.15017283514045, 72.17166262089691, 72.19312864158728, 72.21457079974746, 72.23598899756364, 72.25738313687144, 72.27875311915525, 72.30009884554741, 72.32142021682742, 72.34271713342123, 72.36398949540053, 72.38523720248189, 72.40646015402623, 72.42765824903789, 72.44883138616407, 72.46997946369405, 72.49110237955853, 72.51220003132892, 72.53327231621665, 72.55431913107262, 72.57534037238632, 72.5963359362854
[25], 71.5593587433613, 71.58150161259844, 71.60362334259462, 71.62572384527903, 71.64780303225379, 71.669860814793, 71.6918971038418, 71.71391181001549, 71.73590484359852, 71.75787611454369, 71.77982553247118, 71.80175300666764, 71.82365844608525, 71.8455417593409, 71.86740285471525, 71.88924164015188, 71.91105802325626, 71.93285191129507, 71.9546232111952, 71.97637182954288, 71.99809767258286, 72.01980064621749, 72.04148065600592, 72.06313760716318, 72.08477140455943, 72.10638195271898, 72.12796915581957, 72.14953291769153, 72.17107314181688, 72.19258973132852, 72.21408258900955, 72.2355516172923, 72.2569967182576, 72.27841779363399, 72.29981474479695, 72.32118747276806, 72.34253587821428, 72.36385986144717, 72.38515932242211, 72.4064341607376, 72.4276842756345, 72.44890956599522, 72.47010993034313, 72.4912852668417, 72.5124354732939, 72.53356044714145, 72.55466008546414, 72.57573428497908, 72.59678294204016, 72.61780595263728
[26], 71.57949645225116, 71.60166518094829, 71.62381280611906, 71.64593923963413, 71.66804439303561, 71.69012817753622, 71.71219050401832, 71.73423128303298, 71.75625042479902, 71.77824783920211, 71.80022343579385, 71.82217712379085, 71.84410881207374, 71.86601840918638, 71.88790582333488, 71.90977096238666, 71.93161373386963, 71.95343404497123, 71.97523180253759, 71.99700691307258, 72.018759282737, 72.04048881734761, 72.06219542237639, 72.0838790029495, 72.10553946384664, 72.12717670949992, 72.14879064399325, 72.1703811710614, 72.1919481940891, 72.2134916161103, 72.23501133980736, 72.2565072675101, 72.2779793011951, 72.29942734248485, 72.32085129264695, 72.34225105259333, 72.36362652287943, 72.38497760370348, 72.40630419490566, 72.42760619596737, 72.44888350601047, 72.4701360237965, 72.49136364772602, 72.51256627583776, 72.53374380580796, 72.55489613494967, 72.57602316021202, 72.59712477817949, 72.61820088507126, 72.6392513767405
[27], 71.5996081113371, 71.62180272094456, 71.64397626298145, 71.66612864926094, 71.68825979126626, 71.71036960014986, 71.73245798673237, 71.75452486150179, 71.77657013461236, 71.79859371588377, 71.82059551480013, 71.84257544050911, 71.86453340182092, 71.88646930720745, 71.90838306480134, 71.93027458239506, 71.95214376743994, 71.97399052704533, 71.9958147679777, 72.01761639665968, 72.03939531916916, 72.06115144123847, 72.08288466825347, 72.10459490525261, 72.1262820569261, 72.14794602761505, 72.1695867213106, 72.19120404165302, 72.21279789193092, 72.2343681750803, 72.25591479368387, 72.27743764997004, 72.2989366458122, 72.3204116827279, 72.34186266187793, 72.3632894840656, 72.38469204973597, 72.40607025897498, 72.42742401150862, 72.44875320670229, 72.47005774355992, 72.49133752072323, 72.512592436471, 72.53382238871825, 72.5550272750156, 72.57620699254844, 72.59736143813625, 72.61849050823191, 72.63959409892095, 72.66067210592087
[28], 71.61969362441899, 71.64191413622969, 71.66411361666734, 71.68629197748868, 71.7084491301192, 71.73058498565217, 71.7526994548477, 71.7747924481317, 71.79686387559504, 71.81891364699248, 71.84094167174179, 71.8629478589228, 71.88493211727638, 71.90689435520365, 71.92883448076483, 71.95075240167854, 71.97264802532071, 71.99452125872368, 72.01637200857533, 72.03820018121816, 72.06000568264834, 72.08178841851485, 72.10354829411848, 72.1252852144111, 72.14699908399457, 72.1686898071201, 72.19035728768712, 72.21200142924255, 72.2336221349799, 72.25521930773841, 72.27679285000221, 72.29834266389936, 72.3198686512012, 72.34137071332137, 72.36284875131497, 72.38430266587784, 72.40573235734561, 72.42713772569307, 72.44851867053313, 72.46987509111622, 72.49120688632944, 72.51251395469573, 72.53379619437318, 72.55505350315417, 72.57628577846471, 72.5974929173636, 72.61867481654178, 72.63983137232152, 72.66096248065575, 72.6820680371273
[29], 71.63975289501128, 71.66199933015899, 71.68422477037338, 71.70642912735593, 71.72861231247553, 71.75077423676736, 71.7729148109321, 71.7950339453348, 71.81713155000398, 71.83920753463066, 71.86126180856739, 71.88329428082726, 71.90530486008296, 71.92729345466587, 71.94925997256507, 71.97120432142634, 71.99312640855133, 72.01502614089652, 72.0369034250724, 72.05875816734236, 72.08059027362201, 72.10239964947802, 72.12418620012737, 72.14594983043636, 72.16769044491974, 72.18940794773978, 72.2111022427054, 72.23277323327127, 72.25442082253697, 72.27604491324597, 72.29764540778498, 72.3192222081829, 72.34077521611002, 72.36230433287719, 72.38380945943496, 72.40529049637271, 72.42674734391788, 72.44817990193506, 72.46958806992527, 72.49097174702504, 72.51233083200567, 72.53366522327245, 72.55497481886384, 72.57625951645066, 72.59751921333539, 72.61875380645131, 72.63996319236185, 72.66114726725976, 72.68230592696644, 72.70343906693108
[30], 71.65978582634305, 71.6820582058005, 71.70430962700718, 71.72654000161046, 71.74874924092366, 71.77093725592512, 71.79310395725716, 71.81524925522511, 71.8373730597963, 71.85947528059914, 71.88155582692202, 71.90361460771256, 71.92565153157632, 71.94766650677612, 71.96965944123093, 71.99163024251496, 72.01357881785665, 72.03550507413782, 72.05740891789253, 72.07929025530643, 72.10114899221553, 72.12298503410541, 72.14479828611034, 72.16658865301218, 72.18835603923966, 72.21010034886731, 72.23182148561466, 72.25351935284522, 72.27519385356574, 72.29684489042513, 72.31847236571376, 72.34007618136243, 72.36165623894156, 72.38321243966034, 72.40474468436585, 72.42625287354217, 72.44773690730956, 72.46919668542363, 72.4906321072745, 72.51204307188596, 72.53342947791467, 72.55479122364926, 72.5761282070097, 72.59744032554636, 72.6187274764392, 72.63998955649716, 72.66122646215717, 72.68243808948358, 72.70362433416727, 72.72478509152494
[31], 71.67979232135765, 71.70209066593488, 71.7243680891872, 71.74662450270901, 71.76885981775928, 71.79107394526058, 71.81326679579806, 71.83543827961844, 71.85758830662905, 71.87971678639678, 71.90182362814713, 71.92390874076318, 71.9459720327847, 71.96801341240702, 71.9900327874802, 72.01203006550794, 72.0340051536467, 72.05595795870468, 72.07788838714085, 72.09979634506402, 72.1216817382319, 72.14354447205012, 72.16538445157131, 72.18720158149415, 72.20899576616239, 72.230766909564, 72.25251491533021, 72.2742396867346, 72.29594112669216, 72.31761913775838, 72.33927362212846, 72.3609044816362, 72.38251161775331, 72.40409493158843, 72.42565432388625, 72.44718969502674, 72.46870094502408, 72.49018797352605, 72.51165067981296, 72.53308896279697, 72.55450272102117, 72.57589185265874, 72.59725625551224, 72.61859582701258, 72.63991046421847, 72.66120006381547, 72.68246452211521, 72.70370373505463, 72.72491759819522, 72.74610600672229
[32], 71.69977228271264, 71.7220966130551, 71.74440005924242, 71.76668253281713, 71.78894394498502, 71.81118420661403, 71.83340322823331, 71.85560092003215, 71.87777719185897, 71.89993195322036, 71.92206511328001, 71.9441765808578, 71.96626626442864, 71.98833407212169, 72.01037991171917, 72.0324036906555, 72.05440531601624, 72.0763846945372, 72.09834173260334, 72.12027633624788, 72.14218841115137, 72.16407786264058, 72.18594459568772, 72.20778851490935, 72.22960952456552, 72.25140752855873, 72.27318243043308, 72.29493413337336, 72.31666254020395, 72.3383675533881, 72.36004907502688, 72.38170700685836, 72.40334125025663, 72.42495170623093, 72.44653827542476, 72.46810085811497, 72.48963935421095, 72.51115366325367, 72.53264368441482, 72.55410931649605, 72.57555045792802, 72.59696700676955, 72.61835886070686, 72.6397259170527, 72.6610680727455, 72.68238522434854, 72.70367726804928, 72.72494409965842, 72.74618561460913, 72.76740170795635
[33], 71.71972561277968, 71.74207594936652, 71.76440543921234, 71.78671399380903, 71.80900152431033, 71.83126794153077, 71.85351315594458, 71.87573707768485, 71.89793961654226, 71.92012068196422, 71.94228018305387, 71.9644180285689, 71.98653412692073, 72.00862838617337, 72.03070071404242, 72.0527510178942, 72.07477920474456, 72.09678518125803, 72.11876885374676, 72.14073012816958, 72.16266891013098, 72.18458510488009, 72.20647861730987, 72.22834935195596, 72.25019721299577, 72.27202210424758, 72.29382392916953, 72.31560259085869, 72.33735799205012, 72.35909003511588, 72.38079862206422, 72.4024836545385, 72.42414503381637, 72.44578266080883, 72.46739643605935, 72.48898625974287, 72.51055203166503, 72.53209365126122, 72.55361101759566, 72.57510402936059, 72.59657258487536, 72.61801658208563, 72.63943591856244, 72.66083049150137, 72.68220019772178, 72.70354493366587, 72.72486459539797, 72.74615907860365, 72.76742827858891, 72.78867209027942
[34], 71.73965221364433, 71.76202857678652, 71.78438413084675, 71.8067187872674, 71.82903245715136, 71.85132505126086, 71.87359648001653, 71.89584665349629, 71.91807548143436, 71.94028287322014, 71.96246873789732, 71.9846329841627, 72.00677552036528, 72.02889625450514, 72.05099509423252, 72.07307194684668, 72.09512671929504, 72.11715931817203, 72.13916964971816, 72.161157619819, 72.18312313400422, 72.20506609744653, 72.2269864149607, 72.2488839910027, 72.2707587296685, 72.29261053469332, 72.31443930945049, 72.33624495695061, 72.3580273798405, 72.37978648040229, 72.40152216055246, 72.42323432184097, 72.44492286545014, 72.46658769219393, 72.48822870251688, 72.50984579649325, 72.53143887382608, 72.55300783384631, 72.57455257551186, 72.59607299740672, 72.61756899774015, 72.63904047434569, 72.66048732468039, 72.68190944582385, 72.70330673447745, 72.72467908696349, 72.74602639922426, 72.76734856682135, 72.78864548493473, 72.80991704836198
[35], 71.759551987106, 71.78195439694453, 71.80433603560557, 71.82669681448323, 71.84903664463066, 71.87135543675905, 71.89365310123654, 71.91592954808716, 71.93818468698976, 71.96041842727702, 71.98263067793431, 72.00482134759875, 72.0269903445581, 72.04913757674976, 72.07126295175966, 72.09336637682141, 72.11544775881498, 72.13750700426603, 72.15954401934458, 72.18155870986416, 72.20355098128078, 72.2255207386919, 72.24746788683541, 72.26939233008865, 72.29129397246744, 72.3131727176251, 72.33502846885135, 72.35686112907148, 72.37867060084528, 72.40045678636615, 72.42221958746003, 72.44395890558455, 72.46567464182797, 72.48736669690835, 72.50903497117254, 72.53067936459523, 72.55229977677806, 72.57389610694872, 72.59546825395995, 72.61701611628874, 72.63853959203534, 72.66003857892241, 72.68151297429411, 72.70296267511526, 72.72438757797045, 72.74578757906312, 72.7671625742148, 72.78851245886419, 72.80983712806639, 72.83113647649196
[36], 71.77942483467776, 71.80185331118183, 71.8242610546588, 71.84664797645567, 71.86901398757715, 71.89135899868452, 71.91368292009464, 71.93598566177884, 71.95826713336184, 71.98052724412072, 72.00276590298384, 72.02498301852977, 72.04717849898627, 72.06935225222921, 72.09150418578155, 72.11363420681225, 72.13574222213525, 72.15782813820849, 72.17989186113276, 72.2019332966508, 72.22395235014608, 72.24594892664207, 72.26792293080092, 72.2898742669227, 72.31180283894415, 72.33370855043789, 72.3555913046113, 72.37745100430553, 72.39928755199459, 72.42110084978427, 72.44289079941117, 72.46465730224186, 72.48640025927173, 72.50811957112407, 72.52981513804927, 72.55148685992366, 72.57313463624865, 72.59475836614988, 72.6163579483761, 72.63793328129846, 72.65948426290939, 72.68101079082184, 72.70251276226834, 72.72399007410002, 72.74544262278582, 72.7668703044116, 72.78827301467922, 72.80965064890569, 72.83100310202234, 72.85233026857395
[37], 71.79927065758635, 71.82172522055149, 71.84415908888634, 71.86657217389202, 71.88896438652596, 71.9113356374008, 71.93368583678328, 71.95601489459328, 71.97832272040259, 72.00060922343391, 72.02287431255975, 72.04511789630142, 72.06733988282787, 72.08954017995467, 72.11171869514297, 72.13387533549837, 72.15601000776996, 72.17812261834918, 72.20021307326883, 72.22228127820198, 72.24432713846095, 72.26635055899631, 72.28835144439577, 72.31032969888321, 72.33228522631765, 72.35421793019219, 72.37612771363305, 72.39801447939851, 72.41987812987794, 72.4417185670908, 72.46353569268558, 72.48532940793892, 72.50709961375455, 72.52884621066234, 72.55056909881725, 72.57226817799855, 72.59394334760864, 72.61559450667224, 72.63722155383539, 72.65882438736456, 72.68040290514556, 72.70195700468284, 72.72348658309842, 72.74499153713101, 72.7664717631351, 72.78792715708009, 72.80935761454937, 72.83076303073945, 72.85214330045909, 72.87349831812841
[38], 71.81908935677203, 71.84157002581823, 71.8640300388779, 71.88646930720745, 71.90888774171827, 71.93128525297556, 71.9536617511972, 71.97601714625283, 71.99835134766248, 72.02066426459575, 72.04295580587058, 72.06522587995212, 72.08747439495181, 72.10970125862615, 72.13190637837567, 72.15408966124392, 72.17625101391624, 72.19839034271894, 72.22050755361794, 72.24260255221797, 72.26467524376137, 72.28672553312705, 72.30875332482952, 72.33075852301774, 72.35274103147417, 72.37470075361364, 72.39663759248246, 72.41855145075723, 72.44044223074397, 72.46230983437697, 72.48415416321785, 72.50597511845461, 72.5277726009005, 72.54954651099311, 72.57129674879339, 72.59302321398458, 72.61472580587139, 72.6364044233788, 72.65805896505135, 72.67968932905202, 72.70129541316129, 72.7228771147763, 72.74443433090973, 72.76596695818907, 72.78747489285558, 72.80895803076339, 72.83041626737865, 72.85184949777852, 72.87325761665039, 72.89464051829094
[39], 71.83888083288849, 71.86138762745837, 71.88387380493288, 71.90633927652497, 71.9287839531012, 71.95120774518054, 71.9736105629333, 71.99599231618002, 72.01835291439035, 72.04069226668192, 72.06301028181927, 72.08530686821281, 72.10758193391759, 72.12983538663228, 72.1520671336981, 72.17427708209767, 72.19646513845402, 72.21863120902933, 72.24077519972407, 72.26289701607581, 72.2849965632581, 72.30707374607954, 72.32912846898259, 72.35116063604256, 72.3731701509666, 72.39515691709255, 72.41712083738798, 72.43906181444913, 72.46097975049982, 72.48287454739048, 72.50474610659711, 72.52659432922025, 72.54841911598393, 72.57022036723475, 72.59199798294075, 72.61375186269055, 72.63548190569223, 72.65718801077242, 72.67887007637529, 72.7005280005616, 72.7221616810077, 72.74377101500458, 72.76535589945695, 72.78691623088223, 72.80845190540963, 72.8299628187793, 72.85144886634124, 72.87290994305458, 72.8943459434865, 72.91575676181142
[40], 71.85864498630285, 71.88117792565978, 71.90369028706037, 71.92618198167537, 71.94865292032773, 71.97110301349147, 71.9935321712905, 72.0159403034976, 72.03832731953318, 72.06069312846421, 72.08303763900315, 72.10536075950678, 72.12766239797509, 72.14994246205016, 72.17220085901513, 72.19443749579301, 72.21665227894562, 72.23884511467247, 72.26101590880971, 72.283164566829, 72.30529099383644, 72.32739509457146, 72.34947677340581, 72.3715359343424, 72.3935724810143, 72.4155863166836, 72.43757734424047, 72.4595454662019, 72.4814905847109, 72.50341260153526, 72.52531141806655, 72.54718693531915, 72.56903905392915, 72.59086767415333, 72.61267269586818, 72.63445401856883, 72.65621154136808, 72.67794516299537, 72.69965478179581, 72.72134029572916, 72.74300160236885, 72.76463859890104, 72.78625118212358, 72.80783924844512, 72.82940269388409, 72.8509414140678, 72.87245530423147, 72.89394425921728, 72.91540817347348, 72.93684694105349
[41], 71.87838171709558, 71.90094082032178, 71.923479384979, 71.94599732219706, 71.96849454275657, 71.99097095708781, 72.01342647526963, 72.03586100702817, 72.05827446173599, 72.0806667484106, 72.10303777571362, 72.12538745194949, 72.14771568506437, 72.17002238264507, 72.19230745191788, 72.21457079974746, 72.23681233263572, 72.25903195672073, 72.28122957777559, 72.30340510120735, 72.32555843205586, 72.34768947499272, 72.36979813432022, 72.39188431397011, 72.41394791750267, 72.43598884810551, 72.45800700859262, 72.48000230140313, 72.5019746286004, 72.52392389187084, 72.54584999252293, 72.56775283148613, 72.58963230930982, 72.61148832616229, 72.63332078182967, 72.65512957571492, 72.67691460683677, 72.69867577382878, 72.72041297493821, 72.7421261080251, 72.76381507056124, 72.78547975962915, 72.80712007192116, 72.82873590373833, 72.85032715098957, 72.8718937091906, 72.89343547346309, 72.91495233853351, 72.93644419873247, 72.95791094799351
[42], 71.89809092506042, 71.92067621105505, 71.9432409981169, 71.96578519733606, 71.98830871945212, 72.01081147485286, 72.03329337357327, 72.0557543252943, 72.0781942393417, 72.10061302468496, 72.12301058993606, 72.14538684334839, 72.16774169281557, 72.1900750458704, 72.21238680968357, 72.23467689106269, 72.25694519645103, 72.2791916319265, 72.30141610320044, 72.32361851561656, 72.34579877414976, 72.3679567834051, 72.39009244761664, 72.41220567064629, 72.43429635598278, 72.4563644067406, 72.47840972565878, 72.50043221509986, 72.52243177704887, 72.54440831311213, 72.56636172451627, 72.58829191210712, 72.61019877634867, 72.63208221732194, 72.65394213472399, 72.6757784278669, 72.69759099567663, 72.71937973669209, 72.74114454906399, 72.7628853305539, 72.78460197853325, 72.8062943899822, 72.82796246148878, 72.8496060892478, 72.87122516905984, 72.89281959633036, 72.91438926606862, 72.93593407288681, 72.95745391099896, 72.97894867422013
[43], 71.9177725097044, 71.94038399718168, 71.96297502561163, 71.98554550604594, 72.00809534918434, 72.03062446537349, 72.05313276460579, 72.0756201565182, 72.09808655039106, 72.12053185514702, 72.14295597934972, 72.16535883120281, 72.18774031854868, 72.21010034886731, 72.2324388292752, 72.25475566652412, 72.27705076700005, 72.29932403672197, 72.32157538134076, 72.34380470613812, 72.36601191602527, 72.388196915542, 72.41035960885544, 72.43249989975901, 72.45461769167117, 72.47671288763453, 72.4987853903145, 72.52083510199832, 72.54286192459395, 72.56486575962896, 72.5868465082494, 72.60880407121877, 72.63073834891692, 72.65264924133895, 72.67453664809415, 72.69640046840499, 72.71824060110595, 72.74005694464252, 72.76184939707024, 72.78361785605345, 72.8053622188645, 72.8270823823825, 72.84877824309247, 72.87044969708415, 72.8920966400512, 72.91371896728997, 72.93531657369873, 72.95688935377649, 72.97843720162213, 72.99996001093335
[44], 71.93742637024789, 71.96006407773513, 71.98268136631022, 72.00527814698768, 72.02785433042875, 72.05040982694021, 72.07294454647314, 72.0954583986218, 72.11795129262246, 72.14042313735214, 72.16287384132754, 72.18530331270381, 72.20771145927337, 72.23009818846475, 72.25246340734151, 72.2748070226009, 72.29712894057289, 72.31942906721888, 72.3417073081306, 72.36396356852894, 72.38619775326285, 72.40840976680813, 72.43059951326632, 72.45276689636356, 72.47491181944946, 72.49703418549593, 72.51913389709618, 72.54121085646342, 72.56326496542988, 72.58529612544562, 72.60730423757748, 72.6292892025079, 72.65125092053393, 72.67318929156603, 72.69510421512702, 72.71699559035106, 72.73886331598244, 72.76070729037465, 72.7825274114892, 72.80432357689465, 72.82609568376542, 72.84784362888097, 72.86956730862453, 72.89126661898219, 72.91294145554183, 72.93459171349211, 72.9562172876215, 72.97781807231718, 72.99939396156408, 73.02094484894398
[45], 71.95705240562442, 71.97971635146013, 72.00235991876902, 72.02498301852977, 72.04758556136638, 72.07016745754703, 72.09272861698282, 72.11526894922663, 72.13778836347188, 72.16028676855137, 72.18276407293608, 72.205220184734, 72.2276550116889, 72.25006846117917, 72.2724604402167, 72.29483085544561, 72.31717961314112, 72.33950661920838, 72.36181177918124, 72.38409499822122, 72.4063561811162, 72.42859523227935, 72.45081205574793, 72.47300655518212, 72.49517863386399, 72.51732819469616, 72.53945514020087, 72.56155937251862, 72.58364079340726, 72.60569930424067, 72.62773480600775, 72.64974719931128, 72.67173638436677, 72.69370226100138, 72.71564472865279, 72.73756368636816, 72.75945903280295, 72.78133066621984, 72.80317848448777, 72.8250023850807, 72.8468022650766, 72.86857802115647, 72.8903295496031, 72.9120567463002, 72.93375950673123, 72.95543772597847, 72.97709129872183, 72.998720119238, 73.02032408139932, 73.04190307867283
[46], 71.97665051448084, 71.9993407168128, 72.02201058125382, 72.04466001874809, 72.06728893988367, 72.08989725489144, 72.11248487364385, 72.13505170565368, 72.15759766007284, 72.1801226456912, 72.20262657093537, 72.22510934386747, 72.24757087218396, 72.27001106321443, 72.2924298239204, 72.31482706089417, 72.33720268035756, 72.35955658816077, 72.38188868978116, 72.40419889032215, 72.42648709451191, 72.44875320670229, 72.47099713086762, 72.4932187706035, 72.51541802912571, 72.53759480926895, 72.5597490134858, 72.58188054384544, 72.6039893020326, 72.6260751893464, 72.6481381066991, 72.67017795461511, 72.6921946332298, 72.71418804228836, 72.73615808114462, 72.7581046487601, 72.78002764370271, 72.80192696414578, 72.8238025078669, 72.8456541722468, 72.8674818542683, 72.88928545051529, 72.91106485717147, 72.93281997001945, 72.95455068443965, 72.97625689540918, 72.99793849750084, 73.01959538488208, 73.04122745131396, 73.06283459015008
[47], 71.9962205951773, 72.01893707196054, 72.04163325173978, 72.06430904542594, 72.08696436357252, 72.1095991163744, 72.13221321366667, 72.15480656492339, 72.17737907925626, 72.19993066541358, 72.22246123177885, 72.24497068636971, 72.26745893683662, 72.28992589046166, 72.31237145415743, 72.33479553446563, 72.3571980375561, 72.3795788692254, 72.40193793489574, 72.42427513961377, 72.4465903880493, 72.46888358449424, 72.49115463286131, 72.51340343668285, 72.53562989910972, 72.55783392291008, 72.58001541046815, 72.60217426378317, 72.6243103844681, 72.64642367374859, 72.66851403246167, 72.69058136105475, 72.71262555958435, 72.734646527715, 72.75664416471815, 72.77861836947095, 72.80056904045517, 72.82249607575602, 72.8443993730612, 72.86627882965949, 72.88813434243997, 72.90996580789066, 72.93177312209758, 72.9535561807436, 72.97531487910737, 72.99704911206224, 73.01875877407518, 73.04044375920576, 73.06210396110505, 73.08373927301461

lat.Y[48]
460800.0, 464000.0, 467200.0, 470400.0, 473600.0, 476800.0, 480000.0, 483200.0, 486400.0, 489600.0, 492800.0, 496000.0, 499200.0, 502400.0, 505600.0, 508800.0, 512000.0, 515200.0, 518400.0, 521600.0, 524800.0, 528000.0, 531200.0, 534400.0, 537600.0, 540800.0, 544000.0, 547200.0, 550400.0, 553600.0, 556800.0, 560000.0, 563200.0, 566400.0, 569600.0, 572800.0, 576000.0, 579200.0, 582400.0, 585600.0, 588800.0, 592000.0, 595200.0, 598400.0, 601600.0, 604800.0, 608000.0, 611200.0

lat.X[50]
1936000.0, 1939200.0, 1942400.0, 1945600.0, 1948800.0, 1952000.0, 1955200.0, 1958400.0, 1961600.0, 1964800.0, 1968000.0, 1971200.0, 1974400.0, 1977600.0, 1980800.0, 1984000.0, 1987200.0, 1990400.0, 1993600.0, 1996800.0, 2000000.0, 2003200.0, 2006400.0, 2009600.0, 2012800.0, 2016000.0, 2019200.0, 2022400.0, 2025600.0, 2028800.0, 2032000.0, 2035200.0, 2038400.0, 2041600.0, 2044800.0, 2048000.0, 2051200.0, 2054400.0, 2057600.0, 2060800.0, 2064000.0, 2067200.0, 2070400.0, 2073600.0, 2076800.0, 2080000.0, 2083200.0, 2086400.0, 2089600.0, 2092800.0


lon.lon[48][50]
[0], 23.991490216992354, 24.05547067291497, 24.119599151038614, 24.183876004414387, 24.24830158623513, 24.312876249825667, 24.37760034863298, 24.44247423621623, 24.507498266236663, 24.572672792447392, 24.63799816868307, 24.703474748849448, 24.769102886912734, 24.83488293688893, 24.900815252832967, 24.966900188827758, 25.033138098973048, 25.09952933737425, 25.166074258131072, 25.232773215325988, 25.299626563012637, 25.366634655204102, 25.433797845860965, 25.5011164888793, 25.56859093807854, 25.636221547189113, 25.704008669840064, 25.771952659546468, 25.840053869696668, 25.90831265353947, 25.976729364171124, 26.04530435452217, 26.114037977344168, 26.182930585196267, 26.251982530431622, 26.321194165183666, 26.390565841352252, 26.460097910589653, 26.52979072428635, 26.599644633556764, 26.66965998922476, 26.739837141809033, 26.81017644150835, 26.880678238186636, 26.951342881357846, 27.022170720170788, 27.09316210339371, 27.164317379398767, 27.2356368961463, 27.307121001168976
[1], 23.925219473996982, 23.98919471152334, 24.053318290857998, 24.117590567354487, 24.182011896519402, 24.246582634002664, 24.311303135587735, 24.376173757181597, 24.44119485480474, 24.506366784580873, 24.57168990272666, 24.637164565541262, 24.702791129395692, 24.768569950722185, 24.834501386003325, 24.900585791761074, 24.966823524545685, 25.033214940924484, 25.099760397470487, 25.166460250750944, 25.23331485731569, 25.300324573685383, 25.367489756339637, 25.43481076170496, 25.502287946142605, 25.569921665936256, 25.63771227727958, 25.70566013626367, 25.77376559886426, 25.842029020928912, 25.910450758163986, 25.97903116612148, 26.047770600185732, 26.116669415559972, 26.18572796725274, 26.254946610064145, 26.32432569857196, 26.393865587117617, 26.463566629792002, 26.5334291804211, 26.60345359255153, 26.673640219435914, 26.74398941401804, 26.81450152891794, 26.885176916416786, 26.95601592844161, 27.027018916549903, 27.098186231914013, 27.169518225305442, 27.241015247078913
[2], 23.85880074441286, 23.922770408350505, 23.986888733541058, 24.05115607765006, 24.115572798507564, 24.18013925409845, 24.244855802552593, 24.309722802134914, 24.37474061123531, 24.43990958835844, 24.50523009211344, 24.570702481203426, 24.63632711441497, 24.70210435060736, 24.768034548701785, 24.834118067670378, 24.900355266525096, 24.96674650430654, 25.033292140072547, 25.099992532886763, 25.166848041806944, 25.233859025873258, 25.30102584409637, 25.368348855445372, 25.435828418835662, 25.503464893116618, 25.571258637059124, 25.639210009343003, 25.707319368544248, 25.77558707312221, 25.844013481406495, 25.91259895158386, 25.981343841684854, 26.0502485095704, 26.11931331291817, 26.188538609208805, 26.257924755712068, 26.327472109472723, 26.39718102729637, 26.46705186573509, 26.53708498107289, 26.607280729311093, 26.677639466153465, 26.74816154699128, 26.81884732688816, 26.889697160564786, 26.960711402383456, 27.031890406332487, 27.1032345260104, 27.17474411461005
[3], 23.792233711097847, 23.856197443953786, 23.92031015733311, 23.984572211222936, 24.048983965786515, 24.113545781353483, 24.178258018410105, 24.24312103758929, 24.308135199660555, 24.373300865519823, 24.438618396179134, 24.50408815275617, 24.56971049646373, 24.635485788599002, 24.701414390532737, 24.767496663698324, 24.83373296958067, 24.900123669704985, 24.966669125625444, 25.033369698913674, 25.100225751147157, 25.167237643897433, 25.234405738718255, 25.30173039713349, 25.36921198062499, 25.43685085062026, 25.50464736848, 25.572601895485512, 25.640714792825932, 25.708986421585376, 25.777417142729906, 25.84600731709433, 25.914757305368887, 25.98366746808579, 26.05273816560558, 26.121969758103372, 26.191362605554925, 26.260917067722573, 26.33063350414101, 26.40051227410288, 26.470553736644266, 26.54075825053002, 26.611126174238855, 26.681657865948416, 26.752353683520063, 26.82321398448359, 26.894239126021713, 26.96542946495446, 27.036785357723343, 27.108307160375396
[4], 23.72551805709344, 23.78947549906464, 23.853582240643995, 23.917838644149803, 23.98224507208817, 24.04680188714332, 24.111509452167834, 24.176368130172666, 24.241378284317154, 24.306540277898787, 24.371854474342946, 24.437321237192467, 24.502940930097047, 24.568713916802608, 24.63464056114043, 24.700721227016242, 24.766956278399103, 24.83334607931021, 24.899890993811542, 24.96659138599436, 25.033447619967596, 25.100460059846096, 25.16762906973872, 25.23495501373629, 25.302438255899414, 25.370079160246206, 25.437878090739762, 25.50583541127561, 25.5739514856689, 25.642226677641588, 25.710661350809332, 25.77925586866833, 25.84801059458198, 25.916925891767388, 25.98600212328177, 26.055239652008606, 26.124638840643748, 26.194200051681314, 26.263923647399455, 26.333809989845943, 26.403859440823616, 26.474072361875677, 26.544449114270815, 26.614990058988198, 26.68569555670225, 26.756565967767347, 26.82760165220227, 26.898802969674563, 26.97017027948467, 27.04170394054998
[5], 23.658653465636267, 23.72260425460023, 23.786704662059744, 23.85095505267381, 23.915355791301096, 23.97990724299021, 24.044609772969963, 24.109463746639424, 24.17446952955791, 24.239627487434795, 24.304937986119224, 24.370401391589734, 24.43601806994362, 24.501788387386355, 24.567712710220693, 24.6337914048358, 24.70002483769609, 24.766413375330103, 24.8329573843191, 24.899657231285612, 24.96651328288178, 25.033525905777637, 25.100695466649213, 25.168022332166434, 25.235506868981023, 25.303149443714126, 25.37095042294386, 25.438910173192713, 25.50702906091477, 25.575307452482843, 25.643745714175374, 25.7123442121633, 25.78110331249665, 25.85002338109108, 25.91910478371423, 25.988347885971912, 26.057753053294146, 26.127320650921092, 26.197051043888745, 26.266944597014557, 26.337001674882828, 26.40722264183, 26.477607861929755, 26.548157698977963, 26.618872516477474, 26.68975267762274, 26.760798545284278, 26.83201048199299, 26.903388849924266, 26.97493401088197
[6], 23.591639620169836, 23.65558339167515, 23.7196771003542, 23.78392111321627, 23.848315797482215, 23.912861520574836, 23.97755865010908, 24.042407553882175, 24.107408599863568, 24.17256215618481, 24.23786859112924, 24.30332827312163, 24.368941570717578, 24.434708852592887, 24.500630487532764, 24.56670684442084, 24.632938292228147, 24.699325200001883, 24.765867936854097, 24.83256687195018, 24.899422374497263, 24.96643481373247, 25.03360455891101, 25.100931979294124, 25.16841744413695, 25.236061322676132, 25.303863984117438, 25.37182579762306, 25.439947132298915, 25.508228357181704, 25.57666984122589, 25.645271953290454, 25.714035062125568, 25.782959536359087, 25.852045744482876, 25.921294054839016, 25.99070483560582, 26.060278454783724, 26.13001528018102, 26.199915679399393, 26.269980019819343, 26.34020866858544, 26.410601992591406, 26.481160358465033, 26.551884132552953, 26.622773680905247, 26.693829369259873, 26.76505156302694, 26.836440627272808, 26.90799692670404
[7], 23.524476204356276, 23.58841259161319, 23.65249923450091, 23.716736502388503, 23.781124764868697, 23.84566439174822, 23.910355753038075, 23.975199218943644, 24.04019515985469, 24.105343946335196, 24.170645949113123, 24.236101539070003, 24.3017110872304, 24.36747496475128, 24.433393542911194, 24.499467193099356, 24.56569628680458, 24.63208119560409, 24.69862229115218, 24.76531994516875, 24.83217452942765, 24.89918641574499, 24.966355975967204, 25.033683581959046, 25.101169605591352, 25.168814418728786, 25.23661839321732, 25.30458190087165, 25.37270531346241, 25.440989002703276, 25.50943334023789, 25.57803869762667, 25.646805446333428, 25.71573395771186, 25.78482460299188, 25.854077753265813, 25.923493779474367, 25.993073052392553, 26.062815942615366, 26.132722820543336, 26.20279405636791, 26.27303002005671, 26.343431081338547, 26.41399760968839, 26.48472997431205, 26.555628544130794, 26.626693687765744, 26.697925773522126, 26.769325169373325, 26.84089224294481
[8], 23.457162902088246, 23.52109153595929, 23.58517074368503, 23.649400897003826, 23.713782367889895, 23.77831552854367, 23.84300075138208, 23.907838409028685, 23.972828874303683, 24.037972520213764, 24.1032697199419, 24.16872084683692, 24.23432627440301, 24.300086376289087, 24.36600152627798, 24.432072098275547, 24.498298466299573, 24.564681004468657, 24.6312200869908, 24.69791608815202, 24.764769382304646, 24.83178034385568, 24.89894934725482, 24.96627676698246, 25.033762977537524, 25.101408353425118, 25.169213269144077, 25.237178099174326, 25.305303217964145, 25.373588999917228, 25.442035819379633, 25.510644050626567, 25.579414067848983, 25.648346245140107, 25.717440956481727, 25.786698575730366, 25.85611947660328, 25.92570403266435, 25.995452617309716, 26.065365603753367, 26.13544336501247, 26.205686273892614, 26.27609470297283, 26.346669024590497, 26.417409610826038, 26.48831683348749, 26.5593910640949, 26.63063267386452, 26.70204203369285, 26.773619514140563
[9], 23.389699397501005, 23.453619906491582, 23.517691307315395, 23.581913974089588, 23.64628828117947, 23.71081460318892, 23.775493314950662, 23.840324791516426, 23.905309408146966, 23.97044754030194, 24.03573956362969, 24.101185853956885, 24.166786787277967, 24.232542739744584, 24.298454087654765, 24.364521207442056, 24.43074447566443, 24.49712426899315, 24.56366096420143, 24.630354938152973, 24.697206567790374, 24.764216230123388, 24.831384302217007, 24.898711161179495, 24.966197184150126, 25.033842748286954, 25.10164823075426, 25.16961400871, 25.237740459293, 25.306027959610045, 25.37447688672282, 25.44308761763468, 25.511860529277268, 25.580795998496995, 25.649894402041355, 25.719156116545072, 25.788581518516104, 25.858170984321475, 25.92792489017298, 25.99784361211268, 26.06792752599824, 26.138177007488178, 26.20859243202685, 26.279174174829336, 26.34992261086611, 26.420838114847605, 26.491921061208565, 26.563171824092215, 26.634590777334317, 26.706178294446993
[10], 23.32208537498454, 23.385997385233587, 23.450060605036747, 23.514275410899423, 23.578642179587625, 23.643161288118375, 23.70783311375006, 23.772658033972547, 23.83763642649726, 23.90276866924705, 23.968055140346014, 24.033496218109146, 24.099092281031794, 24.164843707779095, 24.230750877175197, 24.296814168192363, 24.363033959939933, 24.42941063165317, 24.495944562681938, 24.562636132479266, 24.629485720589713, 24.696493706637686, 24.76366047031552, 24.83098639137149, 24.898471849597584, 24.966117224817236, 25.033922896872827, 25.10188924561308, 25.170016650880292, 25.238305492497414, 25.306756150254976, 25.37536900389786, 25.44414443311192, 25.51308281751046, 25.5821845366205, 25.65144996986898, 25.720879496568703, 25.790473495904198, 25.860232346917343, 25.93015642849293, 26.000246119343945, 26.070501797996798, 26.140923842776306, 26.211512631790544, 26.282268542915517, 26.353191953779685, 26.424283241748288, 26.495542783907528, 26.56697095704854, 26.638568137651255
[11], 23.254320519195872, 23.318223654466486, 23.38227831674202, 23.446484884925585, 23.51084373819344, 23.575355255985492, 23.64001981799559, 23.704837804161706, 23.76980959465601, 23.834935569874794, 23.900216110428257, 23.965651597130186, 24.03124241098747, 24.0969889331895, 24.162891545097416, 24.228950628233253, 24.295166564268875, 24.361539735014855, 24.42807052240917, 24.494759308505735, 24.56160647546285, 24.62861240553144, 24.695777481043212, 24.763102084398607, 24.830586598054662, 24.89823140451265, 24.96603688630567, 25.034003425985986, 25.10213140611229, 25.17042120923675, 25.23887321789198, 25.30748781457778, 25.376265381747736, 25.44520630179573, 25.514310957042188, 25.583579729720267, 25.653013001961785, 25.722611155783074, 25.792374573070642, 25.862303635566647, 25.93239872485422, 26.002660222342648, 26.07308850925236, 26.143683966599756, 26.214446975181865, 26.285377915560822, 26.356477168048215, 26.427745112689202, 26.499182129246485, 26.570788597184134
[12], 23.186404515071423, 23.250298396741563, 23.314344122584814, 23.378542073911383, 23.44289263231739, 23.50739617967526, 23.572053098124137, 23.636863770060028, 23.70182857812594, 23.76694790520179, 23.832222134394218, 23.897651649026294, 23.963236832627036, 24.028978068920832, 24.094875741816708, 24.160930235397476, 24.227141933908694, 24.29351122174754, 24.36003848345154, 24.426724103687107, 24.493568467237974, 24.56057195899348, 24.627734963936703, 24.69505786713246, 24.762541053715093, 24.83018490887623, 24.89798981785228, 24.965956165911823, 25.03408433834285, 25.10237472043985, 25.17082769749073, 25.23944365476358, 25.30822297749328, 25.37716605086799, 25.446273260015392, 25.515544989988868, 25.584981625753446, 25.654583552171626, 25.724351153989016, 25.794284815819825, 25.864384922132164, 25.93465185723321, 26.005086005254174, 26.075687750135128, 26.14645747560961, 26.21739556518913, 26.288502402147483, 26.359778369504795, 26.43122385001156, 26.50283922613235
[13], 23.118337047839578, 23.18222129489276, 23.246257702991926, 23.310446655863824, 23.374788537533917, 23.439283732316852, 23.503932624806822, 23.568735599867825, 23.633693042623737, 23.698805338448278, 23.764072872954863, 23.829496031986302, 23.895075201604318, 23.96081076807904, 24.02670311787825, 24.09275263765652, 24.15895971424427, 24.225324734636565, 24.291848085981908, 24.358530155570783, 24.425371330824085, 24.492371999281424, 24.559532548589278, 24.626853366488962, 24.694334840804494, 24.761977359430272, 24.82978131031864, 24.897747081467262, 24.965875060906356, 25.034165636685778, 25.10261919686198, 25.171236129484733, 25.240016822583762, 25.308961664155177, 25.378071042147806, 25.44734534444929, 25.51678495887203, 25.586390273139063, 25.656161674869626, 25.72609955156465, 25.796204290592087, 25.866476279172, 25.936915904361594, 26.007523553039956, 26.078299611892678, 26.14924446739636, 26.220358505802835, 26.291642113123302, 26.363095675112227, 26.43471957725112
[14], 23.050117803033306, 23.11399203204932, 23.178018738676087, 23.24219830906627, 23.306531129684203, 23.37101758729636, 23.43565806896179, 23.500452962022358, 23.565402654092846, 23.630507533050952, 23.695767987027164, 23.76118440439445, 23.826757173757844, 23.892486683943908, 23.958373323990017, 24.024417483133544, 24.090619550800852, 24.156979916596203, 24.22349897029049, 24.290177101809814, 24.357014701223957, 24.424012158734666, 24.491169864663796, 24.558488209441357, 24.6259675835933, 24.693608377729284, 24.761410982530187, 24.829375788735504, 24.89750318713061, 24.965793568533822, 25.034247323783344, 25.10286484372402, 25.17164651919395, 25.24059274101095, 25.30970389995883, 25.378980386773527, 25.448422592129038, 25.518030906623263, 25.5878057207636, 25.657747424952426, 25.72785640947237, 25.79813306447144, 25.868577779948012, 25.939190945735575, 26.009972951487335, 26.08092418666068, 26.152045040501417, 26.22333590202785, 26.294797160014703, 26.36642920297682
[15], 22.981746466502983, 23.045610291648625, 23.109626910648775, 23.173796712091345, 23.23812008488902, 23.302597418269738, 23.367229101767126, 23.432015525210797, 23.49695707871647, 23.562054152675945, 23.627307137747074, 23.69271642484341, 23.75828240512384, 23.824005469982065, 23.88988601103589, 23.95592442011644, 24.022121089257176, 24.088476410682787, 24.15499077679798, 24.221664580176032, 24.2884982135473, 24.3554920697875, 24.422646541905902, 24.489962023033314, 24.557438906409953, 24.62507758537316, 24.692878453344957, 24.760841903819454, 24.828968330350087, 24.897258126536677, 24.96571168601244, 25.034329402430675, 25.103111669451415, 25.172058880727874, 25.24117142989274, 25.310449710544265, 25.379894116232258, 25.449505040443853, 25.519282876589152, 25.589228017986667, 25.65934085784858, 25.729621789265902, 25.800071205193408, 25.870689498434363, 25.941477061625157, 26.01243428721971, 26.083561567473712, 26.154859294428682, 26.226327859895854, 26.297967655439898
[16], 22.913222724429232, 22.977075757449125, 23.041081900233163, 23.10524154381387, 23.169555079561746, 23.234022899175766, 23.298645394673873, 23.36342295838328, 23.428355982930604, 23.49344486123192, 23.558689986482676, 23.624091752147404, 23.6896505519494, 23.755366779860164, 23.821240830088765, 23.887273097071034, 23.953463975458618, 24.019813860107906, 24.086323146068786, 24.152992228573268, 24.219821503023965, 24.286811364982405, 24.353962210157242, 24.421274434392235, 24.48874843365414, 24.55638460402045, 24.62418334166692, 24.69214504285502, 24.760270103919144, 24.82855892125373, 24.89701189130019, 24.965629410533687, 25.034411875449738, 25.10335968255067, 25.172473228331913, 25.2417529092681, 25.311199121799035, 25.380812262315487, 25.450592727144787, 25.520540912536298, 25.59065721464667, 25.660942029524954, 25.731395753097537, 25.802018781152906, 25.87281150932619, 25.943774333083603, 26.014907647706657, 26.086211848276207, 26.1576873296563, 26.22933448647789
[17], 22.844546263336017, 22.908388113543346, 22.9723833890772, 23.036532483424008, 23.10083579042149, 23.16529370424924, 23.22990661941923, 23.29467493076608, 23.359599033437306, 23.424679322883325, 23.48991619484742, 23.555310045355515, 23.620861270705795, 23.686570267458233, 23.75243743242395, 23.818463162654435, 23.884647855430615, 23.950991908251794, 24.017495718824428, 24.08415968505078, 24.150984205017394, 24.217969676983447, 24.285116499368932, 24.352425070742694, 24.419895789810326, 24.48752905540187, 24.555325266459434, 24.623284822024576, 24.691408121225574, 24.759695563264533, 24.828147547404296, 24.896764472955283, 24.96554673926203, 25.0344947456897, 25.103608891610342, 25.17288957638901, 25.24233719936973, 25.311952159861274, 25.38173485712277, 25.45168569034914, 25.5218050586564, 25.59209336106672, 25.66255099649334, 25.733178363725376, 25.803975861412304, 25.87494388804842, 25.946082841956994, 26.017393121274345, 26.08887512393366, 26.160529247648675
[18], 22.775716770103763, 22.839547044371145, 22.90353105916684, 22.967669210440448, 23.031961894506342, 23.096409508034267, 23.161012448039862, 23.225771111875005, 23.29068589721802, 23.35575720206375, 23.420985424713557, 23.48637096376507, 23.551914218101878, 23.617615586883076, 23.683475469532606, 23.74949426572854, 23.81567237539214, 23.882010198676852, 23.948508135957066, 24.015166587816797, 24.081985955038192, 24.14896663858987, 24.21610903961513, 24.283413559420033, 24.35088059946126, 24.418510561333843, 24.486303846758815, 24.55426085757058, 24.622381995704178, 24.690667663182438, 24.759118262102888, 24.82773419462455, 24.896515862954555, 24.965463669334596, 25.034578016027233, 25.10385930530199, 25.17330793942133, 25.24292432062641, 25.31270885112271, 25.382661933065464, 25.452783968544935, 25.523075359571475, 25.59353650806048, 25.664167815817088, 25.73496968452075, 25.80594251570961, 25.877086710764697, 25.948402670893945, 26.019890797116002, 26.091551490243912
[19], 22.70673393198264, 22.77055223473297, 22.83452459283937, 22.89865140472385, 22.962933069186807, 23.02736998539766, 23.091962552885374, 23.15671117152883, 23.221616241547096, 23.2866781634895, 23.351897338225648, 23.417274166935247, 23.48280905109774, 23.548502392481947, 23.614354593135406, 23.680366055373668, 23.7465371817694, 23.812868375141353, 23.87936003854322, 23.94601257525225, 24.01282638875783, 24.079801882749823, 24.146939461106808, 24.214239527884136, 24.281702487301818, 24.34932874373234, 24.417118701688203, 24.48507276580937, 24.55319134085058, 24.62147483166842, 24.6899236432083, 24.758538180491243, 24.82731884860052, 24.896266052668068, 24.96538019786083, 25.034661689366867, 25.104110932381253, 25.17372833209196, 25.243514293665374, 25.313469222231774, 25.38359352287057, 25.453887600595408, 25.524351860339074, 25.594986706938194, 25.665792545117807, 25.736769779475722, 25.8079188144667, 25.879240054386464, 25.950733903355477, 26.022400765302628
[20], 22.637597436606008, 22.70140336980334, 22.76536367279688, 22.829478746490274, 22.893748992179304, 22.95817481154253, 23.022756606631845, 23.0874947798629, 23.152389734005403, 23.217441872173183, 23.28265159781428, 23.348019314700736, 23.413545426918347, 23.47923033885623, 23.545074455196257, 23.61107818090235, 23.677241921209582, 23.743566081613228, 23.810051067857554, 23.87669728592457, 23.94350514202251, 24.01047504257426, 24.0776073942056, 24.14490260373328, 24.212361078152895, 24.27998322462675, 24.3477694504714, 24.415720163145114, 24.48383577023516, 24.552116679444957, 24.620563298581015, 24.689176035539738, 24.75795529829404, 24.82690149487984, 24.896015033382348, 24.965296321922175, 25.034745768641283, 25.104363781688797, 25.174150769206587, 25.24410713931472, 25.31423330009668, 25.384529659584505, 25.454996625743618, 25.52563460645761, 25.59644400951273, 25.667425242582276, 25.73857871321073, 25.809904828797798, 25.881403996582137, 25.953076623625027
[21], 22.56830697200393, 22.63210013514439, 22.69604798211988, 22.760150916324875, 22.82440934155984, 22.888823662021927, 22.953394282295566, 23.018121607342902, 23.083006042494116, 23.14804799343756, 23.213247866209834, 23.278606067185624, 23.34412300306747, 23.40979908087538, 23.475634707936262, 23.54163029187325, 23.60778624059486, 23.67410296228402, 23.74058086538692, 23.807220358601732, 23.87402185086718, 23.940985751350933, 24.008112469437883, 24.07540241471824, 24.142855996975445, 24.210473626173993, 24.27825571244704, 24.34620266608387, 24.414314897517176, 24.482592817310227, 24.55103683614383, 24.61964736480314, 24.68842481416427, 24.75736959518082, 24.826482118870118, 24.89576279629939, 24.965212038571693, 25.034830256811716, 25.104617862151372, 25.174575265715248, 25.244702878605846, 25.31500111188866, 25.385470376577068, 25.456111083617067, 25.52692364387177, 25.59790846810578, 25.66906596696933, 25.740396550982286, 25.811900630517904, 25.88357861578644
[22], 22.498862226616865, 22.562642216719603, 22.626577204281034, 22.690667595195624, 22.754913795777806, 22.81931621275273, 22.883875253246934, 22.94859132477874, 23.01346483524864, 23.078496192929478, 23.143685806456524, 23.209034084817368, 23.274541437341696, 23.34020827369093, 23.406035003847723, 23.472022038105262, 23.53816978705648, 23.604478661583087, 23.670949072844476, 23.737581432266442, 23.804376151529755, 23.871333642558636, 23.938454317508985, 24.005738588756536, 24.07318686888477, 24.140799570672765, 24.208577107082817, 24.276519891247915, 24.344628336459035, 24.41290285615234, 24.481343863896114, 24.54995177337763, 24.61872699838973, 24.68766995281737, 24.756781050623896, 24.82606070583719, 24.8955093325356, 24.965127344833785, 25.034915156868262, 25.1048731827829, 25.175001836714113, 25.24530153277599, 25.315772685045125, 25.386415707545407, 25.457231014232452, 25.52821901897801, 25.599380135554096, 25.67071477761696, 25.742223358690833, 25.813906292151554
[23], 22.429262889309467, 22.493029300907633, 22.55695102315905, 22.62102846446725, 22.685262033669904, 22.749652140029575, 22.814199193224397, 22.878903603338543, 22.943765780852623, 23.008786136633923, 23.073965081926445, 23.139303028340915, 23.204800387844546, 23.270457572750697, 23.336274995708404, 23.40225306969173, 23.468392207988984, 23.53469282419178, 23.601155332183964, 23.667780146130358, 23.734567680465386, 23.801518349881505, 23.868632569317526, 23.93591075394674, 24.00335331916487, 24.070960680577937, 24.1387332539899, 24.206671455390126, 24.274775700940747, 24.343046406963804, 24.411483989928282, 24.48008886643688, 24.548861453212712, 24.617802167085795, 24.68691142497934, 24.75618964389591, 24.825637240903394, 24.89525463312077, 24.965042237703766, 25.03500047183025, 25.105129752685496, 25.175430497447262, 25.245903123270693, 25.316548047273002, 25.387365686518002, 25.458356458000427, 25.529520778630104, 25.60085906521589, 25.672371734449417, 25.744059202888703
[24], 22.35950864938452, 22.42326107451629, 22.487169123052627, 22.551233205915242, 22.615453734474244, 22.67983112053896, 22.74436577634861, 22.809058114562852, 22.8739085482522, 22.93891749088825, 23.00408535633384, 23.069412558833005, 23.134899513000818, 23.20054663381308, 23.266354336595846, 23.33232303701483, 23.398453151064654, 23.464745095057918, 23.531199285614168, 23.597816139648657, 23.664596074360976, 23.73153950722356, 23.798646855969963, 23.86591853858307, 23.93335497328302, 24.000956578515133, 24.068723772937513, 24.1366569754086, 24.2047566049745, 24.273023080856163, 24.341456822436392, 24.410058249246713, 24.478827780953992, 24.54776583734699, 24.616872838322646, 24.68614920387225, 24.755595354067406, 24.82521170904585, 24.89499868899703, 24.964956714147593, 25.035086204746584, 25.10538758105056, 25.175861263308484, 25.246507671746404, 25.317327226551964, 25.38832034785877, 25.45948745573048, 25.530828970144807, 25.602345310977203, 25.6740368979845
[25], 22.28959919659701, 22.35333722479663, 22.417231188694668, 22.48128150174005, 22.545488577844523, 22.609852831373477, 22.674374677136697, 22.739054530378915, 22.803892806770264, 22.86888992239657, 22.934046293749496, 22.999362337716565, 23.064838471571026, 23.130475112961566, 23.196272679901874, 23.26223159076009, 23.328352264248036, 23.394635119410367, 23.461080575613536, 23.52768905253459, 23.594460970149836, 23.661396748723337, 23.728496808795267, 23.79576157117007, 23.863191456904485, 23.930786887295444, 23.9985482838677, 24.066476068361407, 24.13457066271947, 24.202832489074726, 24.271261969736983, 24.339859527179893, 24.40862558402759, 24.477560563041248, 24.546664887105383, 24.615938979214043, 24.685383262456764, 24.75499816000438, 24.82478409509466, 24.89474149101775, 24.964870771101406, 25.0351723586961, 25.105646677159893, 25.17629414984315, 25.24711520007304, 25.318110251137867, 25.389279726271212, 25.460624048635857, 25.532143641307545, 25.603838927258526
[26], 22.219534221168317, 22.283257439457195, 22.347136905266503, 22.411173034581395, 22.475366243864386, 22.53971695004623, 22.604225570516693, 22.66889252311514, 22.73371822612103, 22.798703098244253, 22.8638475586153, 22.92915202677532, 22.994616922666005, 23.060242666619363, 23.126029679347305, 23.191978381931094, 23.25808919581067, 23.32436254277376, 23.390798844944907, 23.457398524774305, 23.52416200502646, 23.59108970876875, 23.658182059359753, 23.72543948043748, 23.792862395907402, 23.86045122993036, 23.928206406910228, 23.99612835148153, 24.064217488496748, 24.132474243013593, 24.200899040282025, 24.26949230573113, 24.338254464955796, 24.407185943703286, 24.476287167859535, 24.54555856343535, 24.615000556552385, 24.684613573428983, 24.75439804036577, 24.824354383731134, 24.894483029946468, 24.964784405471264, 25.03525893678798, 25.1059070503868, 25.17672917275006, 25.24772573033667, 25.318897149566148, 25.390243856802634, 25.461766278338583, 25.533464840378326
[27], 22.149313413800567, 22.21302140667839, 22.27688595841231, 22.340907487532682, 22.405086413061895, 22.469423154505314, 22.53391813184205, 22.59857176551565, 22.66338447642457, 22.728356685912562, 22.793488815758902, 22.858781288168455, 22.924234525761626, 22.989848951564138, 23.055624988996655, 23.12156306186429, 23.187663594345917, 23.25392701098336, 23.320353736670416, 23.386944196641736, 23.4536988164615, 23.520618022012023, 23.58770223948209, 23.654951895355246, 23.7223674163978, 23.789949229646798, 23.857697762397677, 23.92561344219194, 23.99369669680444, 24.061947954230735, 24.130367642674038, 24.198956190532186, 24.267714026384308, 24.33664157897738, 24.405739277212597, 24.475007550131537, 24.544446826902167, 24.614057536804687, 24.683840109217147, 24.753794973600908, 24.82392255948591, 24.894223296455777, 24.96469761413268, 25.035345942162085, 25.106168710197196, 25.17716634788336, 25.248339284842135, 25.31968795065526, 25.391212774848366, 25.46291418687451
[28], 22.078936465691076, 22.142628815126994, 22.20647803425368, 22.270484544155625, 22.334648766424163, 22.39897112314847, 22.463452036906382, 22.528091930755068, 22.59289122822163, 22.657850353293462, 22.722969730408547, 22.78824978444553, 22.853690940713747, 22.91929362494298, 22.985058263273196, 23.050985282243992, 23.11707510878402, 23.18332817020016, 23.249744894166604, 23.316325708713734, 23.383071042216876, 23.44998132338487, 23.51705698124849, 23.584298445148736, 23.65170614472485, 23.719280509902337, 23.787021970880662, 23.854930958120868, 23.923007902332984, 23.991253234463297, 24.059667385681433, 24.128250787367254, 24.19700387109757, 24.265927068632738, 24.335020811903014, 24.404285532994738, 24.473721664136377, 24.543329637684344, 24.613109886108653, 24.683062841978373, 24.753188937946916, 24.823488606737136, 24.893962281126203, 24.964610393930343, 25.03543337798932, 25.106431666150797, 25.177605691254435, 25.248955886115834, 25.32048268351024, 25.392186516156137
[29], 22.00840306854698, 22.072079353970786, 22.13591281940427, 22.199903888494937, 22.264052985412118, 22.32836053483793, 22.39282696195824, 22.457452692453334, 22.522238152488512, 22.587183768704573, 22.652289968208052, 22.717557178561457, 22.782985827773196, 22.84857634428747, 22.91432915697399, 22.98024469511751, 23.04632338840722, 23.112565666926024, 23.17897196113959, 23.245542701885313, 23.312278320361052, 23.37917924811378, 23.446245917027994, 23.51347875931404, 23.580878207496195, 23.64844469440065, 23.716178653143274, 23.78408051711726, 23.852150719980536, 23.92038969564308, 23.98879787825398, 24.057375702188406, 24.126123602034298, 24.195042012579016, 24.264131368795663, 24.333392105829354, 24.4028246589832, 24.472429463704184, 24.54220695556881, 24.61215757026859, 24.68228174359531, 24.75257991142615, 24.823052509708578, 24.893699974445074, 24.964522741677616, 25.035521247472072, 25.106695927902255, 25.17804721903391, 25.249575556908386, 25.32128137752623
[30], 21.937712914599942, 22.001372712893343, 22.06519000098465, 22.129165205093237, 22.193298751975377, 22.257591068915303, 22.322042583716172, 22.386653724690756, 22.45142492065216, 22.516356600904235, 22.581449195231983, 22.64670313389169, 22.712118847601026, 22.777696767528894, 22.8434373252852, 22.90934095291045, 22.97540808286514, 23.041639148019087, 23.10803458164052, 23.17459481738506, 23.241320289284516, 23.308211431735515, 23.375268679488002, 23.442492467633564, 23.509883231593534, 23.57744140710701, 23.645167430218663, 23.713061737266372, 23.781124764868697, 23.84935694991219, 23.91775872953849, 23.986330541131313, 24.055072822303174, 24.123986010882017, 24.19307054489762, 24.2623268625678, 24.331755402284475, 24.401356602599552, 24.471130902210536, 24.541078739946105, 24.611200554751306, 24.681496785672753, 24.751967871843487, 24.822614252467723, 24.893436366805346, 24.96443465415628, 25.03560955384457, 25.10696150520236, 25.1784909475536, 25.250198320197548
[31], 21.866865696621048, 21.930508582108956, 21.99430926663725, 22.058268179005978, 22.122385748567318, 22.1866624052167, 22.251098579383758, 22.315694702023176, 22.380451204605322, 22.445368519106797, 22.510447078000837, 22.575687314247514, 22.64108966128382, 22.706654553013642, 22.772382423797488, 22.838273708442163, 22.904328842190207, 22.97054826070923, 23.036932400081042, 23.10348169679071, 23.170196587715314, 23.237077510112695, 23.304124901609917, 23.371339200191642, 23.438720844188296, 23.506270272264064, 23.573987923404772, 23.64187423690553, 23.709929652358216, 23.77815460963883, 23.84654954889463, 23.91511491053109, 23.983851135198716, 24.052758663779628, 24.121837937374018, 24.1910893972864, 24.260513485011643, 24.330110642220856, 24.39988131074711, 24.469825932570902, 24.53994494980547, 24.610238804681938, 24.680707939534194, 24.751352796783664, 24.822173818923805, 24.893171448504464, 24.96434612811602, 25.03569830037327, 25.107228407899207, 25.178936893308528
[32], 21.79586110793582, 21.85948665237765, 21.923270304541447, 21.987212495816657, 22.05131365816026, 22.11557422408792, 22.179994626664946, 22.24457529949724, 22.309316676721917, 22.374219192997945, 22.439283283496557, 22.50450938389151, 22.569897930349224, 22.63544935951874, 22.701164108521578, 22.767042614941367, 22.833085316813342, 22.899292652613774, 22.965665061249073, 23.032202982044872, 23.09890685473489, 23.165777119449633, 23.232814216704963, 23.300018587390433, 23.367390672757537, 23.434930914407737, 23.502639754280313, 23.57051763464011, 23.638564998065018, 23.706782287433334, 23.775169945910942, 23.843728416938315, 23.912458144217304, 23.981359571697805, 24.05043314356417, 24.119679304221535, 24.18909849828182, 24.2586911705497, 24.32845776600827, 24.398398729804565, 24.46851450723488, 24.53880554372992, 24.6092722848397, 24.679915176218334, 24.750734663608494, 24.821731192825855, 24.892905209743137, 24.964257160274112, 25.035787490357283, 25.10749664593944
[33], 21.724698842439313, 21.788306615020435, 21.852072803428815, 21.915997841652047, 21.98008216426077, 22.04432620639984, 22.10873040377943, 22.17329519266588, 22.238021009872533, 22.302908292750267, 22.367957479178052, 22.433169007553197, 22.498543316781557, 22.564080846267547, 22.629782035903997, 22.695647326061856, 22.761677157579733, 22.82787197175332, 22.89423221032461, 22.960758315470947, 23.02745072979395, 23.094309896308282, 23.161336258430183, 23.22853025996592, 23.295892345100004, 23.36342295838328, 23.431122544720818, 23.49899154935966, 23.567030417876346, 23.635239596164304, 23.703619530421065, 23.77217066713526, 23.840893453073473, 23.909788335266896, 23.978855760997806, 24.04809617778585, 24.117510033374142, 24.187097775715188, 24.25685985295659, 24.32679671342661, 24.39690880561946, 24.467196578180502, 24.53766047989114, 24.608300959653608, 24.679118466475508, 24.75011344945415, 24.821286357760698, 24.892637640624134, 24.964167747314967, 25.035877127128757
[34], 21.65337859461148, 21.716968161934577, 21.78071645259851, 21.84462390319767, 21.90869095092515, 21.972918033563968, 22.037305589478205, 22.101854057603944, 22.16656387744007, 22.23143548903895, 22.29646933299694, 22.36166585044476, 22.427025483037674, 22.492548672945595, 22.558235862842967, 22.624087495898507, 22.6901040157648, 22.756285866567747, 22.82263349289582, 22.88914733978919, 22.955827852728635, 23.022675477624365, 23.08969066080462, 23.156873849004118, 23.224225489352314, 23.291746029361555, 23.35943591691495, 23.427295600254187, 23.49532552796708, 23.563526148975, 23.63189791252008, 23.7004412681523, 23.769156665716288, 23.83804455533808, 23.90710538741157, 23.97633961258483, 24.045747681746242, 24.115330046010428, 24.18508715670397, 24.255019465351012, 24.325127423658543, 24.395411483501626, 24.465872096908313, 24.536509716044428, 24.607324793198107, 24.678317780764175, 24.74948913122831, 24.820839297150954, 24.892368731151084, 24.964077885889743
[35], 21.581900059532515, 21.645470985609105, 21.709200941932767, 21.77309036771331, 21.837139702775033, 21.90134938754801, 21.965719863059295, 22.03025157092387, 22.094944953335524, 22.159800453057585, 22.224818513413442, 22.28999957827699, 22.355344092062868, 22.420852499716577, 22.486525246704417, 22.55236277900329, 22.618365543090313, 22.684533985932333, 22.750868554975195, 22.817369698132932, 22.88403786377671, 22.95087350072368, 23.017877058225622, 23.085048985957425, 23.152389734005396, 23.21989975285543, 23.28757949338093, 23.355429406830655, 23.423449944816266, 23.491641559299843, 23.560004702581097, 23.62853982728446, 23.697247386345946, 23.76612783299993, 23.83518162076561, 23.90440920343337, 23.97381103505091, 24.043387569909225, 24.11313926252835, 24.18306656764292, 24.25316994018758, 24.323449835282112, 24.393906708216463, 24.464541014435465, 24.53535320952345, 24.606343749188614, 24.67751308924717, 24.748861685607302, 24.82038999425292, 24.892098471227207
[36], 21.510262932898463, 21.573814779140402, 21.63752596191257, 21.701396923048744, 21.76542810501314, 21.829619950891747, 21.893972904383567, 21.958487409791626, 22.02316391201393, 22.08800285653417, 22.15300468941238, 22.218169857275377, 22.283498807307044, 22.34899198723853, 22.414649845338214, 22.480472830401535, 22.546461391740674, 22.6126159791741, 22.6789370430159, 22.745425034064965, 22.81208040359403, 22.878903603338543, 22.945895085485333, 23.013055302661158, 23.080384707921024, 23.1478837547364, 23.2155528969832, 23.28339258892962, 23.351403285223757, 23.419585440881136, 23.487939511271954, 23.556465952108205, 23.625165219430592, 23.69403776959529, 23.763084059260475, 23.832304545372683, 23.901699685152987, 23.971269936082994, 24.041015755890605, 24.110937602535618, 24.1810359341951, 24.251311209248616, 24.321763886263202, 24.39239442397816, 24.46320328128963, 24.534190917235, 24.60535779097708, 24.676704361788037, 24.748231089033187, 24.81993843215452
[37], 21.43846691103688, 21.501999236247958, 21.56569120363344, 21.629543257659595, 21.693555843439196, 21.75772940672295, 21.82206439389075, 21.886561251942776, 21.95122042849045, 22.016042371747254, 22.081027530519393, 22.146176354196285, 22.21148929274094, 22.276966796680146, 22.342609317094503, 22.408417305608328, 22.474391214379352, 22.540531496088306, 22.606838603928313, 22.67331299159411, 22.73995511327114, 22.806765423624448, 22.873744377787396, 22.94089243135025, 23.008210040348544, 23.07569766125133, 23.143355750949183, 23.211184766742093, 23.27918516632713, 23.347357407785957, 23.415701949572163, 23.484219250498388, 23.552909769723264, 23.62177396673823, 23.690812301354065, 23.760025233687305, 23.82941322414641, 23.89897673341781, 23.968716222451686, 24.038632152447583, 24.108724984839835, 24.17899518128277, 24.249443203635725, 24.320069513947878, 24.390874574442805, 24.46185884750292, 24.533022795653633, 24.604366881547364, 24.675891567947275, 24.747597317710845
[38], 21.36651169092272, 21.430024051290275, 21.49369635882141, 21.55752906062332, 21.621522604465962, 21.68567743877349, 21.74999401261559, 21.814472775698626, 21.879114178356634, 21.943918671542217, 22.008886706817247, 22.074018736343405, 22.139315212872603, 22.204776589737225, 22.270403320840245, 22.3361958606451, 22.402154664165508, 22.468280186955074, 22.53457288509672, 22.60103321519196, 22.667661634350043, 22.73445860017687, 22.801424570763775, 22.868560004676155, 22.93586536094184, 23.00334109903943, 23.070987678886297, 23.13880556082655, 23.2067952056187, 23.274957074423252, 23.34329162879004, 23.411799330645376, 23.480480642279087, 23.549336026331265, 23.61836594577893, 23.687570863922396, 23.756951244371518, 23.82650755103173, 23.89624024808989, 23.966149799999872, 24.036236671468057, 24.106501327438533, 24.17694423307814, 24.2475658537613, 24.318366655054643, 24.3893471027014, 24.460507662605643, 24.531848800816245, 24.60337098351066, 24.675074676978518
[39], 21.294396970194263, 21.357888919280885, 21.421541119849067, 21.485354021655354, 21.54932807513543, 21.61346373139558, 21.67776144220413, 21.742221659982597, 21.806844837796792, 21.87163142934772, 21.936581888962344, 22.00169667158423, 22.066976232763924, 22.132421028649347, 22.19803151597586, 22.2638081520563, 22.32975139477073, 22.395861702556203, 22.462139534396147, 22.528585349809752, 22.595199608841114, 22.661982772048223, 22.72893530049178, 22.796057655723867, 22.86335029977638, 22.930813695149368, 22.99844830479911, 23.066254592126096, 23.134233020962768, 23.202384055561083, 23.270708160579943, 23.33920580107239, 23.407877442472582, 23.47672355058271, 23.545744591559586, 23.614941031901086, 23.684313338432425, 23.75386197829222, 23.823587418918343, 23.89349012803359, 23.963570573631127, 24.03382922395977, 24.104266547509035, 24.17488301299399, 24.245679089339866, 24.316655245666546, 24.387811951272734, 24.45914967562, 24.530668888316526, 24.602370059100746
[40], 21.222122447169262, 21.28559353590451, 21.349225179751805, 21.413017831125394, 21.476971943135148, 21.54108796957815, 21.605366364930127, 21.66980758433671, 21.734412083604543, 21.799180319192274, 21.864112748201375, 21.92920982836679, 21.994472018047446, 22.05989977621661, 22.125493562452107, 22.191253836926304, 22.257181060396004, 22.323275694192162, 22.389538200209408, 22.455969040895443, 22.522568679240226, 22.589337578765015, 22.65627620351123, 22.723385018029177, 22.790664487366502, 22.85811507705659, 22.92573725310668, 22.9935314819859, 23.06149823061301, 23.129637966344056, 23.197951156959803, 23.266438270652966, 23.335099776015255, 23.40393614202428, 23.472947838030183, 23.542135333742173, 23.61149909921476, 23.681039604833877, 23.750757321302753, 23.820652719627628, 23.89072627110321, 23.96097844729798, 24.031409720039285, 24.102020561398188, 24.17281144367411, 24.24378283937933, 24.314935221223205, 24.386269062096197, 24.45778483505364, 24.529483013299412
[41], 21.14968782086119, 21.2131375975334, 21.276748232244202, 21.3405201800738, 21.404453896814715, 21.468549838963394, 21.5328084637117, 21.597230228938233, 21.66181559319953, 21.726565015721057, 21.791478956388097, 21.856557875736502, 21.921802234943204, 21.987212495816657, 22.052789120787068, 22.118532572896505, 22.18444331578877, 22.2505218136992, 22.31676853144426, 22.38318393441094, 22.449768488546024, 22.516522660345178, 22.583446916841865, 22.650541725596064, 22.717807554682842, 22.78524487268077, 22.852854148660064, 22.920635852170683, 22.98859045323009, 23.056718422310993, 23.12502023032877, 23.193496348628738, 23.262147248973292, 23.33097340352879, 23.399975284852257, 23.469153365877908, 23.53850811990346, 23.608040020576265, 23.67774954187925, 23.747637158116582, 23.817703343899232, 23.887948574130284, 23.958373323990017, 24.028978068920832, 24.099763284611885, 24.17072944698364, 24.24187703217206, 24.31320651651268, 24.38471837652442, 24.456413088893203
[42], 21.077092790995643, 21.140520801243806, 21.204109971736532, 21.26786076022822, 21.331773625202427, 21.395849025863473, 21.460087422128026, 21.524489274616506, 21.589055044644272, 21.65378519421274, 21.71868018600032, 21.783740483353174, 21.84896655027584, 21.914358851421714, 21.979917852083318, 22.045644018182465, 22.111537816260213, 22.177599713466712, 22.2438301775508, 22.310229676849524, 22.376798680277396, 22.443537657315588, 22.510447078000837, 22.57752741291428, 22.644779133170005, 22.712202710403538, 22.779798616760075, 22.847567324882544, 22.915509307899477, 22.983625039412743, 23.051914993485045, 23.12037964462725, 23.18901946778551, 23.25783493832821, 23.326826532032737, 23.39599472507201, 23.465339994000832, 23.53486281574205, 23.604563667572535, 23.674443027108907, 23.744501372293076, 23.8147391813776, 23.885156932910817, 23.95575510572177, 24.026534178904907, 24.097494631804565, 24.16863694399929, 24.23996159528588, 24.311469065663214, 24.383159835315908
[43], 21.004337058026902, 21.067742844832544, 21.131310093351402, 21.195039264020274, 21.258930818022023, 21.322985217277328, 21.387202924436274, 21.451584402869837, 21.51613011666114, 21.580840530596614, 21.645716110157, 21.710757321508172, 21.775964631491807, 21.841338507615923, 21.906879418045236, 21.972587831591333, 22.038464217702714, 22.10450904645467, 22.170722788538974, 22.237105915253395, 22.303658898491054, 22.370382210729666, 22.437276325020466, 22.504341714977112, 22.571578854764294, 22.638988219086272, 22.706570283175108, 22.774325522778827, 22.84225441414933, 22.910357434030146, 22.97863505964398, 23.047087768680086, 23.11571603928144, 23.184520350031733, 23.253501179942138, 23.322659008437913, 23.3919943153448, 23.4615075808752, 23.531199285614168, 23.601069910505217, 23.671119936835854, 23.741349846223006, 23.811760120598123, 23.882351242192197, 23.953123693520432, 24.024077957366796, 24.095214516768355, 24.1665338549993, 24.238036455554855, 24.309722802134914
[44], 20.93142032315459, 20.994803426833766, 21.05834829294062, 21.12205538460243, 21.185925165709644, 21.249958100907676, 21.314154655588606, 21.378515295882657, 21.44304048864956, 21.507730701469775, 21.572586402635544, 21.63760806114176, 21.702796146676736, 21.76815112961276, 21.83367348099653, 21.899363672539373, 21.965222176607387, 22.031249466211296, 22.09744601499626, 22.163812297231434, 22.230348787799375, 22.29705596218529, 22.363934296466095, 22.43098426729932, 22.49820635191178, 22.56560102808814, 22.633168774159234, 22.700910068990268, 22.768825391968747, 22.836915222992296, 22.90518004245627, 22.97362033124113, 23.042236570699696, 23.111029242644165, 23.17999882933291, 23.249145813457158, 23.318470678127373, 23.38797390685952, 23.45765598356107, 23.527517392516838, 23.597558618374563, 23.667780146130358, 23.738182461113865, 23.808766048973265, 23.879531395659995, 23.95047898741338, 24.021609310744868, 24.09292285242222, 24.164420099453345, 24.236101539070003
[45], 20.85834228834051, 20.92170224653584, 20.985224267102073, 21.048908815865012, 21.112756359430875, 21.17676736517817, 21.24094230124941, 21.305281636542738, 21.369785840703294, 21.4344553841145, 21.499290737889197, 21.56429237386059, 21.629460764573018, 21.694796383272635, 21.760299703897864, 21.825971201069706, 21.89181135008189, 21.95782062689086, 22.02399950810557, 22.09034847097715, 22.156867993388335, 22.22355855384279, 22.290420631454204, 22.357454705935275, 22.4246612575864, 22.492040767284323, 22.55959371647049, 22.627320587139288, 22.695221861826045, 22.763298023594885, 22.831549556026392, 22.89997694320503, 22.968580669706427, 23.03736122058445, 23.106319081358066, 23.175454737998017, 23.24476867691327, 23.31426138493733, 23.38393334931425, 23.453785057684552, 23.523816998070792, 23.59402965886309, 23.664423528804274, 23.73499909697496, 23.80575685277829, 23.876697285924564, 23.947820886415556, 24.01912814452867, 24.090619550800852, 24.162295596012278
[46], 20.785102656325645, 20.848439003998415, 20.9119377131969, 20.9755992524534, 21.039424091098027, 21.10341269925063, 21.16756554781264, 21.23188310845865, 21.29636585362794, 21.361014256515798, 21.425828791064706, 21.490809931955354, 21.555958154597498, 21.621273935120676, 21.686757750364716, 21.752410077870152, 21.818231395868374, 21.884222183271717, 21.95038291966331, 22.016714085286758, 22.083216161035708, 22.149889628443148, 22.216734969670625, 22.283752667497225, 22.350943205308344, 22.41830706708442, 22.48584473738928, 22.55355670135848, 22.62144344468733, 22.689505453618803, 22.757743214931253, 22.82615721592588, 22.894747944414053, 22.963515888704453, 23.03246153758995, 23.10158538033433, 23.17088790665881, 23.24036960672835, 23.310030971137753, 23.37987249089758, 23.449894657419772, 23.520097962503225, 23.590482898318957, 23.6610499573952, 23.73179963260224, 23.802732417136983, 23.873848804507386, 23.945149288516596, 24.016634363246908, 24.088304523043448
[47], 20.711701130647217, 20.77501340006956, 20.838488329366687, 20.90212638978529, 20.965928053387447, 21.029893793042568, 21.094024082419324, 21.15831939597729, 21.22278020895856, 21.28740699737909, 21.35220023801999, 21.417160408418585, 21.482287986859337, 21.54758345236463, 21.613047284685333, 21.67867996429129, 21.744481972361534, 21.81045379077441, 21.876595902097517, 21.942908789577437, 22.00939293712935, 22.07604882932641, 22.142876951389006, 22.209877789173802, 22.2770518291626, 22.34439955845102, 22.411921464737045, 22.47961803630931, 22.54748976203522, 22.615537131348905, 22.683760634238972, 22.75216076123606, 22.82073800340017, 22.889492852307857, 22.95842580003919, 23.027537339164496, 23.096827962730924, 23.166298164248794, 23.23594843767776, 23.305779277412714, 23.375791178269544, 23.445984635470623, 23.51636014463013, 23.586918201739103, 23.657659303150318, 23.728583945562942, 23.799692626006937, 23.870985841827245, 23.94246409066779, 24.014127870455177

lon.Y[48]
460800.0, 464000.0, 467200.0, 470400.0, 473600.0, 476800.0, 480000.0, 483200.0, 486400.0, 489600.0, 492800.0, 496000.0, 499200.0, 502400.0, 505600.0, 508800.0, 512000.0, 515200.0, 518400.0, 521600.0, 524800.0, 528000.0, 531200.0, 534400.0, 537600.0, 540800.0, 544000.0, 547200.0, 550400.0, 553600.0, 556800.0, 560000.0, 563200.0, 566400.0, 569600.0, 572800.0, 576000.0, 579200.0, 582400.0, 585600.0, 588800.0, 592000.0, 595200.0, 598400.0, 601600.0, 604800.0, 608000.0, 611200.0

lon.X[50]
1936000.0, 1939200.0, 1942400.0, 1945600.0, 1948800.0, 1952000.0, 1955200.0, 1958400.0, 1961600.0, 1964800.0, 1968000.0, 1971200.0, 1974400.0, 1977600.0, 1980800.0, 1984000.0, 1987200.0, 1990400.0, 1993600.0, 1996800.0, 2000000.0, 2003200.0, 2006400.0, 2009600.0, 2012800.0, 2016000.0, 2019200.0, 2022400.0, 2025600.0, 2028800.0, 2032000.0, 2035200.0, 2038400.0, 2041600.0, 2044800.0, 2048000.0, 2051200.0, 2054400.0, 2057600.0, 2060800.0, 2064000.0, 2067200.0, 2070400.0, 2073600.0, 2076800.0, 2080000.0, 2083200.0, 2086400.0, 2089600.0, 2092800.0


salinity.salinity[1][1][48][50]
[0][0][0], 3942, 3948, 3958, 3966, 4005, 4030, 4083, 4113, 4152, 4243, 4423, 4525, 4585, 4616, 4627, 4625, 4654, 4578, 4553, 4569, 4590, 4590, 4617, 4612, 4553, 4544, 4548, 4532, 4544, 4569, 4576, 4508, 4416, 4395, 4390, 4394, 4417, 4455, 4490, 4510, 4522, 4551, 4602, 4575, 4577, 4566, 4586, 4611, 4642, 4666
[0][0][1], 3960, 3957, 3970, 3999, 4018, 4093, 4139, 4180, 4242, 4378, 4559, 4589, 4609, 4629, 4632, 4636, 4662, 4553, 4552, 4556, 4570, 4569, 4607, 4568, 4539, 4565, 4538, 4537, 4553, 4579, 4581, 4574, 4489, 4412, 4389, 4399, 4424, 4461, 4478, 4494, 4514, 4546, 4608, 4602, 4582, 4565, 4592, 4607, 4636, 4675
[0][0][2], 3980, 3976, 3986, 4011, 4069, 4173, 4200, 4248, 4342, 4570, 4624, 4620, 4626, 4636, 4637, 4660, 4651, 4554, 4556, 4558, 4555, 4562, 4552, 4538, 4561, 4587, 4558, 4547, 4560, 4583, 4588, 4583, 4535, 4445, 4407, 4417, 4452, 4484, 4499, 4517, 4528, 4555, 4625, 4607, 4568, 4567, 4588, 4589, 4615, 4663
[0][0][3], 3968, 3977, 4004, 4057, 4173, 4224, 4257, 4327, 4470, 4644, 4634, 4635, 4633, 4636, 4665, 4681, 4635, 4567, 4553, 4560, 4563, 4561, 4553, 4560, 4568, 4583, 4594, 4560, 4569, 4591, 4598, 4600, 4585, 4521, 4474, 4479, 4512, 4530, 4534, 4543, 4548, 4581, 4636, 4588, 4549, 4573, 4580, 4574, 4606, 4654
[0][0][4], 3972, 3997, 4057, 4153, 4247, 4277, 4317, 4372, 4573, 4659, 4650, 4628, 4626, 4665, 4693, 4673, 4643, 4596, 4560, 4559, 4568, 4574, 4570, 4557, 4559, 4573, 4596, 4560, 4580, 4603, 4622, 4620, 4598, 4584, 4566, 4563, 4569, 4570, 4570, 4570, 4584, 4626, 4622, 4552, 4548, 4557, 4560, 4570, 4609, 4655
[0][0][5], 4091, 4113, 4173, 4257, 4303, 4322, 4356, 4459, 4607, 4650, 4623, 4607, 4631, 4653, 4694, 4682, 4676, 4655, 4626, 4605, 4597, 4593, 4588, 4577, 4566, 4574, 4595, 4560, 4586, 4633, 4647, 4639, 4611, 4601, 4608, 4618, 4624, 4625, 4625, 4625, 4642, 4648, 4582, 4554, 4565, 4578, 4590, 4610, 4639, 4670
[0][0][6], 4219, 4245, 4267, 4316, 4338, 4373, 4436, 4535, 4620, 4616, 4592, 4599, 4618, 4634, 4663, 4670, 4620, 4591, 4577, 4560, 4551, 4556, 4580, 4590, 4578, 4578, 4586, 4560, 4587, 4616, 4638, 4672, 4664, 4631, 4613, 4614, 4636, 4662, 4672, 4676, 4646, 4592, 4574, 4595, 4620, 4634, 4643, 4656, 4674, 4691
[0][0][7], 4277, 4289, 4327, 4386, 4456, 4494, 4526, 4588, 4619, 4583, 4582, 4587, 4581, 4582, 4591, 4579, 4550, 4538, 4535, 4533, 4533, 4539, 4555, 4587, 4588, 4583, 4562, 4556, 4578, 4612, 4611, 4619, 4641, 4640, 4631, 4615, 4628, 4650, 4647, 4617, 4591, 4594, 4623, 4622, 4604, 4614, 4636, 4663, 4692, 4705
[0][0][8], 4315, 4356, 4419, 4499, 4556, 4562, 4580, 4610, 4595, 4581, 4576, 4571, 4576, 4578, 4560, 4536, 4534, 4533, 4532, 4530, 4531, 4539, 4551, 4579, 4594, 4582, 4544, 4547, 4565, 4592, 4608, 4596, 4596, 4607, 4612, 4616, 4614, 4602, 4598, 4601, 4622, 4638, 4589, 4578, 4587, 4620, 4654, 4674, 4704, 4714
[0][0][9], 4397, 4455, 4498, 4561, 4572, 4590, 4609, 4607, 4576, 4580, 4597, 4592, 4570, 4549, 4537, 4537, 4535, 4534, 4531, 4531, 4534, 4542, 4557, 4578, 4598, 4580, 4543, 4541, 4553, 4576, 4587, 4584, 4583, 4588, 4604, 4600, 4603, 4622, 4631, 4645, 4613, 4580, 4571, 4565, 4573, 4612, 4670, 4686, 4708, 4735
[0][0][10], 4445, 4501, 4541, 4571, 4578, 4592, 4612, 4599, 4584, 4581, 4598, 4593, 4549, 4539, 4536, 4532, 4526, 4529, 4535, 4537, 4537, 4544, 4567, 4582, 4602, 4581, 4557, 4543, 4547, 4561, 4582, 4589, 4583, 4585, 4602, 4593, 4613, 4623, 4621, 4587, 4572, 4566, 4561, 4556, 4566, 4607, 4677, 4695, 4722, 4723
[0][0][11], 4487, 4543, 4569, 4575, 4577, 4582, 4594, 4606, 4589, 4591, 4602, 4590, 4543, 4540, 4528, 4526, 4518, 4524, 4540, 4536, 4530, 4542, 4567, 4591, 4604, 4584, 4573, 4553, 4547, 4552, 4570, 4583, 4572, 4590, 4605, 4586, 4585, 4581, 4572, 4568, 4564, 4558, 4552, 4558, 4583, 4624, 4687, 4699, 4728, 4725
[0][0][12], 4545, 4561, 4574, 4578, 4575, 4578, 4580, 4590, 4613, 4613, 4610, 4594, 4549, 4539, 4529, 4524, 4517, 4517, 4530, 4521, 4524, 4540, 4566, 4606, 4606, 4588, 4578, 4565, 4553, 4549, 4560, 4571, 4561, 4595, 4604, 4585, 4580, 4576, 4574, 4565, 4555, 4550, 4558, 4632, 4639, 4663, 4697, 4703, 4726, 4727
[0][0][13], 4572, 4574, 4575, 4567, 4567, 4572, 4578, 4575, 4591, 4614, 4610, 4597, 4563, 4541, 4530, 4524, 4517, 4509, 4510, 4516, 4525, 4545, 4568, 4619, 4609, 4588, 4578, 4573, 4560, 4549, 4553, 4565, 4553, 4580, 4595, 4587, 4582, 4578, 4573, 4553, 4548, 4548, 4622, 4697, 4676, 4701, 4694, 4699, 4725, 4730
[0][0][14], 4578, 4585, 4588, 4577, 4567, 4562, 4573, 4578, 4575, 4583, 4588, 4590, 4577, 4546, 4534, 4528, 4515, 4514, 4512, 4519, 4531, 4561, 4571, 4621, 4604, 4580, 4573, 4575, 4567, 4554, 4550, 4562, 4551, 4551, 4583, 4582, 4577, 4573, 4550, 4547, 4545, 4570, 4673, 4704, 4706, 4708, 4686, 4698, 4733, 4735
[0][0][15], 4584, 4582, 4581, 4577, 4571, 4564, 4567, 4583, 4579, 4572, 4565, 4586, 4583, 4556, 4541, 4535, 4517, 4520, 4520, 4524, 4545, 4569, 4571, 4610, 4587, 4569, 4569, 4573, 4573, 4563, 4553, 4559, 4565, 4538, 4549, 4567, 4554, 4553, 4553, 4543, 4549, 4621, 4700, 4706, 4706, 4707, 4686, 4693, 4715, 4686
[0][0][16], 4566, 4566, 4572, 4574, 4572, 4567, 4563, 4581, 4576, 4548, 4536, 4546, 4566, 4562, 4550, 4526, 4523, 4531, 4529, 4530, 4549, 4539, 4561, 4612, 4594, 4588, 4588, 4593, 4584, 4569, 4561, 4561, 4569, 4556, 4535, 4543, 4560, 4555, 4540, 4546, 4604, 4678, 4701, 4693, 4689, 4696, 4692, 4678, 4688, 4666
[0][0][17], 4544, 4535, 4553, 4581, 4578, 4571, 4562, 4579, 4572, 4553, 4556, 4557, 4541, 4532, 4524, 4522, 4534, 4542, 4536, 4535, 4549, 4532, 4534, 4547, 4569, 4578, 4573, 4567, 4559, 4549, 4545, 4549, 4562, 4578, 4565, 4559, 4574, 4540, 4546, 4603, 4682, 4702, 4695, 4690, 4681, 4679, 4694, 4673, 4674, 4669
[0][0][18], 4543, 4534, 4544, 4574, 4578, 4573, 4566, 4578, 4569, 4565, 4566, 4577, 4577, 4553, 4543, 4553, 4552, 4548, 4543, 4541, 4555, 4549, 4545, 4540, 4536, 4534, 4534, 4533, 4532, 4532, 4535, 4549, 4564, 4577, 4590, 4587, 4540, 4543, 4588, 4673, 4707, 4707, 4714, 4711, 4689, 4677, 4684, 4672, 4667, 4684
[0][0][19], 4554, 4537, 4537, 4577, 4579, 4572, 4578, 4574, 4569, 4562, 4568, 4590, 4597, 4586, 4573, 4551, 4549, 4557, 4555, 4550, 4554, 4564, 4564, 4568, 4568, 4560, 4548, 4541, 4537, 4531, 4542, 4571, 4585, 4585, 4565, 4538, 4538, 4560, 4617, 4698, 4712, 4722, 4736, 4726, 4689, 4684, 4687, 4690, 4692, 4704
[0][0][20], 4569, 4550, 4534, 4546, 4571, 4575, 4574, 4574, 4564, 4564, 4561, 4567, 4559, 4547, 4543, 4549, 4557, 4566, 4566, 4561, 4555, 4556, 4556, 4563, 4579, 4599, 4593, 4569, 4555, 4536, 4544, 4557, 4556, 4552, 4538, 4535, 4541, 4568, 4627, 4713, 4715, 4724, 4736, 4733, 4694, 4699, 4723, 4729, 4724, 4734
[0][0][21], 4570, 4570, 4547, 4537, 4555, 4570, 4573, 4567, 4566, 4568, 4560, 4560, 4552, 4542, 4541, 4545, 4548, 4553, 4557, 4559, 4557, 4549, 4551, 4556, 4568, 4591, 4626, 4619, 4596, 4554, 4533, 4535, 4540, 4539, 4535, 4533, 4543, 4572, 4627, 4711, 4729, 4734, 4740, 4742, 4712, 4722, 4742, 4751, 4754, 4754
[0][0][22], 4570, 4571, 4571, 4547, 4542, 4564, 4571, 4565, 4565, 4569, 4560, 4553, 4564, 4546, 4538, 4540, 4543, 4549, 4551, 4551, 4552, 4549, 4550, 4557, 4557, 4568, 4595, 4625, 4631, 4605, 4565, 4539, 4533, 4537, 4535, 4532, 4543, 4575, 4632, 4712, 4738, 4740, 4743, 4745, 4743, 4744, 4750, 4751, 4752, 4754
[0][0][23], 4604, 4577, 4574, 4572, 4550, 4544, 4558, 4566, 4565, 4558, 4550, 4548, 4559, 4552, 4537, 4539, 4542, 4547, 4550, 4551, 4557, 4552, 4555, 4561, 4553, 4556, 4573, 4603, 4625, 4628, 4631, 4604, 4542, 4530, 4533, 4529, 4545, 4583, 4646, 4719, 4734, 4739, 4742, 4744, 4746, 4747, 4747, 4751, 4752, 4754
[0][0][24], 4679, 4620, 4585, 4577, 4575, 4561, 4549, 4548, 4551, 4559, 4563, 4553, 4553, 4557, 4539, 4545, 4547, 4551, 4554, 4552, 4553, 4563, 4566, 4560, 4553, 4564, 4573, 4594, 4618, 4623, 4626, 4626, 4590, 4547, 4534, 4536, 4556, 4594, 4658, 4731, 4729, 4718, 4740, 4742, 4743, 4743, 4748, 4746, 4750, 4753
[0][0][25], 4682, 4677, 4628, 4589, 4579, 4579, 4579, 4580, 4588, 4598, 4599, 4573, 4553, 4563, 4542, 4545, 4551, 4554, 4556, 4557, 4554, 4549, 4550, 4552, 4563, 4586, 4597, 4602, 4611, 4617, 4622, 4629, 4631, 4608, 4579, 4570, 4579, 4605, 4657, 4690, 4685, 4691, 4729, 4741, 4741, 4743, 4756, 4762, 4747, 4744
[0][0][26], 4668, 4686, 4669, 4623, 4588, 4584, 4587, 4592, 4602, 4611, 4615, 4599, 4562, 4560, 4559, 4543, 4552, 4561, 4564, 4557, 4561, 4567, 4558, 4570, 4587, 4617, 4634, 4618, 4611, 4613, 4619, 4625, 4631, 4634, 4626, 4613, 4607, 4613, 4642, 4672, 4669, 4691, 4725, 4739, 4741, 4744, 4761, 4785, 4773, 4754
[0][0][27], 4653, 4673, 4679, 4658, 4619, 4595, 4597, 4602, 4608, 4623, 4635, 4623, 4585, 4561, 4569, 4559, 4549, 4562, 4576, 4585, 4571, 4582, 4572, 4579, 4623, 4643, 4650, 4642, 4628, 4622, 4628, 4632, 4626, 4630, 4635, 4636, 4624, 4619, 4625, 4648, 4661, 4690, 4721, 4738, 4739, 4744, 4759, 4783, 4792, 4780
[0][0][28], 4643, 4652, 4661, 4672, 4653, 4626, 4615, 4615, 4616, 4629, 4650, 4647, 4600, 4568, 4576, 4583, 4566, 4568, 4582, 4614, 4607, 4605, 4581, 4613, 4633, 4641, 4657, 4660, 4656, 4648, 4648, 4653, 4637, 4631, 4634, 4641, 4639, 4630, 4620, 4634, 4655, 4686, 4719, 4737, 4740, 4744, 4757, 4778, 4784, 4800
[0][0][29], 4543, 4568, 4613, 4638, 4648, 4648, 4638, 4628, 4627, 4645, 4658, 4637, 4575, 4577, 4592, 4595, 4585, 4580, 4618, 4629, 4617, 4606, 4618, 4637, 4613, 4637, 4657, 4672, 4671, 4668, 4666, 4661, 4652, 4644, 4644, 4648, 4653, 4647, 4628, 4633, 4655, 4681, 4727, 4739, 4733, 4729, 4748, 4775, 4779, 4796
[0][0][30], 4537, 4539, 4542, 4546, 4562, 4608, 4626, 4642, 4654, 4669, 4651, 4576, 4569, 4585, 4591, 4590, 4585, 4609, 4643, 4642, 4645, 4646, 4649, 4614, 4609, 4634, 4660, 4688, 4677, 4666, 4661, 4658, 4656, 4657, 4661, 4665, 4663, 4656, 4642, 4644, 4659, 4682, 4735, 4720, 4699, 4713, 4734, 4765, 4779, 4807
[0][0][31], 4542, 4540, 4548, 4560, 4552, 4587, 4665, 4674, 4673, 4638, 4577, 4557, 4572, 4586, 4588, 4586, 4598, 4611, 4623, 4627, 4631, 4639, 4647, 4611, 4605, 4632, 4666, 4698, 4680, 4675, 4671, 4669, 4668, 4666, 4662, 4658, 4653, 4650, 4647, 4663, 4680, 4686, 4734, 4701, 4721, 4752, 4739, 4760, 4790, 4818
[0][0][32], 4558, 4549, 4562, 4596, 4574, 4551, 4549, 4558, 4557, 4551, 4546, 4550, 4574, 4595, 4586, 4586, 4594, 4605, 4614, 4621, 4635, 4643, 4645, 4622, 4600, 4624, 4655, 4712, 4706, 4707, 4701, 4703, 4700, 4701, 4700, 4687, 4663, 4646, 4650, 4681, 4685, 4690, 4720, 4703, 4766, 4775, 4750, 4756, 4763, 4775
[0][0][33], 4558, 4565, 4578, 4607, 4611, 4599, 4565, 4546, 4540, 4538, 4541, 4555, 4577, 4581, 4572, 4574, 4586, 4609, 4616, 4637, 4646, 4652, 4649, 4641, 4604, 4618, 4639, 4690, 4724, 4711, 4702, 4707, 4723, 4744, 4750, 4759, 4771, 4723, 4689, 4700, 4670, 4699, 4686, 4714, 4764, 4784, 4759, 4752, 4755, 4761
[0][0][34], 4592, 4600, 4597, 4615, 4620, 4623, 4625, 4601, 4566, 4547, 4548, 4564, 4579, 4568, 4565, 4568, 4579, 4606, 4618, 4640, 4652, 4646, 4650, 4652, 4637, 4625, 4637, 4649, 4684, 4710, 4702, 4698, 4718, 4748, 4748, 4764, 4783, 4755, 4745, 4724, 4676, 4670, 4695, 4725, 4773, 4847, 4793, 4767, 4761, 4763
[0][0][35], 4717, 4672, 4658, 4629, 4621, 4625, 4626, 4608, 4565, 4550, 4558, 4576, 4570, 4562, 4561, 4564, 4577, 4604, 4619, 4633, 4653, 4651, 4651, 4649, 4650, 4651, 4647, 4648, 4657, 4671, 4681, 4699, 4723, 4754, 4756, 4765, 4788, 4760, 4760, 4736, 4706, 4696, 4708, 4746, 4809, 4864, 4865, 4852, 4824, 4808
[0][0][36], 4728, 4700, 4604, 4608, 4614, 4623, 4617, 4597, 4568, 4556, 4570, 4573, 4566, 4561, 4561, 4565, 4580, 4609, 4623, 4633, 4648, 4652, 4663, 4660, 4659, 4659, 4658, 4657, 4662, 4671, 4695, 4735, 4739, 4759, 4769, 4777, 4802, 4750, 4761, 4738, 4712, 4712, 4736, 4784, 4858, 4864, 4865, 4866, 4873, 4870
[0][0][37], 4739, 4726, 4645, 4605, 4610, 4617, 4610, 4589, 4568, 4559, 4570, 4570, 4567, 4568, 4571, 4579, 4594, 4619, 4631, 4639, 4648, 4651, 4662, 4652, 4666, 4670, 4666, 4670, 4675, 4691, 4752, 4759, 4760, 4762, 4775, 4794, 4809, 4792, 4749, 4741, 4753, 4773, 4800, 4854, 4851, 4859, 4866, 4872, 4874, 4870
[0][0][38], 4750, 4722, 4705, 4612, 4609, 4604, 4602, 4580, 4562, 4562, 4574, 4595, 4616, 4624, 4629, 4624, 4612, 4621, 4638, 4641, 4647, 4645, 4667, 4662, 4679, 4687, 4677, 4683, 4694, 4751, 4757, 4766, 4774, 4770, 4778, 4802, 4807, 4794, 4785, 4783, 4781, 4788, 4825, 4847, 4833, 4854, 4869, 4874, 4874, 4874
[0][0][39], 4730, 4720, 4721, 4625, 4613, 4603, 4598, 4589, 4585, 4596, 4604, 4609, 4621, 4624, 4636, 4624, 4615, 4620, 4622, 4622, 4635, 4638, 4675, 4677, 4680, 4685, 4689, 4704, 4750, 4753, 4760, 4765, 4775, 4780, 4787, 4804, 4785, 4783, 4779, 4774, 4770, 4771, 4781, 4799, 4816, 4843, 4871, 4870, 4872, 4875
[0][0][40], 4724, 4724, 4726, 4651, 4621, 4611, 4606, 4607, 4609, 4611, 4613, 4616, 4620, 4629, 4618, 4618, 4622, 4624, 4622, 4621, 4625, 4634, 4666, 4699, 4696, 4699, 4723, 4749, 4749, 4766, 4766, 4765, 4775, 4804, 4801, 4812, 4785, 4780, 4776, 4776, 4768, 4764, 4770, 4790, 4805, 4831, 4870, 4868, 4869, 4874
[0][0][41], 4715, 4700, 4704, 4712, 4668, 4625, 4610, 4608, 4608, 4608, 4613, 4626, 4628, 4634, 4632, 4642, 4649, 4650, 4644, 4633, 4625, 4631, 4652, 4709, 4710, 4716, 4741, 4742, 4757, 4770, 4768, 4769, 4770, 4774, 4799, 4819, 4789, 4784, 4781, 4772, 4761, 4759, 4769, 4791, 4803, 4821, 4861, 4867, 4866, 4872
[0][0][42], 4691, 4684, 4681, 4685, 4687, 4676, 4631, 4612, 4611, 4620, 4647, 4671, 4651, 4637, 4645, 4659, 4658, 4664, 4673, 4671, 4645, 4636, 4648, 4687, 4717, 4723, 4731, 4739, 4760, 4761, 4726, 4725, 4740, 4747, 4744, 4751, 4766, 4769, 4766, 4763, 4763, 4760, 4772, 4799, 4806, 4819, 4853, 4865, 4866, 4869
[0][0][43], 4696, 4692, 4679, 4669, 4663, 4677, 4676, 4655, 4656, 4662, 4667, 4680, 4671, 4647, 4652, 4653, 4659, 4650, 4645, 4654, 4664, 4660, 4657, 4681, 4696, 4717, 4727, 4741, 4755, 4693, 4673, 4670, 4676, 4685, 4695, 4702, 4713, 4744, 4771, 4774, 4771, 4763, 4772, 4803, 4811, 4828, 4857, 4865, 4866, 4869
[0][0][44], 4691, 4700, 4693, 4668, 4657, 4655, 4656, 4657, 4658, 4662, 4671, 4685, 4681, 4662, 4661, 4653, 4660, 4642, 4644, 4662, 4698, 4673, 4675, 4684, 4693, 4702, 4716, 4743, 4716, 4664, 4656, 4657, 4662, 4674, 4691, 4709, 4717, 4766, 4778, 4781, 4776, 4771, 4778, 4813, 4820, 4849, 4860, 4864, 4869, 4871
[0][0][45], 4690, 4691, 4708, 4686, 4670, 4666, 4668, 4671, 4674, 4676, 4682, 4691, 4686, 4675, 4671, 4659, 4664, 4644, 4640, 4651, 4708, 4701, 4687, 4692, 4707, 4717, 4732, 4748, 4670, 4653, 4649, 4653, 4664, 4683, 4704, 4713, 4720, 4777, 4784, 4783, 4781, 4777, 4808, 4828, 4844, 4859, 4866, 4872, 4872, 4871
[0][0][46], 4676, 4665, 4677, 4702, 4693, 4686, 4677, 4678, 4687, 4691, 4694, 4694, 4695, 4690, 4684, 4664, 4665, 4647, 4636, 4640, 4653, 4670, 4689, 4699, 4714, 4739, 4730, 4679, 4649, 4647, 4651, 4665, 4689, 4708, 4720, 4723, 4725, 4781, 4779, 4782, 4781, 4797, 4839, 4847, 4857, 4861, 4872, 4863, 4839, 4831
[0][0][47], 4675, 4671, 4670, 4671, 4673, 4673, 4677, 4691, 4694, 4695, 4697, 4696, 4692, 4691, 4681, 4660, 4667, 4651, 4637, 4627, 4632, 4647, 4669, 4690, 4670, 4688, 4665, 4647, 4647, 4648, 4666, 4700, 4713, 4718, 4724, 4724, 4749, 4791, 4780, 4782, 4782, 4839, 4853, 4856, 4858, 4858, 4849, 4830, 4832, 4832

salinity.time[1]
1.7079984E9

salinity.depth[1]
10.0

salinity.Y[48]
460800.0, 464000.0, 467200.0, 470400.0, 473600.0, 476800.0, 480000.0, 483200.0, 486400.0, 489600.0, 492800.0, 496000.0, 499200.0, 502400.0, 505600.0, 508800.0, 512000.0, 515200.0, 518400.0, 521600.0, 524800.0, 528000.0, 531200.0, 534400.0, 537600.0, 540800.0, 544000.0, 547200.0, 550400.0, 553600.0, 556800.0, 560000.0, 563200.0, 566400.0, 569600.0, 572800.0, 576000.0, 579200.0, 582400.0, 585600.0, 588800.0, 592000.0, 595200.0, 598400.0, 601600.0, 604800.0, 608000.0, 611200.0

salinity.X[50]
1936000.0, 1939200.0, 1942400.0, 1945600.0, 1948800.0, 1952000.0, 1955200.0, 1958400.0, 1961600.0, 1964800.0, 1968000.0, 1971200.0, 1974400.0, 1977600.0, 1980800.0, 1984000.0, 1987200.0, 1990400.0, 1993600.0, 1996800.0, 2000000.0, 2003200.0, 2006400.0, 2009600.0, 2012800.0, 2016000.0, 2019200.0, 2022400.0, 2025600.0, 2028800.0, 2032000.0, 2035200.0, 2038400.0, 2041600.0, 2044800.0, 2048000.0, 2051200.0, 2054400.0, 2057600.0, 2060800.0, 2064000.0, 2067200.0, 2070400.0, 2073600.0, 2076800.0, 2080000.0, 2083200.0, 2086400.0, 2089600.0, 2092800.0


sea_mask.sea_mask[48][50]
[0], 1, 1, 1, 1, 1, 1, 1, 1, 1, 1, 1, 1, 1, 1, 1, 1, 1, 1, 1, 1, 1, 1, 1, 1, 1, 1, 1, 1, 1, 1, 1, 1, 1, 1, 1, 1, 1, 1, 1, 1, 1, 1, 1, 1, 1, 1, 1, 1, 1, 1
[1], 1, 1, 1, 1, 1, 1, 1, 1, 1, 1, 1, 1, 1, 1, 1, 1, 1, 1, 1, 1, 1, 1, 1, 1, 1, 1, 1, 1, 1, 1, 1, 1, 1, 1, 1, 1, 1, 1, 1, 1, 1, 1, 1, 1, 1, 1, 1, 1, 1, 1
[2], 1, 1, 1, 1, 1, 1, 1, 1, 1, 1, 1, 1, 1, 1, 1, 1, 1, 1, 1, 1, 1, 1, 1, 1, 1, 1, 1, 1, 1, 1, 1, 1, 1, 1, 1, 1, 1, 1, 1, 1, 1, 1, 1, 1, 1, 1, 1, 1, 1, 1
[3], 1, 1, 1, 1, 1, 1, 1, 1, 1, 1, 1, 1, 1, 1, 1, 1, 1, 1, 1, 1, 1, 1, 1, 1, 1, 1, 1, 1, 1, 1, 1, 1, 1, 1, 1, 1, 1, 1, 1, 1, 1, 1, 1, 1, 1, 1, 1, 1, 1, 1
[4], 1, 1, 1, 1, 1, 1, 1, 1, 1, 1, 1, 1, 1, 1, 1, 1, 1, 1, 1, 1, 1, 1, 1, 1, 1, 1, 1, 1, 1, 1, 1, 1, 1, 1, 1, 1, 1, 1, 1, 1, 1, 1, 1, 1, 1, 1, 1, 1, 1, 1
[5], 1, 1, 1, 1, 1, 1, 1, 1, 1, 1, 1, 1, 1, 1, 1, 1, 1, 1, 1, 1, 1, 1, 1, 1, 1, 1, 1, 1, 1, 1, 1, 1, 1, 1, 1, 1, 1, 1, 1, 1, 1, 1, 1, 1, 1, 1, 1, 1, 1, 1
[6], 1, 1, 1, 1, 1, 1, 1, 1, 1, 1, 1, 1, 1, 1, 1, 1, 1, 1, 1, 1, 1, 1, 1, 1, 1, 1, 1, 1, 1, 1, 1, 1, 1, 1, 1, 1, 1, 1, 1, 1, 1, 1, 1, 1, 1, 1, 1, 1, 1, 1
[7], 1, 1, 1, 1, 1, 1, 1, 1, 1, 1, 1, 1, 1, 1, 1, 1, 1, 1, 1, 1, 1, 1, 1, 1, 1, 1, 1, 1, 1, 1, 1, 1, 1, 1, 1, 1, 1, 1, 1, 1, 1, 1, 1, 1, 1, 1, 1, 1, 1, 1
[8], 1, 1, 1, 1, 1, 1, 1, 1, 1, 1, 1, 1, 1, 1, 1, 1, 1, 1, 1, 1, 1, 1, 1, 1, 1, 1, 1, 1, 1, 1, 1, 1, 1, 1, 1, 1, 1, 1, 1, 1, 1, 1, 1, 1, 1, 1, 1, 1, 1, 1
[9], 1, 1, 1, 1, 1, 1, 1, 1, 1, 1, 1, 1, 1, 1, 1, 1, 1, 1, 1, 1, 1, 1, 1, 1, 1, 1, 1, 1, 1, 1, 1, 1, 1, 1, 1, 1, 1, 1, 1, 1, 1, 1, 1, 1, 1, 1, 1, 1, 1, 1
[10], 1, 1, 1, 1, 1, 1, 1, 1, 1, 1, 1, 1, 1, 1, 1, 1, 1, 1, 1, 1, 1, 1, 1, 1, 1, 1, 1, 1, 1, 1, 1, 1, 1, 1, 1, 1, 1, 1, 1, 1, 1, 1, 1, 1, 1, 1, 1, 1, 1, 1
[11], 1, 1, 1, 1, 1, 1, 1, 1, 1, 1, 1, 1, 1, 1, 1, 1, 1, 1, 1, 1, 1, 1, 1, 1, 1, 1, 1, 1, 1, 1, 1, 1, 1, 1, 1, 1, 1, 1, 1, 1, 1, 1, 1, 1, 1, 1, 1, 1, 1, 1
[12], 1, 1, 1, 1, 1, 1, 1, 1, 1, 1, 1, 1, 1, 1, 1, 1, 1, 1, 1, 1, 1, 1, 1, 1, 1, 1, 1, 1, 1, 1, 1, 1, 1, 1, 1, 1, 1, 1, 1, 1, 1, 1, 1, 1, 1, 1, 1, 1, 1, 1
[13], 1, 1, 1, 1, 1, 1, 1, 1, 1, 1, 1, 1, 1, 1, 1, 1, 1, 1, 1, 1, 1, 1, 1, 1, 1, 1, 1, 1, 1, 1, 1, 1, 1, 1, 1, 1, 1, 1, 1, 1, 1, 1, 1, 1, 1, 1, 1, 1, 1, 1
[14], 1, 1, 1, 1, 1, 1, 1, 1, 1, 1, 1, 1, 1, 1, 1, 1, 1, 1, 1, 1, 1, 1, 1, 1, 1, 1, 1, 1, 1, 1, 1, 1, 1, 1, 1, 1, 1, 1, 1, 1, 1, 1, 1, 1, 1, 1, 1, 1, 1, 1
[15], 1, 1, 1, 1, 1, 1, 1, 1, 1, 1, 1, 1, 1, 1, 1, 1, 1, 1, 1, 1, 1, 1, 1, 1, 1, 1, 1, 1, 1, 1, 1, 1, 1, 1, 1, 1, 1, 1, 1, 1, 1, 1, 1, 1, 1, 1, 1, 1, 1, 1
[16], 1, 1, 1, 1, 1, 1, 1, 1, 1, 1, 1, 1, 1, 1, 1, 1, 1, 1, 1, 1, 1, 1, 1, 1, 1, 1, 1, 1, 1, 1, 1, 1, 1, 1, 1, 1, 1, 1, 1, 1, 1, 1, 1, 1, 1, 1, 1, 1, 1, 1
[17], 1, 1, 1, 1, 1, 1, 1, 1, 1, 1, 1, 1, 1, 1, 1, 1, 1, 1, 1, 1, 1, 1, 1, 1, 1, 1, 1, 1, 1, 1, 1, 1, 1, 1, 1, 1, 1, 1, 1, 1, 1, 1, 1, 1, 1, 1, 1, 1, 1, 1
[18], 1, 1, 1, 1, 1, 1, 1, 1, 1, 1, 1, 1, 1, 1, 1, 1, 1, 1, 1, 1, 1, 1, 1, 1, 1, 1, 1, 1, 1, 1, 1, 1, 1, 1, 1, 1, 1, 1, 1, 1, 1, 1, 1, 1, 1, 1, 1, 1, 1, 1
[19], 1, 1, 1, 1, 1, 1, 1, 1, 1, 1, 1, 1, 1, 1, 1, 1, 1, 1, 1, 1, 1, 1, 1, 1, 1, 1, 1, 1, 1, 1, 1, 1, 1, 1, 1, 1, 1, 1, 1, 1, 1, 1, 1, 1, 1, 1, 1, 1, 1, 1
[20], 1, 1, 1, 1, 1, 1, 1, 1, 1, 1, 1, 1, 1, 1, 1, 1, 1, 1, 1, 1, 1, 1, 1, 1, 1, 1, 1, 1, 1, 1, 1, 1, 1, 1, 1, 1, 1, 1, 1, 1, 1, 1, 1, 1, 1, 1, 1, 1, 1, 1
[21], 1, 1, 1, 1, 1, 1, 1, 1, 1, 1, 1, 1, 1, 1, 1, 1, 1, 1, 1, 1, 1, 1, 1, 1, 1, 1, 1, 1, 1, 1, 1, 1, 1, 1, 1, 1, 1, 1, 1, 1, 1, 1, 1, 1, 1, 1, 1, 1, 1, 1
[22], 1, 1, 1, 1, 1, 1, 1, 1, 1, 1, 1, 1, 1, 1, 1, 1, 1, 1, 1, 1, 1, 1, 1, 1, 1, 1, 1, 1, 1, 1, 1, 1, 1, 1, 1, 1, 1, 1, 1, 1, 1, 1, 1, 1, 1, 1, 1, 1, 1, 1
[23], 1, 1, 1, 1, 1, 1, 1, 1, 1, 1, 1, 1, 1, 1, 1, 1, 1, 1, 1, 1, 1, 1, 1, 1, 1, 1, 1, 1, 1, 1, 1, 1, 1, 1, 1, 1, 1, 1, 1, 1, 1, 1, 1, 1, 1, 1, 1, 1, 1, 1
[24], 1, 1, 1, 1, 1, 1, 1, 1, 1, 1, 1, 1, 1, 1, 1, 1, 1, 1, 1, 1, 1, 1, 1, 1, 1, 1, 1, 1, 1, 1, 1, 1, 1, 1, 1, 1, 1, 1, 1, 1, 1, 1, 1, 1, 1, 1, 1, 1, 1, 1
[25], 1, 1, 1, 1, 1, 1, 1, 1, 1, 1, 1, 1, 1, 1, 1, 1, 1, 1, 1, 1, 1, 1, 1, 1, 1, 1, 1, 1, 1, 1, 1, 1, 1, 1, 1, 1, 1, 1, 1, 1, 1, 1, 1, 1, 1, 1, 1, 1, 1, 1
[26], 1, 1, 1, 1, 1, 1, 1, 1, 1, 1, 1, 1, 1, 1, 1, 1, 1, 1, 1, 1, 1, 1, 1, 1, 1, 1, 1, 1, 1, 1, 1, 1, 1, 1, 1, 1, 1, 1, 1, 1, 1, 1, 1, 1, 1, 1, 1, 1, 1, 1
[27], 1, 1, 1, 1, 1, 1, 1, 1, 1, 1, 1, 1, 1, 1, 1, 1, 1, 1, 1, 1, 1, 1, 1, 1, 1, 1, 1, 1, 1, 1, 1, 1, 1, 1, 1, 1, 1, 1, 1, 1, 1, 1, 1, 1, 1, 1, 1, 1, 1, 1
[28], 1, 1, 1, 1, 1, 1, 1, 1, 1, 1, 1, 1, 1, 1, 1, 1, 1, 1, 1, 1, 1, 1, 1, 1, 1, 1, 1, 1, 1, 1, 1, 1, 1, 1, 1, 1, 1, 1, 1, 1, 1, 1, 1, 1, 1, 1, 1, 1, 1, 1
[29], 1, 1, 1, 1, 1, 1, 1, 1, 1, 1, 1, 1, 1, 1, 1, 1, 1, 1, 1, 1, 1, 1, 1, 1, 1, 1, 1, 1, 1, 1, 1, 1, 1, 1, 1, 1, 1, 1, 1, 1, 1, 1, 1, 1, 1, 1, 1, 1, 1, 1
[30], 1, 1, 1, 1, 1, 1, 1, 1, 1, 1, 1, 1, 1, 1, 1, 1, 1, 1, 1, 1, 1, 1, 1, 1, 1, 1, 1, 1, 1, 1, 1, 1, 1, 1, 1, 1, 1, 1, 1, 1, 1, 1, 1, 1, 1, 1, 1, 1, 1, 1
[31], 1, 1, 1, 1, 1, 1, 1, 1, 1, 1, 1, 1, 1, 1, 1, 1, 1, 1, 1, 1, 1, 1, 1, 1, 1, 1, 1, 1, 1, 1, 1, 1, 1, 1, 1, 1, 1, 1, 1, 1, 1, 1, 1, 1, 1, 1, 1, 1, 1, 1
[32], 1, 1, 1, 1, 1, 1, 1, 1, 1, 1, 1, 1, 1, 1, 1, 1, 1, 1, 1, 1, 1, 1, 1, 1, 1, 1, 1, 1, 1, 1, 1, 1, 1, 1, 1, 1, 1, 1, 1, 1, 1, 1, 1, 1, 1, 1, 1, 1, 1, 1
[33], 1, 1, 1, 1, 1, 1, 1, 1, 1, 1, 1, 1, 1, 1, 1, 1, 1, 1, 1, 1, 1, 1, 1, 1, 1, 1, 1, 1, 1, 1, 1, 1, 1, 1, 1, 1, 1, 1, 1, 1, 1, 1, 1, 1, 1, 1, 1, 1, 1, 1
[34], 1, 1, 1, 1, 1, 1, 1, 1, 1, 1, 1, 1, 1, 1, 1, 1, 1, 1, 1, 1, 1, 1, 1, 1, 1, 1, 1, 1, 1, 1, 1, 1, 1, 1, 1, 1, 1, 1, 1, 1, 1, 1, 1, 1, 1, 1, 1, 1, 1, 1
[35], 1, 1, 1, 1, 1, 1, 1, 1, 1, 1, 1, 1, 1, 1, 1, 1, 1, 1, 1, 1, 1, 1, 1, 1, 1, 1, 1, 1, 1, 1, 1, 1, 1, 1, 1, 1, 1, 1, 1, 1, 1, 1, 1, 1, 1, 1, 1, 1, 1, 1
[36], 1, 1, 1, 1, 1, 1, 1, 1, 1, 1, 1, 1, 1, 1, 1, 1, 1, 1, 1, 1, 1, 1, 1, 1, 1, 1, 1, 1, 1, 1, 1, 1, 1, 1, 1, 1, 1, 1, 1, 1, 1, 1, 1, 1, 1, 1, 1, 1, 1, 1
[37], 1, 1, 1, 1, 1, 1, 1, 1, 1, 1, 1, 1, 1, 1, 1, 1, 1, 1, 1, 1, 1, 1, 1, 1, 1, 1, 1, 1, 1, 1, 1, 1, 1, 1, 1, 1, 1, 1, 1, 1, 1, 1, 1, 1, 1, 1, 1, 1, 1, 1
[38], 1, 1, 1, 1, 1, 1, 1, 1, 1, 1, 1, 1, 1, 1, 1, 1, 1, 1, 1, 1, 1, 1, 1, 1, 1, 1, 1, 1, 1, 1, 1, 1, 1, 1, 1, 1, 1, 1, 1, 1, 1, 1, 1, 1, 1, 1, 1, 1, 1, 1
[39], 1, 1, 1, 1, 1, 1, 1, 1, 1, 1, 1, 1, 1, 1, 1, 1, 1, 1, 1, 1, 1, 1, 1, 1, 1, 1, 1, 1, 1, 1, 1, 1, 1, 1, 1, 1, 1, 1, 1, 1, 1, 1, 1, 1, 1, 1, 1, 1, 1, 1
[40], 1, 1, 1, 1, 1, 1, 1, 1, 1, 1, 1, 1, 1, 1, 1, 1, 1, 1, 1, 1, 1, 1, 1, 1, 1, 1, 1, 1, 1, 1, 1, 1, 1, 1, 1, 1, 1, 1, 1, 1, 1, 1, 1, 1, 1, 1, 1, 1, 1, 1
[41], 1, 1, 1, 1, 1, 1, 1, 1, 1, 1, 1, 1, 1, 1, 1, 1, 1, 1, 1, 1, 1, 1, 1, 1, 1, 1, 1, 1, 1, 1, 1, 1, 1, 1, 1, 1, 1, 1, 1, 1, 1, 1, 1, 1, 1, 1, 1, 1, 1, 1
[42], 1, 1, 1, 1, 1, 1, 1, 1, 1, 1, 1, 1, 1, 1, 1, 1, 1, 1, 1, 1, 1, 1, 1, 1, 1, 1, 1, 1, 1, 1, 1, 1, 1, 1, 1, 1, 1, 1, 1, 1, 1, 1, 1, 1, 1, 1, 1, 1, 1, 1
[43], 1, 1, 1, 1, 1, 1, 1, 1, 1, 1, 1, 1, 1, 1, 1, 1, 1, 1, 1, 1, 1, 1, 1, 1, 1, 1, 1, 1, 1, 1, 1, 1, 1, 1, 1, 1, 1, 1, 1, 1, 1, 1, 1, 1, 1, 1, 1, 1, 1, 1
[44], 1, 1, 1, 1, 1, 1, 1, 1, 1, 1, 1, 1, 1, 1, 1, 1, 1, 1, 1, 1, 1, 1, 1, 1, 1, 1, 1, 1, 1, 1, 1, 1, 1, 1, 1, 1, 1, 1, 1, 1, 1, 1, 1, 1, 1, 1, 1, 1, 1, 1
[45], 1, 1, 1, 1, 1, 1, 1, 1, 1, 1, 1, 1, 1, 1, 1, 1, 1, 1, 1, 1, 1, 1, 1, 1, 1, 1, 1, 1, 1, 1, 1, 1, 1, 1, 1, 1, 1, 1, 1, 1, 1, 1, 1, 1, 1, 1, 1, 1, 1, 1
[46], 1, 1, 1, 1, 1, 1, 1, 1, 1, 1, 1, 1, 1, 1, 1, 1, 1, 1, 1, 1, 1, 1, 1, 1, 1, 1, 1, 1, 1, 1, 1, 1, 1, 1, 1, 1, 1, 1, 1, 1, 1, 1, 1, 1, 1, 1, 1, 1, 1, 1
[47], 1, 1, 1, 1, 1, 1, 1, 1, 1, 1, 1, 1, 1, 1, 1, 1, 1, 1, 1, 1, 1, 1, 1, 1, 1, 1, 1, 1, 1, 1, 1, 1, 1, 1, 1, 1, 1, 1, 1, 1, 1, 1, 1, 1, 1, 1, 1, 1, 1, 1

sea_mask.Y[48]
460800.0, 464000.0, 467200.0, 470400.0, 473600.0, 476800.0, 480000.0, 483200.0, 486400.0, 489600.0, 492800.0, 496000.0, 499200.0, 502400.0, 505600.0, 508800.0, 512000.0, 515200.0, 518400.0, 521600.0, 524800.0, 528000.0, 531200.0, 534400.0, 537600.0, 540800.0, 544000.0, 547200.0, 550400.0, 553600.0, 556800.0, 560000.0, 563200.0, 566400.0, 569600.0, 572800.0, 576000.0, 579200.0, 582400.0, 585600.0, 588800.0, 592000.0, 595200.0, 598400.0, 601600.0, 604800.0, 608000.0, 611200.0

sea_mask.X[50]
1936000.0, 1939200.0, 1942400.0, 1945600.0, 1948800.0, 1952000.0, 1955200.0, 1958400.0, 1961600.0, 1964800.0, 1968000.0, 1971200.0, 1974400.0, 1977600.0, 1980800.0, 1984000.0, 1987200.0, 1990400.0, 1993600.0, 1996800.0, 2000000.0, 2003200.0, 2006400.0, 2009600.0, 2012800.0, 2016000.0, 2019200.0, 2022400.0, 2025600.0, 2028800.0, 2032000.0, 2035200.0, 2038400.0, 2041600.0, 2044800.0, 2048000.0, 2051200.0, 2054400.0, 2057600.0, 2060800.0, 2064000.0, 2067200.0, 2070400.0, 2073600.0, 2076800.0, 2080000.0, 2083200.0, 2086400.0, 2089600.0, 2092800.0


u_eastward.u_eastward[1][1][48][50]
[0][0][0], 301, -279, -98, 131, 311, 465, 425, 311, 347, 541, 454, 57, -24, -9, -78, -61, 5, -209, -172, -134, -120, -91, -103, -254, -328, -56, -220, -219, -137, -152, -234, -334, -286, -258, -217, -139, -157, -198, -207, -218, -118, -38, -13, -155, -27, 18, -70, -48, -33, -22
[0][0][1], 26, -94, 26, 209, 456, 563, 392, 273, 415, 503, 94, -110, -70, 10, -96, -29, -112, -261, -220, -202, -163, -129, -235, -420, -204, -160, -248, -193, -120, -143, -198, -282, -291, -299, -238, -179, -170, -179, -171, -135, -74, 9, 71, -207, -70, -3, -79, -77, -2, -3
[0][0][2], -21, 1, 152, 389, 596, 344, 283, 295, 410, 139, -144, -151, -40, -49, -62, -30, -199, -278, -231, -210, -156, -182, -254, -294, -129, -119, -216, -152, -90, -119, -170, -208, -340, -325, -263, -182, -135, -111, -98, -73, -37, 56, 83, -198, -50, -22, -91, -50, 25, 64
[0][0][3], 111, 200, 386, 507, 547, 274, 197, 291, 322, -133, -183, -96, -27, -21, -37, -138, -184, -240, -181, -137, -106, -150, -190, -185, -117, -85, -182, -166, -82, -75, -86, -134, -269, -302, -226, -99, -47, -60, -44, -23, -6, 89, -65, -143, -33, -68, -98, -18, 54, 114
[0][0][4], 290, 410, 527, 602, 319, 153, 176, 279, 103, -164, -97, -55, -22, -35, -121, -216, -153, -194, -166, -57, -18, -76, -130, -152, -130, -133, -115, -171, -73, -22, -56, -176, -290, -300, -233, -140, -102, -95, -80, -59, 7, 109, -231, -99, -93, -102, -78, 34, 110, 164
[0][0][5], 312, 418, 523, 351, 127, 98, 161, 222, 14, -85, -82, -44, -46, -65, -165, -203, -109, -103, -93, -49, -22, -30, -75, -103, -98, -53, -156, -166, -95, -99, -289, -322, -357, -287, -213, -153, -107, -77, -77, -52, 20, -93, -195, -78, -39, 6, 57, 122, 157, 176
[0][0][6], 254, 341, 250, 121, 79, 134, 203, 102, -23, -86, -54, -27, -64, -121, -154, -166, -132, -83, -73, -47, -29, -24, -44, -88, -84, -7, -240, -181, -160, -203, -301, -286, -336, -321, -247, -171, -136, -133, -127, -95, -215, -256, -93, 18, 137, 188, 180, 166, 131, 107
[0][0][7], 163, 168, 81, 136, 168, 135, 42, 23, -69, -133, -60, -131, -188, -134, -138, -146, -156, -133, -101, -74, -18, 2, -20, -90, -96, -30, -316, -209, -209, -236, -310, -315, -309, -259, -219, -200, -260, -250, -304, -384, -273, -104, 64, 108, 16, 53, 48, 38, 10, -36
[0][0][8], 48, 57, 123, 222, 18, -64, -27, -58, -196, -112, -138, -146, -85, -91, -191, -236, -144, -82, -57, -38, 19, 58, 9, -73, -146, -126, -265, -208, -191, -229, -225, -252, -254, -233, -208, -204, -226, -306, -326, -239, -98, 52, -129, -60, -5, 35, 18, -3, -12, -28
[0][0][9], 47, 109, 115, 27, -39, -38, -82, -131, -230, -121, -124, -117, -62, -272, -262, -167, -88, -59, -51, -26, 18, 78, 8, -71, -191, -165, -244, -196, -174, -177, -188, -181, -169, -161, -154, -166, -195, -214, -170, -80, -120, -184, -124, -50, 40, 89, 4, -7, -23, -37
[0][0][10], 137, 155, 81, -79, -64, -73, -126, -172, -180, -127, -72, -112, -206, -275, -188, -125, -72, -61, -43, -5, 12, 57, 17, -98, -202, -167, -255, -189, -166, -146, -158, -130, -102, -88, -107, -154, -252, -232, -211, -277, -214, -128, -44, 54, 133, 143, 28, -59, -57, -143
[0][0][11], 220, 15, -7, -121, -110, -97, -127, -184, -161, -116, -45, -113, -245, -215, -135, -110, -58, -57, -67, -43, -16, 69, 74, -108, -197, -178, -245, -194, -163, -142, -136, -131, -108, -99, -160, -253, -348, -349, -301, -212, -113, -29, 68, 174, 173, 111, 2, -90, -110, -126
[0][0][12], 178, -90, -101, -127, -123, -83, -105, -135, -152, -134, -47, -102, -219, -174, -139, -84, -63, -48, -101, -51, 48, 120, 101, -94, -211, -179, -210, -197, -163, -144, -120, -125, -98, -119, -209, -276, -305, -284, -192, -103, -38, 62, 232, 197, 25, 31, -52, -117, -113, -91
[0][0][13], -79, -95, -109, -124, -116, -64, -51, -74, -80, -100, -46, -79, -161, -155, -93, -83, -61, -54, -44, 33, 98, 180, 117, -122, -235, -177, -178, -191, -171, -163, -126, -134, -113, -124, -193, -217, -251, -187, -80, -31, 34, 181, 221, 0, -35, -27, -86, -112, -103, -67
[0][0][14], -70, -32, -20, -59, -82, -43, -28, -54, -32, -44, -42, -57, -108, -145, -56, -37, -27, -47, 5, 91, 166, 151, 72, -186, -246, -174, -169, -182, -161, -165, -139, -129, -139, -123, -170, -187, -174, -86, -36, 23, 89, 241, 125, -55, -43, -68, -95, -122, -126, -56
[0][0][15], -30, 3, 20, 24, -12, -34, -25, -23, -41, -24, -33, -64, -88, -122, -37, 35, -25, -9, 12, 99, 212, -16, 2, -210, -224, -179, -176, -159, -145, -148, -153, -127, -168, -145, -142, -172, -146, -40, 13, 36, 203, 150, 37, -43, -48, -83, -123, -144, -142, -225
[0][0][16], 41, 69, 77, 37, -1, -48, -31, -7, -60, -83, -78, -94, -105, -97, -28, -30, -5, 37, 27, 83, 90, -56, -37, -176, -167, -140, -139, -115, -127, -135, -136, -131, -130, -178, -146, -158, -54, -28, 2, 162, 184, 47, -13, -27, -48, -77, -147, -162, -182, -219
[0][0][17], -37, -4, -16, -76, -61, -75, -52, -16, -72, -110, -55, -56, -70, -85, -86, -41, 65, 74, 6, 54, -3, -55, -49, -117, -141, -144, -138, -139, -132, -105, -87, -96, -119, -149, -153, -95, 52, -20, 141, 151, 33, -26, -24, -37, -54, -65, -121, -191, -271, -150
[0][0][18], -21, -10, 5, -86, -99, -107, -77, -67, -98, -95, -42, -31, -75, -74, -40, 53, 80, 26, -12, 24, -19, -86, -59, -73, -91, -106, -122, -110, -95, -72, -41, -53, -94, -109, -109, -70, -120, 74, 141, 29, -47, -35, -36, -57, -76, -90, -124, -212, -211, -90
[0][0][19], -27, -29, -16, -100, -160, -152, -94, -110, -141, -112, -47, -69, -100, -81, -5, 33, 59, 40, -23, -9, -2, -88, -83, -74, -79, -75, -84, -84, -76, -53, -31, -79, -137, -131, -172, -187, -35, 82, 72, 4, -69, -61, -71, -114, -105, -144, -151, -166, -135, -106
[0][0][20], -52, -51, -46, -70, -149, -161, -126, -164, -194, -112, -71, -97, -120, -80, -14, 26, 8, -12, -44, -35, -36, -70, -75, -35, -18, -49, -118, -101, -74, -54, -75, -165, -156, -197, -247, -111, -34, 69, 59, -58, -95, -63, -37, -156, -149, -195, -153, -159, -153, -127
[0][0][21], -9, -80, -73, -71, -96, -129, -146, -215, -177, -86, -51, -74, -69, -38, -16, -7, -18, -21, -30, -34, -47, -54, -40, -8, -18, -26, -93, -131, -103, -98, -91, -130, -157, -224, -173, -90, -30, 80, 77, -22, -80, -54, -69, -168, -189, -143, -112, -144, -195, -174
[0][0][22], 5, 7, -81, -102, -81, -113, -165, -155, -99, -33, -13, -28, -71, -36, -9, 4, 1, -14, -12, -17, -30, -51, -2, 26, -6, -16, -30, -63, -86, -96, -104, -105, -126, -184, -112, -44, -4, 102, 103, -17, -117, -128, -124, -152, -198, -130, -109, -147, -169, -165
[0][0][23], -52, 11, 21, -83, -103, -73, -88, -86, -38, 5, 11, -14, -28, -36, -5, 19, 33, 25, 8, 4, -56, -49, -14, 23, 10, 23, 37, -7, -48, -56, -105, -124, -129, -118, -81, -43, 10, 118, 117, -69, -110, -129, -146, -154, -173, -170, -155, -149, -158, -166
[0][0][24], -92, -80, -22, 8, -80, -91, -70, -45, -13, 8, -6, -28, -20, -43, 14, 2, 11, 28, 27, 3, -39, -57, -18, 2, 30, 60, 66, 44, -31, -65, -77, -124, -136, -109, -59, -39, 8, 113, 92, -105, -69, -77, -146, -157, -171, -163, -114, -122, -160, -151
[0][0][25], -36, -111, -112, -40, -8, -53, -57, -43, -3, 29, -18, -62, -40, -41, 13, 14, -5, 14, 22, 9, -5, -12, -6, 25, 67, 120, 43, 35, -18, -63, -82, -86, -110, -112, -56, -38, -2, 73, 41, -97, -69, -56, -111, -150, -141, -107, 18, -169, -133, -174
[0][0][26], 12, -100, -156, -115, -29, 1, -11, 9, 69, 75, 3, -51, -58, 0, -16, 44, 40, 48, 33, 48, 48, 18, 40, 88, 92, 162, 19, -34, -24, -61, -78, -89, -101, -107, -97, -61, -37, 2, 2, -129, -73, -71, -129, -143, -108, -78, 13, -26, -167, -132
[0][0][27], 10, -69, -140, -153, -68, 24, 59, 51, 105, 116, -31, -8, -47, 9, 42, 21, 97, 150, 187, 37, 83, 176, 28, 177, 148, 94, 18, -47, -30, -56, -52, -81, -94, -101, -91, -98, -100, -56, -28, -88, -28, -35, -112, -137, -66, -47, 9, 16, -164, -166
[0][0][28], 11, -6, -71, -112, -70, 30, 112, 125, 132, 137, 36, 24, -27, 28, 103, 49, 88, 216, 285, 83, 70, 131, -5, 192, 102, 48, 8, -20, -36, -37, -21, -39, -97, -83, -71, -85, -124, -80, -45, -64, 13, 31, -92, -129, -39, -25, 6, 40, -12, -33
[0][0][29], -93, -104, -41, 5, 33, 59, 92, 110, 129, 168, 84, 3, -24, 97, 91, 56, 56, 209, 242, 22, -50, -32, 74, 88, 37, 24, -3, 9, -39, -37, -16, -53, -85, -69, -53, -25, -69, -91, -69, -26, 37, 80, -115, -109, -36, -2, 30, 69, 137, -1
[0][0][30], -50, -64, -75, -51, 6, 34, 95, 118, 123, 152, 31, -73, 51, 58, 20, -19, 79, 190, -32, -21, 9, -9, 49, -15, 29, 4, 74, 56, -85, -76, -75, -75, -69, -43, -20, -4, -15, -98, -67, -13, 46, 104, -97, -95, 49, 117, 75, 79, 204, -71
[0][0][31], -39, -28, -22, 27, 49, -43, -76, -68, -65, -81, -118, -21, 37, -8, -12, 43, 34, 33, 16, 68, 91, 55, 9, -70, 27, 16, 27, -80, -99, -87, -86, -87, -82, -84, -76, -73, -84, -105, -78, 18, 55, 66, -100, 7, 276, 10, 54, 83, 19, -104
[0][0][32], -56, -8, 54, 55, -10, -14, -78, -124, -137, -116, -65, -26, 16, -32, -61, -58, 5, 41, 81, 113, 69, 12, -29, -107, -6, 30, 9, -116, -111, -139, -129, -113, -112, -81, -41, -28, -39, -35, -15, 124, -66, -3, -117, 123, 170, -74, -55, 35, -29, -112
[0][0][33], -47, -16, 103, 45, -3, -31, -46, -51, -63, -61, -38, -43, 5, -141, -133, -28, 58, 1, 53, 38, -11, -44, -58, -93, -48, 21, 30, -77, -135, -119, -132, -101, -71, 10, -84, -72, -9, -32, 22, 102, -69, -148, -33, 161, 195, -64, -54, 43, 27, 59
[0][0][34], 71, 116, 93, 125, 37, 38, -3, -65, -39, -47, -46, -31, -150, -191, -86, 14, 97, 55, 16, 29, -6, -26, -46, -45, -56, 3, 37, 6, -54, -76, -53, 4, 30, 55, -81, 108, 81, 90, -166, -26, -97, -76, 61, 222, 305, 56, -9, 83, 152, 200
[0][0][35], 113, 15, 16, 152, 47, 1, -11, -81, -90, -69, -40, -103, -208, -117, -31, 62, 142, 105, 14, 29, 13, 45, 67, 27, 12, 21, 44, 42, 33, 23, 57, 114, 56, 51, -59, 162, 145, 66, -289, -175, -71, 5, 139, 272, 341, 75, 63, 25, 150, 267
[0][0][36], 127, -31, -44, 40, 20, -28, -52, -105, -94, -72, -72, -157, -122, -27, 61, 134, 182, 110, 10, 6, 68, 136, 83, -6, 33, 74, 65, 66, 69, 77, 171, 42, -9, 28, -58, 159, 137, -46, -302, -163, -48, 65, 185, 341, 142, 105, 86, 87, 110, 104
[0][0][37], 169, 78, -49, 76, 30, -41, -87, -100, -112, -88, -115, -92, 2, 101, 163, 194, 181, 75, -3, 22, 63, 164, 68, 62, 131, 45, 14, 11, 18, 109, 42, 18, 10, 18, 10, 83, 89, -163, -105, -35, 64, 125, 217, 159, 91, 123, 61, 83, 99, 42
[0][0][38], 89, 8, -37, 0, 12, -41, -107, -135, -168, -121, -87, 21, 112, 129, 122, 96, 74, 67, -14, 26, 53, 147, 80, 111, 127, -71, -69, -90, 10, 1, 34, 56, -16, -30, 27, 75, -38, -128, -208, -144, -67, -30, 12, 84, 108, 120, 118, 32, 55, 27
[0][0][39], -31, 27, -9, -115, -21, -40, -90, -154, -182, -118, -43, 55, 109, 66, -24, -55, 9, 39, 13, 56, 91, 139, 80, 79, 46, -116, -157, -58, -62, 34, 49, 73, 135, -49, 18, 30, -140, -130, -79, -43, 19, 75, 70, 38, 83, 127, 75, 10, 15, 6
[0][0][40], 17, 60, -16, -169, -22, -39, -54, -98, -131, -103, -7, 76, 150, 52, 13, 19, 44, 29, 61, 84, 98, 146, 125, 11, 19, -46, -91, -114, 28, 50, -27, 61, 83, -159, -11, -30, -69, -24, 15, 90, 138, 161, 167, 104, 92, 120, 16, 11, 34, -17
[0][0][41], 21, 2, -1, -127, -61, -27, -38, -62, -50, 38, 143, 191, 154, 160, 34, 86, 74, 83, 71, 60, 86, 134, 156, -26, -4, -42, -107, -31, 68, -40, -42, 11, 47, -37, -49, -45, -31, 47, 116, 190, 190, 175, 185, 137, 65, 121, 16, -2, 18, 2
[0][0][42], -12, 23, 19, 0, -8, -102, -38, -7, 63, 166, 270, 148, 60, 134, 85, 17, 75, 112, 62, 32, 39, 71, 114, 49, -28, -65, -40, 50, 56, 26, 52, 9, 0, 21, 42, 63, 93, 138, 178, 195, 176, 138, 174, 93, 4, 118, 61, 2, 29, 23
[0][0][43], 33, 41, 29, -31, -70, -106, -96, 27, 127, 141, 137, 203, -52, 42, 86, 63, 94, -16, 51, 115, 42, -23, 55, 73, -4, -10, 39, 99, 59, -40, -113, -69, -25, 24, 79, 142, 201, 233, 197, 167, 151, 118, 212, 77, 25, 138, 38, -5, 39, 14
[0][0][44], 113, 79, -15, -41, -57, -45, -31, 14, 69, 129, 186, 218, -39, -24, 59, 63, 68, -41, 75, 161, -65, -78, -20, 66, 91, 65, 79, 93, -35, -142, -9, 67, 122, 185, 227, 258, 284, 175, 142, 119, 99, 121, 281, 39, 59, 62, 3, 0, 47, -36
[0][0][45], 109, 68, -36, -55, -7, 43, 90, 133, 160, 188, 204, 114, -44, -39, 18, 44, 56, -56, 53, 91, -149, -192, -58, 69, 134, 90, 89, 38, -186, -28, 109, 197, 260, 345, 327, 272, 293, 183, 103, 80, 86, 151, 231, -45, 69, 4, -1, -43, -93, -64
[0][0][46], 63, 63, 12, -80, 9, 87, 105, 83, 75, 56, 22, -43, -43, -35, -3, 17, 48, -17, -6, -10, -99, -252, -193, -65, 26, 62, -7, -152, -101, 70, 227, 347, 441, 431, 328, 182, 251, 152, 109, 52, 62, 281, -56, 14, -29, -27, -110, -128, -185, -118
[0][0][47], 30, 24, -27, -67, -34, 5, -5, -15, -73, -117, -100, -57, -42, -37, -44, 5, 38, 44, -76, -46, -53, -43, -35, -27, 9, -44, -136, -114, 8, 174, 352, 489, 389, 276, 172, 88, 193, 188, 66, -35, 110, 35, -28, -30, -62, -55, -206, -223, -106, -22

u_eastward.time[1]
1.7079984E9

u_eastward.depth[1]
10.0

u_eastward.Y[48]
460800.0, 464000.0, 467200.0, 470400.0, 473600.0, 476800.0, 480000.0, 483200.0, 486400.0, 489600.0, 492800.0, 496000.0, 499200.0, 502400.0, 505600.0, 508800.0, 512000.0, 515200.0, 518400.0, 521600.0, 524800.0, 528000.0, 531200.0, 534400.0, 537600.0, 540800.0, 544000.0, 547200.0, 550400.0, 553600.0, 556800.0, 560000.0, 563200.0, 566400.0, 569600.0, 572800.0, 576000.0, 579200.0, 582400.0, 585600.0, 588800.0, 592000.0, 595200.0, 598400.0, 601600.0, 604800.0, 608000.0, 611200.0

u_eastward.X[50]
1936000.0, 1939200.0, 1942400.0, 1945600.0, 1948800.0, 1952000.0, 1955200.0, 1958400.0, 1961600.0, 1964800.0, 1968000.0, 1971200.0, 1974400.0, 1977600.0, 1980800.0, 1984000.0, 1987200.0, 1990400.0, 1993600.0, 1996800.0, 2000000.0, 2003200.0, 2006400.0, 2009600.0, 2012800.0, 2016000.0, 2019200.0, 2022400.0, 2025600.0, 2028800.0, 2032000.0, 2035200.0, 2038400.0, 2041600.0, 2044800.0, 2048000.0, 2051200.0, 2054400.0, 2057600.0, 2060800.0, 2064000.0, 2067200.0, 2070400.0, 2073600.0, 2076800.0, 2080000.0, 2083200.0, 2086400.0, 2089600.0, 2092800.0


v_northward.v_northward[1][1][48][50]
[0][0][0], 154, 309, 169, 9, -52, -49, 2, 120, 137, 118, 37, 59, 99, -33, -19, -48, -80, -123, -168, -186, -158, -132, -29, 39, -2, 21, -8, -1, -96, -59, 59, 289, 310, 275, 240, 149, 51, -15, -5, -46, -82, -140, -111, 122, -6, -120, -77, -99, -147, -85
[0][0][1], 87, 94, 39, 22, 24, 26, 58, 84, 90, 34, 59, 133, 86, -7, 27, -23, -47, -98, -181, -270, -253, -221, -132, -55, -11, -67, 0, -33, -121, -88, -12, 174, 281, 281, 277, 209, 109, 37, 22, 4, -28, -108, -135, 75, 3, -90, -74, -168, -219, -196
[0][0][2], 0, -16, -14, 69, 81, 30, 59, 56, 7, -23, 66, 92, 35, 6, 21, -15, -21, -33, -99, -233, -287, -200, -129, 2, 2, -79, 46, -31, -101, -61, 10, 62, 303, 316, 310, 281, 210, 145, 109, 42, 20, -41, -89, 39, -20, -59, -53, -140, -232, -254
[0][0][3], 89, 102, 154, 115, 41, 56, 48, 0, -87, -25, 12, 23, -12, 12, -10, -8, -23, 43, -23, -117, -159, -149, -129, -13, 16, 16, -30, -39, -96, -38, 44, 90, 235, 379, 395, 371, 308, 245, 186, 124, 84, 32, -9, 6, -51, -37, -39, -95, -178, -208
[0][0][4], 251, 254, 179, 114, 55, 72, 29, -30, -145, -42, -10, -27, -29, -54, -21, -12, -25, 35, 78, 39, -28, -50, -41, -71, -107, -37, -40, -70, -116, -66, 63, 82, 184, 284, 324, 315, 274, 240, 213, 192, 157, 101, 25, -9, -93, -90, -39, -41, -65, -103
[0][0][5], 331, 273, 216, 95, 77, 55, 13, -60, -121, -33, -36, -37, -50, -47, -17, 33, 8, 10, 34, 15, -6, 9, 28, 1, -62, -93, -10, -75, -159, -174, -67, 1, 81, 179, 236, 281, 308, 304, 277, 263, 202, 33, 31, 34, 11, 37, 71, 89, 66, 15
[0][0][6], 272, 198, 134, 80, 64, 75, 35, -60, -51, -36, -52, -36, -12, -59, -71, 2, -21, -45, -37, -42, -42, -4, 76, 74, 7, -74, 20, -67, -165, -189, -155, -60, 16, 45, 64, 125, 202, 205, 238, 242, 16, 36, 84, 87, 110, 130, 144, 149, 127, 83
[0][0][7], 110, 111, 82, 70, 83, 103, 45, -45, -17, -51, -55, -65, -100, -88, -47, -33, -73, -72, -78, -80, -82, -71, 13, 105, 60, -49, 32, -59, -110, -134, -178, -173, -88, -7, 20, -13, 45, 63, -4, 23, 53, 116, 117, 24, -22, 11, 51, 43, 71, 76
[0][0][8], 41, 62, 49, 11, 36, 14, 2, -16, 6, -42, -24, -61, -80, -44, -55, -60, -63, -52, -41, -48, -81, -105, -28, 69, 93, 6, 48, -47, -88, -51, -45, -65, -48, -12, 8, 36, 52, 47, 64, 94, 146, 82, -59, -102, -125, -77, 17, 59, 68, 47
[0][0][9], 30, 9, -14, -31, -48, -16, 15, 11, 31, -21, -44, -51, -69, -69, -63, -97, -83, -58, -50, -56, -73, -109, -56, 43, 117, 70, 88, -10, -73, -51, -35, -39, -30, 5, 42, 46, 141, 184, 181, 168, -9, -41, -55, -82, -130, -128, 3, 45, 27, -21
[0][0][10], -37, -24, -24, 28, -28, -41, 10, 40, 97, -1, -65, -53, -46, -45, -87, -96, -105, -95, -72, -85, -102, -145, -92, 41, 130, 107, 148, 39, -22, -50, 2, 19, 4, 9, 53, -7, 74, 150, 60, -39, -44, -21, -28, -48, -72, -72, -12, 26, -35, -42
[0][0][11], -59, 8, 14, 68, -17, -74, -23, 77, 109, 25, -30, -18, 19, -13, -100, -100, -99, -154, -118, -124, -160, -186, -138, 58, 124, 138, 166, 84, 24, -27, -32, 7, -4, 15, 67, -7, -91, -58, -48, -37, -18, -20, -1, 30, 65, 40, 14, 40, -25, -6
[0][0][12], -43, 8, 10, 78, 41, -31, -62, -37, 55, 40, 17, 29, 58, 22, -103, -90, -79, -191, -181, -179, -183, -198, -142, 58, 117, 150, 143, 118, 37, 0, -48, -28, -38, -23, 83, 94, 41, 9, 8, -6, -24, -29, 3, 68, 101, 74, 50, 66, 22, 1
[0][0][13], -22, 0, -40, -1, 41, 30, -42, -87, -30, 34, 41, 55, 69, 51, -67, -99, -67, -125, -160, -158, -161, -176, -126, 32, 92, 113, 113, 113, 52, 27, -27, -41, -37, -57, 49, 162, 119, 78, 33, -1, -22, -28, -63, 0, 71, 28, 58, 95, 66, 31
[0][0][14], -18, 12, -10, -30, 0, 27, -2, -41, -44, -19, 8, 56, 71, 93, -7, -74, -75, -63, -95, -130, -159, -127, -97, -13, 43, 76, 79, 102, 68, 46, 7, -41, -15, -60, 12, 81, 110, 84, 36, 11, -1, -33, -46, 45, 28, 22, 48, 88, 83, 50
[0][0][15], -39, 4, 36, 21, 10, 24, 8, 12, -19, -19, -3, 60, 83, 101, 45, -40, -56, -81, -88, -144, -198, -129, -98, -15, 27, 72, 65, 84, 84, 71, 45, 6, 11, -20, -16, 43, 22, 45, 56, 31, 17, -17, 21, 41, 29, 26, 44, 53, 41, -38
[0][0][16], 9, 63, 119, 116, 78, 50, 20, -12, -23, -38, -82, -74, 23, 74, 40, -32, -27, -40, -77, -149, -212, -196, -150, 28, 77, 87, 88, 87, 89, 84, 82, 76, 47, 67, 19, 35, 24, -8, 20, 35, 36, 33, 45, 36, 40, 35, 64, 41, 4, -4
[0][0][17], -68, -103, -81, 63, 101, 82, 49, -24, -9, -2, -20, -4, -8, -25, -33, -13, 20, -8, -49, -121, -158, -182, -178, -129, -45, 11, 27, 37, 62, 79, 82, 98, 126, 104, 117, 99, 61, 0, 8, 14, 13, 29, 39, 42, 55, 58, 73, 47, 68, 10
[0][0][18], -31, -68, -114, 10, 67, 70, 42, -11, -3, -3, -37, 5, 55, 34, 20, 46, 7, -21, -33, -82, -142, -107, -99, -83, -64, -22, 4, 20, 38, 57, 63, 98, 139, 146, 122, 113, -12, -24, -86, -36, 13, 24, 37, 47, 42, 66, 55, 81, 89, 43
[0][0][19], -23, -31, -110, -110, 10, 25, 18, -1, -9, -54, -124, -125, -60, 12, 21, -20, -9, -7, -4, -41, -153, -134, -127, -36, 29, 71, 54, 35, 27, 35, 45, 68, 106, 94, 30, -15, -25, -125, -133, 1, -2, -48, -67, 10, -4, 25, 41, 75, 103, 65
[0][0][20], -87, -30, -58, -119, -75, -35, -4, 4, -30, -97, -157, -186, -172, -110, -48, -55, -83, -51, -11, -4, -85, -136, -162, -170, -106, -30, 94, 95, 50, 3, -19, -11, 27, 45, 29, -9, -62, -185, -142, -3, -6, -64, -84, 1, -26, -22, 25, 74, 98, 80
[0][0][21], -60, -88, -22, -59, -54, -22, -19, 13, -7, -81, -137, -139, -54, -75, -85, -91, -104, -88, -57, -11, 6, -77, -117, -152, -152, -117, -46, 65, 85, 60, 23, 32, 43, 80, 64, -17, -76, -183, -151, -44, 59, 3, -41, -17, 14, -37, -84, -53, 11, 23
[0][0][22], 105, -43, -75, -8, -27, -22, -10, 32, 30, -27, -73, -70, -33, -63, -74, -95, -105, -89, -65, -18, 1, -4, -67, -108, -126, -149, -99, -33, 77, 162, 116, 83, 82, 137, 120, 11, -42, -164, -139, -30, -19, -7, -33, -34, 31, 30, 1, 27, 17, 9
[0][0][23], 311, 141, -20, -37, 12, 14, 11, 40, 40, 16, -7, -25, -53, -43, -59, -44, -59, -81, -80, -72, -20, 34, -6, -43, -44, -80, -87, -49, -6, 0, 75, 191, 148, 151, 147, 57, 3, -121, -122, 35, -25, -17, -19, -32, -26, -33, -40, 7, 61, 40
[0][0][24], 255, 338, 155, 7, -20, 28, 45, 49, 48, 60, 54, 21, -25, -19, -65, -45, -38, -52, -63, -66, -91, -15, 19, 11, -1, -15, -15, -23, -6, 11, 22, 118, 193, 179, 151, 101, 44, -85, -116, 83, 1, -36, 28, -5, -18, -29, -15, 9, 18, 56
[0][0][25], 111, 279, 328, 152, 21, 5, 24, 45, 44, 40, 50, 58, 23, 9, -22, -67, -63, -56, -50, -56, -52, -46, -11, 15, 25, 18, 53, 38, 12, 4, 0, 22, 94, 238, 217, 151, 88, -36, -95, -45, -9, 19, 62, 38, 15, -1, -47, 66, 90, 26
[0][0][26], -23, 147, 279, 281, 157, 67, 53, 48, 21, 41, 83, 48, 61, 19, 68, -11, -64, -69, -12, 3, -14, 10, 29, 17, 49, 36, 66, 79, 50, 27, -5, -7, 21, 70, 141, 172, 139, 25, -57, -65, -69, 8, 93, 75, 28, 24, -62, -44, 199, 147
[0][0][27], -67, -3, 165, 291, 291, 210, 138, 101, 52, 10, 68, 61, 67, 55, 50, 122, 27, -62, -71, 56, 82, 37, 67, 20, 30, 25, 74, 114, 113, 92, 45, 44, 36, 40, 57, 102, 129, 75, -17, -27, -84, -38, 102, 115, 50, 45, -13, -83, 44, 154
[0][0][28], -45, -17, 1, 186, 296, 315, 246, 167, 112, 48, 45, 82, 55, 65, 80, 127, 156, 32, -28, 31, 95, 34, 32, 27, -28, -14, 33, 119, 178, 151, 115, 85, 111, 78, 63, 57, 125, 128, 22, -14, -64, -78, 110, 122, 79, 69, 54, 2, -48, 129
[0][0][29], -314, -216, -45, 80, 180, 265, 274, 231, 173, 122, 69, 41, 26, 46, 52, 84, 114, 41, -14, -37, -41, -10, 25, -48, -84, -38, -38, 7, 101, 149, 127, 100, 130, 131, 113, 113, 117, 165, 101, 47, 12, -63, 111, 80, 39, 29, 73, 84, 9, 107
[0][0][30], -271, -264, -229, -191, -124, 138, 244, 274, 265, 190, 77, 6, 3, -9, -23, -1, 42, 9, -48, -23, -5, 14, 10, -61, -128, -58, -9, -23, 17, 42, 52, 64, 89, 115, 123, 121, 115, 152, 139, 92, 63, -4, 123, 35, -2, 63, 49, 39, 21, 135
[0][0][31], -166, -205, -197, -188, -230, -258, -62, 25, 62, 16, -14, -7, -29, -22, -20, -1, -73, -84, -65, -52, -25, 6, 11, -17, -133, -188, -86, -44, -4, 10, 13, 18, 24, 13, -2, -7, 10, 71, 102, 91, 138, 84, 103, 23, 8, 174, 143, 5, -128, 94
[0][0][32], -133, -148, -170, -180, -144, -206, -229, -194, -137, -71, -14, 2, -18, -2, -60, -120, -123, -59, -54, -45, -3, 22, 34, 36, -70, -184, -206, -36, -15, -22, 2, 9, 11, 35, 88, 108, 127, 149, 104, 30, 76, 108, 102, -52, -158, 44, 160, 32, -125, -164
[0][0][33], -144, -137, -153, -179, -114, -67, -67, -53, -19, 10, 2, 18, -5, -50, -98, -138, -170, -95, -53, -86, -100, -47, 14, 69, 28, -103, -209, -157, -46, -65, -127, -104, -62, -65, -90, -61, 107, 393, 300, 87, -16, 4, 6, -85, -220, 22, 164, 105, 52, -9
[0][0][34], -4, -16, -47, -151, -72, -60, -44, 45, 20, 27, 34, 27, 4, -22, -62, -134, -177, -139, -62, -97, -119, -103, -32, 59, 98, 38, -79, -155, -110, -35, -60, -65, -45, -75, -40, -126, -174, 54, 370, 193, 58, 47, 25, -77, -199, 57, 234, 251, 212, 183
[0][0][35], -107, -203, 138, -21, -80, -50, -38, -40, -19, -1, 31, 25, 35, 16, -28, -91, -139, -117, -23, -45, -124, -100, -1, 80, 97, 120, 81, 5, -45, -22, -7, 10, 7, -25, 35, -83, -239, -145, 213, 196, 118, 100, 59, -22, -76, 31, 68, 241, 381, 397
[0][0][36], -87, -34, -114, -134, -121, -89, -79, -58, -34, -27, -26, 5, 61, 69, 42, -20, -71, -70, 23, 8, -46, -130, -100, -24, 84, 176, 175, 127, 71, 47, 51, 40, 61, -9, 49, -12, -192, -245, 22, 121, 119, 132, 118, 37, 16, 44, 66, 70, 30, 61
[0][0][37], 35, -42, 57, -81, -130, -109, -83, -67, -53, -56, -50, -5, 57, 115, 119, 73, -2, -24, 30, 22, 8, -85, -84, -49, -32, 103, 131, 135, 85, 75, 15, 45, 106, 57, -5, -12, -97, 64, 61, 151, 195, 199, 155, 46, -25, -6, 52, 39, 18, -10
[0][0][38], 32, -21, 9, 27, -88, -124, -102, -101, -81, -89, -78, -43, -45, 18, 80, 83, 20, -8, 25, 29, 9, -61, -70, -70, -116, -2, 51, 55, 66, 3, -28, -32, 52, 107, 59, -33, -57, -121, -164, -181, -200, -179, -41, 16, -38, -32, -1, 31, 24, 16
[0][0][39], -54, -12, -18, 101, -23, -87, -104, -109, -96, -94, -114, -152, -216, -167, -96, -44, -3, 16, 13, -4, 5, -38, -85, -50, -152, -90, -16, 32, -27, -27, -24, -36, 14, 169, 126, -3, -54, -56, -82, -131, -146, -135, -121, -54, -41, -73, -1, -47, -46, -1
[0][0][40], 0, -12, 1, 150, 67, 17, -34, -50, -78, -116, -150, -171, -186, -156, -98, -49, -13, 32, 71, 62, 23, -46, -136, 3, -79, -73, -12, -46, -66, -50, -28, -48, -197, 72, 145, 86, 55, -2, -18, -27, -50, -42, -38, 16, -7, -63, 28, -7, -63, -9
[0][0][41], -52, -79, -72, 101, 223, 115, 67, 43, 19, -4, -5, 9, -54, -154, -65, -11, 14, 47, 117, 123, 96, 16, -119, -22, -36, -20, -25, -75, -118, -100, -71, -43, -113, -172, -35, 59, 117, 85, 85, 58, 20, 20, 17, 33, 94, -45, 14, 27, -33, -37
[0][0][42], -82, -64, -39, 11, 64, 266, 185, 147, 135, 114, 91, 38, 115, -29, -113, -111, -91, -67, -4, 128, 207, 115, -23, -120, -16, 8, -15, -56, -82, -68, -117, -144, -144, -126, -121, -58, 68, 127, 125, 90, 53, 28, -4, 2, 110, 31, 51, 61, 17, -9
[0][0][43], -11, 19, -8, 14, -9, 46, 251, 269, 241, 100, 8, -31, 115, 82, -42, -63, -150, -152, -168, -104, 106, 223, 95, -44, -47, 12, 20, -9, -47, -106, -172, -219, -219, -182, -116, -77, -16, 112, 136, 113, 88, 66, -2, 24, 104, 72, 85, 87, 66, 50
[0][0][44], -49, 9, 110, 70, 69, 40, 66, 110, 118, 116, 70, 23, 95, 142, 44, -21, -134, -101, -235, -288, 29, 192, 151, 53, -24, -6, 31, 21, -38, -56, -93, -101, -94, -98, -69, -22, -52, 45, 122, 112, 99, 109, 41, 74, 129, 66, 87, 103, 107, 83
[0][0][45], -81, -71, 56, 167, 148, 148, 159, 186, 218, 216, 156, 82, 85, 132, 90, 17, -60, -43, -198, -395, -262, 58, 125, 78, 13, 3, 43, 7, 3, -15, -21, -20, 2, 18, 31, 63, -2, 15, 76, 119, 104, 119, 56, 96, 82, 74, 83, 51, 40, 54
[0][0][46], -106, -115, -72, 94, 161, 160, 126, 123, 156, 176, 130, 58, 84, 118, 108, 54, -6, -31, -85, -284, -460, -379, -184, -85, -36, 10, -73, -59, 7, -6, 4, 36, 85, 87, 64, 75, 35, 37, 70, 119, 99, 72, 60, 81, 50, 16, 23, -20, -96, -70
[0][0][47], -96, -118, -131, -91, -57, -34, -3, -20, -28, -4, 21, 25, 32, 65, 48, 49, 25, 6, 74, -104, -274, -343, -274, -207, -183, -128, -45, 1, 14, 7, 28, 72, 102, 86, 66, 65, 52, 51, 20, 82, 108, 3, 35, 45, 51, 19, -17, -49, -63, -20

v_northward.time[1]
1.7079984E9

v_northward.depth[1]
10.0

v_northward.Y[48]
460800.0, 464000.0, 467200.0, 470400.0, 473600.0, 476800.0, 480000.0, 483200.0, 486400.0, 489600.0, 492800.0, 496000.0, 499200.0, 502400.0, 505600.0, 508800.0, 512000.0, 515200.0, 518400.0, 521600.0, 524800.0, 528000.0, 531200.0, 534400.0, 537600.0, 540800.0, 544000.0, 547200.0, 550400.0, 553600.0, 556800.0, 560000.0, 563200.0, 566400.0, 569600.0, 572800.0, 576000.0, 579200.0, 582400.0, 585600.0, 588800.0, 592000.0, 595200.0, 598400.0, 601600.0, 604800.0, 608000.0, 611200.0

v_northward.X[50]
1936000.0, 1939200.0, 1942400.0, 1945600.0, 1948800.0, 1952000.0, 1955200.0, 1958400.0, 1961600.0, 1964800.0, 1968000.0, 1971200.0, 1974400.0, 1977600.0, 1980800.0, 1984000.0, 1987200.0, 1990400.0, 1993600.0, 1996800.0, 2000000.0, 2003200.0, 2006400.0, 2009600.0, 2012800.0, 2016000.0, 2019200.0, 2022400.0, 2025600.0, 2028800.0, 2032000.0, 2035200.0, 2038400.0, 2041600.0, 2044800.0, 2048000.0, 2051200.0, 2054400.0, 2057600.0, 2060800.0, 2064000.0, 2067200.0, 2070400.0, 2073600.0, 2076800.0, 2080000.0, 2083200.0, 2086400.0, 2089600.0, 2092800.0


