id,source_id,label,url,source_family,title,authors,doi,publisher,publication_date_parts,publication_date,product_date,product_version,source_update_date,source_file_sha256,preferred_citation,credit_text,metadata_status,material_use_class,provider_asset_redistributed,record_count,derived_detection_count,total_packaged_row_count,affected_entity_count,affected_entity_ids,used_in_collections,policy_reference_url,rights_review_status,rights_review_date,rights_review_note,citation_review_status,next_action
review:source:072c031b019d4325,source:072c031b019d4325,"MUNSTER v1 daily eddy identification, 2023-12-01",https://coastwatch.noaa.gov/data/pub0054/coastwatch/products/eddy_tracking/netcdf/munster/eddy_identification/MUNSTER_v1_eddyident_multi_global_daily_s20231201_e20231201.nc,NOAA MUNSTER,"MUNSTER v1 daily eddy identification, 2023-12-01",,,NOAA CoastWatch / NOAA NESDIS STAR,,,2023-12-01,MUNSTER v1.0,,,,Data courtesy of NOAA; Sentinel Data courtesy of Copernicus Program; Generated using AVISO+ Products,NOAA product-page and filename metadata; upstream data terms pending,derived_dated_observations,True,1,7890,7891,0,[],"[""observation_sets""]",https://coastwatch.noaa.gov/cwn/products/experimental-eddy-products.html,pending source terms audit,,,bibliography captured; citation review pending,"Confirm NOAA, Sentinel/Copernicus, and AVISO+ attribution and upstream data terms for this product."
review:source:65bd3df27e056a69,source:65bd3df27e056a69,"MUNSTER v1 daily eddy identification, 2021-06-01",https://coastwatch.noaa.gov/data/pub0054/coastwatch/products/eddy_tracking/netcdf/munster/eddy_identification/MUNSTER_v1_eddyident_multi_global_daily_s20210601_e20210601.nc,NOAA MUNSTER,"MUNSTER v1 daily eddy identification, 2021-06-01",,,NOAA CoastWatch / NOAA NESDIS STAR,,,2021-06-01,MUNSTER v1.0,,,,Data courtesy of NOAA; Sentinel Data courtesy of Copernicus Program; Generated using AVISO+ Products,NOAA product-page and filename metadata; upstream data terms pending,derived_dated_observations,True,1,7851,7852,0,[],"[""observation_sets""]",https://coastwatch.noaa.gov/cwn/products/experimental-eddy-products.html,pending source terms audit,,,bibliography captured; citation review pending,"Confirm NOAA, Sentinel/Copernicus, and AVISO+ attribution and upstream data terms for this product."
review:source:baa8421d15db9e0a,source:baa8421d15db9e0a,"MUNSTER v1 daily eddy identification, 2021-09-01",https://coastwatch.noaa.gov/data/pub0054/coastwatch/products/eddy_tracking/netcdf/munster/eddy_identification/MUNSTER_v1_eddyident_multi_global_daily_s20210901_e20210901.nc,NOAA MUNSTER,"MUNSTER v1 daily eddy identification, 2021-09-01",,,NOAA CoastWatch / NOAA NESDIS STAR,,,2021-09-01,MUNSTER v1.0,,,,Data courtesy of NOAA; Sentinel Data courtesy of Copernicus Program; Generated using AVISO+ Products,NOAA product-page and filename metadata; upstream data terms pending,derived_dated_observations,True,1,7779,7780,0,[],"[""observation_sets""]",https://coastwatch.noaa.gov/cwn/products/experimental-eddy-products.html,pending source terms audit,,,bibliography captured; citation review pending,"Confirm NOAA, Sentinel/Copernicus, and AVISO+ attribution and upstream data terms for this product."
review:source:92359c53b5aa425b,source:92359c53b5aa425b,"MUNSTER v1 daily eddy identification, 2023-03-01",https://coastwatch.noaa.gov/data/pub0054/coastwatch/products/eddy_tracking/netcdf/munster/eddy_identification/MUNSTER_v1_eddyident_multi_global_daily_s20230301_e20230301.nc,NOAA MUNSTER,"MUNSTER v1 daily eddy identification, 2023-03-01",,,NOAA CoastWatch / NOAA NESDIS STAR,,,2023-03-01,MUNSTER v1.0,,,,Data courtesy of NOAA; Sentinel Data courtesy of Copernicus Program; Generated using AVISO+ Products,NOAA product-page and filename metadata; upstream data terms pending,derived_dated_observations,True,1,7774,7775,0,[],"[""observation_sets""]",https://coastwatch.noaa.gov/cwn/products/experimental-eddy-products.html,pending source terms audit,,,bibliography captured; citation review pending,"Confirm NOAA, Sentinel/Copernicus, and AVISO+ attribution and upstream data terms for this product."
review:source:0472ad4dbe2e7d88,source:0472ad4dbe2e7d88,"MUNSTER v1 daily eddy identification, 2021-12-01",https://coastwatch.noaa.gov/data/pub0054/coastwatch/products/eddy_tracking/netcdf/munster/eddy_identification/MUNSTER_v1_eddyident_multi_global_daily_s20211201_e20211201.nc,NOAA MUNSTER,"MUNSTER v1 daily eddy identification, 2021-12-01",,,NOAA CoastWatch / NOAA NESDIS STAR,,,2021-12-01,MUNSTER v1.0,,,,Data courtesy of NOAA; Sentinel Data courtesy of Copernicus Program; Generated using AVISO+ Products,NOAA product-page and filename metadata; upstream data terms pending,derived_dated_observations,True,1,7768,7769,0,[],"[""observation_sets""]",https://coastwatch.noaa.gov/cwn/products/experimental-eddy-products.html,pending source terms audit,,,bibliography captured; citation review pending,"Confirm NOAA, Sentinel/Copernicus, and AVISO+ attribution and upstream data terms for this product."
review:source:823e113cdc29c8ad,source:823e113cdc29c8ad,"MUNSTER v1 daily eddy identification, 2022-06-01",https://coastwatch.noaa.gov/data/pub0054/coastwatch/products/eddy_tracking/netcdf/munster/eddy_identification/MUNSTER_v1_eddyident_multi_global_daily_s20220601_e20220601.nc,NOAA MUNSTER,"MUNSTER v1 daily eddy identification, 2022-06-01",,,NOAA CoastWatch / NOAA NESDIS STAR,,,2022-06-01,MUNSTER v1.0,,,,Data courtesy of NOAA; Sentinel Data courtesy of Copernicus Program; Generated using AVISO+ Products,NOAA product-page and filename metadata; upstream data terms pending,derived_dated_observations,True,1,7751,7752,0,[],"[""observation_sets""]",https://coastwatch.noaa.gov/cwn/products/experimental-eddy-products.html,pending source terms audit,,,bibliography captured; citation review pending,"Confirm NOAA, Sentinel/Copernicus, and AVISO+ attribution and upstream data terms for this product."
review:source:d51c5e94e62847d2,source:d51c5e94e62847d2,"MUNSTER v1 daily eddy identification, 2022-03-01",https://coastwatch.noaa.gov/data/pub0054/coastwatch/products/eddy_tracking/netcdf/munster/eddy_identification/MUNSTER_v1_eddyident_multi_global_daily_s20220301_e20220301.nc,NOAA MUNSTER,"MUNSTER v1 daily eddy identification, 2022-03-01",,,NOAA CoastWatch / NOAA NESDIS STAR,,,2022-03-01,MUNSTER v1.0,,,,Data courtesy of NOAA; Sentinel Data courtesy of Copernicus Program; Generated using AVISO+ Products,NOAA product-page and filename metadata; upstream data terms pending,derived_dated_observations,True,1,7747,7748,0,[],"[""observation_sets""]",https://coastwatch.noaa.gov/cwn/products/experimental-eddy-products.html,pending source terms audit,,,bibliography captured; citation review pending,"Confirm NOAA, Sentinel/Copernicus, and AVISO+ attribution and upstream data terms for this product."
review:source:eb7c2d655f221f03,source:eb7c2d655f221f03,"MUNSTER v1 daily eddy identification, 2023-06-01",https://coastwatch.noaa.gov/data/pub0054/coastwatch/products/eddy_tracking/netcdf/munster/eddy_identification/MUNSTER_v1_eddyident_multi_global_daily_s20230601_e20230601.nc,NOAA MUNSTER,"MUNSTER v1 daily eddy identification, 2023-06-01",,,NOAA CoastWatch / NOAA NESDIS STAR,,,2023-06-01,MUNSTER v1.0,,,,Data courtesy of NOAA; Sentinel Data courtesy of Copernicus Program; Generated using AVISO+ Products,NOAA product-page and filename metadata; upstream data terms pending,derived_dated_observations,True,1,7699,7700,0,[],"[""observation_sets""]",https://coastwatch.noaa.gov/cwn/products/experimental-eddy-products.html,pending source terms audit,,,bibliography captured; citation review pending,"Confirm NOAA, Sentinel/Copernicus, and AVISO+ attribution and upstream data terms for this product."
review:source:6195c6e4e86fdddf,source:6195c6e4e86fdddf,"MUNSTER v1 daily eddy identification, 2022-12-01",https://coastwatch.noaa.gov/data/pub0054/coastwatch/products/eddy_tracking/netcdf/munster/eddy_identification/MUNSTER_v1_eddyident_multi_global_daily_s20221201_e20221201.nc,NOAA MUNSTER,"MUNSTER v1 daily eddy identification, 2022-12-01",,,NOAA CoastWatch / NOAA NESDIS STAR,,,2022-12-01,MUNSTER v1.0,,,,Data courtesy of NOAA; Sentinel Data courtesy of Copernicus Program; Generated using AVISO+ Products,NOAA product-page and filename metadata; upstream data terms pending,derived_dated_observations,True,1,7690,7691,0,[],"[""observation_sets""]",https://coastwatch.noaa.gov/cwn/products/experimental-eddy-products.html,pending source terms audit,,,bibliography captured; citation review pending,"Confirm NOAA, Sentinel/Copernicus, and AVISO+ attribution and upstream data terms for this product."
review:source:50b3901946cb4ae0,source:50b3901946cb4ae0,"MUNSTER v1 daily eddy identification, 2022-09-01",https://coastwatch.noaa.gov/data/pub0054/coastwatch/products/eddy_tracking/netcdf/munster/eddy_identification/MUNSTER_v1_eddyident_multi_global_daily_s20220901_e20220901.nc,NOAA MUNSTER,"MUNSTER v1 daily eddy identification, 2022-09-01",,,NOAA CoastWatch / NOAA NESDIS STAR,,,2022-09-01,MUNSTER v1.0,,,,Data courtesy of NOAA; Sentinel Data courtesy of Copernicus Program; Generated using AVISO+ Products,NOAA product-page and filename metadata; upstream data terms pending,derived_dated_observations,True,1,7675,7676,0,[],"[""observation_sets""]",https://coastwatch.noaa.gov/cwn/products/experimental-eddy-products.html,pending source terms audit,,,bibliography captured; citation review pending,"Confirm NOAA, Sentinel/Copernicus, and AVISO+ attribution and upstream data terms for this product."
review:source:e53280f4d49e1896,source:e53280f4d49e1896,"MUNSTER v1 daily eddy identification, 2021-03-01",https://coastwatch.noaa.gov/data/pub0054/coastwatch/products/eddy_tracking/netcdf/munster/eddy_identification/MUNSTER_v1_eddyident_multi_global_daily_s20210301_e20210301.nc,NOAA MUNSTER,"MUNSTER v1 daily eddy identification, 2021-03-01",,,NOAA CoastWatch / NOAA NESDIS STAR,,,2021-03-01,MUNSTER v1.0,,,,Data courtesy of NOAA; Sentinel Data courtesy of Copernicus Program; Generated using AVISO+ Products,NOAA product-page and filename metadata; upstream data terms pending,derived_dated_observations,True,1,7645,7646,0,[],"[""observation_sets""]",https://coastwatch.noaa.gov/cwn/products/experimental-eddy-products.html,pending source terms audit,,,bibliography captured; citation review pending,"Confirm NOAA, Sentinel/Copernicus, and AVISO+ attribution and upstream data terms for this product."
review:source:d7c309578bbffa22,source:d7c309578bbffa22,"MUNSTER v1 daily eddy identification, 2023-09-01",https://coastwatch.noaa.gov/data/pub0054/coastwatch/products/eddy_tracking/netcdf/munster/eddy_identification/MUNSTER_v1_eddyident_multi_global_daily_s20230901_e20230901.nc,NOAA MUNSTER,"MUNSTER v1 daily eddy identification, 2023-09-01",,,NOAA CoastWatch / NOAA NESDIS STAR,,,2023-09-01,MUNSTER v1.0,,,,Data courtesy of NOAA; Sentinel Data courtesy of Copernicus Program; Generated using AVISO+ Products,NOAA product-page and filename metadata; upstream data terms pending,derived_dated_observations,True,1,7622,7623,0,[],"[""observation_sets""]",https://coastwatch.noaa.gov/cwn/products/experimental-eddy-products.html,pending source terms audit,,,bibliography captured; citation review pending,"Confirm NOAA, Sentinel/Copernicus, and AVISO+ attribution and upstream data terms for this product."
review:source:a45eadc81e6d9330,source:a45eadc81e6d9330,Horizon Marine Loop Current eddies,https://www.horizonmarine.com/loop-current-eddies,Horizon register,Loop Current Eddies,,,"Horizon Marine, Inc.",,,,,,,,"The live register carries a 2026 Woods Hole Group, Inc. copyright notice; Horizon Marine is the named operating brand.",source-page bibliographic metadata; rights pending,compiled_name_and_date_records,True,192,0,192,96,"[""eddy:horizon:loop-01-primary"", ""eddy:horizon:loop-02-primary"", ""eddy:horizon:loop-03-primary"", ""eddy:horizon:loop-04-primary"", ""eddy:horizon:loop-05-primary"", ""eddy:horizon:loop-06-primary"", ""eddy:horizon:loop-07-primary"", ""eddy:horizon:loop-08-primary"", ""eddy:horizon:loop-09-primary"", ""eddy:horizon:loop-10-primary"", ""eddy:horizon:loop-11-primary"", ""eddy:horizon:loop-12-primary"", ""eddy:horizon:loop-13-primary"", ""eddy:horizon:loop-14-primary"", ""eddy:horizon:loop-15-primary"", ""eddy:horizon:loop-16-primary"", ""eddy:horizon:loop-17-primary"", ""eddy:horizon:loop-18-primary"", ""eddy:horizon:loop-19-primary"", ""eddy:horizon:loop-20-primary"", ""eddy:horizon:loop-21-primary"", ""eddy:horizon:loop-21-secondary"", ""eddy:horizon:loop-22-primary"", ""eddy:horizon:loop-23-primary"", ""eddy:horizon:loop-24-primary"", ""eddy:horizon:loop-24-secondary"", ""eddy:horizon:loop-25-primary"", ""eddy:horizon:loop-26-primary"", ""eddy:horizon:loop-27-primary"", ""eddy:horizon:loop-28-primary"", ""eddy:horizon:loop-29-primary"", ""eddy:horizon:loop-30-primary"", ""eddy:horizon:loop-31-primary"", ""eddy:horizon:loop-32-primary"", ""eddy:horizon:loop-33-primary"", ""eddy:horizon:loop-34-primary"", ""eddy:horizon:loop-35-primary"", ""eddy:horizon:loop-36-primary"", ""eddy:horizon:loop-37-primary"", ""eddy:horizon:loop-38-primary"", ""eddy:horizon:loop-39-primary"", ""eddy:horizon:loop-40-primary"", ""eddy:horizon:loop-40-secondary"", ""eddy:horizon:loop-41-primary"", ""eddy:horizon:loop-42-primary"", ""eddy:horizon:loop-43-primary"", ""eddy:horizon:loop-44-primary"", ""eddy:horizon:loop-44-secondary"", ""eddy:horizon:loop-45-primary"", ""eddy:horizon:loop-46-primary"", ""eddy:horizon:loop-47-primary"", ""eddy:horizon:loop-48-primary"", ""eddy:horizon:loop-49-primary"", ""eddy:horizon:loop-50-primary"", ""eddy:horizon:loop-50-secondary"", ""eddy:horizon:loop-51-primary"", ""eddy:horizon:loop-52-primary"", ""eddy:horizon:loop-53-primary"", ""eddy:horizon:loop-54-primary"", ""eddy:horizon:loop-55-primary"", ""eddy:horizon:loop-56-primary"", ""eddy:horizon:loop-57-primary"", ""eddy:horizon:loop-57-secondary"", ""eddy:horizon:loop-58-primary"", ""eddy:horizon:loop-59-primary"", ""eddy:horizon:loop-59-secondary"", ""eddy:horizon:loop-60-primary"", ""eddy:horizon:loop-61-primary"", ""eddy:horizon:loop-62-primary"", ""eddy:horizon:loop-63-primary"", ""eddy:horizon:loop-63-secondary"", ""eddy:horizon:loop-64-primary"", ""eddy:horizon:loop-64-secondary"", ""eddy:horizon:loop-65-primary"", ""eddy:horizon:loop-66-primary"", ""eddy:horizon:loop-66-secondary"", ""eddy:horizon:loop-67-primary"", ""eddy:horizon:loop-68-primary"", ""eddy:horizon:loop-68-secondary"", ""eddy:horizon:loop-69-primary"", ""eddy:horizon:loop-70-primary"", ""eddy:horizon:loop-71-primary"", ""eddy:horizon:loop-72-primary"", ""eddy:horizon:loop-72-secondary"", ""eddy:horizon:loop-73-primary"", ""eddy:horizon:loop-73-secondary"", ""eddy:horizon:loop-74-primary"", ""eddy:horizon:loop-74-secondary"", ""eddy:horizon:loop-75-primary"", ""eddy:horizon:loop-76-primary"", ""eddy:horizon:loop-77-primary"", ""eddy:horizon:loop-77-secondary"", ""eddy:horizon:loop-78-primary"", ""eddy:horizon:loop-79-primary"", ""eddy:horizon:loop-80-primary"", ""eddy:horizon:loop-81-primary""]","[""entities"", ""names""]",,pending source terms audit,,,bibliography captured; citation review pending,Verify register compilation terms and preferred citation.
review:source:d4e82da0872ed45c,source:d4e82da0872ed45c,Perpetual Ocean 2: Equirectangular,https://svs.gsfc.nasa.gov/5505,NASA,Perpetual Ocean 2: Equirectangular,,,NASA Scientific Visualization Studio,,2024-03-25,,,2026-01-15T12:35:09.587058-05:00,,"NASA's Scientific Visualization Studio (2024). Perpetual Ocean 2: Equirectangular. NASA Scientific Visualization Studio, page 5505. https://svs.gsfc.nasa.gov/5505.",NASA's Scientific Visualization Studio,NASA SVS API bibliographic metadata; media current-use terms reviewed,media_navigation_and_source_description,False,82,0,82,2,"[""eddy:geography:agulhas-rings-family"", ""eddy:published:kraken-2013""]","[""entities"", ""names"", ""footprint_movie_context"", ""tiles""]",https://svs.gsfc.nasa.gov/help/,reviewed for current use; source links and factual descriptions only,2026-09-30,"SVS page, title, credits, and regional movie links are referenced. No NASA media file is packaged. NASA source acknowledgement is in THIRD-PARTY-NOTICES.md.",reviewed; NASA item credit and page citation recorded,"Check item-specific media exceptions and credit before copying any NASA movie, image, or audio."
review:source:4556886a82d6f61a,source:4556886a82d6f61a,Tides and Currents Glossary,https://www.tidesandcurrents.noaa.gov/glossary.html,NOAA,Tides and Currents Glossary,,,NOAA Tides & Currents,,,,,,,"NOAA. Tides and Currents Glossary. NOAA Tides & Currents website, https://www.tidesandcurrents.noaa.gov/glossary.html. Consulted 2026-09-29.",,source-page bibliographic metadata; current-use terms reviewed,source_scoped_factual_claim,False,46,0,46,23,"[""current:alaska"", ""current:antilles"", ""current:davidson"", ""current:east-greenland"", ""current:falkland"", ""current:florida"", ""current:guiana"", ""current:guinea"", ""current:gulf-stream-system"", ""current:irminger"", ""current:monsoon"", ""current:north-atlantic"", ""current:north-cape"", ""current:north-equatorial"", ""current:north-pacific"", ""current:norwegian"", ""current:oyashio"", ""current:somali"", ""current:south-equatorial"", ""current:spitsbergen-atlantic"", ""current:tsushima"", ""current:west-australian"", ""current:west-greenland""]","[""entities"", ""names""]",https://oceanservice.noaa.gov/about/faq.html,reviewed for current use; NOAA linked names and facts,2026-09-30,"The candidate uses source-linked current names, short paraphrased definitions, and a strict Gulf Stream System boundary decision. NOAA's National Ocean Service states most agency information is public domain unless noted and requests NOAA credit. No glossary text or page asset is reproduced wholesale.",reviewed; NOAA descriptive citation recorded,Recheck individual third-party credits if page assets or substantial text are copied.
review:source:1dea75135bdc7c41,source:1dea75135bdc7c41,Major_Ocean_Currents_arrowPolys_11,https://services3.arcgis.com/o98K21Ga5N91Ugjw/ArcGIS/rest/services/Hurricane%20TracksAA/FeatureServer/11,Cartographic service,Major_Ocean_Currents_arrowPolys_11,,,,,,,,,,,"Layer credits: NOAA, National Weather Service, US Army, Maps.com; service publisher and reuse license unverified",source-page bibliographic metadata; rights pending,derived_cartographic_measurements,False,27,0,27,0,[],"[""length_assessments""]",,pending source terms audit,,,bibliography captured; citation review pending,Layer credits four parties but states no reuse license; verify owner and geometry terms before any polygon redistribution.
review:source:7552dcff0cd8af01,source:7552dcff0cd8af01,Marine Weather Information Guide,https://www.vos.noaa.gov/docs/marine_info_guide.pdf,NOAA,Marine Weather Information Guide,,,NOAA Voluntary Observing Ship Program,,2017-07,,,,4e3ead2f0d45869150e1fac441636c9e209badb61f590fcfa56da8769f0dd77e,"NOAA Voluntary Observing Ship Program (2017). Marine Weather Information Guide, July 2017. https://www.vos.noaa.gov/docs/marine_info_guide.pdf. Consulted 2026-09-29.",,source-page bibliographic metadata; current-use terms reviewed,source_scoped_factual_claim,False,22,0,22,11,"[""current:acc"", ""current:agulhas"", ""current:benguela"", ""current:brazil"", ""current:california"", ""current:canary"", ""current:east-australian"", ""current:gulf-stream"", ""current:kuroshio"", ""current:labrador"", ""current:peru-humboldt""]","[""entities"", ""names""]",https://oceanservice.noaa.gov/about/faq.html,reviewed for current use; NOAA linked names and facts,2026-09-30,The July 2017 NOAA VOS guide supports source-linked current names and factual map context. OSW does not package or reproduce the PDF or its ocean-current map. Provider and publication month are pinned; embedded map assets require separate terms review before reuse.,reviewed; NOAA guide citation recorded,Review map-specific credit before copying or digitizing its symbols or artwork.
review:source:dc4ecdce7e297345,source:dc4ecdce7e297345,Perpetual Ocean 2: Western Boundary Currents,https://svs.gsfc.nasa.gov/5425,NASA,Perpetual Ocean 2: Western Boundary Currents,,,NASA Scientific Visualization Studio,,2025-02-27,,,2025-05-20T13:45:29.041835-04:00,,"NASA's Scientific Visualization Studio (2025). Perpetual Ocean 2: Western Boundary Currents. NASA Scientific Visualization Studio, page 5425. https://svs.gsfc.nasa.gov/5425.",NASA's Scientific Visualization Studio,NASA SVS API bibliographic metadata; media current-use terms reviewed,media_navigation_and_source_description,False,22,0,22,11,"[""current:indonesian-throughflow"", ""nasa:agulhas-rings"", ""nasa:gulf-of-mexico-loop-eddies"", ""nasa:gulf-stream-cold-cores"", ""nasa:gulf-stream-deep-return"", ""nasa:indonesian-throughflow"", ""nasa:kuroshio-meanders"", ""nasa:persian-gulf-saline-overflow"", ""nasa:red-sea-saline-overflow"", ""nasa:western-boundary-currents"", ""nasa:western-boundary-rings""]","[""entities"", ""names""]",https://svs.gsfc.nasa.gov/help/,reviewed for current use; source links and factual descriptions only,2026-09-30,"OSW links and summarizes this Western Boundary Currents release. Title, release date, and visualization credit are pinned; no movie or audio is packaged.",reviewed; NASA item credit and page citation recorded,"Check item-specific media exceptions and credit before copying any NASA movie, image, or audio."
review:source:07e627067aca3504,source:07e627067aca3504,"Seasonal, interannual, and mesoscale variability of the Black Sea upper layer circulation derived from altimeter data",https://doi.org/10.1029/2002JC001508,Research publication,"Seasonal, interannual, and mesoscale variability of the Black Sea upper layer circulation derived from altimeter data","[""Gennady Korotaev"", ""T. Oguz"", ""A. Nikiforov"", ""C. Koblinsky""]",10.1029/2002JC001508,American Geophysical Union (AGU),"[2003, 4]",,,,,,,,Crossref deposited bibliographic metadata; current-use terms reviewed,source_scoped_factual_claim,False,20,0,20,10,"[""eddy:geography:batumi-eddy-region"", ""eddy:geography:bosphorus-eddy-region"", ""eddy:geography:caucasus-eddy-region"", ""eddy:geography:constantsa-eddy-region"", ""eddy:geography:crimea-eddy-region"", ""eddy:geography:danube-eddy-region"", ""eddy:geography:kaliakra-eddy-region"", ""eddy:geography:kerch-eddy-region"", ""eddy:geography:sevastopol-eddy-region"", ""eddy:geography:sukhumi-eddy-region""]","[""entities"", ""names""]",https://www.copyright.gov/register/tx-databases.html,reviewed for current use; linked factual assertions only,2026-09-30,"OSW uses source-linked names, numeric facts, or short paraphrased findings in the listed entity, name, measurement, relation, or local-observation records. No article prose, figures, tables, source files, or provider geometry is packaged under this source row. This decision covers the current narrow use only and assigns no license to the underlying publication; database and contract terms would need fresh review for bulk extraction.","reviewed; Crossref DOI, authors, title and year recorded","Check preferred article citation and re-review before adding text, figures, tables, source data, or broader extraction."
review:source:179111cb1095bbc9,source:179111cb1095bbc9,NAVO FREDDIES North Atlantic operational eddies,https://www.ncei.noaa.gov/jag/navy/data/satellite_analysis/nafreddy.zip,NAVO FREDDIES via NOAA NCEI,"NAVO FREDDIES North Atlantic fronts and eddies, 2026-09-25",,,Naval Oceanographic Office via NOAA NCEI,,,2026-09-25,,,94e371a68f6e7d1dde35273046e37c13daab57a72dea2ff5c7757d8dec9d6e0c,,,Source package contains an approved-for-public-release statement; exact reuse terms still pending review,derived_dated_observations,True,16,0,16,4,"[""navo-freddies:2026-09-25:C26001"", ""navo-freddies:2026-09-25:C26002"", ""navo-freddies:2026-09-25:W26001"", ""navo-freddies:2026-09-25:W26002""]","[""entities"", ""names"", ""geometries"", ""operational_eddy_state_observations""]",https://www.ncei.noaa.gov/data-submission/data-licensing,pending source terms audit,,,bibliography captured; citation review pending,"Confirm the NAVO polygon package's exact worldwide reuse status, attribution, citation, and CRS; the ZIP states approved for public release but includes no .prj or license file."
review:source:e43453cd59a7caec,source:e43453cd59a7caec,An Ocean in Motion: NASA's Mesmerizing View of Earth's Underwater Highways,https://svs.gsfc.nasa.gov/14745,NASA,An Ocean in Motion: NASA's Mesmerizing View of Earth's Underwater Highways,,,NASA Scientific Visualization Studio,,2025-02-28,,,2025-04-15T16:44:04.323581-04:00,,"NASA's Goddard Space Flight Center (2025). An Ocean in Motion: NASA's Mesmerizing View of Earth's Underwater Highways. NASA Scientific Visualization Studio, page 14745. https://svs.gsfc.nasa.gov/14745. DOI: 10.5281/zenodo.16782525.",NASA's Goddard Space Flight Center,NASA SVS API bibliographic metadata; media current-use terms reviewed,media_navigation_and_source_description,False,14,0,14,7,"[""nasa:downwelling"", ""nasa:east-australian"", ""nasa:global-overturning"", ""nasa:kuroshio-eastward-turn"", ""nasa:kuroshio-eddies"", ""nasa:north-atlantic-sinking"", ""nasa:upwelling""]","[""entities"", ""names""]",https://svs.gsfc.nasa.gov/help/,reviewed for current use; source links and factual descriptions only,2026-09-30,OSW links and summarizes this NASA ocean-motion story. The page title and date are pinned; no media file or transcript is packaged.,reviewed; NASA item credit and page citation recorded,"Check item-specific media exceptions and credit before copying any NASA movie, image, or audio."
review:source:14f30cbbf1cd40e4,source:14f30cbbf1cd40e4,From the western boundary currents to the Pacific Equatorial Undercurrent: Modeled pathways and water mass evolutions,https://doi.org/10.1029/2011JC007477,Research publication,From the western boundary currents to the Pacific Equatorial Undercurrent: Modeled pathways and water mass evolutions,"[""Mélanie Grenier"", ""Sophie Cravatte"", ""Bruno Blanke"", ""Christophe Menkes"", ""Ariane Koch-Larrouy"", ""Fabien Durand"", ""Angélique Melet"", ""Catherine Jeandel""]",10.1029/2011JC007477,American Geophysical Union (AGU),"[2011, 12, 30]",,,,,,,,Crossref deposited bibliographic metadata; current-use terms reviewed,source_scoped_factual_claim,False,12,0,12,7,"[""current:mindanao-current"", ""current:new-guinea-coastal-undercurrent"", ""current:new-ireland-coastal-undercurrent"", ""current:pacific-equatorial-undercurrent"", ""current:solomon-island-coastal-undercurrent"", ""eddy:geography:new-guinea-eddy-region"", ""nasa:indonesian-throughflow""]","[""entities"", ""names"", ""measurements"", ""relations""]",https://www.copyright.gov/register/tx-databases.html,reviewed for current use; linked factual assertions only,2026-09-30,"OSW uses source-linked names, numeric facts, or short paraphrased findings in the listed entity, name, measurement, relation, or local-observation records. No article prose, figures, tables, source files, or provider geometry is packaged under this source row. This decision covers the current narrow use only and assigns no license to the underlying publication; database and contract terms would need fresh review for bulk extraction.","reviewed; Crossref DOI, authors, title and year recorded","Check preferred article citation and re-review before adding text, figures, tables, source data, or broader extraction."
review:source:93c06b68de38d9ca,source:93c06b68de38d9ca,Marine Regions Gazetteer webservices,https://www.marineregions.org/gazetteer.php?p=webservices,Marine Regions,Marine Regions Gazetteer webservices,,,Flanders Marine Institute (VLIZ),,,,,,,Flanders Marine Institute (2026). MarineRegions.org. Available online at https://www.marineregions.org/. Consulted 2026-09-29.,,source-page bibliographic metadata; current-use terms reviewed,gazetteer_name_crosswalk,False,12,0,12,6,"[""current:jutland"", ""current:north-equatorial-countercurrent"", ""current:north-equatorial-undercurrent"", ""current:south-equatorial-countercurrent"", ""current:south-equatorial-undercurrent"", ""current:west-spitsbergen""]","[""entities"", ""names""]",https://www.marineregions.org/disclaimer.php,reviewed for current use; CC BY attribution,2026-09-30,Only source-linked name matching decisions are packaged; no provider gazetteer or geometry is mirrored. Credit and consultation date are in THIRD-PARTY-NOTICES.md.,reviewed; provider database citation recorded,Recheck if provider records or geometry are added to the package.
review:source:fda01be082655d33,source:fda01be082655d33,Gulf Stream ASCII Data,https://ocean.weather.gov/gulf_stream_text.php,NAVO frontal bulletin via NOAA OPC,Gulf Stream ASCII Data,,,NOAA Ocean Prediction Center; data provided by Naval Oceanographic Office,,,2026-09-28,,,e709db9a59253541b23ba66ab6098783961219727867a7f711b0871495a6ce1d,,"Gulf Stream frontal analysis: Naval Oceanographic Office, provided via NOAA Ocean Prediction Center; OSW state intersections are derived and are not an official NOAA/NAVO product.",source-page bibliographic metadata; rights pending,derived_dated_observations,True,10,0,10,6,"[""current:gulf-stream-system"", ""state:CARB"", ""state:GFST"", ""state:NADR"", ""state:NAST W"", ""state:NWCS""]","[""relations"", ""geometries""]",https://www.weather.gov/disclaimer/,pending source terms audit,,,bibliography captured; citation review pending,Confirm that NAVO-provided coordinates have no separate terms beyond NWS page guidance; credit both providers. The candidate redistributes 510 reported wall points.
review:source:0567b05988a08497,source:0567b05988a08497,The Azores Current System from a meridional section at 24.5°W,https://doi.org/10.1029/2011JC007129,Research publication,The Azores Current System from a meridional section at 24.5°W,"[""I. Comas-Rodríguez"", ""A. Hernández-Guerra"", ""E. Fraile-Nuez"", ""A. Martínez-Marrero"", ""V. M. Benítez-Barrios"", ""M. D. Pérez-Hernández"", ""P. Vélez-Belchí""]",10.1029/2011JC007129,American Geophysical Union (AGU),"[2011, 9, 20]",,,,,,,,Crossref deposited bibliographic metadata; current-use terms reviewed,source_scoped_factual_claim,False,10,0,10,3,"[""current:azores"", ""current:azores-countercurrent"", ""state:NAST E""]","[""entities"", ""names"", ""measurements"", ""relations"", ""named_current_source_observations""]",https://www.copyright.gov/register/tx-databases.html,reviewed for current use; linked factual assertions only,2026-09-30,"OSW uses source-linked names, numeric facts, or short paraphrased findings in the listed entity, name, measurement, relation, or local-observation records. No article prose, figures, tables, source files, or provider geometry is packaged under this source row. This decision covers the current narrow use only and assigns no license to the underlying publication; database and contract terms would need fresh review for bulk extraction.","reviewed; Crossref DOI, authors, title and year recorded","Check preferred article citation and re-review before adding text, figures, tables, source data, or broader extraction."
review:source:5e15162e37e784c4,source:5e15162e37e784c4,The source of the Canary current in fall 2009,https://doi.org/10.1002/jgrc.20227,Research publication,The source of the Canary current in fall 2009,"[""M. Dolores Pérez‐Hernández"", ""Alonso Hernández‐Guerra"", ""Eugenio Fraile‐Nuez"", ""Isis Comas‐Rodríguez"", ""Verónica M. Benítez‐Barrios"", ""J. Francisco Domínguez‐Yanes"", ""Pedro Vélez‐Belchí"", ""Demetrio De Armas""]",10.1002/jgrc.20227,American Geophysical Union (AGU),"[2013, 6]",,,,,,,,Crossref deposited bibliographic metadata; current-use terms reviewed,source_scoped_factual_claim,False,8,0,8,4,"[""current:canary"", ""current:portugal"", ""state:CNRY"", ""state:NAST E""]","[""entities"", ""names"", ""relations"", ""named_current_source_observations""]",https://www.copyright.gov/register/tx-databases.html,reviewed for current use; linked factual assertions only,2026-09-30,"OSW uses source-linked names, numeric facts, or short paraphrased findings in the listed entity, name, measurement, relation, or local-observation records. No article prose, figures, tables, source files, or provider geometry is packaged under this source row. This decision covers the current narrow use only and assigns no license to the underlying publication; database and contract terms would need fresh review for bulk extraction.","reviewed; Crossref DOI, authors, title and year recorded","Check preferred article citation and re-review before adding text, figures, tables, source data, or broader extraction."
review:source:361299ca16b625b2,source:361299ca16b625b2,Wind-induced variability in the Northern Current (northwestern Mediterranean Sea) as depicted by a multi-platform observing system,https://os.copernicus.org/articles/14/689/2018/,Research publication,Wind-induced variability in the Northern Current (northwestern Mediterranean Sea) as depicted by a multi-platform observing system,"[""Maristella Berta"", ""Lucio Bellomo"", ""Annalisa Griffa"", ""Marcello G. Magaldi"", ""Anne Molcard"", ""Carlo Mantovani"", ""Gian Pietro Gasparini"", ""Julien Marmain"", ""Anna Vetrano"", ""Laurent Béguery"", ""Mireno Borghini"", ""Yves Barbin"", ""Joel Gaggelli"", ""Céline Quentin""]",10.5194/os-14-689-2018,Copernicus Publications,"[2018, 7, 25]",2018-07-25,,,,,,Publisher article states Creative Commons Attribution 4.0; cite authors and source.,source-page bibliographic metadata; current-use terms reviewed,source_scoped_factual_claim,False,8,0,8,3,"[""current:ligurian"", ""current:northern-mediterranean"", ""state:MEDI""]","[""entities"", ""names"", ""relations"", ""named_current_source_observations""]",https://os.copernicus.org/articles/14/689/2018/,reviewed for current use; article CC BY 4.0 attribution,2026-09-30,"The article explicitly equates Northern Current with Liguro-Provençal-Catalan Current and describes its regional continuity. OSW uses short factual naming, segment, and December 2011 off-Toulon observation claims with article attribution; no figure or observed current geometry is copied. The publisher states CC BY 4.0.","reviewed; authors, journal, year and DOI recorded",Check figure-specific third-party credits before extracting or republishing an observed current boundary.
review:source:6694d73532f024d7,source:6694d73532f024d7,Observations of intermittent deep currents and eddies in the Gulf of Mexico,https://agupubs.onlinelibrary.wiley.com/doi/full/10.1029/2012JC007890,Other external source,Observations of intermittent deep currents and eddies in the Gulf of Mexico,"[""Nicolas Kolodziejczyk"", ""José Ochoa"", ""Julio Candela"", ""Julio Sheinbaum""]",10.1029/2012JC007890,Journal of Geophysical Research: Oceans / American Geophysical Union,"[2012, 9]",2012-09-14,,,,,,"Kolodziejczyk, Ochoa, Candela, and Sheinbaum (2012)",source-page bibliographic metadata; current-use terms reviewed,source_scoped_factual_claim,False,8,0,8,3,"[""eddy:published:cameron-2009-observed"", ""eddy:published:darwin-2009-observed"", ""state:CAMR""]","[""entities"", ""names"", ""relations"", ""named_eddy_state_assessments"", ""named_eddy_source_observations""]",https://agupubs.onlinelibrary.wiley.com/doi/full/10.1029/2012JC007890,reviewed for current use; brief source-linked factual paraphrases only,2026-09-30,"OSW records two source-scoped named observations, dates, approximate diameters, and a source-reported approximate center. The authors expressly attribute the names to Horizon Marine. No article text, figure, table, contour, or underlying altimetry field is reproduced, and no article reuse license is asserted. The factual claims and authors are credited in THIRD-PARTY-NOTICES.md.","reviewed; DOI, authors, journal and date recorded",Review item-specific figure and data terms before digitizing Figure 6 or Figure 7 or distributing the observed field.
review:source:5c227482b3435824,source:5c227482b3435824,The 5500‐km‐long boundary flow off western and southern Australia,https://doi.org/10.1029/2003JC001921,Research publication,The 5500‐km‐long boundary flow off western and southern Australia,"[""K. R. Ridgway"", ""S. A. Condie""]",10.1029/2003JC001921,American Geophysical Union (AGU),"[2004, 4]",,,,,,,,Crossref deposited bibliographic metadata; current-use terms reviewed,source_scoped_factual_claim,False,7,0,7,3,"[""current:australian-west-south-boundary-flow"", ""current:south-australian"", ""current:zeehan""]","[""entities"", ""names"", ""measurements""]",https://www.copyright.gov/register/tx-databases.html,reviewed for current use; linked factual assertions only,2026-09-30,"OSW uses source-linked names, numeric facts, or short paraphrased findings in the listed entity, name, measurement, relation, or local-observation records. No article prose, figures, tables, source files, or provider geometry is packaged under this source row. This decision covers the current narrow use only and assigns no license to the underlying publication; database and contract terms would need fresh review for bulk extraction.","reviewed; Crossref DOI, authors, title and year recorded","Check preferred article citation and re-review before adding text, figures, tables, source data, or broader extraction."
review:source:0038dcb6a9c82c59,source:0038dcb6a9c82c59,Observing the spread of Agulhas Leakage into the Western South Atlantic by tracking mode waters within ocean rings,https://doi.org/10.3389/fmars.2022.958733,Research publication,Observing the spread of Agulhas Leakage into the Western South Atlantic by tracking mode waters within ocean rings,"[""Luiz Alexandre A. Guerra"", ""Guilherme N. Mill"", ""Afonso M. Paiva""]",10.3389/fmars.2022.958733,Frontiers Media SA,"[2022, 11, 24]",,,,,,,,Crossref deposited bibliographic metadata; current-use terms reviewed,source_scoped_factual_claim,False,6,0,6,3,"[""eddy:geography:ana-2004"", ""eddy:geography:eliza-2007"", ""eddy:geography:jeannette-2012""]","[""entities"", ""names""]",https://www.copyright.gov/register/tx-databases.html,reviewed for current use; linked factual assertions only,2026-09-30,"OSW uses source-linked names, numeric facts, or short paraphrased findings in the listed entity, name, measurement, relation, or local-observation records. No article prose, figures, tables, source files, or provider geometry is packaged under this source row. This decision covers the current narrow use only and assigns no license to the underlying publication; database and contract terms would need fresh review for bulk extraction.","reviewed; Crossref DOI, authors, title and year recorded","Check preferred article citation and re-review before adding text, figures, tables, source data, or broader extraction."
review:source:3808b5d0654d1312,source:3808b5d0654d1312,A synoptic survey of young mesoscale eddies in the Eastern Gulf of Alaska,https://www.pmel.noaa.gov/foci/publications/2009/laddG635.pdf,NOAA,A synoptic survey of young mesoscale eddies in the Eastern Gulf of Alaska,"[""Carol Ladd"", ""William R. Crawford"", ""Colleen E. Harpold"", ""W. Keith Johnson"", ""Nancy B. Kachel"", ""Phyllis J. Stabeno"", ""Frank Whitney""]",10.1016/j.dsr2.2009.02.007,Elsevier BV,"[2009, 11]",2009,,,,d940157ffca16e6ec117ea0e292fa76dae37a3b1526b6cd823d00403e776ae3f,,,source-page bibliographic metadata; current-use terms reviewed,source_scoped_factual_claim,False,6,0,6,3,"[""eddy:geography:haida-eddy-region"", ""eddy:geography:sitka-eddy-region"", ""eddy:geography:yakutat-eddy-region""]","[""entities"", ""names""]",https://www.copyright.gov/register/tx-databases.html,reviewed for current use; linked factual assertions only,2026-09-30,"OSW uses source-linked names, numeric facts, or short paraphrased findings in the listed entity, name, measurement, relation, or local-observation records. No article prose, figures, tables, source files, or provider geometry is packaged under this source row. This decision covers the current narrow use only and assigns no license to the underlying publication; database and contract terms would need fresh review for bulk extraction.","reviewed; Crossref DOI, authors, title and year recorded","Re-review source terms if adding article text, figures, tables, source data, or broader extraction."
review:source:42039ffbdb53ddee,source:42039ffbdb53ddee,Observations of a Kenai Eddy and a Sitka Eddy in the Northern Gulf of Alaska,https://doi.org/10.1029/2009JC005451,Research publication,Observations of a Kenai Eddy and a Sitka Eddy in the Northern Gulf of Alaska,"[""P. S. Rovegno"", ""C. A. Edwards"", ""K. W. Bruland""]",10.1029/2009JC005451,American Geophysical Union (AGU),"[2009, 11]",,,,,,,,Crossref deposited bibliographic metadata; current-use terms reviewed,source_scoped_factual_claim,False,6,0,6,3,"[""eddy:geography:kenai-2007"", ""eddy:geography:kenai-eddy-region"", ""eddy:geography:sitka-2007""]","[""entities"", ""names""]",https://www.copyright.gov/register/tx-databases.html,reviewed for current use; linked factual assertions only,2026-09-30,"OSW uses source-linked names, numeric facts, or short paraphrased findings in the listed entity, name, measurement, relation, or local-observation records. No article prose, figures, tables, source files, or provider geometry is packaged under this source row. This decision covers the current narrow use only and assigns no license to the underlying publication; database and contract terms would need fresh review for bulk extraction.","reviewed; Crossref DOI, authors, title and year recorded","Check preferred article citation and re-review before adding text, figures, tables, source data, or broader extraction."
review:source:57526856f0eda997,source:57526856f0eda997,On the surface circulation of the Levantine sub-basin derived from Lagrangian drifters and satellite altimetry data,https://ricerca.ogs.it/handle/20.500.14083/2397,Other external source,On the surface circulation of the Levantine sub-basin derived from Lagrangian drifters and satellite altimetry data,"[""Milena Menna"", ""Pierre-Marie Poulain"", ""George Zodiatis"", ""Isaac Gertman""]",10.1016/j.dsr.2012.02.008,Elsevier BV,"[2012, 7]",2012,,,,,,,source-page bibliographic metadata; current-use terms reviewed,source_scoped_factual_claim,False,6,0,6,3,"[""eddy:geography:cyprus-eddy-region"", ""eddy:geography:latakia-eddy-region"", ""eddy:geography:shikmona-eddy-region""]","[""entities"", ""names""]",https://www.copyright.gov/register/tx-databases.html,reviewed for current use; linked factual assertions only,2026-09-30,"OSW uses source-linked names, numeric facts, or short paraphrased findings in the listed entity, name, measurement, relation, or local-observation records. No article prose, figures, tables, source files, or provider geometry is packaged under this source row. This decision covers the current narrow use only and assigns no license to the underlying publication; database and contract terms would need fresh review for bulk extraction.","reviewed; Crossref DOI, authors, title and year recorded","Check preferred article citation and re-review before adding text, figures, tables, source data, or broader extraction."
review:source:bc3cba63d159d9f9,source:bc3cba63d159d9f9,Perpetual Ocean,https://svs.gsfc.nasa.gov/3827,NASA,Perpetual Ocean,,,NASA Scientific Visualization Studio,,2011-08-15,,,2025-03-16T22:02:32.894711-04:00,,"NASA/Goddard Space Flight Center Scientific Visualization Studio (2011). Perpetual Ocean. NASA Scientific Visualization Studio, page 3827. https://svs.gsfc.nasa.gov/3827.",NASA/Goddard Space Flight Center Scientific Visualization Studio,NASA SVS API bibliographic metadata; media current-use terms reviewed,media_navigation_and_source_description,False,6,0,6,3,"[""nasa:gulf-stream"", ""nasa:kuroshio"", ""nasa:ocean-eddies""]","[""entities"", ""names""]",https://svs.gsfc.nasa.gov/help/,reviewed for current use; source links and factual descriptions only,2026-09-30,OSW links and summarizes the 2011 Perpetual Ocean release. Title and date are pinned; no movie is packaged.,reviewed; NASA item credit and page citation recorded,"Check item-specific media exceptions and credit before copying any NASA movie, image, or audio."
review:source:c81191f8e01b20c1,source:c81191f8e01b20c1,The Antarctic Slope Current in a Changing Climate,https://doi.org/10.1029/2018RG000624,Research publication,The Antarctic Slope Current in a Changing Climate,"[""Andrew F. Thompson"", ""Andrew L. Stewart"", ""Paul Spence"", ""Karen J. Heywood""]",10.1029/2018RG000624,American Geophysical Union (AGU),"[2018, 12]",,,,,,"Thompson, A. F., Stewart, A. L., Spence, P., and Heywood, K. J. (2018). The Antarctic Slope Current in a Changing Climate. Reviews of Geophysics 56, 741-770. doi:10.1029/2018RG000624.",,Crossref deposited bibliographic metadata; current-use terms reviewed,source_scoped_factual_claim,False,6,0,6,3,"[""current:acc"", ""current:antarctic-coastal"", ""current:antarctic-slope""]","[""entities"", ""names"", ""measurements"", ""classification_vocabularies"", ""relations""]",plans/ocean-motion-linked-facts-use-decision.md,reviewed for current use; linked factual metadata only,2026-10-02,"Narrow source-linked factual use of current name, distinct identity, and review-reported 21,000 km upper-slope system span with continuity limits. No article prose, figure, PDF, source geometry, tables, or underlying fields are redistributed. Source regional classification is admitted as a cited vocabulary only. Includes factual labels and paraphrased criteria for the source regional regime vocabulary, with no OSW state or observed feature regime assignments.","reviewed; Crossref DOI, authors, title and year recorded","Re-review before adding article/figure reproduction, source geometry, provider fields or regional regime assignments."
review:source:df8a86f107aba236,source:df8a86f107aba236,Direct measurements of upper ocean currents and water properties across the tropical Pacific Ocean during the 1990's,https://www.pmel.noaa.gov/pubs/outstand/john2337/zonal_velocity.shtml,NOAA,Direct measurements of upper ocean currents and water properties across the tropical Pacific Ocean during the 1990's,"[""Gregory C Johnson"", ""Bernadette M Sloyan"", ""William S Kessler"", ""Kristene E McTaggart""]",10.1016/S0079-6611(02)00021-6,Elsevier Science Ltd.,"[2002, 1]",2002,,,,,,NOAA PMEL hosted article states copyright 2002 Elsevier Science Ltd. and forbids further electronic distribution.,source-page bibliographic metadata; current-use terms reviewed,source_scoped_factual_claim,False,6,0,6,3,"[""current:pacific-north-equatorial-countercurrent"", ""current:pacific-north-subsurface-countercurrent"", ""current:pacific-south-subsurface-countercurrent""]","[""entities"", ""names""]",https://www.copyright.gov/register/tx-databases.html,reviewed for current use; linked factual assertions only,2026-09-30,"OSW uses source-linked names, numeric facts, or short paraphrased findings in the listed entity, name, measurement, relation, or local-observation records. No article prose, figures, tables, source files, or provider geometry is packaged under this source row. This decision covers the current narrow use only and assigns no license to the underlying publication; database and contract terms would need fresh review for bulk extraction.","reviewed; Crossref DOI, authors, title and year recorded","Re-review source terms if adding article text, figures, tables, source data, or broader extraction."
review:source:48b84ff7f08f8e6e,source:48b84ff7f08f8e6e,Long-term observations of Alaska Coastal Current in the northern Gulf of Alaska,https://doi.org/10.1016/j.dsr2.2015.12.016,Research publication,Long-term observations of Alaska Coastal Current in the northern Gulf of Alaska,"[""Phyllis J. Stabeno"", ""Shaun Bell"", ""Wei Cheng"", ""Seth Danielson"", ""Nancy B. Kachel"", ""Calvin W. Mordy""]",10.1016/j.dsr2.2015.12.016,Elsevier BV,"[2016, 10]",2016,,,,dc354e753e33e2f0af9a17a66a9f291d9b31e8e77c15bd8152967daa5cc03ba9,"Stabeno, P. J., Bell, S., Cheng, W., Danielson, S., Kachel, N. B., and Mordy, C. W. (2016). Long-term observations of Alaska Coastal Current in the northern Gulf of Alaska. Deep-Sea Research Part II, 132, 24-40. https://doi.org/10.1016/j.dsr2.2015.12.016.",,Crossref deposited bibliographic metadata; current-use terms reviewed,source_scoped_factual_claim,False,6,0,6,2,"[""current:alaska-coastal-gulf"", ""state:ALSK""]","[""entities"", ""names"", ""measurements"", ""relations"", ""named_current_source_observations""]",https://repository.library.noaa.gov/view/noaa/13254,reviewed for current use; linked factual assertions only,2026-10-02,"Only the source-linked current name and approximate numerical extent are exported, with an OSW paraphrase of the regional scope. NOAA repository access does not grant redistribution rights to the Elsevier publication. No paper prose, figures, PDF, drifter tracks, mooring data, or source geometry is packaged. Editorial locator points are independently authored and explicitly unobserved. Current factual use also includes the independently paraphrased local Shelikof Sea Valley observation interval and locality. No station table, transport numbers, figure, current-meter series, or source geometry is copied.","reviewed; NOAA repository authors, title, journal, year, DOI and manuscript passage recorded",Re-review before reproducing publication material or adding provider observations; retain paper attribution and source scope.
review:source:905e5cc303aaceab,source:905e5cc303aaceab,Generation of high-frequency topographic Rossby waves in the Gulf of Mexico,https://www.frontiersin.org/journals/marine-science/articles/10.3389/fmars.2022.1049645/full,Research publication,Generation of high-frequency topographic Rossby waves in the Gulf of Mexico,"[""Alexis Johnson Exley"", ""Kathleen A. Donohue"", ""D. Randolph Watts"", ""Karen L. Tracey"", ""Maureen A. Kennelly""]",10.3389/fmars.2022.1049645,Frontiers in Marine Science,"[2022, 12, 22]",2022-12-22,,,,,,"Johnson Exley, Donohue, Watts, Tracey, and Kennelly (2022)",source-page bibliographic metadata; current-use terms reviewed,source_scoped_factual_claim,False,6,0,6,2,"[""eddy:published:thor-2020"", ""eddy:published:ursa-2021""]","[""entities"", ""names"", ""named_eddy_source_observations""]",https://www.frontiersin.org/journals/marine-science/articles/10.3389/fmars.2022.1049645/full,reviewed for current use; article CC BY attribution,2026-09-30,OSW records short factual summaries of named Thor and Ursa map windows and links their figures. The article states CC BY terms; no figure or boundary geometry is packaged. Author and publisher credit are in source metadata and THIRD-PARTY-NOTICES.md.,"reviewed; DOI, authors, journal and year recorded",Recheck figure-level credits before digitizing or redistributing a figure.
review:source:80d0bf24c139328c,source:80d0bf24c139328c,"NOAA LSA daily geostrophic velocity, 2026-09-25",https://coastwatch.noaa.gov/data/pub0015/coastwatch/rads/sla/2026/rads_global_nrt_sla_20260925_20260926_001.nc,NOAA LSA geostrophic currents,"NOAA LSA daily sea level anomaly and geostrophic currents, 2026-09-25",,,NOAA/NESDIS Laboratory for Satellite Altimetry via NOAA CoastWatch,,,2026-09-25,,,53b1c541d4edf529bba2358f255890e2f0c392ef8e57208d04882c732c99f12f,,Altimetry data are provided by the NOAA Laboratory for Satellite Altimetry; acknowledge NOAA CoastWatch.,"Source NetCDF and NOAA product-page metadata; reuse attribution recorded, source review pending",derived_dated_observations,True,5,0,5,3,"[""current:gulf-stream-system"", ""state:GFST"", ""state:NWCS""]","[""measurements"", ""relations"", ""geometries"", ""diagnosed_current_path_observations""]",https://coastwatch.noaa.gov/cwn/products/sea-level-anomaly-and-geostrophic-currents-multi-mission-global-optimal-interpolation.html,pending source terms audit,,,bibliography captured; citation review pending,"Review the product's NOAA LSA and CoastWatch acknowledgement, derived subset redistribution, and source citation before deposition."
review:source:8a85446449036671,source:8a85446449036671,Enduring Lagrangian coherence of a Loop Current ring assessed using independent observations,https://www.nature.com/articles/s41598-018-29582-5,Research publication,Enduring Lagrangian coherence of a Loop Current ring assessed using independent observations,"[""Francisco J. Beron-Vera"", ""María J. Olascoaga"", ""Yan Wang"", ""Joaquín Triñanes"", ""Paula Pérez-Brunius""]",10.1038/s41598-018-29582-5,Scientific Reports / Springer Nature,"[2018, 7, 26]",2018-07-26,,,,,,"Beron-Vera, Olascoaga, Wang, Triñanes, and Pérez-Brunius (2018)",source-page bibliographic metadata; current-use terms reviewed,figure_derived_measurement_and_factual_claim,False,5,0,5,1,"[""eddy:published:kraken-2013""]","[""entities"", ""names"", ""named_eddy_footprint_candidates"", ""geometries"", ""named_eddy_source_observations""]",https://www.nature.com/articles/s41598-018-29582-5,reviewed for current use; article CC BY 4.0 attribution,2026-09-30,"OSW records a short factual summary, georeferences selected red curve pixels from Figure 2, and traces the closed blue instantaneous SSH contour in the 29 May panel as a dated footprint proxy. The article PDF states CC BY 4.0 on its final page; Figure 2 has no separate third-party credit. OSW packages derived measurements, the nominal traced proxy coordinates, a figure-axis datum disclosure and a sensitivity audit, not the original figure image or a claim about the whole ring lifetime. Publisher, authors, license, and the adaptation are credited in THIRD-PARTY-NOTICES.md.","reviewed; DOI, authors, journal and year recorded",Obtain scientific review of figure calibration and curve semantics before making a positive whole-eddy state claim.
review:source:0623dc4aeee7fc02,source:0623dc4aeee7fc02,The Agulhas Return Current,https://www.cfoo.co.za/seaatlas/papers/agulhas_return_current.pdf,Research publication,The Agulhas Return Current,"[""J.R.E. Lutjeharms"", ""I.J. Ansorge""]",10.1016/S0924-7963(01)00041-0,Elsevier BV,"[2001, 8]",2001,,,,9cc3b4ab639f90cf81f95dc3e5bbd1826c2326ba3db36cc7d1e60f5b277a0402,,,source-page bibliographic metadata; current-use terms reviewed,source_scoped_factual_claim,False,4,0,4,2,"[""current:agulhas-return"", ""nasa:agulhas-retroflection""]","[""entities"", ""names"", ""measurements"", ""relations""]",https://www.copyright.gov/register/tx-databases.html,reviewed for current use; linked factual assertions only,2026-09-30,"OSW uses source-linked names, numeric facts, or short paraphrased findings in the listed entity, name, measurement, relation, or local-observation records. No article prose, figures, tables, source files, or provider geometry is packaged under this source row. This decision covers the current narrow use only and assigns no license to the underlying publication; database and contract terms would need fresh review for bulk extraction.","reviewed; Crossref DOI, authors, title and year recorded","Re-review source terms if adding article text, figures, tables, source data, or broader extraction."
review:source:2884fc43d22fe977,source:2884fc43d22fe977,Tides and Currents Glossary,https://tidesandcurrents.noaa.gov/glossary.html,NOAA,Tides and Currents Glossary,,,NOAA Tides & Currents,,,,,,,"NOAA. Tides and Currents Glossary. NOAA Tides & Currents website, https://tidesandcurrents.noaa.gov/glossary.html. Consulted 2026-09-29.",,source-page bibliographic metadata; current-use terms reviewed,source_scoped_factual_claim,False,4,0,4,2,"[""current:equatorial-countercurrent"", ""current:equatorial-undercurrent""]","[""entities"", ""names""]",https://oceanservice.noaa.gov/about/faq.html,reviewed for current use; NOAA linked names and facts,2026-09-30,This alternate NOAA glossary URL supports four name/source records. The package uses linked names and facts only; NOAA attribution and a dated consultation citation are recorded.,reviewed; NOAA descriptive citation recorded,Recheck individual third-party credits if page assets or substantial text are copied.
review:source:46c1495f0e36de3b,source:46c1495f0e36de3b,Character and dynamics of the Red Sea and Persian Gulf outflows,https://doi.org/10.1029/1999JC900297,Research publication,Character and dynamics of the Red Sea and Persian Gulf outflows,"[""Amy S. Bower"", ""Heather D. Hunt"", ""James F. Price""]",10.1029/1999JC900297,American Geophysical Union (AGU),"[2000, 3, 15]",,,,,,,,Crossref deposited bibliographic metadata; current-use terms reviewed,source_scoped_factual_claim,False,4,0,4,2,"[""current:persian-gulf-saline-overflow"", ""current:red-sea-saline-overflow""]","[""entities"", ""names""]",https://www.copyright.gov/register/tx-databases.html,reviewed for current use; linked factual assertions only,2026-09-30,"OSW uses source-linked names, numeric facts, or short paraphrased findings in the listed entity, name, measurement, relation, or local-observation records. No article prose, figures, tables, source files, or provider geometry is packaged under this source row. This decision covers the current narrow use only and assigns no license to the underlying publication; database and contract terms would need fresh review for bulk extraction.","reviewed; Crossref DOI, authors, title and year recorded","Check preferred article citation and re-review before adding text, figures, tables, source data, or broader extraction."
review:source:9af17213e4a22c57,source:9af17213e4a22c57,"Observations of a young Agulhas ring, Astrid, during MARE in March 2000",https://www.met.reading.ac.uk/~xv901096/research/Vanaken-2003.pdf,Research publication,"Observations of a young Agulhas ring, Astrid, during MARE in March 2000","[""H.M. van Aken"", ""A.K. van Veldhoven"", ""C. Veth"", ""W.P.M. de Ruijter"", ""P.J. van Leeuwen"", ""S.S. Drijfhout"", ""C.P. Whittle"", ""M. Rouault""]",10.1016/S0967-0645(02)00383-1,Elsevier BV,"[2003, 1]",2003,,,,00f15a476e1584ae8666d3ab5198d4139b4b63da5d2c78ca7ddd179ee3836776,,,source-page bibliographic metadata; current-use terms reviewed,source_scoped_factual_claim,False,4,0,4,2,"[""eddy:geography:astrid-2000"", ""eddy:geography:laura-1999""]","[""entities"", ""names""]",https://www.copyright.gov/register/tx-databases.html,reviewed for current use; linked factual assertions only,2026-09-30,"OSW uses source-linked names, numeric facts, or short paraphrased findings in the listed entity, name, measurement, relation, or local-observation records. No article prose, figures, tables, source files, or provider geometry is packaged under this source row. This decision covers the current narrow use only and assigns no license to the underlying publication; database and contract terms would need fresh review for bulk extraction.","reviewed; Crossref DOI, authors, title and year recorded","Re-review source terms if adding article text, figures, tables, source data, or broader extraction."
review:source:e5cc996fb82aae2f,source:e5cc996fb82aae2f,Evaluating the performance of an ensemble forecast system in predicting Loop Current Eddy separation in the Gulf of Mexico,https://repository.library.noaa.gov/view/noaa/71031,NOAA,Evaluating the performance of an ensemble forecast system in predicting Loop Current Eddy separation in the Gulf of Mexico,"[""Prasad G. Thoppil"", ""Clark D. Rowley"", ""Patrick J. Hogan"", ""James Stear""]",10.1016/j.pocean.2025.103529,Progress in Oceanography / Elsevier; NOAA Institutional Repository copy,"[2025, 9]",2025-09,,,,051dc76cf47b625c040576a2d75f27c1979e188ca1c35904af5a6d24bd018ad5,,"Thoppil, Rowley, Hogan, and Stear (2025)",source-page bibliographic metadata; current-use terms reviewed,source_scoped_factual_claim,False,4,0,4,2,"[""eddy:published:thor-2020"", ""eddy:published:ursa-2021""]","[""named_eddy_source_observations""]",https://repository.library.noaa.gov/view/noaa/71031,reviewed for current use; article CC BY 4.0 attribution,2026-09-30,"The NOAA repository lists the article under CC BY 4.0 and supplies a PDF. OSW records short, source-specific dated event observations for Thor and Ursa from Sections 3.2 and 3.6. No figure image, contour, or model field is packaged. The paper is credited in THIRD-PARTY-NOTICES.md.","reviewed; DOI, authors, journal and year recorded",Seek the dated source altimetry field or an author-provided boundary before claiming a Thor or Ursa state footprint.
review:source:f70fe484befb3f44,source:f70fe484befb3f44,Perpetual Ocean,https://svs.gsfc.nasa.gov/10841,NASA,Perpetual Ocean,,,NASA Scientific Visualization Studio,,2011-11-10,,,2023-05-03T13:53:28.980876-04:00,,"NASA's Goddard Space Flight Center (2011). Perpetual Ocean. NASA Scientific Visualization Studio, page 10841. https://svs.gsfc.nasa.gov/10841.",NASA's Goddard Space Flight Center,NASA SVS API bibliographic metadata; media current-use terms reviewed,media_navigation_and_source_description,False,4,0,4,2,"[""nasa:agulhas"", ""nasa:agulhas-retroflection""]","[""entities"", ""names""]",https://svs.gsfc.nasa.gov/help/,reviewed for current use; source links and factual descriptions only,2026-09-30,OSW links and summarizes the 2011 Perpetual Ocean page. Title and date are pinned; no movie is packaged.,reviewed; NASA item credit and page citation recorded,"Check item-specific media exceptions and credit before copying any NASA movie, image, or audio."
review:source:fffab427c9c17ae6,source:fffab427c9c17ae6,The Observed North Equatorial Countercurrent in the Far Western Pacific Ocean during the 2014–16 El Niño,https://journals.ametsoc.org/view/journals/phoc/51/6/JPO-D-20-0293.1.xml,Other external source,The Observed North Equatorial Countercurrent in the Far Western Pacific Ocean during the 2014–16 El Niño,"[""Hui Zhou"", ""Hengchang Liu"", ""Shuwen Tan"", ""Wenlong Yang"", ""Yao Li"", ""Xueqi Liu"", ""Qiang Ren"", ""William K. Dewar""]",10.1175/JPO-D-20-0293.1,American Meteorological Society,"[2021, 4, 14]",2021,,,,,,,source-page bibliographic metadata; current-use terms reviewed,source_scoped_factual_claim,False,4,0,4,2,"[""eddy:geography:halmahera-eddy-region"", ""eddy:geography:mindanao-eddy-region""]","[""entities"", ""names""]",https://www.copyright.gov/register/tx-databases.html,reviewed for current use; linked factual assertions only,2026-09-30,"OSW uses source-linked names, numeric facts, or short paraphrased findings in the listed entity, name, measurement, relation, or local-observation records. No article prose, figures, tables, source files, or provider geometry is packaged under this source row. This decision covers the current narrow use only and assigns no license to the underlying publication; database and contract terms would need fresh review for bulk extraction.","reviewed; Crossref DOI, authors, title and year recorded","Check preferred article citation and re-review before adding text, figures, tables, source data, or broader extraction."
review:source:7e657de5446043ac,source:7e657de5446043ac,On the translation of Agulhas rings to the western South Atlantic Ocean,https://data.coaps.fsu.edu/pub/eric/papers_html/Guerra_et_al_18.pdf,Research publication,On the translation of Agulhas rings to the western South Atlantic Ocean,"[""Luiz Alexandre A. Guerra"", ""Afonso M. Paiva"", ""Eric P. Chassignet""]",10.1016/j.dsr.2018.08.005,Elsevier BV,"[2018, 9]",2018,,,,2148b13d10dc25321c3d1abb2dcb7103365ee0045451423ac5dbfb8a8ff1aced,,,source-page bibliographic metadata; current-use terms reviewed,source_scoped_factual_claim,False,4,0,4,1,"[""eddy:geography:lilian-2006""]","[""entities"", ""names"", ""measurements""]",https://www.copyright.gov/register/tx-databases.html,reviewed for current use; linked factual assertions only,2026-09-30,"OSW uses source-linked names, numeric facts, or short paraphrased findings in the listed entity, name, measurement, relation, or local-observation records. No article prose, figures, tables, source files, or provider geometry is packaged under this source row. This decision covers the current narrow use only and assigns no license to the underlying publication; database and contract terms would need fresh review for bulk extraction.","reviewed; Crossref DOI, authors, title and year recorded","Re-review source terms if adding article text, figures, tables, source data, or broader extraction."
review:source:5dcfcc3068ce7815,source:5dcfcc3068ce7815,Perpetual Ocean 2: Western Boundary Currents — media group 376523,https://svs.gsfc.nasa.gov/5425#media_group_376523,NASA,Perpetual Ocean 2: Western Boundary Currents — media group 376523,,,NASA Scientific Visualization Studio,,2025-02-27,,,,,"NASA's Scientific Visualization Studio (2025). Perpetual Ocean 2: Western Boundary Currents. NASA Scientific Visualization Studio, page 5425. https://svs.gsfc.nasa.gov/5425. Media group reference. Direct locator: https://svs.gsfc.nasa.gov/5425#media_group_376523.",NASA's Scientific Visualization Studio,source-page bibliographic metadata; current-use terms reviewed,media_navigation_and_source_description,False,3,0,3,6,"[""current:indonesian-throughflow"", ""current:persian-gulf-saline-overflow"", ""current:red-sea-saline-overflow"", ""nasa:indonesian-throughflow"", ""nasa:persian-gulf-saline-overflow"", ""nasa:red-sea-saline-overflow""]","[""relations""]",https://svs.gsfc.nasa.gov/help/,reviewed for current use; source links and factual descriptions only,2026-09-30,OSW links to this media-group anchor as evidence for a described motion; the parent release metadata are pinned. No media file is packaged.,reviewed; NASA item credit and page citation recorded,"Check item-specific media exceptions and credit before copying any NASA movie, image, or audio."
review:source:21f756d2b07063f3,source:21f756d2b07063f3,Consistent picture of the horizontal circulation of the Atlantic Ocean over 3 decades,https://os.copernicus.org/articles/19/1009/2023/,Research publication,Consistent picture of the horizontal circulation of the Atlantic Ocean over 3 decades,"[""Verónica Caínzos"", ""M. Dolores Pérez-Hernández"", ""Daniel Santana-Toscano"", ""Cristina Arumí-Planas"", ""Alonso Hernández-Guerra""]",10.5194/os-19-1009-2023,Copernicus Publications,"[2023, 7, 6]",2023-07-06,,,,,,Caínzos et al. (2023); publisher states Creative Commons Attribution 4.0.,source-page bibliographic metadata; current-use terms reviewed,source_scoped_factual_claim,False,3,0,3,3,"[""current:benguela"", ""current:brazil"", ""current:deep-western-boundary""]","[""measurements""]",https://os.copernicus.org/articles/19/1009/2023/,reviewed for current use; article CC BY 4.0 attribution,2026-09-30,"OSW derives three conservative meridional geographic floors from source-identified Benguela, Brazil, and North Atlantic DWBC latitude sections. They are unranked and do not assert a measured simultaneous flow path. No paper prose, figures, tables, or source model data are republished; article attribution and DOI are retained.","reviewed; publisher authors, journal, date and DOI recorded","Retain CC BY attribution and source scope; review again before reproducing article figures, tables, or model fields."
review:source:13d1b8683576e2c9,source:13d1b8683576e2c9,Kuroshio Extension System Study,https://www.whoi.edu/science/PO/POOL/projects.html,Other external source,Kuroshio Extension System Study,,,Woods Hole Oceanographic Institution,,,,,,,Woods Hole Oceanographic Institution (n.d.). Kuroshio Extension System Study (KESS). Physical Oceanography Observing Laboratories project summary. https://www.whoi.edu/science/PO/POOL/projects.html. Consulted 2026-09-30.,,source-page bibliographic metadata; current-use terms reviewed,source_scoped_factual_claim,False,3,0,3,2,"[""current:kuroshio-extension"", ""nasa:kuroshio-eastward-turn""]","[""entities"", ""names"", ""relations""]",https://www.copyright.gov/register/tx-databases.html,reviewed for current use; linked factual assertions only,2026-09-30,"OSW uses source-linked names, numeric facts, or short paraphrased findings in the listed entity, name, measurement, relation, or local-observation records. No article prose, figures, tables, source files, or provider geometry is packaged under this source row. This decision covers the current narrow use only and assigns no license to the underlying publication; database and contract terms would need fresh review for bulk extraction.",reviewed; source-page or institutional citation recorded,"Re-review source terms if adding article text, figures, tables, source data, or broader extraction."
review:source:04dec95aff3639e3,source:04dec95aff3639e3,"The East Greenland Coastal Current: Structure, variability, and forcing",https://www.whoi.edu/cms/files/Sutherland_EGCC_revised_withfigs_33743.pdf,Research publication,"The East Greenland Coastal Current: Structure, variability, and forcing","[""David A. Sutherland"", ""Robert S. Pickart""]",10.1016/j.pocean.2007.09.006,Elsevier BV,"[2008, 7]",,,,,,,,source-page bibliographic metadata; current-use terms reviewed,source_scoped_factual_claim,False,3,0,3,1,"[""current:east-greenland-coastal""]","[""entities"", ""names"", ""measurements""]",https://www.copyright.gov/register/tx-databases.html,reviewed for current use; linked factual assertions only,2026-09-30,"OSW uses source-linked names, numeric facts, or short paraphrased findings in the listed entity, name, measurement, relation, or local-observation records. No article prose, figures, tables, source files, or provider geometry is packaged under this source row. This decision covers the current narrow use only and assigns no license to the underlying publication; database and contract terms would need fresh review for bulk extraction.","reviewed; Crossref DOI, authors, title and year recorded","Re-review source terms if adding article text, figures, tables, source data, or broader extraction."
review:source:a0cafa9c716a91f6,source:a0cafa9c716a91f6,Otolith growth chronologies: Investigating historic impacts of climate change on tropical fish,https://api.research-repository.uwa.edu.au/ws/portalfiles/portal/12257343/THESIS_DOCTOR_OF_PHILOSOPHY_ONG_Jia_Lin_Joyce_2017.pdf,Research publication,Otolith growth chronologies: Investigating historic impacts of climate change on tropical fish,,,The University of Western Australia,,2017-01,,,,e1f16eb0e915d31716ad8785d4809bab4ba1b70bc8b83d9b0a6a059d4ea39790,"Ong, Joyce Jia Lin (2017). Otolith growth chronologies: Investigating historic impacts of climate change on tropical fish. PhD thesis, The University of Western Australia. Source PDF: https://api.research-repository.uwa.edu.au/ws/portalfiles/portal/12257343/THESIS_DOCTOR_OF_PHILOSOPHY_ONG_Jia_Lin_Joyce_2017.pdf.",,source-page bibliographic metadata; current-use terms reviewed,source_scoped_factual_claim,False,3,0,3,1,"[""current:leeuwin""]","[""entities"", ""names"", ""measurements""]",https://www.copyright.gov/register/tx-databases.html,reviewed for current use; linked factual assertions only,2026-09-30,"OSW uses source-linked names, numeric facts, or short paraphrased findings in the listed entity, name, measurement, relation, or local-observation records. No article prose, figures, tables, source files, or provider geometry is packaged under this source row. This decision covers the current narrow use only and assigns no license to the underlying publication; database and contract terms would need fresh review for bulk extraction.",reviewed; source-page or institutional citation recorded,"Re-review source terms if adding article text, figures, tables, source data, or broader extraction."
review:source:bcde6ef21698b592,source:bcde6ef21698b592,On the Origin of Shelf Water in the Middle Atlantic Bight,https://doi.org/10.1175/1520-0485(1989)019%3C0384:OTOOSW%3E2.0.CO;2,Research publication,On the Origin of Shelf Water in the Middle Atlantic Bight,"[""David C. Chapman"", ""Robert C. Beardsley""]",10.1175/1520-0485(1989)019<0384:OTOOSW>2.0.CO;2,American Meteorological Society,"[1989, 3]",,,,,,,,Crossref deposited bibliographic metadata; current-use terms reviewed,source_scoped_factual_claim,False,3,0,3,1,"[""current:greenland-middle-atlantic-shelf-hypothesis""]","[""entities"", ""names"", ""measurements""]",https://www.copyright.gov/register/tx-databases.html,reviewed for current use; linked factual assertions only,2026-09-30,"OSW uses source-linked names, numeric facts, or short paraphrased findings in the listed entity, name, measurement, relation, or local-observation records. No article prose, figures, tables, source files, or provider geometry is packaged under this source row. This decision covers the current narrow use only and assigns no license to the underlying publication; database and contract terms would need fresh review for bulk extraction.","reviewed; Crossref DOI, authors, title and year recorded","Check preferred article citation and re-review before adding text, figures, tables, source data, or broader extraction."
review:source:4718092ead1ab8fd,source:4718092ead1ab8fd,Atypical seasonal variability of the Kuroshio Current in 2018,https://www.frontiersin.org/journals/marine-science/articles/10.3389/fmars.2025.1675413/full,Research publication,Atypical seasonal variability of the Kuroshio Current in 2018,"[""Fujun Wang"", ""Linlin Zhang"", ""Junqiao Feng"", ""Qingye Wang"", ""Dunxin Hu""]",10.3389/fmars.2025.1675413,Frontiers Media SA,"[2025, 10, 30]",2025-10-30,,,,,"Wang, F., Zhang, L., Feng, J., Wang, Q., and Hu, D. (2025). Atypical seasonal variability of the Kuroshio Current in 2018. Frontiers in Marine Science 12:1675413. https://doi.org/10.3389/fmars.2025.1675413.","Wang, Zhang, Feng, Wang and Hu (2025), CC BY 4.0; observation facts paraphrased and point-to-state lookup computed by OSW.",source-page bibliographic metadata; current-use terms reviewed,source_scoped_factual_claim,False,2,0,2,2,"[""current:kuroshio"", ""state:CHIN""]","[""relations"", ""named_current_source_observations""]",https://www.frontiersin.org/journals/marine-science/articles/10.3389/fmars.2025.1675413/full,reviewed for current use; CC BY attribution,2026-10-02,"Publisher copyright notice links Creative Commons Attribution 4.0. Current use is paraphrased factual study identity, month-level interval, three instrument coordinates, and instrument/depth limitations with source attribution. No figure, article, ADCP series, model field, core path or whole-current footprint is reproduced. OSW computes only a point-to-display-state lookup.","reviewed; Crossref DOI, authors, title and year recorded","Re-review before copying article figures, instrument time series, provider fields, or adding a core-path or whole-current footprint claim."
review:source:75c205c85db07281,source:75c205c85db07281,"Regional Oceanography: An Introduction, Chapter 14: The Atlantic Ocean",https://incois.gov.in/Tutor/regoc/pdffiles/colour/single/14P-Atlantic.pdf,Research publication,"Regional Oceanography: An Introduction, Chapter 14: The Atlantic Ocean",,,Matthias Tomczak and J. Stuart Godfrey; PDF hosted by INCOIS,,2002-09,,,,457c6241290e09c5da536f7b7ccf0e63fd7d568f20d79973823855972abdc50d,"Tomczak, M., and J. S. Godfrey (2002 PDF version 1.2). Regional Oceanography: An Introduction, Chapter 14: The Atlantic Ocean, p. 239. https://incois.gov.in/Tutor/regoc/pdffiles/colour/single/14P-Atlantic.pdf.",,source-page bibliographic metadata; current-use terms reviewed,source_scoped_factual_claim,False,2,0,2,2,"[""current:florida"", ""current:gulf-stream""]","[""measurements""]",https://www.physocean.icm.csic.es/regoc/pdfversion-en.html,reviewed for current use; linked factual assertions only,2026-09-30,"Only two short numerical facts and their distinct current-segment scopes are cited. The book chapter PDF and its figures or tables are not repackaged; the authors' download page identifies the source, and the INCOIS PDF bytes are pinned by SHA-256.",reviewed; source-page or institutional citation recorded,"Recheck source terms before copying chapter text, figures, tables, or any larger extract."
review:source:0375be18f8dd88c4,source:0375be18f8dd88c4,Aleutian Current - Glossary of Meteorology,https://glossary.ametsoc.org/wiki/aleutian-current/,Other external source,Aleutian Current - Glossary of Meteorology,,,American Meteorological Society,,,,,,,American Meteorological Society (n.d.). Aleutian Current. Glossary of Meteorology. https://glossary.ametsoc.org/wiki/aleutian-current/. Consulted 2026-09-30.,,source-page bibliographic metadata; current-use terms reviewed,source_scoped_factual_claim,False,2,0,2,1,"[""current:aleutian""]","[""entities"", ""names""]",https://www.copyright.gov/register/tx-databases.html,reviewed for current use; linked factual assertions only,2026-09-30,"OSW uses source-linked names, numeric facts, or short paraphrased findings in the listed entity, name, measurement, relation, or local-observation records. No article prose, figures, tables, source files, or provider geometry is packaged under this source row. This decision covers the current narrow use only and assigns no license to the underlying publication; database and contract terms would need fresh review for bulk extraction.",reviewed; source-page or institutional citation recorded,"Re-review source terms if adding article text, figures, tables, source data, or broader extraction."
review:source:050d3ca1f6217e70,source:050d3ca1f6217e70,Interannual variations of the North Equatorial Current/Undercurrent from mooring array observations,https://www.frontiersin.org/journals/marine-science/articles/10.3389/fmars.2022.979442/full,Research publication,Interannual variations of the North Equatorial Current/Undercurrent from mooring array observations,"[""Ying Huang"", ""Linlin Zhang"", ""Fujun Wang"", ""Fan Wang"", ""Dunxin Hu""]",10.3389/fmars.2022.979442,Frontiers Media SA,"[2022, 9, 2]",2022,,,,,,,source-page bibliographic metadata; current-use terms reviewed,source_scoped_factual_claim,False,2,0,2,1,"[""current:pacific-north-equatorial-undercurrent""]","[""entities"", ""names""]",https://www.copyright.gov/register/tx-databases.html,reviewed for current use; linked factual assertions only,2026-09-30,"OSW uses source-linked names, numeric facts, or short paraphrased findings in the listed entity, name, measurement, relation, or local-observation records. No article prose, figures, tables, source files, or provider geometry is packaged under this source row. This decision covers the current narrow use only and assigns no license to the underlying publication; database and contract terms would need fresh review for bulk extraction.","reviewed; Crossref DOI, authors, title and year recorded","Check preferred article citation and re-review before adding text, figures, tables, source data, or broader extraction."
review:source:0a9db1d0e73f03d0,source:0a9db1d0e73f03d0,Estimated transport of Equatorial Undercurrent observed at 90°E during the Indonesia Prima 2017 campaign,https://repository.library.noaa.gov/view/noaa/64055,NOAA,Estimated transport of Equatorial Undercurrent observed at 90°E during the Indonesia Prima 2017 campaign,"[""Siswanto"", ""E Kusmanto"", ""Michael J McPhaden""]",10.1088/1755-1315/303/1/012005,IOP Publishing,"[2019, 7, 1]",2019,,,,,,,source-page bibliographic metadata; current-use terms reviewed,source_scoped_factual_claim,False,2,0,2,1,"[""current:indian-equatorial-undercurrent""]","[""entities"", ""names""]",https://www.copyright.gov/register/tx-databases.html,reviewed for current use; linked factual assertions only,2026-09-30,"OSW uses source-linked names, numeric facts, or short paraphrased findings in the listed entity, name, measurement, relation, or local-observation records. No article prose, figures, tables, source files, or provider geometry is packaged under this source row. This decision covers the current narrow use only and assigns no license to the underlying publication; database and contract terms would need fresh review for bulk extraction.","reviewed; Crossref DOI, authors, title and year recorded","Check preferred article citation and re-review before adding text, figures, tables, source data, or broader extraction."
review:source:0c41d4c89faadb7f,source:0c41d4c89faadb7f,Extending our understanding of South Pacific gyre “spin-up”: Modeling the East Australian Current in a future climate,https://doi.org/10.1002/2013JC009591,Research publication,Extending our understanding of South Pacific gyre “spin-up”: Modeling the East Australian Current in a future climate,"[""E. C. J. Oliver"", ""N. J. Holbrook""]",10.1002/2013JC009591,American Geophysical Union (AGU),"[2014, 5]",,,,,,,,Crossref deposited bibliographic metadata; current-use terms reviewed,source_scoped_factual_claim,False,2,0,2,1,"[""current:hiri-current""]","[""entities"", ""names""]",https://www.copyright.gov/register/tx-databases.html,reviewed for current use; linked factual assertions only,2026-09-30,"OSW uses source-linked names, numeric facts, or short paraphrased findings in the listed entity, name, measurement, relation, or local-observation records. No article prose, figures, tables, source files, or provider geometry is packaged under this source row. This decision covers the current narrow use only and assigns no license to the underlying publication; database and contract terms would need fresh review for bulk extraction.","reviewed; Crossref DOI, authors, title and year recorded","Check preferred article citation and re-review before adding text, figures, tables, source data, or broader extraction."
review:source:0df4f907cbe2ba0d,source:0df4f907cbe2ba0d,"The role of mesoscale dynamics over northwestern Cuba in the Loop Current evolution in 2010, during the Deepwater Horizon incident",https://repository.library.noaa.gov/view/noaa/28993,NOAA,"The role of mesoscale dynamics over northwestern Cuba in the Loop Current evolution in 2010, during the Deepwater Horizon incident","[""Yannis Androulidakis"", ""Vassiliki Kourafalou"", ""Matthieu Le Hénaff"", ""HeeSook Kang"", ""Nektaria Ntaganou""]",10.3390/jmse9020188,MDPI AG,"[2021, 2, 11]",2021,,,,,,,source-page bibliographic metadata; current-use terms reviewed,source_scoped_factual_claim,False,2,0,2,1,"[""eddy:geography:cuba-anticyclones-family""]","[""entities"", ""names""]",https://www.copyright.gov/register/tx-databases.html,reviewed for current use; linked factual assertions only,2026-09-30,"OSW uses source-linked names, numeric facts, or short paraphrased findings in the listed entity, name, measurement, relation, or local-observation records. No article prose, figures, tables, source files, or provider geometry is packaged under this source row. This decision covers the current narrow use only and assigns no license to the underlying publication; database and contract terms would need fresh review for bulk extraction.","reviewed; Crossref DOI, authors, title and year recorded","Check preferred article citation and re-review before adding text, figures, tables, source data, or broader extraction."
review:source:10076dab6fd82d0b,source:10076dab6fd82d0b,Dynamics and Evolution of a Northern Meddy,https://journals.ametsoc.org/view/journals/phoc/32/1/1520-0485_2002_032_0055_daeoan_2.0.co_2.xml,Other external source,Dynamics and Evolution of a Northern Meddy,"[""Jérôme Paillet"", ""Bernard Le Cann"", ""Xavier Carton"", ""Yves Morel"", ""Alain Serpette""]",10.1175/1520-0485(2002)032<0055:DAEOAN>2.0.CO;2,American Meteorological Society,"[2002, 1]",2002,,,,,,,source-page bibliographic metadata; current-use terms reviewed,source_scoped_factual_claim,False,2,0,2,1,"[""eddy:geography:meddy-ulla-1997""]","[""entities"", ""names""]",https://www.copyright.gov/register/tx-databases.html,reviewed for current use; linked factual assertions only,2026-09-30,"OSW uses source-linked names, numeric facts, or short paraphrased findings in the listed entity, name, measurement, relation, or local-observation records. No article prose, figures, tables, source files, or provider geometry is packaged under this source row. This decision covers the current narrow use only and assigns no license to the underlying publication; database and contract terms would need fresh review for bulk extraction.","reviewed; Crossref DOI, authors, title and year recorded","Check preferred article citation and re-review before adding text, figures, tables, source data, or broader extraction."
review:source:1828c26577c1a6ab,source:1828c26577c1a6ab,Dynamics of a Buoyancy-Driven Coastal Jet: The Gaspé Current,https://journals.ametsoc.org/view/journals/phoc/31/11/1520-0485_2001_031_3146_doabdc_2.0.co_2.xml,Other external source,Dynamics of a Buoyancy-Driven Coastal Jet: The Gaspé Current,"[""Jinyu Sheng""]",10.1175/1520-0485(2001)031<3146:DOABDC>2.0.CO;2,American Meteorological Society,"[2001, 11]",2001,,,,,,,source-page bibliographic metadata; current-use terms reviewed,source_scoped_factual_claim,False,2,0,2,1,"[""current:gaspe""]","[""entities"", ""names""]",https://www.copyright.gov/register/tx-databases.html,reviewed for current use; linked factual assertions only,2026-09-30,"OSW uses source-linked names, numeric facts, or short paraphrased findings in the listed entity, name, measurement, relation, or local-observation records. No article prose, figures, tables, source files, or provider geometry is packaged under this source row. This decision covers the current narrow use only and assigns no license to the underlying publication; database and contract terms would need fresh review for bulk extraction.","reviewed; Crossref DOI, authors, title and year recorded","Check preferred article citation and re-review before adding text, figures, tables, source data, or broader extraction."
review:source:19cbc90a75fc8672,source:19cbc90a75fc8672,NOAA/AOML Altimetry Products: Ocean Currents Variability,https://www.aoml.noaa.gov/phod/altimetry/cvar/index.php,NOAA,NOAA/AOML Altimetry Products: Ocean Currents Variability,,,NOAA Atlantic Oceanographic and Meteorological Laboratory,,,,,,,NOAA Atlantic Oceanographic and Meteorological Laboratory (n.d.). NOAA/AOML Altimetry Products: Ocean Currents Variability. https://www.aoml.noaa.gov/phod/altimetry/cvar/index.php. Consulted 2026-09-30.,,source-page bibliographic metadata; current-use terms reviewed,source_scoped_factual_claim,False,2,0,2,1,"[""current:north-brazil""]","[""entities"", ""names""]",https://www.copyright.gov/register/tx-databases.html,reviewed for current use; linked factual assertions only,2026-09-30,"OSW uses source-linked names, numeric facts, or short paraphrased findings in the listed entity, name, measurement, relation, or local-observation records. No article prose, figures, tables, source files, or provider geometry is packaged under this source row. This decision covers the current narrow use only and assigns no license to the underlying publication; database and contract terms would need fresh review for bulk extraction.",reviewed; source-page or institutional citation recorded,"Re-review source terms if adding article text, figures, tables, source data, or broader extraction."
review:source:1f902f771350caf2,source:1f902f771350caf2,The Atlantic Equatorial Undercurrent: PIRATA observations and simulations with GFDL Modular Ocean Model at CPTEC,https://doi.org/10.1029/2004GL022206,Research publication,The Atlantic Equatorial Undercurrent: PIRATA observations and simulations with GFDL Modular Ocean Model at CPTEC,"[""Emanuel Giarolla"", ""Paulo Nobre"", ""Marta Malagutti"", ""Luciano Ponzi Pezzi""]",10.1029/2004GL022206,American Geophysical Union (AGU),"[2005, 5]",,,,,,,,Crossref deposited bibliographic metadata; current-use terms reviewed,source_scoped_factual_claim,False,2,0,2,1,"[""current:atlantic-equatorial-undercurrent""]","[""entities"", ""names""]",https://www.copyright.gov/register/tx-databases.html,reviewed for current use; linked factual assertions only,2026-09-30,"OSW uses source-linked names, numeric facts, or short paraphrased findings in the listed entity, name, measurement, relation, or local-observation records. No article prose, figures, tables, source files, or provider geometry is packaged under this source row. This decision covers the current narrow use only and assigns no license to the underlying publication; database and contract terms would need fresh review for bulk extraction.","reviewed; Crossref DOI, authors, title and year recorded","Check preferred article citation and re-review before adding text, figures, tables, source data, or broader extraction."
review:source:21b899aceb9bc439,source:21b899aceb9bc439,Generation Mechanisms of Mesoscale Eddies in the Mauritanian Upwelling Region,https://journals.ametsoc.org/view/journals/phoc/52/1/JPO-D-21-0092.1.xml,Other external source,Generation Mechanisms of Mesoscale Eddies in the Mauritanian Upwelling Region,"[""Ahmad Fehmi Dilmahamod"", ""Johannes Karstensen"", ""Heiner Dietze"", ""Ulrike Löptien"", ""Katja Fennel""]",10.1175/JPO-D-21-0092.1,American Meteorological Society,"[2022, 1]",2022-01-24,,,,,,,source-page bibliographic metadata; current-use terms reviewed,source_scoped_factual_claim,False,2,0,2,1,"[""current:mauritanian""]","[""entities"", ""names""]",https://www.copyright.gov/register/tx-databases.html,reviewed for current use; linked factual assertions only,2026-09-30,"OSW uses source-linked names, numeric facts, or short paraphrased findings in the listed entity, name, measurement, relation, or local-observation records. No article prose, figures, tables, source files, or provider geometry is packaged under this source row. This decision covers the current narrow use only and assigns no license to the underlying publication; database and contract terms would need fresh review for bulk extraction.","reviewed; Crossref DOI, authors, title and year recorded","Check preferred article citation and re-review before adding text, figures, tables, source data, or broader extraction."
review:source:250906bc0fc824c6,source:250906bc0fc824c6,Ventilation of the Arabian Sea Oxygen Minimum Zone by Persian Gulf Water,https://doi.org/10.1029/2023JC020668,Research publication,Ventilation of the Arabian Sea Oxygen Minimum Zone by Persian Gulf Water,"[""Estel Font"", ""Sebastiaan Swart"", ""Gerd Bruss"", ""Peter M. F. Sheehan"", ""Karen J. Heywood"", ""Bastien Y. Queste""]",10.1029/2023JC020668,American Geophysical Union (AGU),"[2024, 4, 26]",,,,,,,,Crossref deposited bibliographic metadata; current-use terms reviewed,source_scoped_factual_claim,False,2,0,2,1,"[""eddy:geography:persian-gulf-peddies-family""]","[""entities"", ""names""]",https://www.copyright.gov/register/tx-databases.html,reviewed for current use; linked factual assertions only,2026-09-30,"OSW uses source-linked names, numeric facts, or short paraphrased findings in the listed entity, name, measurement, relation, or local-observation records. No article prose, figures, tables, source files, or provider geometry is packaged under this source row. This decision covers the current narrow use only and assigns no license to the underlying publication; database and contract terms would need fresh review for bulk extraction.","reviewed; Crossref DOI, authors, title and year recorded","Check preferred article citation and re-review before adding text, figures, tables, source data, or broader extraction."
review:source:2ece23e3a7b0199f,source:2ece23e3a7b0199f,Dust deposition in the eastern Indian Ocean: The ocean perspective from Antarctica to the Bay of Bengal,https://agupubs.onlinelibrary.wiley.com/doi/full/10.1002/2014gb004898,Other external source,Dust deposition in the eastern Indian Ocean: The ocean perspective from Antarctica to the Bay of Bengal,"[""Maxime M. Grand"", ""Christopher I. Measures"", ""Mariko Hatta"", ""William T. Hiscock"", ""Clifton S. Buck"", ""William M. Landing""]",10.1002/2014GB004898,Global Biogeochemical Cycles,"[2015, 3]",2015-02-16,,,,,"Grand, M. M., et al. (2015). Dust deposition in the eastern Indian Ocean: The ocean perspective from Antarctica to the Bay of Bengal. Global Biogeochemical Cycles 29, 357-374, section 3.2. https://doi.org/10.1002/2014GB004898.",,source-page bibliographic metadata; current-use terms reviewed,source_scoped_factual_claim,False,2,0,2,1,"[""current:south-indian""]","[""entities"", ""names""]",https://agupubs.onlinelibrary.wiley.com/doi/full/10.1002/2014gb004898,reviewed for current use; linked factual name only,2026-09-30,"Only the South Indian Current name and short paraphrase of its eastward subtropical setting are used. No paper prose, figures, table, station data, or geometry is packaged; free access does not imply republication rights.","reviewed; authors, title, journal, date, DOI, and section recorded","Review publisher terms before using figures, section data, or substantial text."
review:source:2f08a84f84934093,source:2f08a84f84934093,Planktic Foraminiferal Content in a Mature Agulhas Eddy from the SE Atlantic: Any Influence on Foraminiferal Export Fluxes?,https://hrcak.srce.hr/file/15841,Other external source,Planktic Foraminiferal Content in a Mature Agulhas Eddy from the SE Atlantic: Any Influence on Foraminiferal Export Fluxes?,,,Geologia Croatica,,2006-12-26,,,,,"Lončarić, N. (2006). Planktic Foraminiferal Content in a Mature Agulhas Eddy from the SE Atlantic: Any Influence on Foraminiferal Export Fluxes? Geologia Croatica 59(1), 41–50. https://hrcak.srce.hr/10308.",,source-page bibliographic metadata; current-use terms reviewed,source_scoped_factual_claim,False,2,0,2,1,"[""eddy:geography:agulhas-eddy-w-2000""]","[""entities"", ""names""]",https://www.copyright.gov/register/tx-databases.html,reviewed for current use; linked factual assertions only,2026-09-30,"OSW uses source-linked names, numeric facts, or short paraphrased findings in the listed entity, name, measurement, relation, or local-observation records. No article prose, figures, tables, source files, or provider geometry is packaged under this source row. This decision covers the current narrow use only and assigns no license to the underlying publication; database and contract terms would need fresh review for bulk extraction.",reviewed; source-page or institutional citation recorded,"Re-review source terms if adding article text, figures, tables, source data, or broader extraction."
review:source:3b0a93ecf03b2565,source:3b0a93ecf03b2565,Black Sea Rim Current Intensity Index,https://data.marine.copernicus.eu/product/OMI_CIRCULATION_BOUNDARY_BLKSEA_rim_current_index/description,Other external source,Black Sea Rim Current Intensity Index,,,Copernicus Marine Service,,,,,,,"Copernicus Marine Service (n.d.). Black Sea Rim Current Intensity Index, product OMI_CIRCULATION_BOUNDARY_BLKSEA_rim_current_index, DOI 10.48670/mds-00326. https://data.marine.copernicus.eu/product/OMI_CIRCULATION_BOUNDARY_BLKSEA_rim_current_index/description. Consulted 2026-09-30.",,source-page bibliographic metadata; current-use terms reviewed,source_scoped_factual_claim,False,2,0,2,1,"[""current:black-sea-rim""]","[""entities"", ""names""]",https://www.copyright.gov/register/tx-databases.html,reviewed for current use; linked factual assertions only,2026-09-30,"OSW uses source-linked names, numeric facts, or short paraphrased findings in the listed entity, name, measurement, relation, or local-observation records. No article prose, figures, tables, source files, or provider geometry is packaged under this source row. This decision covers the current narrow use only and assigns no license to the underlying publication; database and contract terms would need fresh review for bulk extraction.",reviewed; source-page or institutional citation recorded,"Re-review source terms if adding article text, figures, tables, source data, or broader extraction."
review:source:3c8f222e0744558b,source:3c8f222e0744558b,"Resources, fishing and biology of the tropical tunas of the Eastern Central Atlantic",https://www.fao.org/4/t0081e/T0081E03.htm,Other external source,"Resources, fishing and biology of the tropical tunas of the Eastern Central Atlantic",,,Food and Agriculture Organization of the United Nations,,1993,,,,,"Fonteneau, A., and J. Marcille, eds. (1993). Resources, fishing and biology of the tropical tunas of the Eastern Central Atlantic. FAO Fisheries Technical Paper 292. Rome: FAO. https://www.fao.org/4/t0081e/T0081E00.htm.",,source-page bibliographic metadata; current-use terms reviewed,source_scoped_factual_claim,False,2,0,2,1,"[""current:atlantic-equatorial-undercurrent""]","[""names""]",https://www.copyright.gov/register/tx-databases.html,reviewed for current use; linked factual assertions only,2026-09-30,"OSW uses source-linked names, numeric facts, or short paraphrased findings in the listed entity, name, measurement, relation, or local-observation records. No article prose, figures, tables, source files, or provider geometry is packaged under this source row. This decision covers the current narrow use only and assigns no license to the underlying publication; database and contract terms would need fresh review for bulk extraction.",reviewed; source-page or institutional citation recorded,"Re-review source terms if adding article text, figures, tables, source data, or broader extraction."
review:source:3e2342907046ec3a,source:3e2342907046ec3a,"Wintertime buoyancy forcing, changing seawater properties, and two different circulation systems produced in the Adriatic",https://doi.org/10.1029/2005JC003271,Research publication,"Wintertime buoyancy forcing, changing seawater properties, and two different circulation systems produced in the Adriatic","[""Mirko Orlić"", ""Vlado Dadić"", ""Branka Grbec"", ""Nenad Leder"", ""Antun Marki"", ""Frano Matić"", ""Hrvoje Mihanović"", ""Gordana Beg Paklar"", ""Miroslava Pasarić"", ""Zoran Pasarić"", ""Ivica Vilibić""]",10.1029/2005JC003271,American Geophysical Union (AGU),"[2006, 3]",,,,,,,,Crossref deposited bibliographic metadata; current-use terms reviewed,source_scoped_factual_claim,False,2,0,2,1,"[""current:east-adriatic""]","[""entities"", ""names""]",https://www.copyright.gov/register/tx-databases.html,reviewed for current use; linked factual assertions only,2026-09-30,"OSW uses source-linked names, numeric facts, or short paraphrased findings in the listed entity, name, measurement, relation, or local-observation records. No article prose, figures, tables, source files, or provider geometry is packaged under this source row. This decision covers the current narrow use only and assigns no license to the underlying publication; database and contract terms would need fresh review for bulk extraction.","reviewed; Crossref DOI, authors, title and year recorded","Check preferred article citation and re-review before adding text, figures, tables, source data, or broader extraction."
review:source:42156fea28b90430,source:42156fea28b90430,Variability in Deep Western Boundary Current transports: Preliminary results from 26.5°N in the Atlantic,https://doi.org/10.1029/2006GL026965,Research publication,Variability in Deep Western Boundary Current transports: Preliminary results from 26.5°N in the Atlantic,"[""Christopher S. Meinen"", ""Molly O. Baringer"", ""Silvia L. Garzoli""]",10.1029/2006GL026965,American Geophysical Union (AGU),"[2006, 9]",,,,,,,,Crossref deposited bibliographic metadata; current-use terms reviewed,source_scoped_factual_claim,False,2,0,2,1,"[""current:deep-western-boundary""]","[""entities"", ""names""]",https://www.copyright.gov/register/tx-databases.html,reviewed for current use; linked factual assertions only,2026-09-30,"OSW uses source-linked names, numeric facts, or short paraphrased findings in the listed entity, name, measurement, relation, or local-observation records. No article prose, figures, tables, source files, or provider geometry is packaged under this source row. This decision covers the current narrow use only and assigns no license to the underlying publication; database and contract terms would need fresh review for bulk extraction.","reviewed; Crossref DOI, authors, title and year recorded","Check preferred article citation and re-review before adding text, figures, tables, source data, or broader extraction."
review:source:4485ca709b999bba,source:4485ca709b999bba,The South Pacific Current,https://journals.ametsoc.org/view/journals/phoc/25/1/1520-0485_1995_025_0077_tspc_2_0_co_2.xml,Other external source,The South Pacific Current,"[""Lothar Stramma"", ""Ray G. Peterson"", ""Matthias Tomczak""]",10.1175/1520-0485(1995)025<0077:TSPC>2.0.CO;2,American Meteorological Society,"[1995, 1]",1995-01-01,,,,,,,source-page bibliographic metadata; current-use terms reviewed,source_scoped_factual_claim,False,2,0,2,1,"[""current:south-pacific""]","[""entities"", ""names""]",https://www.copyright.gov/register/tx-databases.html,reviewed for current use; linked factual assertions only,2026-09-30,"OSW uses source-linked names, numeric facts, or short paraphrased findings in the listed entity, name, measurement, relation, or local-observation records. No article prose, figures, tables, source files, or provider geometry is packaged under this source row. This decision covers the current narrow use only and assigns no license to the underlying publication; database and contract terms would need fresh review for bulk extraction.","reviewed; Crossref DOI, authors, title and year recorded","Check preferred article citation and re-review before adding text, figures, tables, source data, or broader extraction."
review:source:46a836e41d6a800a,source:46a836e41d6a800a,Equatorial Undercurrent and North Equatorial Countercurrent at 38°W: A new perspective from direct velocity data,https://doi.org/10.1029/2007JC004215,Research publication,Equatorial Undercurrent and North Equatorial Countercurrent at 38°W: A new perspective from direct velocity data,"[""D. F. Urbano"", ""R. A. F. De Almeida"", ""P. Nobre""]",10.1029/2007JC004215,American Geophysical Union (AGU),"[2008, 4]",,,,,,,,Crossref deposited bibliographic metadata; current-use terms reviewed,source_scoped_factual_claim,False,2,0,2,1,"[""current:atlantic-north-equatorial-countercurrent""]","[""entities"", ""names""]",https://www.copyright.gov/register/tx-databases.html,reviewed for current use; linked factual assertions only,2026-09-30,"OSW uses source-linked names, numeric facts, or short paraphrased findings in the listed entity, name, measurement, relation, or local-observation records. No article prose, figures, tables, source files, or provider geometry is packaged under this source row. This decision covers the current narrow use only and assigns no license to the underlying publication; database and contract terms would need fresh review for bulk extraction.","reviewed; Crossref DOI, authors, title and year recorded","Check preferred article citation and re-review before adding text, figures, tables, source data, or broader extraction."
review:source:60fc6515b05b3185,source:60fc6515b05b3185,"The diurnal cycle of the upper equatorial ocean: Turbulence, fine‐scale shear, and mean shear",https://doi.org/10.1029/93JC03506,Research publication,"The diurnal cycle of the upper equatorial ocean: Turbulence, fine‐scale shear, and mean shear","[""Hartmut Peters"", ""Michael C. Gregg"", ""Thomas B. Sanford""]",10.1029/93JC03506,American Geophysical Union (AGU),"[1994, 4, 15]",,,,,,,,Crossref deposited bibliographic metadata; current-use terms reviewed,source_scoped_factual_claim,False,2,0,2,1,"[""current:pacific-equatorial-undercurrent""]","[""entities"", ""names""]",https://www.copyright.gov/register/tx-databases.html,reviewed for current use; linked factual assertions only,2026-09-30,"OSW uses source-linked names, numeric facts, or short paraphrased findings in the listed entity, name, measurement, relation, or local-observation records. No article prose, figures, tables, source files, or provider geometry is packaged under this source row. This decision covers the current narrow use only and assigns no license to the underlying publication; database and contract terms would need fresh review for bulk extraction.","reviewed; Crossref DOI, authors, title and year recorded","Check preferred article citation and re-review before adding text, figures, tables, source data, or broader extraction."
review:source:65c9605f88219d4c,source:65c9605f88219d4c,Climatic variability in the Skagerrak and coastal waters of Norway,https://academic.oup.com/icesjms/article/69/5/758/646533,Research publication,Climatic variability in the Skagerrak and coastal waters of Norway,"[""Jon Albretsen"", ""Jan Aure"", ""Roald Sætre"", ""Didrik S. Danielssen""]",10.1093/icesjms/fsr187,Oxford University Press,"[2011, 12, 18]",2011-12-18,,,,,,,source-page bibliographic metadata; current-use terms reviewed,source_scoped_factual_claim,False,2,0,2,1,"[""current:norwegian-coastal""]","[""entities"", ""names""]",https://www.copyright.gov/register/tx-databases.html,reviewed for current use; linked factual assertions only,2026-09-30,"OSW uses source-linked names, numeric facts, or short paraphrased findings in the listed entity, name, measurement, relation, or local-observation records. No article prose, figures, tables, source files, or provider geometry is packaged under this source row. This decision covers the current narrow use only and assigns no license to the underlying publication; database and contract terms would need fresh review for bulk extraction.","reviewed; Crossref DOI, authors, title and year recorded","Check preferred article citation and re-review before adding text, figures, tables, source data, or broader extraction."
review:source:684ab289bee1d7dd,source:684ab289bee1d7dd,Seasonal variability of the Antarctic Coastal Current and its driving mechanisms in the Weddell Sea,https://doi.org/10.1016/j.dsr.2009.06.005,Research publication,Seasonal variability of the Antarctic Coastal Current and its driving mechanisms in the Weddell Sea,"[""Ismael Núñez-Riboni"", ""Eberhard Fahrbach""]",10.1016/j.dsr.2009.06.005,Elsevier BV,"[2009, 11]",,,,,,,,Crossref deposited bibliographic metadata; current-use terms reviewed,source_scoped_factual_claim,False,2,0,2,1,"[""current:antarctic-coastal""]","[""entities"", ""names""]",https://www.copyright.gov/register/tx-databases.html,reviewed for current use; linked factual assertions only,2026-09-30,"OSW uses source-linked names, numeric facts, or short paraphrased findings in the listed entity, name, measurement, relation, or local-observation records. No article prose, figures, tables, source files, or provider geometry is packaged under this source row. This decision covers the current narrow use only and assigns no license to the underlying publication; database and contract terms would need fresh review for bulk extraction.","reviewed; Crossref DOI, authors, title and year recorded","Check preferred article citation and re-review before adding text, figures, tables, source data, or broader extraction."
review:source:6ea3cd5870f43794,source:6ea3cd5870f43794,Structure of the Mediterranean Undercurrent and Mediterranean Water spreading around the southwestern Iberian Peninsula,https://doi.org/10.1029/2001JC001007,Research publication,Structure of the Mediterranean Undercurrent and Mediterranean Water spreading around the southwestern Iberian Peninsula,"[""Amy S. Bower"", ""Nuno Serra"", ""Isabel Ambar""]",10.1029/2001JC001007,American Geophysical Union (AGU),"[2002, 10]",,,,,,,,Crossref deposited bibliographic metadata; current-use terms reviewed,source_scoped_factual_claim,False,2,0,2,1,"[""current:mediterranean-undercurrent""]","[""entities"", ""names""]",https://www.copyright.gov/register/tx-databases.html,reviewed for current use; linked factual assertions only,2026-09-30,"OSW uses source-linked names, numeric facts, or short paraphrased findings in the listed entity, name, measurement, relation, or local-observation records. No article prose, figures, tables, source files, or provider geometry is packaged under this source row. This decision covers the current narrow use only and assigns no license to the underlying publication; database and contract terms would need fresh review for bulk extraction.","reviewed; Crossref DOI, authors, title and year recorded","Check preferred article citation and re-review before adding text, figures, tables, source data, or broader extraction."
review:source:6f3ef1c4ba0c063b,source:6f3ef1c4ba0c063b,Kinematic elements of Antarctic Intermediate Water in the western South Atlantic,https://www.aoml.noaa.gov/phod/docs/boebel_et_al1999a.pdf,NOAA,Kinematic elements of Antarctic Intermediate Water in the western South Atlantic,,,Deep-Sea Research II,,1999,,,,,"Boebel, O., Schmid, C., and Zenk, W. (1999). Kinematic elements of Antarctic Intermediate Water in the western South Atlantic. Deep-Sea Research II 46, 355-392, section 3.5. https://www.aoml.noaa.gov/phod/docs/boebel_et_al1999a.pdf.",,source-page bibliographic metadata; current-use terms reviewed,source_scoped_factual_claim,False,2,0,2,1,"[""current:south-atlantic""]","[""entities"", ""names""]",https://www.aoml.noaa.gov/phod/docs/boebel_et_al1999a.pdf,reviewed for current use; linked factual name only,2026-09-30,"Only the South Atlantic Current name and paraphrased gyre context are used. No paper prose, float tracks, figure, map geometry, or PDF is packaged. NOAA hosting does not assign a reuse license to the Elsevier article.","reviewed; authors, article, journal, year, and section recorded","Review publisher terms before using figures, float tracks, or substantial text."
review:source:7d41c196a8c2a2a4,source:7d41c196a8c2a2a4,Transports and Pathways of the Upper-Layer Circulation in the Western Tropical Atlantic,https://doi.org/10.1175/1520-0485(1998)028%3C1904:TAPOTU%3E2.0.CO;2,Research publication,Transports and Pathways of the Upper-Layer Circulation in the Western Tropical Atlantic,"[""Friedrich A. Schott"", ""Jürgen Fischer"", ""Lothar Stramma""]",10.1175/1520-0485(1998)028<1904:TAPOTU>2.0.CO;2,American Meteorological Society,"[1998, 10]",,,,,,,,Crossref deposited bibliographic metadata; current-use terms reviewed,source_scoped_factual_claim,False,2,0,2,1,"[""current:atlantic-south-equatorial-countercurrent""]","[""entities"", ""names""]",https://www.copyright.gov/register/tx-databases.html,reviewed for current use; linked factual assertions only,2026-09-30,"OSW uses source-linked names, numeric facts, or short paraphrased findings in the listed entity, name, measurement, relation, or local-observation records. No article prose, figures, tables, source files, or provider geometry is packaged under this source row. This decision covers the current narrow use only and assigns no license to the underlying publication; database and contract terms would need fresh review for bulk extraction.","reviewed; Crossref DOI, authors, title and year recorded","Check preferred article citation and re-review before adding text, figures, tables, source data, or broader extraction."
review:source:7d77d9146f863efd,source:7d77d9146f863efd,Water mass evolution and general circulation of Baffin Bay: Observations from two shipboard surveys in 2021,https://www.sciencedirect.com/science/article/pii/S0079661124001289,Research publication,Water mass evolution and general circulation of Baffin Bay: Observations from two shipboard surveys in 2021,"[""Jie Huang"", ""Robert S. Pickart"", ""Frank Bahr"", ""Leah T. McRaven"", ""Jean-Éric Tremblay"", ""Christine Michel"", ""Emil Jeansson"", ""Ben Kopec"", ""Jeffrey M. Welker"", ""Sólveig R. Ólafsdóttir""]",10.1016/j.pocean.2024.103322,Elsevier,"[2024, 12]",2024-12,,,,,,,source-page bibliographic metadata; current-use terms reviewed,source_scoped_factual_claim,False,2,0,2,1,"[""current:baffin""]","[""entities"", ""names""]",https://www.copyright.gov/register/tx-databases.html,reviewed for current use; linked factual assertions only,2026-09-30,"OSW uses source-linked names, numeric facts, or short paraphrased findings in the listed entity, name, measurement, relation, or local-observation records. No article prose, figures, tables, source files, or provider geometry is packaged under this source row. This decision covers the current narrow use only and assigns no license to the underlying publication; database and contract terms would need fresh review for bulk extraction.","reviewed; Crossref DOI, authors, title and year recorded","Check preferred article citation and re-review before adding text, figures, tables, source data, or broader extraction."
review:source:8b0aaf0e96f7a9cc,source:8b0aaf0e96f7a9cc,Fluctuations of the Atlantic North Equatorial Undercurrent and Associated Changes in Oxygen Transports,https://doi.org/10.1029/2020GL088350,Research publication,Fluctuations of the Atlantic North Equatorial Undercurrent and Associated Changes in Oxygen Transports,"[""Kristin Burmeister"", ""Joke F. Luebbecke"", ""Peter Brandt"", ""Martin Claus"", ""Johannes Hahn""]",10.1029/2020GL088350,American Geophysical Union (AGU),"[2020, 7, 3]",,,,,,,,Crossref deposited bibliographic metadata; current-use terms reviewed,source_scoped_factual_claim,False,2,0,2,1,"[""current:atlantic-north-equatorial-undercurrent""]","[""entities"", ""names""]",https://www.copyright.gov/register/tx-databases.html,reviewed for current use; linked factual assertions only,2026-09-30,"OSW uses source-linked names, numeric facts, or short paraphrased findings in the listed entity, name, measurement, relation, or local-observation records. No article prose, figures, tables, source files, or provider geometry is packaged under this source row. This decision covers the current narrow use only and assigns no license to the underlying publication; database and contract terms would need fresh review for bulk extraction.","reviewed; Crossref DOI, authors, title and year recorded","Check preferred article citation and re-review before adding text, figures, tables, source data, or broader extraction."
review:source:8cebf4b2d3a12ec1,source:8cebf4b2d3a12ec1,Formation of the Haida‐1998 oceanic eddy,https://doi.org/10.1029/2001JC000876,Research publication,Formation of the Haida‐1998 oceanic eddy,"[""W. R. Crawford"", ""J. Y. Cherniawsky"", ""M. G. G. Foreman"", ""J. F. R. Gower""]",10.1029/2001JC000876,American Geophysical Union (AGU),"[2002, 7]",,,,,,,,Crossref deposited bibliographic metadata; current-use terms reviewed,source_scoped_factual_claim,False,2,0,2,1,"[""eddy:geography:haida-1998""]","[""entities"", ""names""]",https://www.copyright.gov/register/tx-databases.html,reviewed for current use; linked factual assertions only,2026-09-30,"OSW uses source-linked names, numeric facts, or short paraphrased findings in the listed entity, name, measurement, relation, or local-observation records. No article prose, figures, tables, source files, or provider geometry is packaged under this source row. This decision covers the current narrow use only and assigns no license to the underlying publication; database and contract terms would need fresh review for bulk extraction.","reviewed; Crossref DOI, authors, title and year recorded","Check preferred article citation and re-review before adding text, figures, tables, source data, or broader extraction."
review:source:98d6a36e1d59ebcb,source:98d6a36e1d59ebcb,Surface drifter derived circulation in the northern and middle Adriatic Sea: Response to wind regime and season,https://agupubs.onlinelibrary.wiley.com/doi/10.1029/2005JC003177,Other external source,Surface drifter derived circulation in the northern and middle Adriatic Sea: Response to wind regime and season,"[""Laura Ursella"", ""Pierre‐Marie Poulain"", ""Richard P. Signell""]",10.1029/2005JC003177,American Geophysical Union (AGU),"[2006, 3]",2006-03,,,,,,,source-page bibliographic metadata; current-use terms reviewed,source_scoped_factual_claim,False,2,0,2,1,"[""current:western-adriatic""]","[""entities"", ""names""]",https://www.copyright.gov/register/tx-databases.html,reviewed for current use; linked factual assertions only,2026-09-30,"OSW uses source-linked names, numeric facts, or short paraphrased findings in the listed entity, name, measurement, relation, or local-observation records. No article prose, figures, tables, source files, or provider geometry is packaged under this source row. This decision covers the current narrow use only and assigns no license to the underlying publication; database and contract terms would need fresh review for bulk extraction.","reviewed; Crossref DOI, authors, title and year recorded","Check preferred article citation and re-review before adding text, figures, tables, source data, or broader extraction."
review:source:a27aa78cffac61c5,source:a27aa78cffac61c5,"On the Variability of the East Australian Current: Jet Structure, Meandering, and Influence on Shelf Circulation",https://doi.org/10.1002/2017JC013097,Research publication,"On the Variability of the East Australian Current: Jet Structure, Meandering, and Influence on Shelf Circulation","[""Matthew R. Archer"", ""Moninya Roughan"", ""Shane R. Keating"", ""Amandine Schaeffer""]",10.1002/2017JC013097,American Geophysical Union (AGU),"[2017, 11]",,,,,,,,Crossref deposited bibliographic metadata; current-use terms reviewed,source_scoped_factual_claim,False,2,0,2,1,"[""current:tasman-front""]","[""entities"", ""names""]",https://www.copyright.gov/register/tx-databases.html,reviewed for current use; linked factual assertions only,2026-09-30,"OSW uses source-linked names, numeric facts, or short paraphrased findings in the listed entity, name, measurement, relation, or local-observation records. No article prose, figures, tables, source files, or provider geometry is packaged under this source row. This decision covers the current narrow use only and assigns no license to the underlying publication; database and contract terms would need fresh review for bulk extraction.","reviewed; Crossref DOI, authors, title and year recorded","Check preferred article citation and re-review before adding text, figures, tables, source data, or broader extraction."
review:source:a3441d003647d17d,source:a3441d003647d17d,The Deep‐Penetrating South Equatorial Undercurrent in the Tropical South Indian Ocean,https://doi.org/10.1029/2022GL098163,Research publication,The Deep‐Penetrating South Equatorial Undercurrent in the Tropical South Indian Ocean,"[""Gengxin Chen"", ""Weiqing Han"", ""Tingting Zu"", ""Xiaoqing Chu"", ""Ju Chen""]",10.1029/2022GL098163,American Geophysical Union (AGU),"[2022, 3, 23]",,,,,,,,Crossref deposited bibliographic metadata; current-use terms reviewed,source_scoped_factual_claim,False,2,0,2,1,"[""current:indian-south-equatorial-undercurrent""]","[""entities"", ""names""]",https://www.copyright.gov/register/tx-databases.html,reviewed for current use; linked factual assertions only,2026-09-30,"OSW uses source-linked names, numeric facts, or short paraphrased findings in the listed entity, name, measurement, relation, or local-observation records. No article prose, figures, tables, source files, or provider geometry is packaged under this source row. This decision covers the current narrow use only and assigns no license to the underlying publication; database and contract terms would need fresh review for bulk extraction.","reviewed; Crossref DOI, authors, title and year recorded","Check preferred article citation and re-review before adding text, figures, tables, source data, or broader extraction."
review:source:a6d248678fda6cec,source:a6d248678fda6cec,Regulatory Amendment 4 to the Fishery Management Plan for the Reef Fish Fishery of Puerto Rico and the U.S. Virgin Islands,https://repository.library.noaa.gov/view/noaa/4711/noaa_4711_DS1.pdf,NOAA,Regulatory Amendment 4 to the Fishery Management Plan for the Reef Fish Fishery of Puerto Rico and the U.S. Virgin Islands,,,Caribbean Fishery Management Council and NOAA Fisheries,,2013-06,,,,,"Caribbean Fishery Management Council and NOAA Fisheries (2013). Regulatory Amendment 4 to the Fishery Management Plan for the Reef Fish Fishery of Puerto Rico and the U.S. Virgin Islands, section 3.1.2, p. 13. https://repository.library.noaa.gov/view/noaa/4711/noaa_4711_DS1.pdf.",,source-page bibliographic metadata; current-use terms reviewed,source_scoped_factual_claim,False,2,0,2,1,"[""current:caribbean""]","[""entities"", ""names""]",https://repository.library.noaa.gov/view/noaa/4711/noaa_4711_DS1.pdf,reviewed for current use; linked factual name only,2026-09-30,"Only the source-linked Caribbean Current name and coarse setting are used. No report prose, figures, map geometry, or PDF is packaged. The report is attributed to the Caribbean Fishery Management Council and NOAA Fisheries.","reviewed; agency report, section, and page recorded",Review source-specific and third-party credits before reproducing report material.
review:source:aa4628da93c945aa,source:aa4628da93c945aa,New insight into 3-D mesoscale eddy properties from CMEMS operational models in the western Mediterranean,https://os.copernicus.org/articles/15/1111/2019/,Research publication,New insight into 3-D mesoscale eddy properties from CMEMS operational models in the western Mediterranean,"[""Evan Mason"", ""Simón Ruiz"", ""Romain Bourdalle-Badie"", ""Guillaume Reffray"", ""Marcos García-Sotillo"", ""Ananda Pascual""]",10.5194/os-15-1111-2019,Copernicus Publications,"[2019, 8, 20]",2019-08-20,,,,,,Publisher article states Creative Commons Attribution 4.0; cite authors and source.,source-page bibliographic metadata; current-use terms reviewed,source_scoped_factual_claim,False,2,0,2,1,"[""current:algerian""]","[""entities"", ""names""]",https://www.copyright.gov/register/tx-databases.html,reviewed for current use; linked factual assertions only,2026-09-30,"OSW uses source-linked names, numeric facts, or short paraphrased findings in the listed entity, name, measurement, relation, or local-observation records. No article prose, figures, tables, source files, or provider geometry is packaged under this source row. This decision covers the current narrow use only and assigns no license to the underlying publication; database and contract terms would need fresh review for bulk extraction.","reviewed; Crossref DOI, authors, title and year recorded","Check preferred article citation and re-review before adding text, figures, tables, source data, or broader extraction."
review:source:c247b938a92e3283,source:c247b938a92e3283,Observations of geostrophic transport variability in the western tropical Indian Ocean,https://horizon.documentation.ird.fr/exl-doc/pleins_textes/pleins_textes_6/b_fdi_45-46/010007560.pdf,Research publication,Observations of geostrophic transport variability in the western tropical Indian Ocean,"[""J.R. Donguy"", ""Gary Meyers""]",10.1016/0967-0637(95)00047-A,Elsevier Science Ltd,"[1995, 6]",1995,,,,,,,source-page bibliographic metadata; current-use terms reviewed,source_scoped_factual_claim,False,2,0,2,1,"[""current:indian-south-equatorial-countercurrent""]","[""entities"", ""names""]",https://www.copyright.gov/register/tx-databases.html,reviewed for current use; linked factual assertions only,2026-09-30,"OSW uses source-linked names, numeric facts, or short paraphrased findings in the listed entity, name, measurement, relation, or local-observation records. No article prose, figures, tables, source files, or provider geometry is packaged under this source row. This decision covers the current narrow use only and assigns no license to the underlying publication; database and contract terms would need fresh review for bulk extraction.","reviewed; Crossref DOI, authors, title and year recorded","Re-review source terms if adding article text, figures, tables, source data, or broader extraction."
review:source:c3ef18f86167e197,source:c3ef18f86167e197,"Strong Long‐Lived Anticyclonic Mesoscale Eddies in the Balearic Sea: Formation, Intensification, and Thermal Impact",https://agupubs.onlinelibrary.wiley.com/doi/10.1029/2021JC017589,Other external source,"Strong Long‐Lived Anticyclonic Mesoscale Eddies in the Balearic Sea: Formation, Intensification, and Thermal Impact","[""E. Aguiar"", ""B. Mourre"", ""A. Alvera‐Azcárate"", ""A. Pascual"", ""E. Mason"", ""J. Tintoré""]",10.1029/2021JC017589,American Geophysical Union (AGU),"[2022, 5]",2022-05,,,,,,,source-page bibliographic metadata; current-use terms reviewed,source_scoped_factual_claim,False,2,0,2,1,"[""current:balearic""]","[""entities"", ""names""]",https://www.copyright.gov/register/tx-databases.html,reviewed for current use; linked factual assertions only,2026-09-30,"OSW uses source-linked names, numeric facts, or short paraphrased findings in the listed entity, name, measurement, relation, or local-observation records. No article prose, figures, tables, source files, or provider geometry is packaged under this source row. This decision covers the current narrow use only and assigns no license to the underlying publication; database and contract terms would need fresh review for bulk extraction.","reviewed; Crossref DOI, authors, title and year recorded","Check preferred article citation and re-review before adding text, figures, tables, source data, or broader extraction."
review:source:cb7e6dd38745baf6,source:cb7e6dd38745baf6,Seasonal and Interannual Variability of the Pacific South Equatorial Countercurrent Based on Argo Profiles,https://doi.org/10.1029/2025JC023053,Research publication,Seasonal and Interannual Variability of the Pacific South Equatorial Countercurrent Based on Argo Profiles,"[""Qiru Wu"", ""Lina Yang"", ""Peng Liang""]",10.1029/2025JC023053,American Geophysical Union (AGU),"[2026, 1]",,,,,,,,Crossref deposited bibliographic metadata; current-use terms reviewed,source_scoped_factual_claim,False,2,0,2,1,"[""current:pacific-south-equatorial-countercurrent""]","[""entities"", ""names""]",https://www.copyright.gov/register/tx-databases.html,reviewed for current use; linked factual assertions only,2026-09-30,"OSW uses source-linked names, numeric facts, or short paraphrased findings in the listed entity, name, measurement, relation, or local-observation records. No article prose, figures, tables, source files, or provider geometry is packaged under this source row. This decision covers the current narrow use only and assigns no license to the underlying publication; database and contract terms would need fresh review for bulk extraction.","reviewed; Crossref DOI, authors, title and year recorded","Check preferred article citation and re-review before adding text, figures, tables, source data, or broader extraction."
review:source:cf5083b4d12d5cf1,source:cf5083b4d12d5cf1,Seasonal and Interannual Variability of the Currents off the New Guinea Coast From Mooring Measurements,https://doi.org/10.1029/2020JC016242,Research publication,Seasonal and Interannual Variability of the Currents off the New Guinea Coast From Mooring Measurements,"[""Linlin Zhang"", ""Jie Wu"", ""Fujun Wang"", ""Shijian Hu"", ""Qingye Wang"", ""Fan Jia"", ""Fan Wang"", ""Dunxin Hu""]",10.1029/2020JC016242,American Geophysical Union (AGU),"[2020, 11, 27]",,,,,,,,Crossref deposited bibliographic metadata; current-use terms reviewed,source_scoped_factual_claim,False,2,0,2,1,"[""current:new-guinea-coastal-current""]","[""entities"", ""names""]",https://www.copyright.gov/register/tx-databases.html,reviewed for current use; linked factual assertions only,2026-09-30,"OSW uses source-linked names, numeric facts, or short paraphrased findings in the listed entity, name, measurement, relation, or local-observation records. No article prose, figures, tables, source files, or provider geometry is packaged under this source row. This decision covers the current narrow use only and assigns no license to the underlying publication; database and contract terms would need fresh review for bulk extraction.","reviewed; Crossref DOI, authors, title and year recorded","Check preferred article citation and re-review before adding text, figures, tables, source data, or broader extraction."
review:source:d35c9b294dd4c44b,source:d35c9b294dd4c44b,What is the Loop Current?,https://oceanservice.noaa.gov/facts/loopcurrent.html,NOAA,What is the Loop Current?,,,NOAA National Ocean Service,,,,,2026-09-23,,NOAA National Ocean Service (updated 2026-09-23). What is the Loop Current? https://oceanservice.noaa.gov/facts/loopcurrent.html. Consulted 2026-09-30.,,source-page bibliographic metadata; current-use terms reviewed,source_scoped_factual_claim,False,2,0,2,1,"[""current:loop""]","[""entities"", ""names""]",https://www.copyright.gov/register/tx-databases.html,reviewed for current use; linked factual assertions only,2026-09-30,"OSW uses source-linked names, numeric facts, or short paraphrased findings in the listed entity, name, measurement, relation, or local-observation records. No article prose, figures, tables, source files, or provider geometry is packaged under this source row. This decision covers the current narrow use only and assigns no license to the underlying publication; database and contract terms would need fresh review for bulk extraction.",reviewed; source-page or institutional citation recorded,"Re-review source terms if adding article text, figures, tables, source data, or broader extraction."
review:source:df7738bef79549ad,source:df7738bef79549ad,Lagrangian Observations of Meddy Formation during A Mediterranean Undercurrent Seeding Experiment,https://journals.ametsoc.org/view/journals/phoc/27/12/1520-0485_1997_027_2545_loomfd_2.0.co_2.xml,Other external source,Lagrangian Observations of Meddy Formation during A Mediterranean Undercurrent Seeding Experiment,"[""Amy S. Bower"", ""Laurence Armi"", ""Isabel Ambar""]",10.1175/1520-0485(1997)027<2545:LOOMFD>2.0.CO;2,American Meteorological Society,"[1997, 12]",1997,,,,,,,source-page bibliographic metadata; current-use terms reviewed,source_scoped_factual_claim,False,2,0,2,1,"[""eddy:geography:meddies-family""]","[""entities"", ""names""]",https://www.copyright.gov/register/tx-databases.html,reviewed for current use; linked factual assertions only,2026-09-30,"OSW uses source-linked names, numeric facts, or short paraphrased findings in the listed entity, name, measurement, relation, or local-observation records. No article prose, figures, tables, source files, or provider geometry is packaged under this source row. This decision covers the current narrow use only and assigns no license to the underlying publication; database and contract terms would need fresh review for bulk extraction.","reviewed; Crossref DOI, authors, title and year recorded","Check preferred article citation and re-review before adding text, figures, tables, source data, or broader extraction."
review:source:ff7644e64b697c90,source:ff7644e64b697c90,The zonal currents and transports at 35°W in the tropical Atlantic,https://doi.org/10.1029/2002GL016849,Research publication,The zonal currents and transports at 35°W in the tropical Atlantic,"[""Friedrich A. Schott"", ""Marcus Dengler"", ""Peter Brandt"", ""Karina Affler"", ""Jürgen Fischer"", ""Bernard Bourlès"", ""Yves Gouriou"", ""Robert L. Molinari"", ""Monika Rhein""]",10.1029/2002GL016849,American Geophysical Union (AGU),"[2003, 4]",,,,,,,,Crossref deposited bibliographic metadata; current-use terms reviewed,source_scoped_factual_claim,False,2,0,2,1,"[""current:atlantic-south-equatorial-undercurrent""]","[""entities"", ""names""]",https://www.copyright.gov/register/tx-databases.html,reviewed for current use; linked factual assertions only,2026-09-30,"OSW uses source-linked names, numeric facts, or short paraphrased findings in the listed entity, name, measurement, relation, or local-observation records. No article prose, figures, tables, source files, or provider geometry is packaged under this source row. This decision covers the current narrow use only and assigns no license to the underlying publication; database and contract terms would need fresh review for bulk extraction.","reviewed; Crossref DOI, authors, title and year recorded","Check preferred article citation and re-review before adding text, figures, tables, source data, or broader extraction."
review:source:6615325dc56a2871,source:6615325dc56a2871,Perpetual Ocean — media group 351523,https://svs.gsfc.nasa.gov/3827#media_group_351523,NASA,Perpetual Ocean — media group 351523,,,NASA Scientific Visualization Studio,,2011-08-15,,,,,"NASA/Goddard Space Flight Center Scientific Visualization Studio (2011). Perpetual Ocean. NASA Scientific Visualization Studio, page 3827. https://svs.gsfc.nasa.gov/3827. Media group reference. Direct locator: https://svs.gsfc.nasa.gov/3827#media_group_351523.",NASA/Goddard Space Flight Center Scientific Visualization Studio,source-page bibliographic metadata; current-use terms reviewed,media_navigation_and_source_description,False,1,0,1,2,"[""current:kuroshio"", ""nasa:kuroshio""]","[""relations""]",https://svs.gsfc.nasa.gov/help/,reviewed for current use; source links and factual descriptions only,2026-09-30,OSW links to this media-group anchor; parent release title and date are pinned. No media file is packaged.,reviewed; NASA item credit and page citation recorded,"Check item-specific media exceptions and credit before copying any NASA movie, image, or audio."
review:source:76b82f3feb659a61,source:76b82f3feb659a61,An Ocean in Motion: NASA's Mesmerizing View of Earth's Underwater Highways — Complete Transcript,https://svs.gsfc.nasa.gov/vis/a010000/a014700/a014745/script_37940_00.html,NASA,An Ocean in Motion: NASA's Mesmerizing View of Earth's Underwater Highways — Complete Transcript,,,NASA Scientific Visualization Studio,,,,,,,"NASA's Goddard Space Flight Center (2025). An Ocean in Motion: NASA's Mesmerizing View of Earth's Underwater Highways. NASA Scientific Visualization Studio, page 14745. https://svs.gsfc.nasa.gov/14745. DOI: 10.5281/zenodo.16782525. Transcript. Direct locator: https://svs.gsfc.nasa.gov/vis/a010000/a014700/a014745/script_37940_00.html.",NASA's Goddard Space Flight Center,source-page bibliographic metadata; current-use terms reviewed,media_navigation_and_source_description,False,1,0,1,2,"[""current:east-australian"", ""nasa:east-australian""]","[""relations""]",https://svs.gsfc.nasa.gov/help/,reviewed for current use; source links and factual descriptions only,2026-09-30,OSW links to the NASA transcript as evidence for a named motion description. The transcript text is not copied into the release.,reviewed; NASA item credit and page citation recorded,"Check item-specific media exceptions and credit before copying any NASA movie, image, or audio."
review:source:77f992ff3ca72645,source:77f992ff3ca72645,Perpetual Ocean — media group 351521,https://svs.gsfc.nasa.gov/3827#media_group_351521,NASA,Perpetual Ocean — media group 351521,,,NASA Scientific Visualization Studio,,2011-08-15,,,,,"NASA/Goddard Space Flight Center Scientific Visualization Studio (2011). Perpetual Ocean. NASA Scientific Visualization Studio, page 3827. https://svs.gsfc.nasa.gov/3827. Media group reference. Direct locator: https://svs.gsfc.nasa.gov/3827#media_group_351521.",NASA/Goddard Space Flight Center Scientific Visualization Studio,source-page bibliographic metadata; current-use terms reviewed,media_navigation_and_source_description,False,1,0,1,2,"[""current:gulf-stream"", ""nasa:gulf-stream""]","[""relations""]",https://svs.gsfc.nasa.gov/help/,reviewed for current use; source links and factual descriptions only,2026-09-30,OSW links to this media-group anchor; parent release title and date are pinned. No media file is packaged.,reviewed; NASA item credit and page citation recorded,"Check item-specific media exceptions and credit before copying any NASA movie, image, or audio."
review:source:c6b550d8fc8d0812,source:c6b550d8fc8d0812,Perpetual Ocean — media group 350681,https://svs.gsfc.nasa.gov/10841#media_group_350681,NASA,Perpetual Ocean — media group 350681,,,NASA Scientific Visualization Studio,,2011-11-10,,,,,"NASA's Goddard Space Flight Center (2011). Perpetual Ocean. NASA Scientific Visualization Studio, page 10841. https://svs.gsfc.nasa.gov/10841. Media group reference. Direct locator: https://svs.gsfc.nasa.gov/10841#media_group_350681.",NASA's Goddard Space Flight Center,source-page bibliographic metadata; current-use terms reviewed,media_navigation_and_source_description,False,1,0,1,2,"[""current:agulhas"", ""nasa:agulhas""]","[""relations""]",https://svs.gsfc.nasa.gov/help/,reviewed for current use; source links and factual descriptions only,2026-09-30,OSW links to this media-group anchor; parent release title and date are pinned. No media file is packaged.,reviewed; NASA item credit and page citation recorded,"Check item-specific media exceptions and credit before copying any NASA movie, image, or audio."
review:source:0194e5536644376d,source:0194e5536644376d,The dynamics of waves interacting with the Equatorial Undercurrent,https://doi.org/10.1080/03091929.2015.1066785,Research publication,The dynamics of waves interacting with the Equatorial Undercurrent,"[""A Constantin"", ""R.S. Johnson""]",10.1080/03091929.2015.1066785,Informa UK Limited,"[2015, 7, 4]",,,,,,,,Crossref deposited bibliographic metadata; current-use terms reviewed,source_scoped_factual_claim,False,1,0,1,1,"[""current:pacific-equatorial-undercurrent""]","[""measurements""]",https://www.copyright.gov/register/tx-databases.html,reviewed for current use; linked factual assertions only,2026-09-30,"OSW uses source-linked names, numeric facts, or short paraphrased findings in the listed entity, name, measurement, relation, or local-observation records. No article prose, figures, tables, source files, or provider geometry is packaged under this source row. This decision covers the current narrow use only and assigns no license to the underlying publication; database and contract terms would need fresh review for bulk extraction.","reviewed; Crossref DOI, authors, title and year recorded","Check preferred article citation and re-review before adding text, figures, tables, source data, or broader extraction."
review:source:227f937c2cf51b0d,source:227f937c2cf51b0d,Springtime Warming by Ocean Advection in the Gulf Stream,https://doi.org/10.1029/2024GL111000,Research publication,Springtime Warming by Ocean Advection in the Gulf Stream,"[""Alice S. Ren"", ""Robert E. Todd""]",10.1029/2024GL111000,American Geophysical Union (AGU),"[2025, 3, 7]",,,,,,,,Crossref deposited bibliographic metadata; current-use terms reviewed,source_scoped_factual_claim,False,1,0,1,1,"[""current:gulf-stream""]","[""measurements""]",https://www.copyright.gov/register/tx-databases.html,reviewed for current use; linked factual assertions only,2026-09-30,"OSW uses source-linked names, numeric facts, or short paraphrased findings in the listed entity, name, measurement, relation, or local-observation records. No article prose, figures, tables, source files, or provider geometry is packaged under this source row. This decision covers the current narrow use only and assigns no license to the underlying publication; database and contract terms would need fresh review for bulk extraction.","reviewed; Crossref DOI, authors, title and year recorded","Check preferred article citation and re-review before adding text, figures, tables, source data, or broader extraction."
review:source:3144208e2fb35f77,source:3144208e2fb35f77,North Pacific Ecosystem Status Report: California Current,https://meetings.pices.int/publications/special-publications/NPESR/2004/File_10_pp_177_192.pdf,Research publication,North Pacific Ecosystem Status Report: California Current,,,North Pacific Marine Science Organization (PICES),,2004,,,,bf21a3798b9663016572c1caf6df781c66db1588a0e13c5276367cd94655ee4d,"North Pacific Marine Science Organization (2004). North Pacific Ecosystem Status Report, California Current section, pp. 177–192. https://meetings.pices.int/publications/special-publications/NPESR/2004/File_10_pp_177_192.pdf.",,source-page bibliographic metadata; current-use terms reviewed,source_scoped_factual_claim,False,1,0,1,1,"[""current:california""]","[""measurements""]",https://www.copyright.gov/register/tx-databases.html,reviewed for current use; linked factual assertion only,2026-09-30,"The ranked claim records the report's approximate 3,000 km California Current System extent, scope, and link. No PICES prose, figure, PDF, table, or underlying data is packaged. This is a narrow factual use, not a license to redistribute the report or assign the number to a measured current axis.",reviewed; PICES report section and page recorded,Re-review before copying report material or deriving a mapped current axis from its figures.
review:source:4e2cbe3e50eb054c,source:4e2cbe3e50eb054c,Variabilidad temporal de baja frecuencia en el ecosistema de la Corriente Humboldt frente a Perú,https://repositorio.imarpe.gob.pe/bitstream/20.500.12958/2108/1/Purca%20Cuicapusa%2C%20Sara.pdf,Research publication,Variabilidad temporal de baja frecuencia en el ecosistema de la Corriente Humboldt frente a Perú,,,Universidad de Concepción,,2005,,,,,"Purca Cuicapusa, Sara Regina (2005). Variabilidad temporal de baja frecuencia en el ecosistema de la Corriente Humboldt frente a Perú. PhD thesis, Universidad de Concepción. https://hdl.handle.net/20.500.12958/2108.",,source-page bibliographic metadata; current-use terms reviewed,source_scoped_factual_claim,False,1,0,1,1,"[""current:peru-humboldt""]","[""measurements""]",https://www.copyright.gov/register/tx-databases.html,reviewed for current use; linked factual assertions only,2026-09-30,"OSW uses source-linked names, numeric facts, or short paraphrased findings in the listed entity, name, measurement, relation, or local-observation records. No article prose, figures, tables, source files, or provider geometry is packaged under this source row. This decision covers the current narrow use only and assigns no license to the underlying publication; database and contract terms would need fresh review for bulk extraction.",reviewed; source-page or institutional citation recorded,"Re-review source terms if adding article text, figures, tables, source data, or broader extraction."
review:source:541670cca7b3e8d3,source:541670cca7b3e8d3,Optimal Precursors Triggering Sudden Shifts in the Antarctic Circumpolar Current Transport Through Drake Passage,https://doi.org/10.1029/2021JC017899,Research publication,Optimal Precursors Triggering Sudden Shifts in the Antarctic Circumpolar Current Transport Through Drake Passage,"[""Li Zhou"", ""Qiang Wang"", ""Mu Mu"", ""Kun Zhang""]",10.1029/2021JC017899,American Geophysical Union (AGU),"[2021, 11, 30]",,,,,,,,Crossref deposited bibliographic metadata; current-use terms reviewed,source_scoped_factual_claim,False,1,0,1,1,"[""current:acc""]","[""measurements""]",https://www.copyright.gov/register/tx-databases.html,reviewed for current use; linked factual assertions only,2026-09-30,"OSW uses source-linked names, numeric facts, or short paraphrased findings in the listed entity, name, measurement, relation, or local-observation records. No article prose, figures, tables, source files, or provider geometry is packaged under this source row. This decision covers the current narrow use only and assigns no license to the underlying publication; database and contract terms would need fresh review for bulk extraction.","reviewed; Crossref DOI, authors, title and year recorded","Check preferred article citation and re-review before adding text, figures, tables, source data, or broader extraction."
review:source:8790d970dd742fd0,source:8790d970dd742fd0,Do Salinity Variations Along the East Greenland Shelf Show Imprints of Increasing Meltwater Runoff?,https://doi.org/10.1029/2023JC019890,Research publication,Do Salinity Variations Along the East Greenland Shelf Show Imprints of Increasing Meltwater Runoff?,"[""Ilana Schiller‐Weiss"", ""Torge Martin"", ""Johannes Karstensen"", ""Arne Biastoch""]",10.1029/2023JC019890,American Geophysical Union (AGU),"[2023, 10]",,,,,,,,Crossref deposited bibliographic metadata; current-use terms reviewed,source_scoped_factual_claim,False,1,0,1,1,"[""current:east-greenland""]","[""measurements""]",https://www.copyright.gov/register/tx-databases.html,reviewed for current use; linked factual assertions only,2026-09-30,"OSW uses source-linked names, numeric facts, or short paraphrased findings in the listed entity, name, measurement, relation, or local-observation records. No article prose, figures, tables, source files, or provider geometry is packaged under this source row. This decision covers the current narrow use only and assigns no license to the underlying publication; database and contract terms would need fresh review for bulk extraction.","reviewed; Crossref DOI, authors, title and year recorded","Check preferred article citation and re-review before adding text, figures, tables, source data, or broader extraction."
review:source:a21500fd4390acaf,source:a21500fd4390acaf,Mean Structure and Fluctuations of the Kuroshio East of Taiwan from In Situ and Remote Observations,https://tos.org/oceanography/assets/docs/28-4_yj-yang.pdf,Research publication,Mean Structure and Fluctuations of the Kuroshio East of Taiwan from In Situ and Remote Observations,"[""Ying Jang Yang"", ""Sen Jan"", ""Ming-Hueh Chang"", ""Joe Wang"", ""Vegan Mensah"", ""Tien-Hsia Kuo"", ""Cheng-ju Tsai"", ""Chung Yaung Lee"", ""Magdalena Andres"", ""Luca Centurioni"", ""Yu-Heng Tseng"", ""Wen-Der LIang"", ""Jian-Wu Lai""]",10.5670/oceanog.2015.83,Oceanography / The Oceanography Society,"[2015, 12, 1]",2015-12-21,,,,0a2d1ea67cd157272d03e879b66e4b0f298c956e2ad9f69fc6b84d289299bef2,"Yang, Y. J., et al. (2015). Mean structure and fluctuations of the Kuroshio east of Taiwan from in situ and remote observations. Oceanography 28(4), 74–83. https://doi.org/10.5670/oceanog.2015.83.",,source-page bibliographic metadata; current-use terms reviewed,source_scoped_factual_claim,False,1,0,1,1,"[""current:kuroshio""]","[""measurements""]",https://tos.org/oceanography/article/mean-structure-and-fluctuations-of-the-kuroshio-east-of-taiwan-from-in-situ,reviewed for current use; linked factual assertion under article CC BY 4.0,2026-09-30,"The ranked claim records the article's approximate 3,000 km Kuroshio journey and 12°N–35°N scope with attribution. The publisher page identifies article CC BY 4.0 terms. No article prose, figure, PDF, or underlying observations are packaged, and the introductory extent is not treated as a measured whole-current axis.","reviewed; publisher title, authors, issue, pages, date and DOI recorded","Keep article attribution, DOI and CC BY link; re-review any copied figures or underlying data."
review:source:aea8e8e51d3f578f,source:aea8e8e51d3f578f,Seal Takes Ocean Heat Transport Data to New Depths,https://www.nasa.gov/centers-and-facilities/jpl/seal-takes-ocean-heat-transport-data-to-new-depths/,NASA,Seal Takes Ocean Heat Transport Data to New Depths,,,NASA Jet Propulsion Laboratory,,2019-12-04,,,,,,"Written by Esprit Smith, NASA Earth Science News team; Jet Propulsion Laboratory, Pasadena, California",source-page bibliographic metadata; current-use terms reviewed,source_scoped_factual_claim,False,1,0,1,1,"[""current:acc""]","[""measurements""]",https://www.nasa.gov/nasa-brand-center/images-and-media/,reviewed for current use; linked factual length variant only,2026-09-30,"The only package use is NASA JPL's approximate 21,000 km ACC extent as an alternate, unranked source-reported length. No article text or imagery is packaged. Article date and writing credit are pinned in source metadata.","reviewed; title, author credit, date and source URL recorded",Recheck asset-specific terms if article media are copied.
review:source:bc07ae7317e29ce9,source:bc07ae7317e29ce9,Two-tier MOM6 regional modelling suite of the East Australian Current system,https://gmd.copernicus.org/articles/19/3853/2026/,Research publication,Two-tier MOM6 regional modelling suite of the East Australian Current system,"[""John A. Reilly"", ""Christopher C. Chapman"", ""Courtney Quinn"", ""Jules B. Kajtar"", ""Ashley J. Barnes"", ""Neil J. Holbrook""]",10.5194/gmd-19-3853-2026,Copernicus Publications,"[2026, 5, 13]",2026-05-13,,,,,,Publisher article states Creative Commons Attribution 4.0; cite authors and source.,source-page bibliographic metadata; current-use terms reviewed,source_scoped_factual_claim,False,1,0,1,1,"[""current:east-australian""]","[""measurements""]",https://www.copyright.gov/register/tx-databases.html,reviewed for current use; linked factual assertions only,2026-09-30,"OSW uses source-linked names, numeric facts, or short paraphrased findings in the listed entity, name, measurement, relation, or local-observation records. No article prose, figures, tables, source files, or provider geometry is packaged under this source row. This decision covers the current narrow use only and assigns no license to the underlying publication; database and contract terms would need fresh review for bulk extraction.","reviewed; Crossref DOI, authors, title and year recorded","Check preferred article citation and re-review before adding text, figures, tables, source data, or broader extraction."
review:source:df04e92fab7c4ca8,source:df04e92fab7c4ca8,Origins of low-frequency variations in the Malvinas Current volume transport since 1992.,https://meetingorganizer.copernicus.org/EGU2009/EGU2009-12242.pdf,Research publication,Origins of low-frequency variations in the Malvinas Current volume transport since 1992.,,,Geophysical Research Abstracts / EGU General Assembly,,2009,,,,e96e77a8eea2cac63154ad2475ebd5273ff27617d3326572ada13ba357cf1ba3,"Spadone, A., Provost, C., and Sennechael, N. (2009). Origins of low-frequency variations in the Malvinas Current volume transport since 1992. Geophysical Research Abstracts 11, EGU2009-12242, EGU General Assembly 2009. https://meetingorganizer.copernicus.org/EGU2009/EGU2009-12242.pdf",,source-page bibliographic metadata; current-use terms reviewed,source_scoped_factual_claim,False,1,0,1,1,"[""current:falkland""]","[""measurements""]",plans/ocean-motion-linked-facts-use-decision.md,reviewed for current use; linked factual metadata only,2026-10-02,"Only the attributed numerical estimate, conference citation, and OSW paraphrased scope/limits are packaged. Source PDF says copyright Author(s) 2009; no open license is inferred. No PDF, abstract prose, source figure, geometry or provider fields are redistributed. The source is a conference abstract, not a peer-reviewed journal length measurement.",reviewed; source-page or institutional citation recorded,"Re-review before any source asset or prose reproduction, bulk extraction, or a different physical length interpretation."
review:source:e60490bb3f4df65b,source:e60490bb3f4df65b,An Intercomparison of Global Reanalysis Products for Southern Africa’s Major Oceanographic Features,https://www.frontiersin.org/journals/marine-science/articles/10.3389/fmars.2022.837906/full,Research publication,An Intercomparison of Global Reanalysis Products for Southern Africa’s Major Oceanographic Features,"[""Cristina Serena Russo"", ""Jennifer Veitch"", ""Matthew Carr"", ""Giles Fearon"", ""Christo Whittle""]",10.3389/fmars.2022.837906,Frontiers Media SA,"[2022, 3, 11]",2022-03-11,,,,,,,source-page bibliographic metadata; current-use terms reviewed,source_scoped_factual_claim,False,1,0,1,1,"[""current:agulhas""]","[""measurements""]",https://www.copyright.gov/register/tx-databases.html,reviewed for current use; linked factual assertions only,2026-09-30,"OSW uses source-linked names, numeric facts, or short paraphrased findings in the listed entity, name, measurement, relation, or local-observation records. No article prose, figures, tables, source files, or provider geometry is packaged under this source row. This decision covers the current narrow use only and assigns no license to the underlying publication; database and contract terms would need fresh review for bulk extraction.","reviewed; Crossref DOI, authors, title and year recorded","Check preferred article citation and re-review before adding text, figures, tables, source data, or broader extraction."
review:source:ef2c46e173e203ae,source:ef2c46e173e203ae,Reviews and syntheses: Physical and biogeochemical processes associated with upwelling in the Indian Ocean,https://bg.copernicus.org/articles/18/5967/2021/,Research publication,Reviews and syntheses: Physical and biogeochemical processes associated with upwelling in the Indian Ocean,"[""Puthenveettil Narayana Menon Vinayachandran"", ""Yukio Masumoto"", ""Michael J. Roberts"", ""Jenny A. Huggett"", ""Issufo Halo"", ""Abhisek Chatterjee"", ""Prakash Amol"", ""Garuda V. M. Gupta"", ""Arvind Singh"", ""Arnab Mukherjee"", ""Satya Prakash"", ""Lynnath E. Beckley"", ""Eric Jorden Raes"", ""Raleigh Hood""]",10.5194/bg-18-5967-2021,Copernicus Publications,"[2021, 11, 23]",2021,,,,,,Publisher article states Creative Commons Attribution 4.0; cite authors and source.,source-page bibliographic metadata; current-use terms reviewed,source_scoped_factual_claim,False,1,0,1,1,"[""current:agulhas""]","[""measurements""]",https://www.copyright.gov/register/tx-databases.html,reviewed for current use; linked factual assertions only,2026-09-30,"OSW uses source-linked names, numeric facts, or short paraphrased findings in the listed entity, name, measurement, relation, or local-observation records. No article prose, figures, tables, source files, or provider geometry is packaged under this source row. This decision covers the current narrow use only and assigns no license to the underlying publication; database and contract terms would need fresh review for bulk extraction.","reviewed; Crossref DOI, authors, title and year recorded","Check preferred article citation and re-review before adding text, figures, tables, source data, or broader extraction."
