authors,citation_metadata_api_url,citation_metadata_response_sha256,credit_text,derived_detection_count,doi,id,kind,label,license_url,material_use_class,metadata_api_url,metadata_evidence_url,metadata_note,metadata_response_sha256,metadata_status,path,preferred_citation,product_date,product_version,provider_asset_redistributed,publication_date,publication_date_parts,publisher,record_count,repository_path,rights_policy_url,rights_review_date,rights_status,source_credits,source_file_retrieved_date,source_file_sha256,source_file_url,source_update_date,title,total_packaged_row_count,url,used_in_collections
"[""Luiz Alexandre A. Guerra"", ""Guilherme N. Mill"", ""Afonso M. Paiva""]",,,,0,10.3389/fmars.2022.958733,source:0038dcb6a9c82c59,external,Observing the spread of Agulhas Leakage into the Western South Atlantic by tracking mode waters within ocean rings,,source_scoped_factual_claim,https://api.crossref.org/works/10.3389%2Ffmars.2022.958733,,,5cb2207648bb155f9be551b3eff58e6ef3a314398c0ecde780c8461ca0e904f3,Crossref deposited bibliographic metadata; current-use terms reviewed,,,,,False,,"[2022, 11, 24]",Frontiers Media SA,6,,https://www.copyright.gov/register/tx-databases.html,2026-09-30,reviewed for current use; linked factual assertions only,,,,,,Observing the spread of Agulhas Leakage into the Western South Atlantic by tracking mode waters within ocean rings,6,https://doi.org/10.3389/fmars.2022.958733,"[""entities"", ""names""]"
"[""A Constantin"", ""R.S. Johnson""]",,,,0,10.1080/03091929.2015.1066785,source:0194e5536644376d,external,The dynamics of waves interacting with the Equatorial Undercurrent,,source_scoped_factual_claim,https://api.crossref.org/works/10.1080%2F03091929.2015.1066785,,,19fd57d7a80af9a6c3de521e3a7439382bab24f42b5779423953dbe4a9389d0d,Crossref deposited bibliographic metadata; current-use terms reviewed,,,,,False,,"[2015, 7, 4]",Informa UK Limited,1,,https://www.copyright.gov/register/tx-databases.html,2026-09-30,reviewed for current use; linked factual assertions only,,,,,,The dynamics of waves interacting with the Equatorial Undercurrent,1,https://doi.org/10.1080/03091929.2015.1066785,"[""measurements""]"
,,,,0,,source:0375be18f8dd88c4,external,Aleutian Current - Glossary of Meteorology,,source_scoped_factual_claim,,https://glossary.ametsoc.org/wiki/aleutian-current/,Title verified from the publisher glossary page.,d4926bbe0b403ddc26009da907e6d6b8a7e7e4af056813bfb7a4093bc402062e,source-page bibliographic metadata; current-use terms reviewed,,American Meteorological Society (n.d.). Aleutian Current. Glossary of Meteorology. https://glossary.ametsoc.org/wiki/aleutian-current/. Consulted 2026-09-30.,,,False,,,American Meteorological Society,2,,https://www.copyright.gov/register/tx-databases.html,2026-09-30,reviewed for current use; linked factual assertions only,,,,,,Aleutian Current - Glossary of Meteorology,2,https://glossary.ametsoc.org/wiki/aleutian-current/,"[""entities"", ""names""]"
,,,Data courtesy of NOAA; Sentinel Data courtesy of Copernicus Program; Generated using AVISO+ Products,7768,,source:0472ad4dbe2e7d88,external,"MUNSTER v1 daily eddy identification, 2021-12-01",,derived_dated_observations,,https://coastwatch.noaa.gov/cwn/products/experimental-eddy-products.html,,,NOAA product-page and filename metadata; upstream data terms pending,,,2021-12-01,MUNSTER v1.0,True,,,NOAA CoastWatch / NOAA NESDIS STAR,1,,,,pending source terms audit,,,,,,"MUNSTER v1 daily eddy identification, 2021-12-01",7769,https://coastwatch.noaa.gov/data/pub0054/coastwatch/products/eddy_tracking/netcdf/munster/eddy_identification/MUNSTER_v1_eddyident_multi_global_daily_s20211201_e20211201.nc,"[""observation_sets""]"
"[""David A. Sutherland"", ""Robert S. Pickart""]",https://api.crossref.org/works/10.1016%2Fj.pocean.2007.09.006,9c4240f4d436e5f0ce08997ae17bd4891d09ff70891fc71625cb66d9b8a5551e,,0,10.1016/j.pocean.2007.09.006,source:04dec95aff3639e3,external,"The East Greenland Coastal Current: Structure, variability, and forcing",,source_scoped_factual_claim,,https://www.whoi.edu/cms/files/Sutherland_EGCC_revised_withfigs_33743.pdf,"Title and authors verified on PDF page 1; manuscript says accepted in Progress in Oceanography in March 2008, so a formal publication date is not inferred.",,source-page bibliographic metadata; current-use terms reviewed,,,,,False,,"[2008, 7]",Elsevier BV,3,,https://www.copyright.gov/register/tx-databases.html,2026-09-30,reviewed for current use; linked factual assertions only,,,,,,"The East Greenland Coastal Current: Structure, variability, and forcing",3,https://www.whoi.edu/cms/files/Sutherland_EGCC_revised_withfigs_33743.pdf,"[""entities"", ""names"", ""measurements""]"
"[""Ying Huang"", ""Linlin Zhang"", ""Fujun Wang"", ""Fan Wang"", ""Dunxin Hu""]",https://api.crossref.org/works/10.3389%2Ffmars.2022.979442,2e03edb8826bd7032ad736652843f625dac545949a128244c142b5024ed70c9c,,0,10.3389/fmars.2022.979442,source:050d3ca1f6217e70,external,Interannual variations of the North Equatorial Current/Undercurrent from mooring array observations,,source_scoped_factual_claim,,https://www.frontiersin.org/journals/marine-science/articles/10.3389/fmars.2022.979442/full,Publisher page citation title and DOI verified; content terms remain source-specific.,a0ca8f18395bf683c4e6d7f4f05e0347b277497ede2f5ae54c9a57a6ee59bceb,source-page bibliographic metadata; current-use terms reviewed,,,,,False,2022,"[2022, 9, 2]",Frontiers Media SA,2,,https://www.copyright.gov/register/tx-databases.html,2026-09-30,reviewed for current use; linked factual assertions only,,,,,,Interannual variations of the North Equatorial Current/Undercurrent from mooring array observations,2,https://www.frontiersin.org/journals/marine-science/articles/10.3389/fmars.2022.979442/full,"[""entities"", ""names""]"
"[""I. Comas-Rodríguez"", ""A. Hernández-Guerra"", ""E. Fraile-Nuez"", ""A. Martínez-Marrero"", ""V. M. Benítez-Barrios"", ""M. D. Pérez-Hernández"", ""P. Vélez-Belchí""]",,,,0,10.1029/2011JC007129,source:0567b05988a08497,external,The Azores Current System from a meridional section at 24.5°W,,source_scoped_factual_claim,https://api.crossref.org/works/10.1029%2F2011JC007129,,,1d16c864a58f7ee2626521698ef740ae8bf1681ce1c79a0d57866959976fce8a,Crossref deposited bibliographic metadata; current-use terms reviewed,,,,,False,,"[2011, 9, 20]",American Geophysical Union (AGU),10,,https://www.copyright.gov/register/tx-databases.html,2026-09-30,reviewed for current use; linked factual assertions only,,,,,,The Azores Current System from a meridional section at 24.5°W,10,https://doi.org/10.1029/2011JC007129,"[""entities"", ""names"", ""measurements"", ""relations"", ""named_current_source_observations""]"
"[""J.R.E. Lutjeharms"", ""I.J. Ansorge""]",https://api.crossref.org/works/10.1016%2FS0924-7963%2801%2900041-0,51e2df705495b9e82622399366c90816e347e835d5d97ba83cf4b656f60ffdef,,0,10.1016/S0924-7963(01)00041-0,source:0623dc4aeee7fc02,external,The Agulhas Return Current,,source_scoped_factual_claim,,https://www.cfoo.co.za/seaatlas/papers/agulhas_return_current.pdf,Title and Journal of Marine Systems date verified on the PDF first page.,,source-page bibliographic metadata; current-use terms reviewed,,,,,False,2001,"[2001, 8]",Elsevier BV,4,,https://www.copyright.gov/register/tx-databases.html,2026-09-30,reviewed for current use; linked factual assertions only,,,9cc3b4ab639f90cf81f95dc3e5bbd1826c2326ba3db36cc7d1e60f5b277a0402,,,The Agulhas Return Current,4,https://www.cfoo.co.za/seaatlas/papers/agulhas_return_current.pdf,"[""entities"", ""names"", ""measurements"", ""relations""]"
,,,,0,,source:06f924ee663a3558,external,Perpetual Ocean — media group 350680,,media_navigation_and_source_description,https://svs.gsfc.nasa.gov/api/10841/,,,fa520761c94b9f199f69c07c49dca74c916dacaefb1931c0b618b0bac56e2233,NASA SVS API bibliographic metadata; media rights pending,,,,,False,2011-11-10,,NASA Scientific Visualization Studio,0,,,,pending source terms audit,"[{""people"": [""Greg Shirah"", ""Horace Mitchell""], ""role"": ""Animator""}, {""people"": [""Victoria Weeks""], ""role"": ""Video editor""}, {""people"": [""Hong Zhang"", ""Dimitris Menemenlis""], ""role"": ""Scientist""}, {""people"": [""Kayvon Sharghi""], ""role"": ""Writer""}]",,,,2023-05-03T13:53:28.980876-04:00,Perpetual Ocean — media group 350680,0,https://svs.gsfc.nasa.gov/10841#media_group_350680,[]
,,,Data courtesy of NOAA; Sentinel Data courtesy of Copernicus Program; Generated using AVISO+ Products,7890,,source:072c031b019d4325,external,"MUNSTER v1 daily eddy identification, 2023-12-01",,derived_dated_observations,,https://coastwatch.noaa.gov/cwn/products/experimental-eddy-products.html,,,NOAA product-page and filename metadata; upstream data terms pending,,,2023-12-01,MUNSTER v1.0,True,,,NOAA CoastWatch / NOAA NESDIS STAR,1,,,,pending source terms audit,,,,,,"MUNSTER v1 daily eddy identification, 2023-12-01",7891,https://coastwatch.noaa.gov/data/pub0054/coastwatch/products/eddy_tracking/netcdf/munster/eddy_identification/MUNSTER_v1_eddyident_multi_global_daily_s20231201_e20231201.nc,"[""observation_sets""]"
"[""Gennady Korotaev"", ""T. Oguz"", ""A. Nikiforov"", ""C. Koblinsky""]",,,,0,10.1029/2002JC001508,source:07e627067aca3504,external,"Seasonal, interannual, and mesoscale variability of the Black Sea upper layer circulation derived from altimeter data",,source_scoped_factual_claim,https://api.crossref.org/works/10.1029%2F2002JC001508,,,5ec1b2c6f1770506697006571fdfeb775af431596e1024d419f30ac8e976ddbc,Crossref deposited bibliographic metadata; current-use terms reviewed,,,,,False,,"[2003, 4]",American Geophysical Union (AGU),20,,https://www.copyright.gov/register/tx-databases.html,2026-09-30,reviewed for current use; linked factual assertions only,,,,,,"Seasonal, interannual, and mesoscale variability of the Black Sea upper layer circulation derived from altimeter data",20,https://doi.org/10.1029/2002JC001508,"[""entities"", ""names""]"
"[""Siswanto"", ""E Kusmanto"", ""Michael J McPhaden""]",https://api.crossref.org/works/10.1088%2F1755-1315%2F303%2F1%2F012005,a8a56e9dc544c9a59c29b01a2c71ac8cca32d385a82194ed37b78bc69332e782,,0,10.1088/1755-1315/303/1/012005,source:0a9db1d0e73f03d0,external,Estimated transport of Equatorial Undercurrent observed at 90°E during the Indonesia Prima 2017 campaign,,source_scoped_factual_claim,,https://repository.library.noaa.gov/view/noaa/64055,"NOAA repository citation metadata gives title, publication year, journal publisher, and DOI.",13ff621eb921ae049b1948be706bf8b76dd201a676e18ea4c39eae3340611455,source-page bibliographic metadata; current-use terms reviewed,,,,,False,2019,"[2019, 7, 1]",IOP Publishing,2,,https://www.copyright.gov/register/tx-databases.html,2026-09-30,reviewed for current use; linked factual assertions only,,,,,,Estimated transport of Equatorial Undercurrent observed at 90°E during the Indonesia Prima 2017 campaign,2,https://repository.library.noaa.gov/view/noaa/64055,"[""entities"", ""names""]"
"[""E. C. J. Oliver"", ""N. J. Holbrook""]",,,,0,10.1002/2013JC009591,source:0c41d4c89faadb7f,external,Extending our understanding of South Pacific gyre “spin-up”: Modeling the East Australian Current in a future climate,,source_scoped_factual_claim,https://api.crossref.org/works/10.1002%2F2013JC009591,,,84094cd1821e39a1f13d77de3351ce7094642415cc587ade74b57cad908968e7,Crossref deposited bibliographic metadata; current-use terms reviewed,,,,,False,,"[2014, 5]",American Geophysical Union (AGU),2,,https://www.copyright.gov/register/tx-databases.html,2026-09-30,reviewed for current use; linked factual assertions only,,,,,,Extending our understanding of South Pacific gyre “spin-up”: Modeling the East Australian Current in a future climate,2,https://doi.org/10.1002/2013JC009591,"[""entities"", ""names""]"
,,,,0,,source:0d350b345af64025,external,Ocean Currents in equirectangular projection — media group 378115,,media_navigation_and_source_description,https://svs.gsfc.nasa.gov/api/5479/,,,49619bd350e529a590b1f57f6bd017c486dfc2a23616984e5f977be7ec0f10c6,NASA SVS API bibliographic metadata; media rights pending,,,,,False,2025-05-30,,NASA Scientific Visualization Studio,0,,,,pending source terms audit,"[{""people"": [""Greg Shirah"", ""Horace Mitchell""], ""role"": ""Visualizer""}, {""people"": [""Laurence Schuler"", ""Ian Jones""], ""role"": ""Technical support""}, {""people"": [""Atousa Saberi""], ""role"": ""Scientist""}]",,,,2025-07-01T16:55:19.276508-04:00,Ocean Currents in equirectangular projection — media group 378115,0,https://svs.gsfc.nasa.gov/5479#media_group_378115,[]
"[""Yannis Androulidakis"", ""Vassiliki Kourafalou"", ""Matthieu Le Hénaff"", ""HeeSook Kang"", ""Nektaria Ntaganou""]",https://api.crossref.org/works/10.3390%2Fjmse9020188,d8dff3ae2c1d63c2ab186558c26028d33368c4d8561902a72d33b8621ee3100b,,0,10.3390/jmse9020188,source:0df4f907cbe2ba0d,external,"The role of mesoscale dynamics over northwestern Cuba in the Loop Current evolution in 2010, during the Deepwater Horizon incident",,source_scoped_factual_claim,,https://repository.library.noaa.gov/view/noaa/28993,"NOAA repository citation metadata gives title, publication year, and DOI.",d308edb876f5edd3caccedf4f1b700a5c868ee8546047cb10bab8c4fc9d1e66e,source-page bibliographic metadata; current-use terms reviewed,,,,,False,2021,"[2021, 2, 11]",MDPI AG,2,,https://www.copyright.gov/register/tx-databases.html,2026-09-30,reviewed for current use; linked factual assertions only,,,,,,"The role of mesoscale dynamics over northwestern Cuba in the Loop Current evolution in 2010, during the Deepwater Horizon incident",2,https://repository.library.noaa.gov/view/noaa/28993,"[""entities"", ""names""]"
"[""Jérôme Paillet"", ""Bernard Le Cann"", ""Xavier Carton"", ""Yves Morel"", ""Alain Serpette""]",https://api.crossref.org/works/10.1175%2F1520-0485%282002%29032%3C0055%3ADAEOAN%3E2.0.CO%3B2,9d8568f658dd40e0f6ff603c464c33159b0562764698983ff332181a0683ff9d,,0,10.1175/1520-0485(2002)032<0055:DAEOAN>2.0.CO;2,source:10076dab6fd82d0b,external,Dynamics and Evolution of a Northern Meddy,,source_scoped_factual_claim,,https://journals.ametsoc.org/view/journals/phoc/32/1/1520-0485_2002_032_0055_daeoan_2.0.co_2.xml,Publisher-indexed article title and DOI verified; automated article fetch returned HTTP 403.,,source-page bibliographic metadata; current-use terms reviewed,,,,,False,2002,"[2002, 1]",American Meteorological Society,2,,https://www.copyright.gov/register/tx-databases.html,2026-09-30,reviewed for current use; linked factual assertions only,,,,,,Dynamics and Evolution of a Northern Meddy,2,https://journals.ametsoc.org/view/journals/phoc/32/1/1520-0485_2002_032_0055_daeoan_2.0.co_2.xml,"[""entities"", ""names""]"
,,,,0,,source:13d1b8683576e2c9,external,Kuroshio Extension System Study,,source_scoped_factual_claim,,https://www.whoi.edu/science/PO/POOL/projects.html,Original KESS home URL returned HTTP 410 on 2026-09-30. The surviving WHOI project page states the same study name and project purpose; source-link migration remains necessary.,,source-page bibliographic metadata; current-use terms reviewed,,Woods Hole Oceanographic Institution (n.d.). Kuroshio Extension System Study (KESS). Physical Oceanography Observing Laboratories project summary. https://www.whoi.edu/science/PO/POOL/projects.html. Consulted 2026-09-30.,,,False,,,Woods Hole Oceanographic Institution,3,,https://www.copyright.gov/register/tx-databases.html,2026-09-30,reviewed for current use; linked factual assertions only,,,,,,Kuroshio Extension System Study,3,https://www.whoi.edu/science/PO/POOL/projects.html,"[""entities"", ""names"", ""relations""]"
"[""Mélanie Grenier"", ""Sophie Cravatte"", ""Bruno Blanke"", ""Christophe Menkes"", ""Ariane Koch-Larrouy"", ""Fabien Durand"", ""Angélique Melet"", ""Catherine Jeandel""]",,,,0,10.1029/2011JC007477,source:14f30cbbf1cd40e4,external,From the western boundary currents to the Pacific Equatorial Undercurrent: Modeled pathways and water mass evolutions,,source_scoped_factual_claim,https://api.crossref.org/works/10.1029%2F2011JC007477,,,29c0d95296b1e80268c53382f34c4ecc0f7813a2cbb68ae7afad3af1e579f4fe,Crossref deposited bibliographic metadata; current-use terms reviewed,,,,,False,,"[2011, 12, 30]",American Geophysical Union (AGU),12,,https://www.copyright.gov/register/tx-databases.html,2026-09-30,reviewed for current use; linked factual assertions only,,,,,,From the western boundary currents to the Pacific Equatorial Undercurrent: Modeled pathways and water mass evolutions,12,https://doi.org/10.1029/2011JC007477,"[""entities"", ""names"", ""measurements"", ""relations""]"
,,,,0,,source:174ea4945580f696,OSW source ledger,named-loop-eddy-published-observations.json,,,,,,,,source-ledgers/named-loop-eddy-published-observations.json,,,,,,,,0,research/named-loop-eddy-published-observations.json,,,OSW authored; upstream terms still need audit,,,,,,,0,,[]
,,,,0,,source:179111cb1095bbc9,external,NAVO FREDDIES North Atlantic operational eddies,,derived_dated_observations,,https://www.ncei.noaa.gov/products/coastal-surface-analysis-products,,,Source package contains an approved-for-public-release statement; exact reuse terms still pending review,,,2026-09-25,,True,,,Naval Oceanographic Office via NOAA NCEI,16,,,,pending source terms audit,,,94e371a68f6e7d1dde35273046e37c13daab57a72dea2ff5c7757d8dec9d6e0c,,,"NAVO FREDDIES North Atlantic fronts and eddies, 2026-09-25",16,https://www.ncei.noaa.gov/jag/navy/data/satellite_analysis/nafreddy.zip,"[""entities"", ""names"", ""geometries"", ""operational_eddy_state_observations""]"
"[""Jinyu Sheng""]",https://api.crossref.org/works/10.1175%2F1520-0485%282001%29031%3C3146%3ADOABDC%3E2.0.CO%3B2,9a44b58f167d473139cf1ae7768519e5d6f88bfa59cf9a0b9420b00ee408fdcc,,0,10.1175/1520-0485(2001)031<3146:DOABDC>2.0.CO;2,source:1828c26577c1a6ab,external,Dynamics of a Buoyancy-Driven Coastal Jet: The Gaspé Current,,source_scoped_factual_claim,,https://journals.ametsoc.org/view/journals/phoc/31/11/1520-0485_2001_031_3146_doabdc_2.0.co_2.xml,Publisher-indexed article title and DOI verified; automated article fetch returned HTTP 403.,,source-page bibliographic metadata; current-use terms reviewed,,,,,False,2001,"[2001, 11]",American Meteorological Society,2,,https://www.copyright.gov/register/tx-databases.html,2026-09-30,reviewed for current use; linked factual assertions only,,,,,,Dynamics of a Buoyancy-Driven Coastal Jet: The Gaspé Current,2,https://journals.ametsoc.org/view/journals/phoc/31/11/1520-0485_2001_031_3146_doabdc_2.0.co_2.xml,"[""entities"", ""names""]"
,,,,0,,source:19cbc90a75fc8672,external,NOAA/AOML Altimetry Products: Ocean Currents Variability,,source_scoped_factual_claim,,https://www.aoml.noaa.gov/phod/altimetry/cvar/index.php,Page heading and Ocean Currents Variability section title verified on NOAA's current product page.,,source-page bibliographic metadata; current-use terms reviewed,,NOAA Atlantic Oceanographic and Meteorological Laboratory (n.d.). NOAA/AOML Altimetry Products: Ocean Currents Variability. https://www.aoml.noaa.gov/phod/altimetry/cvar/index.php. Consulted 2026-09-30.,,,False,,,NOAA Atlantic Oceanographic and Meteorological Laboratory,2,,https://www.copyright.gov/register/tx-databases.html,2026-09-30,reviewed for current use; linked factual assertions only,,,,,,NOAA/AOML Altimetry Products: Ocean Currents Variability,2,https://www.aoml.noaa.gov/phod/altimetry/cvar/index.php,"[""entities"", ""names""]"
,,,,0,,source:1aa06b5019e09eb6,OSW source ledger,noaa-lsa-geostrophic-gulf-stream-20260925.json,,,,,,,,source-ledgers/noaa-lsa-geostrophic-gulf-stream-20260925.json,,,,,,,,0,research/noaa-lsa-geostrophic-gulf-stream-20260925.json,,,OSW authored; upstream terms still need audit,,,,,,,0,,[]
,,,"Layer credits: NOAA, National Weather Service, US Army, Maps.com; service publisher and reuse license unverified",0,,source:1dea75135bdc7c41,external,Major_Ocean_Currents_arrowPolys_11,,derived_cartographic_measurements,,https://services3.arcgis.com/o98K21Ga5N91Ugjw/ArcGIS/rest/services/Hurricane%20TracksAA/FeatureServer/11,,,source-page bibliographic metadata; rights pending,,,,,False,,,,27,,,,pending source terms audit,,,,,,Major_Ocean_Currents_arrowPolys_11,27,https://services3.arcgis.com/o98K21Ga5N91Ugjw/ArcGIS/rest/services/Hurricane%20TracksAA/FeatureServer/11,"[""length_assessments""]"
"[""Emanuel Giarolla"", ""Paulo Nobre"", ""Marta Malagutti"", ""Luciano Ponzi Pezzi""]",,,,0,10.1029/2004GL022206,source:1f902f771350caf2,external,The Atlantic Equatorial Undercurrent: PIRATA observations and simulations with GFDL Modular Ocean Model at CPTEC,,source_scoped_factual_claim,https://api.crossref.org/works/10.1029%2F2004GL022206,,,09908f85d7758b1a11a8c6b3f78e9bd61c73e74b9baeaae5cfcb5fd9347ad8a0,Crossref deposited bibliographic metadata; current-use terms reviewed,,,,,False,,"[2005, 5]",American Geophysical Union (AGU),2,,https://www.copyright.gov/register/tx-databases.html,2026-09-30,reviewed for current use; linked factual assertions only,,,,,,The Atlantic Equatorial Undercurrent: PIRATA observations and simulations with GFDL Modular Ocean Model at CPTEC,2,https://doi.org/10.1029/2004GL022206,"[""entities"", ""names""]"
"[""Ahmad Fehmi Dilmahamod"", ""Johannes Karstensen"", ""Heiner Dietze"", ""Ulrike Löptien"", ""Katja Fennel""]",https://api.crossref.org/works/10.1175%2FJPO-D-21-0092.1,0324c50cf74830c2c3ce3e8e2ad215bc3de75fbd1b61e38cd465c64b6ce45aad,,0,10.1175/JPO-D-21-0092.1,source:21b899aceb9bc439,external,Generation Mechanisms of Mesoscale Eddies in the Mauritanian Upwelling Region,,source_scoped_factual_claim,,https://journals.ametsoc.org/view/journals/phoc/52/1/JPO-D-21-0092.1.xml,"Publisher search page supplies title, DOI, and online date; automated article fetch returned HTTP 403.",,source-page bibliographic metadata; current-use terms reviewed,,,,,False,2022-01-24,"[2022, 1]",American Meteorological Society,2,,https://www.copyright.gov/register/tx-databases.html,2026-09-30,reviewed for current use; linked factual assertions only,,,,,,Generation Mechanisms of Mesoscale Eddies in the Mauritanian Upwelling Region,2,https://journals.ametsoc.org/view/journals/phoc/52/1/JPO-D-21-0092.1.xml,"[""entities"", ""names""]"
"[""Verónica Caínzos"", ""M. Dolores Pérez-Hernández"", ""Daniel Santana-Toscano"", ""Cristina Arumí-Planas"", ""Alonso Hernández-Guerra""]",https://api.crossref.org/works/10.5194%2Fos-19-1009-2023,70302afd1189fc6279efa4f44ed89294832d360384c55eb907f972fd4c77acfd,Caínzos et al. (2023); publisher states Creative Commons Attribution 4.0.,0,10.5194/os-19-1009-2023,source:21f756d2b07063f3,external,Consistent picture of the horizontal circulation of the Atlantic Ocean over 3 decades,,source_scoped_factual_claim,,https://os.copernicus.org/articles/19/1009/2023/,"Publisher title, DOI, date, and CC BY 4.0 notice verified. Sections 3.1.2, 3.1.3, and 3.2.3 identify named-current latitude sections; OSW derives geographic floors separately.",,source-page bibliographic metadata; current-use terms reviewed,,,,,False,2023-07-06,"[2023, 7, 6]",Copernicus Publications,3,,https://os.copernicus.org/articles/19/1009/2023/,2026-09-30,reviewed for current use; article CC BY 4.0 attribution,,,,,,Consistent picture of the horizontal circulation of the Atlantic Ocean over 3 decades,3,https://os.copernicus.org/articles/19/1009/2023/,"[""measurements""]"
"[""Alice S. Ren"", ""Robert E. Todd""]",,,,0,10.1029/2024GL111000,source:227f937c2cf51b0d,external,Springtime Warming by Ocean Advection in the Gulf Stream,,source_scoped_factual_claim,https://api.crossref.org/works/10.1029%2F2024GL111000,,,1d98f197ee1f574aeaa55a8016311568766b6b155dc50c26f473d5fb841cc921,Crossref deposited bibliographic metadata; current-use terms reviewed,,,,,False,,"[2025, 3, 7]",American Geophysical Union (AGU),1,,https://www.copyright.gov/register/tx-databases.html,2026-09-30,reviewed for current use; linked factual assertions only,,,,,,Springtime Warming by Ocean Advection in the Gulf Stream,1,https://doi.org/10.1029/2024GL111000,"[""measurements""]"
"[""Estel Font"", ""Sebastiaan Swart"", ""Gerd Bruss"", ""Peter M. F. Sheehan"", ""Karen J. Heywood"", ""Bastien Y. Queste""]",,,,0,10.1029/2023JC020668,source:250906bc0fc824c6,external,Ventilation of the Arabian Sea Oxygen Minimum Zone by Persian Gulf Water,,source_scoped_factual_claim,https://api.crossref.org/works/10.1029%2F2023JC020668,,,2f5b555a0a2521f19b60b2bb65153ed0c1dfa989988d6722a252eb546f17102b,Crossref deposited bibliographic metadata; current-use terms reviewed,,,,,False,,"[2024, 4, 26]",American Geophysical Union (AGU),2,,https://www.copyright.gov/register/tx-databases.html,2026-09-30,reviewed for current use; linked factual assertions only,,,,,,Ventilation of the Arabian Sea Oxygen Minimum Zone by Persian Gulf Water,2,https://doi.org/10.1029/2023JC020668,"[""entities"", ""names""]"
,,,,0,,source:2884fc43d22fe977,external,Tides and Currents Glossary,,source_scoped_factual_claim,,https://tidesandcurrents.noaa.gov/glossary.html,,,source-page bibliographic metadata; current-use terms reviewed,,"NOAA. Tides and Currents Glossary. NOAA Tides & Currents website, https://tidesandcurrents.noaa.gov/glossary.html. Consulted 2026-09-29.",,,False,,,NOAA Tides & Currents,4,,https://oceanservice.noaa.gov/about/faq.html,2026-09-30,reviewed for current use; NOAA linked names and facts,,,,,,Tides and Currents Glossary,4,https://tidesandcurrents.noaa.gov/glossary.html,"[""entities"", ""names""]"
,,,,0,,source:29c27c8ff28263f2,OSW source ledger,noaa-munster-eddy-state-20210901.json,,,,,,,,source-ledgers/noaa-munster-eddy-state-20210901.json,,,,,,,,0,research/noaa-munster-eddy-state-20210901.json,,,OSW authored; upstream terms still need audit,,,,,,,0,,[]
,,,,0,,source:2e1077cf29d52f00,OSW source ledger,named-current-published-observations.json,,,,,,,,source-ledgers/named-current-published-observations.json,,,,,,,,0,research/named-current-published-observations.json,,,OSW authored; upstream terms still need audit,,,,,,,0,,[]
"[""Maxime M. Grand"", ""Christopher I. Measures"", ""Mariko Hatta"", ""William T. Hiscock"", ""Clifton S. Buck"", ""William M. Landing""]",https://api.crossref.org/works/10.1002%2F2014GB004898,2087b672f6077961686811012a1a809f2fa53780b60b9201a3a339a09ed8c7c8,,0,10.1002/2014GB004898,source:2ece23e3a7b0199f,external,Dust deposition in the eastern Indian Ocean: The ocean perspective from Antarctica to the Bay of Bengal,,source_scoped_factual_claim,,https://agupubs.onlinelibrary.wiley.com/doi/full/10.1002/2014gb004898,"Publisher page gives title, authors, first publication date, journal, pages, and DOI; section 3.2 identifies the South Indian Current.",,source-page bibliographic metadata; current-use terms reviewed,,"Grand, M. M., et al. (2015). Dust deposition in the eastern Indian Ocean: The ocean perspective from Antarctica to the Bay of Bengal. Global Biogeochemical Cycles 29, 357-374, section 3.2. https://doi.org/10.1002/2014GB004898.",,,False,2015-02-16,"[2015, 3]",Global Biogeochemical Cycles,2,,https://agupubs.onlinelibrary.wiley.com/doi/full/10.1002/2014gb004898,2026-09-30,reviewed for current use; linked factual name only,,,,,,Dust deposition in the eastern Indian Ocean: The ocean perspective from Antarctica to the Bay of Bengal,2,https://agupubs.onlinelibrary.wiley.com/doi/full/10.1002/2014gb004898,"[""entities"", ""names""]"
,,,,0,,source:2f08a84f84934093,external,Planktic Foraminiferal Content in a Mature Agulhas Eddy from the SE Atlantic: Any Influence on Foraminiferal Export Fluxes?,,source_scoped_factual_claim,,https://hrcak.srce.hr/clanak/15841,"The Hrčak article record links to this PDF and supplies title, author, journal, and issue date.",,source-page bibliographic metadata; current-use terms reviewed,,"Lončarić, N. (2006). Planktic Foraminiferal Content in a Mature Agulhas Eddy from the SE Atlantic: Any Influence on Foraminiferal Export Fluxes? Geologia Croatica 59(1), 41–50. https://hrcak.srce.hr/10308.",,,False,2006-12-26,,Geologia Croatica,2,,https://www.copyright.gov/register/tx-databases.html,2026-09-30,reviewed for current use; linked factual assertions only,,,,,,Planktic Foraminiferal Content in a Mature Agulhas Eddy from the SE Atlantic: Any Influence on Foraminiferal Export Fluxes?,2,https://hrcak.srce.hr/file/15841,"[""entities"", ""names""]"
,,,,0,,source:3144208e2fb35f77,external,North Pacific Ecosystem Status Report: California Current,,source_scoped_factual_claim,,https://meetings.pices.int/publications/special-publications/NPESR/2004/File_10_pp_177_192.pdf,"The PICES-hosted PDF identifies the California Current section and report pages 177–192; PDF page 3 (printed page 179) gives the California Current System extent. Retrieved 2026-09-30: HTTP 200, application/pdf, 2,925,154 bytes, 15 PDF pages; source_file_sha256 pins the PDF bytes. The number is regional background, not a traced axis.",,source-page bibliographic metadata; current-use terms reviewed,,"North Pacific Marine Science Organization (2004). North Pacific Ecosystem Status Report, California Current section, pp. 177–192. https://meetings.pices.int/publications/special-publications/NPESR/2004/File_10_pp_177_192.pdf.",,,False,2004,,North Pacific Marine Science Organization (PICES),1,,https://www.copyright.gov/register/tx-databases.html,2026-09-30,reviewed for current use; linked factual assertion only,,,bf21a3798b9663016572c1caf6df781c66db1588a0e13c5276367cd94655ee4d,,,North Pacific Ecosystem Status Report: California Current,1,https://meetings.pices.int/publications/special-publications/NPESR/2004/File_10_pp_177_192.pdf,"[""measurements""]"
,,,,0,,source:31502c92130baa29,OSW source ledger,kraken-2013-figure2-state-audit.json,,,,,,,,source-ledgers/kraken-2013-figure2-state-audit.json,,,,,,,,2,research/kraken-2013-figure2-state-audit.json,,,OSW authored; upstream terms still need audit,,,,,,,2,,"[""named_eddy_state_assessments""]"
,,,,0,,source:32b714bd5e3439cd,OSW source ledger,nasa-perpetual-ocean-objects.json,,,,,,,,source-ledgers/nasa-perpetual-ocean-objects.json,,,,,,,,23,research/nasa-perpetual-ocean-objects.json,,,OSW authored; upstream terms still need audit,,,,,,,23,,"[""relations"", ""geometries""]"
,,,,0,,source:354f29686c861726,OSW source ledger,nasa-perpetual-ocean-tile-join.json,,,,,,,,source-ledgers/nasa-perpetual-ocean-tile-join.json,,,,,,,,0,research/nasa-perpetual-ocean-tile-join.json,,,OSW authored; upstream terms still need audit,,,,,,,0,,[]
"[""Maristella Berta"", ""Lucio Bellomo"", ""Annalisa Griffa"", ""Marcello G. Magaldi"", ""Anne Molcard"", ""Carlo Mantovani"", ""Gian Pietro Gasparini"", ""Julien Marmain"", ""Anna Vetrano"", ""Laurent Béguery"", ""Mireno Borghini"", ""Yves Barbin"", ""Joel Gaggelli"", ""Céline Quentin""]",https://api.crossref.org/works/10.5194%2Fos-14-689-2018,5a11d60ae2185e750ecbcfc81b41a5bcf8c3b5e258308946afb77e57c3c28128,Publisher article states Creative Commons Attribution 4.0; cite authors and source.,0,10.5194/os-14-689-2018,source:361299ca16b625b2,external,Wind-induced variability in the Northern Current (northwestern Mediterranean Sea) as depicted by a multi-platform observing system,,source_scoped_factual_claim,,https://os.copernicus.org/articles/14/689/2018/os-14-689-2018.html,"Publisher article title, date, DOI, and CC BY 4.0 notice verified.",e5b54312e46c3c1516a7ffdb81b9865641e766c0fb316c225bc6325453f3f4d3,source-page bibliographic metadata; current-use terms reviewed,,,,,False,2018-07-25,"[2018, 7, 25]",Copernicus Publications,8,,https://os.copernicus.org/articles/14/689/2018/,2026-09-30,reviewed for current use; article CC BY 4.0 attribution,,,,,,Wind-induced variability in the Northern Current (northwestern Mediterranean Sea) as depicted by a multi-platform observing system,8,https://os.copernicus.org/articles/14/689/2018/,"[""entities"", ""names"", ""relations"", ""named_current_source_observations""]"
"[""Carol Ladd"", ""William R. Crawford"", ""Colleen E. Harpold"", ""W. Keith Johnson"", ""Nancy B. Kachel"", ""Phyllis J. Stabeno"", ""Frank Whitney""]",https://api.crossref.org/works/10.1016%2Fj.dsr2.2009.02.007,10d5a92a8fa27834b47ad8582d0bebf5ed19a59f8c72efff1e787ddfdcc7cd35,,0,10.1016/j.dsr2.2009.02.007,source:3808b5d0654d1312,external,A synoptic survey of young mesoscale eddies in the Eastern Gulf of Alaska,,source_scoped_factual_claim,,https://www.pmel.noaa.gov/foci/publications/2009/laddG635.pdf,Title verified from PDF first page and NOAA PMEL publication record; no paper redistribution conclusion.,,source-page bibliographic metadata; current-use terms reviewed,,,,,False,2009,"[2009, 11]",Elsevier BV,6,,https://www.copyright.gov/register/tx-databases.html,2026-09-30,reviewed for current use; linked factual assertions only,,,d940157ffca16e6ec117ea0e292fa76dae37a3b1526b6cd823d00403e776ae3f,,,A synoptic survey of young mesoscale eddies in the Eastern Gulf of Alaska,6,https://www.pmel.noaa.gov/foci/publications/2009/laddG635.pdf,"[""entities"", ""names""]"
,,,,0,,source:3b0a93ecf03b2565,external,Black Sea Rim Current Intensity Index,,source_scoped_factual_claim,,https://data.marine.copernicus.eu/product/OMI_CIRCULATION_BOUNDARY_BLKSEA_rim_current_index/description,Product title verified from the provider's product page.,f1653bcffa84581e289e556656760189fe1470e58fa1d986c78050f285e110fc,source-page bibliographic metadata; current-use terms reviewed,,"Copernicus Marine Service (n.d.). Black Sea Rim Current Intensity Index, product OMI_CIRCULATION_BOUNDARY_BLKSEA_rim_current_index, DOI 10.48670/mds-00326. https://data.marine.copernicus.eu/product/OMI_CIRCULATION_BOUNDARY_BLKSEA_rim_current_index/description. Consulted 2026-09-30.",,,False,,,Copernicus Marine Service,2,,https://www.copyright.gov/register/tx-databases.html,2026-09-30,reviewed for current use; linked factual assertions only,,,,,,Black Sea Rim Current Intensity Index,2,https://data.marine.copernicus.eu/product/OMI_CIRCULATION_BOUNDARY_BLKSEA_rim_current_index/description,"[""entities"", ""names""]"
,,,,0,,source:3c8f222e0744558b,external,"Resources, fishing and biology of the tropical tunas of the Eastern Central Atlantic",,source_scoped_factual_claim,,https://www.fao.org/4/t0081e/T0081E00.htm,"FAO parent volume gives editors, 1993 year, technical-paper number 292, publisher, and recommended citation; linked chapter remains the claim locator.",d55d3d1dd5720c4f383127dfc143af0065d622e1435226c872553eb32dc7ec1e,source-page bibliographic metadata; current-use terms reviewed,,"Fonteneau, A., and J. Marcille, eds. (1993). Resources, fishing and biology of the tropical tunas of the Eastern Central Atlantic. FAO Fisheries Technical Paper 292. Rome: FAO. https://www.fao.org/4/t0081e/T0081E00.htm.",,,False,1993,,Food and Agriculture Organization of the United Nations,2,,https://www.copyright.gov/register/tx-databases.html,2026-09-30,reviewed for current use; linked factual assertions only,,,,,,"Resources, fishing and biology of the tropical tunas of the Eastern Central Atlantic",2,https://www.fao.org/4/t0081e/T0081E03.htm,"[""names""]"
,,,,0,,source:3e0c99ee52e26d36,OSW source ledger,ocean-current-illustrated-spans.json,,,,,,,,source-ledgers/ocean-current-illustrated-spans.json,,,,,,,,0,research/ocean-current-illustrated-spans.json,,,OSW authored; upstream terms still need audit,,,,,,,0,,[]
"[""Mirko Orlić"", ""Vlado Dadić"", ""Branka Grbec"", ""Nenad Leder"", ""Antun Marki"", ""Frano Matić"", ""Hrvoje Mihanović"", ""Gordana Beg Paklar"", ""Miroslava Pasarić"", ""Zoran Pasarić"", ""Ivica Vilibić""]",,,,0,10.1029/2005JC003271,source:3e2342907046ec3a,external,"Wintertime buoyancy forcing, changing seawater properties, and two different circulation systems produced in the Adriatic",,source_scoped_factual_claim,https://api.crossref.org/works/10.1029%2F2005JC003271,,,b6a98f7e26d636728a23e35d657de4d363ef72fb836ecbdd727e0d6dddb33bb3,Crossref deposited bibliographic metadata; current-use terms reviewed,,,,,False,,"[2006, 3]",American Geophysical Union (AGU),2,,https://www.copyright.gov/register/tx-databases.html,2026-09-30,reviewed for current use; linked factual assertions only,,,,,,"Wintertime buoyancy forcing, changing seawater properties, and two different circulation systems produced in the Adriatic",2,https://doi.org/10.1029/2005JC003271,"[""entities"", ""names""]"
"[""P. S. Rovegno"", ""C. A. Edwards"", ""K. W. Bruland""]",,,,0,10.1029/2009JC005451,source:42039ffbdb53ddee,external,Observations of a Kenai Eddy and a Sitka Eddy in the Northern Gulf of Alaska,,source_scoped_factual_claim,https://api.crossref.org/works/10.1029%2F2009JC005451,,,0ce3f591e171dab0ce3215200963790bff8363cac1de50c708648543e7803fc5,Crossref deposited bibliographic metadata; current-use terms reviewed,,,,,False,,"[2009, 11]",American Geophysical Union (AGU),6,,https://www.copyright.gov/register/tx-databases.html,2026-09-30,reviewed for current use; linked factual assertions only,,,,,,Observations of a Kenai Eddy and a Sitka Eddy in the Northern Gulf of Alaska,6,https://doi.org/10.1029/2009JC005451,"[""entities"", ""names""]"
"[""Christopher S. Meinen"", ""Molly O. Baringer"", ""Silvia L. Garzoli""]",,,,0,10.1029/2006GL026965,source:42156fea28b90430,external,Variability in Deep Western Boundary Current transports: Preliminary results from 26.5°N in the Atlantic,,source_scoped_factual_claim,https://api.crossref.org/works/10.1029%2F2006GL026965,,,0ac07259adfb082a57a1b63c89d3948291bd41358bd19126e0d61b70a41a6c06,Crossref deposited bibliographic metadata; current-use terms reviewed,,,,,False,,"[2006, 9]",American Geophysical Union (AGU),2,,https://www.copyright.gov/register/tx-databases.html,2026-09-30,reviewed for current use; linked factual assertions only,,,,,,Variability in Deep Western Boundary Current transports: Preliminary results from 26.5°N in the Atlantic,2,https://doi.org/10.1029/2006GL026965,"[""entities"", ""names""]"
"[""Lothar Stramma"", ""Ray G. Peterson"", ""Matthias Tomczak""]",https://api.crossref.org/works/10.1175%2F1520-0485%281995%29025%3C0077%3ATSPC%3E2.0.CO%3B2,e665b7daeffefe14464f40f52a947898743fa067ff7c74624397af4457195abc,,0,10.1175/1520-0485(1995)025<0077:TSPC>2.0.CO;2,source:4485ca709b999bba,external,The South Pacific Current,,source_scoped_factual_claim,,https://journals.ametsoc.org/view/journals/phoc/25/1/1520-0485_1995_025_0077_tspc_2_0_co_2.xml,"Publisher-indexed article title, DOI, and print-publication date verified.",,source-page bibliographic metadata; current-use terms reviewed,,,,,False,1995-01-01,"[1995, 1]",American Meteorological Society,2,,https://www.copyright.gov/register/tx-databases.html,2026-09-30,reviewed for current use; linked factual assertions only,,,,,,The South Pacific Current,2,https://journals.ametsoc.org/view/journals/phoc/25/1/1520-0485_1995_025_0077_tspc_2_0_co_2.xml,"[""entities"", ""names""]"
,,,,0,,source:4556886a82d6f61a,external,Tides and Currents Glossary,,source_scoped_factual_claim,,https://www.tidesandcurrents.noaa.gov/glossary.html,,,source-page bibliographic metadata; current-use terms reviewed,,"NOAA. Tides and Currents Glossary. NOAA Tides & Currents website, https://www.tidesandcurrents.noaa.gov/glossary.html. Consulted 2026-09-29.",,,False,,,NOAA Tides & Currents,46,,https://oceanservice.noaa.gov/about/faq.html,2026-09-30,reviewed for current use; NOAA linked names and facts,,,,,,Tides and Currents Glossary,46,https://www.tidesandcurrents.noaa.gov/glossary.html,"[""entities"", ""names""]"
,,,,0,,source:45d30e6b9e44ab27,OSW source ledger,noaa-munster-eddy-state-20230601.json,,,,,,,,source-ledgers/noaa-munster-eddy-state-20230601.json,,,,,,,,0,research/noaa-munster-eddy-state-20230601.json,,,OSW authored; upstream terms still need audit,,,,,,,0,,[]
"[""D. F. Urbano"", ""R. A. F. De Almeida"", ""P. Nobre""]",,,,0,10.1029/2007JC004215,source:46a836e41d6a800a,external,Equatorial Undercurrent and North Equatorial Countercurrent at 38°W: A new perspective from direct velocity data,,source_scoped_factual_claim,https://api.crossref.org/works/10.1029%2F2007JC004215,,,f490631cd6cb40d239eb137054e5e6eff913a9fa3e313c5608f0a31f06d92d8b,Crossref deposited bibliographic metadata; current-use terms reviewed,,,,,False,,"[2008, 4]",American Geophysical Union (AGU),2,,https://www.copyright.gov/register/tx-databases.html,2026-09-30,reviewed for current use; linked factual assertions only,,,,,,Equatorial Undercurrent and North Equatorial Countercurrent at 38°W: A new perspective from direct velocity data,2,https://doi.org/10.1029/2007JC004215,"[""entities"", ""names""]"
"[""Amy S. Bower"", ""Heather D. Hunt"", ""James F. Price""]",,,,0,10.1029/1999JC900297,source:46c1495f0e36de3b,external,Character and dynamics of the Red Sea and Persian Gulf outflows,,source_scoped_factual_claim,https://api.crossref.org/works/10.1029%2F1999JC900297,,,d5b8a9e98122fda07b8318e1d02adfd4ec770c2fc2360ac95509ab83bc359ebf,Crossref deposited bibliographic metadata; current-use terms reviewed,,,,,False,,"[2000, 3, 15]",American Geophysical Union (AGU),4,,https://www.copyright.gov/register/tx-databases.html,2026-09-30,reviewed for current use; linked factual assertions only,,,,,,Character and dynamics of the Red Sea and Persian Gulf outflows,4,https://doi.org/10.1029/1999JC900297,"[""entities"", ""names""]"
"[""Fujun Wang"", ""Linlin Zhang"", ""Junqiao Feng"", ""Qingye Wang"", ""Dunxin Hu""]",https://api.crossref.org/works/10.3389%2Ffmars.2025.1675413,dc4a5f09de03ab92ad1d593b1323fc0b7a7c2a066626822b7d43812c9208b60a,"Wang, Zhang, Feng, Wang and Hu (2025), CC BY 4.0; observation facts paraphrased and point-to-state lookup computed by OSW.",0,10.3389/fmars.2025.1675413,source:4718092ead1ab8fd,external,Atypical seasonal variability of the Kuroshio Current in 2018,https://creativecommons.org/licenses/by/4.0/,source_scoped_factual_claim,,https://www.frontiersin.org/journals/marine-science/articles/10.3389/fmars.2025.1675413/full,"Publisher title, DOI, authors, 30 October 2025 date and CC BY notice checked. Abstract/section 2 give three stations and month precision; section 2 states missing downward ADCP and top 50 m exclusion. Section 3.1 distinguishes the upstream current core west of the array and deeper Luzon Undercurrent.",,source-page bibliographic metadata; current-use terms reviewed,,"Wang, F., Zhang, L., Feng, J., Wang, Q., and Hu, D. (2025). Atypical seasonal variability of the Kuroshio Current in 2018. Frontiers in Marine Science 12:1675413. https://doi.org/10.3389/fmars.2025.1675413.",,,False,2025-10-30,"[2025, 10, 30]",Frontiers Media SA,2,,https://www.frontiersin.org/journals/marine-science/articles/10.3389/fmars.2025.1675413/full,2026-10-02,reviewed for current use; CC BY attribution,,,,,,Atypical seasonal variability of the Kuroshio Current in 2018,2,https://www.frontiersin.org/journals/marine-science/articles/10.3389/fmars.2025.1675413/full,"[""relations"", ""named_current_source_observations""]"
"[""Phyllis J. Stabeno"", ""Shaun Bell"", ""Wei Cheng"", ""Seth Danielson"", ""Nancy B. Kachel"", ""Calvin W. Mordy""]",,,,0,10.1016/j.dsr2.2015.12.016,source:48b84ff7f08f8e6e,external,Long-term observations of Alaska Coastal Current in the northern Gulf of Alaska,,source_scoped_factual_claim,https://api.crossref.org/works/10.1016%2Fj.dsr2.2015.12.016,https://repository.library.noaa.gov/view/noaa/13254,"NOAA repository confirms authors, title, publication year, volume, pages and DOI. Accepted manuscript dated September 2015 is distinct from the 2016 journal publication. Abstract PDF page 2 lines 25-28 supports the approximate source-defined extent; no article material is redistributed. Published-article PDF retrieved separately from AOOS on 2026-10-02; source_file_sha256 pins that published PDF, not the NOAA accepted manuscript. Table 1 caption on printed page 26 and section 2.2 on printed page 27 support the separately dated Shelikof Sea Valley observation. No PDF or figure is redistributed.",47e02947e64014a7fc25e59ae3c13647d1bf4bba45f6453b27c40cb50c5fbac8,Crossref deposited bibliographic metadata; current-use terms reviewed,,"Stabeno, P. J., Bell, S., Cheng, W., Danielson, S., Kachel, N. B., and Mordy, C. W. (2016). Long-term observations of Alaska Coastal Current in the northern Gulf of Alaska. Deep-Sea Research Part II, 132, 24-40. https://doi.org/10.1016/j.dsr2.2015.12.016.",,,False,2016,"[2016, 10]",Elsevier BV,6,,https://repository.library.noaa.gov/view/noaa/13254,2026-10-02,reviewed for current use; linked factual assertions only,,2026-10-02,dc354e753e33e2f0af9a17a66a9f291d9b31e8e77c15bd8152967daa5cc03ba9,https://workspace.aoos.org/files/2656915/Stabeno_etal_2016_Longterm_Obs_ACC.pdf,,Long-term observations of Alaska Coastal Current in the northern Gulf of Alaska,6,https://doi.org/10.1016/j.dsr2.2015.12.016,"[""entities"", ""names"", ""measurements"", ""relations"", ""named_current_source_observations""]"
,,,,0,,source:49ad684169db8067,OSW source ledger,nasa-perpetual-ocean-atlas-catalog.json,,,,,,,,source-ledgers/nasa-perpetual-ocean-atlas-catalog.json,,,,,,,,16,research/nasa-perpetual-ocean-atlas-catalog.json,,,OSW authored; upstream terms still need audit,,,,,,,16,,"[""media""]"
,,,,0,,source:4dc5fc618c26565f,OSW source ledger,ocean-current-atlas-index.json,,,,,,,,source-ledgers/ocean-current-atlas-index.json,,,,,,,,134,research/ocean-current-atlas-index.json,,,OSW authored; upstream terms still need audit,,,,,,,134,,"[""geometries""]"
,,,,0,,source:4e2cbe3e50eb054c,external,Variabilidad temporal de baja frecuencia en el ecosistema de la Corriente Humboldt frente a Perú,,source_scoped_factual_claim,,https://repositorio.imarpe.gob.pe/items/c1569e27-8aab-493c-a498-c856e21032d7,Thesis title and author verified from the IMARPE-hosted thesis front matter; IMARPE catalog lists Universidad de Concepción and January 2005.,,source-page bibliographic metadata; current-use terms reviewed,,"Purca Cuicapusa, Sara Regina (2005). Variabilidad temporal de baja frecuencia en el ecosistema de la Corriente Humboldt frente a Perú. PhD thesis, Universidad de Concepción. https://hdl.handle.net/20.500.12958/2108.",,,False,2005,,Universidad de Concepción,1,,https://www.copyright.gov/register/tx-databases.html,2026-09-30,reviewed for current use; linked factual assertions only,,,,,,Variabilidad temporal de baja frecuencia en el ecosistema de la Corriente Humboldt frente a Perú,1,https://repositorio.imarpe.gob.pe/bitstream/20.500.12958/2108/1/Purca%20Cuicapusa%2C%20Sara.pdf,"[""measurements""]"
,,,,0,,source:4f7441b953be4651,OSW source ledger,ocean-current-nasa-crosswalk.json,,,,,,,,source-ledgers/ocean-current-nasa-crosswalk.json,,,,,,,,100,research/ocean-current-nasa-crosswalk.json,,,OSW authored; upstream terms still need audit,,,,,,,100,,"[""media""]"
,,,,0,,source:4f87a30ac574fc7f,external,Perpetual Ocean — media group 350682,,media_navigation_and_source_description,https://svs.gsfc.nasa.gov/api/10841/,,,fa520761c94b9f199f69c07c49dca74c916dacaefb1931c0b618b0bac56e2233,NASA SVS API bibliographic metadata; media rights pending,,,,,False,2011-11-10,,NASA Scientific Visualization Studio,0,,,,pending source terms audit,"[{""people"": [""Greg Shirah"", ""Horace Mitchell""], ""role"": ""Animator""}, {""people"": [""Victoria Weeks""], ""role"": ""Video editor""}, {""people"": [""Hong Zhang"", ""Dimitris Menemenlis""], ""role"": ""Scientist""}, {""people"": [""Kayvon Sharghi""], ""role"": ""Writer""}]",,,,2023-05-03T13:53:28.980876-04:00,Perpetual Ocean — media group 350682,0,https://svs.gsfc.nasa.gov/10841#media_group_350682,[]
,,,Data courtesy of NOAA; Sentinel Data courtesy of Copernicus Program; Generated using AVISO+ Products,7675,,source:50b3901946cb4ae0,external,"MUNSTER v1 daily eddy identification, 2022-09-01",,derived_dated_observations,,https://coastwatch.noaa.gov/cwn/products/experimental-eddy-products.html,,,NOAA product-page and filename metadata; upstream data terms pending,,,2022-09-01,MUNSTER v1.0,True,,,NOAA CoastWatch / NOAA NESDIS STAR,1,,,,pending source terms audit,,,,,,"MUNSTER v1 daily eddy identification, 2022-09-01",7676,https://coastwatch.noaa.gov/data/pub0054/coastwatch/products/eddy_tracking/netcdf/munster/eddy_identification/MUNSTER_v1_eddyident_multi_global_daily_s20220901_e20220901.nc,"[""observation_sets""]"
,,,NASA's Scientific Visualization Studio,0,,source:5147f7574f1c252e,external,Ocean Currents in equirectangular projection,,media_navigation_and_source_description,https://svs.gsfc.nasa.gov/api/5479/,https://svs.gsfc.nasa.gov/5479,"NASA SVS page provides the page title, original release date, and explicit item credit. Catalog source, not one of the 101 used claim-supporting external rows.",49619bd350e529a590b1f57f6bd017c486dfc2a23616984e5f977be7ec0f10c6,NASA SVS API bibliographic metadata; media rights pending,,"NASA's Scientific Visualization Studio (2025). Ocean Currents in equirectangular projection. NASA Scientific Visualization Studio, page 5479. https://svs.gsfc.nasa.gov/5479.",,,False,2025-05-30,,NASA Scientific Visualization Studio,0,,,,pending source terms audit,"[{""people"": [""Greg Shirah"", ""Horace Mitchell""], ""role"": ""Visualizer""}, {""people"": [""Laurence Schuler"", ""Ian Jones""], ""role"": ""Technical support""}, {""people"": [""Atousa Saberi""], ""role"": ""Scientist""}]",,,,2025-07-01T16:55:19.276508-04:00,Ocean Currents in equirectangular projection,0,https://svs.gsfc.nasa.gov/5479,[]
"[""Li Zhou"", ""Qiang Wang"", ""Mu Mu"", ""Kun Zhang""]",,,,0,10.1029/2021JC017899,source:541670cca7b3e8d3,external,Optimal Precursors Triggering Sudden Shifts in the Antarctic Circumpolar Current Transport Through Drake Passage,,source_scoped_factual_claim,https://api.crossref.org/works/10.1029%2F2021JC017899,,,6f11fffb3ae4fc4b7ca68da08e241ac9f2af0c0ef89974f74dc70b1e6f1fb4d2,Crossref deposited bibliographic metadata; current-use terms reviewed,,,,,False,,"[2021, 11, 30]",American Geophysical Union (AGU),1,,https://www.copyright.gov/register/tx-databases.html,2026-09-30,reviewed for current use; linked factual assertions only,,,,,,Optimal Precursors Triggering Sudden Shifts in the Antarctic Circumpolar Current Transport Through Drake Passage,1,https://doi.org/10.1029/2021JC017899,"[""measurements""]"
,,,,0,,source:55f52681ec62ec66,OSW source ledger,noaa-munster-eddy-state-20210601.json,,,,,,,,source-ledgers/noaa-munster-eddy-state-20210601.json,,,,,,,,0,research/noaa-munster-eddy-state-20210601.json,,,OSW authored; upstream terms still need audit,,,,,,,0,,[]
"[""Milena Menna"", ""Pierre-Marie Poulain"", ""George Zodiatis"", ""Isaac Gertman""]",https://api.crossref.org/works/10.1016%2Fj.dsr.2012.02.008,74d7e238f5084e72fb13dbb3bd5d2a395b92f3993888aac4e2db52bf777956b5,,0,10.1016/j.dsr.2012.02.008,source:57526856f0eda997,external,On the surface circulation of the Levantine sub-basin derived from Lagrangian drifters and satellite altimetry data,,source_scoped_factual_claim,,https://ricerca.ogs.it/handle/20.500.14083/2397,Title and DOI verified from repository citation metadata.,601fee276071f5f1e6acbbc8bc826ef96455caeecf9ee0dac80a7a338dd3a382,source-page bibliographic metadata; current-use terms reviewed,,,,,False,2012,"[2012, 7]",Elsevier BV,6,,https://www.copyright.gov/register/tx-databases.html,2026-09-30,reviewed for current use; linked factual assertions only,,,,,,On the surface circulation of the Levantine sub-basin derived from Lagrangian drifters and satellite altimetry data,6,https://ricerca.ogs.it/handle/20.500.14083/2397,"[""entities"", ""names""]"
"[""K. R. Ridgway"", ""S. A. Condie""]",,,,0,10.1029/2003JC001921,source:5c227482b3435824,external,The 5500‐km‐long boundary flow off western and southern Australia,,source_scoped_factual_claim,https://api.crossref.org/works/10.1029%2F2003JC001921,,,b4c4b74a05882c683e84bb6574055888ec0403e1e655ef751bf67833287c5459,Crossref deposited bibliographic metadata; current-use terms reviewed,,,,,False,,"[2004, 4]",American Geophysical Union (AGU),7,,https://www.copyright.gov/register/tx-databases.html,2026-09-30,reviewed for current use; linked factual assertions only,,,,,,The 5500‐km‐long boundary flow off western and southern Australia,7,https://doi.org/10.1029/2003JC001921,"[""entities"", ""names"", ""measurements""]"
,,,NASA's Scientific Visualization Studio,0,,source:5dcfcc3068ce7815,external,Perpetual Ocean 2: Western Boundary Currents — media group 376523,,media_navigation_and_source_description,,https://svs.gsfc.nasa.gov/5425,Citation and exact credit inherited from the NASA SVS parent release; this locator is not an independent visualization release.,aaa109575260b48fc438382b32430695108ff073c72ea931ce121cf8eaa1b45b,source-page bibliographic metadata; current-use terms reviewed,,"NASA's Scientific Visualization Studio (2025). Perpetual Ocean 2: Western Boundary Currents. NASA Scientific Visualization Studio, page 5425. https://svs.gsfc.nasa.gov/5425. Media group reference. Direct locator: https://svs.gsfc.nasa.gov/5425#media_group_376523.",,,False,2025-02-27,,NASA Scientific Visualization Studio,3,,https://svs.gsfc.nasa.gov/help/,2026-09-30,reviewed for current use; source links and factual descriptions only,,,,,,Perpetual Ocean 2: Western Boundary Currents — media group 376523,3,https://svs.gsfc.nasa.gov/5425#media_group_376523,"[""relations""]"
"[""M. Dolores Pérez‐Hernández"", ""Alonso Hernández‐Guerra"", ""Eugenio Fraile‐Nuez"", ""Isis Comas‐Rodríguez"", ""Verónica M. Benítez‐Barrios"", ""J. Francisco Domínguez‐Yanes"", ""Pedro Vélez‐Belchí"", ""Demetrio De Armas""]",,,,0,10.1002/jgrc.20227,source:5e15162e37e784c4,external,The source of the Canary current in fall 2009,,source_scoped_factual_claim,https://api.crossref.org/works/10.1002%2Fjgrc.20227,,,ff91511cae85ca11c3f08ffa2fad221b165c1dccd5d905c7fdd33c98e2798963,Crossref deposited bibliographic metadata; current-use terms reviewed,,,,,False,,"[2013, 6]",American Geophysical Union (AGU),8,,https://www.copyright.gov/register/tx-databases.html,2026-09-30,reviewed for current use; linked factual assertions only,,,,,,The source of the Canary current in fall 2009,8,https://doi.org/10.1002/jgrc.20227,"[""entities"", ""names"", ""relations"", ""named_current_source_observations""]"
,,,,0,,source:5ea56c475f074b64,OSW source ledger,loop-eddy-cameron-darwin-name-date-conflict.json,,,,,,,,source-ledgers/loop-eddy-cameron-darwin-name-date-conflict.json,,,,,,,,0,research/loop-eddy-cameron-darwin-name-date-conflict.json,,,OSW authored; upstream terms still need audit,,,,,,,0,,[]
"[""Hartmut Peters"", ""Michael C. Gregg"", ""Thomas B. Sanford""]",,,,0,10.1029/93JC03506,source:60fc6515b05b3185,external,"The diurnal cycle of the upper equatorial ocean: Turbulence, fine‐scale shear, and mean shear",,source_scoped_factual_claim,https://api.crossref.org/works/10.1029%2F93JC03506,,,08f65c25089be2998d1fddee79eedf17edb304fe90219e844d3ac2d5d28aade1,Crossref deposited bibliographic metadata; current-use terms reviewed,,,,,False,,"[1994, 4, 15]",American Geophysical Union (AGU),2,,https://www.copyright.gov/register/tx-databases.html,2026-09-30,reviewed for current use; linked factual assertions only,,,,,,"The diurnal cycle of the upper equatorial ocean: Turbulence, fine‐scale shear, and mean shear",2,https://doi.org/10.1029/93JC03506,"[""entities"", ""names""]"
,,,Data courtesy of NOAA; Sentinel Data courtesy of Copernicus Program; Generated using AVISO+ Products,7690,,source:6195c6e4e86fdddf,external,"MUNSTER v1 daily eddy identification, 2022-12-01",,derived_dated_observations,,https://coastwatch.noaa.gov/cwn/products/experimental-eddy-products.html,,,NOAA product-page and filename metadata; upstream data terms pending,,,2022-12-01,MUNSTER v1.0,True,,,NOAA CoastWatch / NOAA NESDIS STAR,1,,,,pending source terms audit,,,,,,"MUNSTER v1 daily eddy identification, 2022-12-01",7691,https://coastwatch.noaa.gov/data/pub0054/coastwatch/products/eddy_tracking/netcdf/munster/eddy_identification/MUNSTER_v1_eddyident_multi_global_daily_s20221201_e20221201.nc,"[""observation_sets""]"
,,,,0,,source:61e2835de7ea38d9,OSW source ledger,ocean-motion-crossref-metadata.json,,,,,,,,source-ledgers/ocean-motion-crossref-metadata.json,,,,,,,,0,research/ocean-motion-crossref-metadata.json,,,OSW authored; upstream terms still need audit,,,,,,,0,,[]
,,,,0,,source:65ac4116e7776380,OSW source ledger,nasa-perpetual-ocean-state-tile-join.json,,,,,,,,source-ledgers/nasa-perpetual-ocean-state-tile-join.json,,,,,,,,877,research/nasa-perpetual-ocean-state-tile-join.json,,,OSW authored; upstream terms still need audit,,,,,,,877,,"[""tile_state_relations""]"
,,,Data courtesy of NOAA; Sentinel Data courtesy of Copernicus Program; Generated using AVISO+ Products,7851,,source:65bd3df27e056a69,external,"MUNSTER v1 daily eddy identification, 2021-06-01",,derived_dated_observations,,https://coastwatch.noaa.gov/cwn/products/experimental-eddy-products.html,,,NOAA product-page and filename metadata; upstream data terms pending,,,2021-06-01,MUNSTER v1.0,True,,,NOAA CoastWatch / NOAA NESDIS STAR,1,,,,pending source terms audit,,,,,,"MUNSTER v1 daily eddy identification, 2021-06-01",7852,https://coastwatch.noaa.gov/data/pub0054/coastwatch/products/eddy_tracking/netcdf/munster/eddy_identification/MUNSTER_v1_eddyident_multi_global_daily_s20210601_e20210601.nc,"[""observation_sets""]"
"[""Jon Albretsen"", ""Jan Aure"", ""Roald Sætre"", ""Didrik S. Danielssen""]",https://api.crossref.org/works/10.1093%2Ficesjms%2Ffsr187,29c24b0bcdde4199d649d67fa0881f0c4c570c9f5993ad7719d9ea0827d2baa0,,0,10.1093/icesjms/fsr187,source:65c9605f88219d4c,external,Climatic variability in the Skagerrak and coastal waters of Norway,,source_scoped_factual_claim,,https://academic.oup.com/icesjms/article/69/5/758/646533,"Publisher article title, DOI, and online publication date verified; journal issue is July 2012.",,source-page bibliographic metadata; current-use terms reviewed,,,,,False,2011-12-18,"[2011, 12, 18]",Oxford University Press,2,,https://www.copyright.gov/register/tx-databases.html,2026-09-30,reviewed for current use; linked factual assertions only,,,,,,Climatic variability in the Skagerrak and coastal waters of Norway,2,https://academic.oup.com/icesjms/article/69/5/758/646533,"[""entities"", ""names""]"
,,,NASA/Goddard Space Flight Center Scientific Visualization Studio,0,,source:6615325dc56a2871,external,Perpetual Ocean — media group 351523,,media_navigation_and_source_description,,https://svs.gsfc.nasa.gov/3827,Citation and exact credit inherited from the NASA SVS parent release; this locator is not an independent visualization release.,,source-page bibliographic metadata; current-use terms reviewed,,"NASA/Goddard Space Flight Center Scientific Visualization Studio (2011). Perpetual Ocean. NASA Scientific Visualization Studio, page 3827. https://svs.gsfc.nasa.gov/3827. Media group reference. Direct locator: https://svs.gsfc.nasa.gov/3827#media_group_351523.",,,False,2011-08-15,,NASA Scientific Visualization Studio,1,,https://svs.gsfc.nasa.gov/help/,2026-09-30,reviewed for current use; source links and factual descriptions only,,,,,,Perpetual Ocean — media group 351523,1,https://svs.gsfc.nasa.gov/3827#media_group_351523,"[""relations""]"
"[""Nicolas Kolodziejczyk"", ""José Ochoa"", ""Julio Candela"", ""Julio Sheinbaum""]",https://api.crossref.org/works/10.1029%2F2012JC007890,e17d95388c71e8a34d564d99b797a5b47e5f5238bbf7b81d1810b79aecfb4fdd,"Kolodziejczyk, Ochoa, Candela, and Sheinbaum (2012)",0,10.1029/2012JC007890,source:6694d73532f024d7,external,Observations of intermittent deep currents and eddies in the Gulf of Mexico,,source_scoped_factual_claim,,https://agupubs.onlinelibrary.wiley.com/doi/full/10.1029/2012JC007890,"Publisher page states title, authors, first-publication date, and DOI. Its Table 2 footnote credits Cameron and Darwin names to Horizon Marine. OSW uses brief factual paraphrases and one source-reported approximate center, without copying article imagery or tables.",,source-page bibliographic metadata; current-use terms reviewed,,,,,False,2012-09-14,"[2012, 9]",Journal of Geophysical Research: Oceans / American Geophysical Union,8,,https://agupubs.onlinelibrary.wiley.com/doi/full/10.1029/2012JC007890,2026-09-30,reviewed for current use; brief source-linked factual paraphrases only,,,,,,Observations of intermittent deep currents and eddies in the Gulf of Mexico,8,https://agupubs.onlinelibrary.wiley.com/doi/full/10.1029/2012JC007890,"[""entities"", ""names"", ""relations"", ""named_eddy_state_assessments"", ""named_eddy_source_observations""]"
,,,,0,,source:677e56c5a3dfe901,OSW source ledger,gulf-stream-navo-state-snapshot-20260928.json,,,,,,,,source-ledgers/gulf-stream-navo-state-snapshot-20260928.json,,,,,,,,0,research/gulf-stream-navo-state-snapshot-20260928.json,,,OSW authored; upstream terms still need audit,,,,,,,0,,[]
"[""Ismael Núñez-Riboni"", ""Eberhard Fahrbach""]",,,,0,10.1016/j.dsr.2009.06.005,source:684ab289bee1d7dd,external,Seasonal variability of the Antarctic Coastal Current and its driving mechanisms in the Weddell Sea,,source_scoped_factual_claim,https://api.crossref.org/works/10.1016%2Fj.dsr.2009.06.005,,,ff84523fa194fe76d3b8c9f9a05a7bfbbe70340c1089e0176d75fb306ac8b838,Crossref deposited bibliographic metadata; current-use terms reviewed,,,,,False,,"[2009, 11]",Elsevier BV,2,,https://www.copyright.gov/register/tx-databases.html,2026-09-30,reviewed for current use; linked factual assertions only,,,,,,Seasonal variability of the Antarctic Coastal Current and its driving mechanisms in the Weddell Sea,2,https://doi.org/10.1016/j.dsr.2009.06.005,"[""entities"", ""names""]"
,,,,0,,source:6e89d920835a0a39,OSW source ledger,noaa-munster-eddy-state-20221201.json,,,,,,,,source-ledgers/noaa-munster-eddy-state-20221201.json,,,,,,,,0,research/noaa-munster-eddy-state-20221201.json,,,OSW authored; upstream terms still need audit,,,,,,,0,,[]
"[""Amy S. Bower"", ""Nuno Serra"", ""Isabel Ambar""]",,,,0,10.1029/2001JC001007,source:6ea3cd5870f43794,external,Structure of the Mediterranean Undercurrent and Mediterranean Water spreading around the southwestern Iberian Peninsula,,source_scoped_factual_claim,https://api.crossref.org/works/10.1029%2F2001JC001007,,,37138586a998f23b710d25084d5059e909b35a5fc5203da2c010a40855686465,Crossref deposited bibliographic metadata; current-use terms reviewed,,,,,False,,"[2002, 10]",American Geophysical Union (AGU),2,,https://www.copyright.gov/register/tx-databases.html,2026-09-30,reviewed for current use; linked factual assertions only,,,,,,Structure of the Mediterranean Undercurrent and Mediterranean Water spreading around the southwestern Iberian Peninsula,2,https://doi.org/10.1029/2001JC001007,"[""entities"", ""names""]"
,,,,0,,source:6f3ef1c4ba0c063b,external,Kinematic elements of Antarctic Intermediate Water in the western South Atlantic,,source_scoped_factual_claim,,https://www.aoml.noaa.gov/phod/docs/boebel_et_al1999a.pdf,"Article front matter gives title, authors, journal, year, and pagination. Section 3.5 identifies the South Atlantic Current.",,source-page bibliographic metadata; current-use terms reviewed,,"Boebel, O., Schmid, C., and Zenk, W. (1999). Kinematic elements of Antarctic Intermediate Water in the western South Atlantic. Deep-Sea Research II 46, 355-392, section 3.5. https://www.aoml.noaa.gov/phod/docs/boebel_et_al1999a.pdf.",,,False,1999,,Deep-Sea Research II,2,,https://www.aoml.noaa.gov/phod/docs/boebel_et_al1999a.pdf,2026-09-30,reviewed for current use; linked factual name only,,,,,,Kinematic elements of Antarctic Intermediate Water in the western South Atlantic,2,https://www.aoml.noaa.gov/phod/docs/boebel_et_al1999a.pdf,"[""entities"", ""names""]"
,,,,0,,source:7487b9a234864d2d,OSW source ledger,ocean-eddy-name-inventory.json,,,,,,,,source-ledgers/ocean-eddy-name-inventory.json,,,,,,,,7866,research/ocean-eddy-name-inventory.json,,,OSW authored; upstream terms still need audit,,,,,,,7866,,"[""relations"", ""media"", ""named_eddy_state_assessments""]"
,,,,0,,source:7552dcff0cd8af01,external,Marine Weather Information Guide,,source_scoped_factual_claim,,https://www.vos.noaa.gov/docs/marine_info_guide.pdf,"Title, program and month read from the PDF cover; file digest captured 2026-09-29. OSW uses source-linked current names and facts only; embedded map assets are not packaged and their reuse would require a separate review.",,source-page bibliographic metadata; current-use terms reviewed,,"NOAA Voluntary Observing Ship Program (2017). Marine Weather Information Guide, July 2017. https://www.vos.noaa.gov/docs/marine_info_guide.pdf. Consulted 2026-09-29.",,,False,2017-07,,NOAA Voluntary Observing Ship Program,22,,https://oceanservice.noaa.gov/about/faq.html,2026-09-30,reviewed for current use; NOAA linked names and facts,,,4e3ead2f0d45869150e1fac441636c9e209badb61f590fcfa56da8769f0dd77e,,,Marine Weather Information Guide,22,https://www.vos.noaa.gov/docs/marine_info_guide.pdf,"[""entities"", ""names""]"
,,,,0,,source:75c205c85db07281,external,"Regional Oceanography: An Introduction, Chapter 14: The Atlantic Ocean",,source_scoped_factual_claim,,https://www.physocean.icm.csic.es/regoc/pdfversion-en.html,"The authors' PDF version 1.2 (September 2002), Chapter 14, PDF page 11 (printed page 239), reports 1,200 km to Cape Hatteras and the next 2,500 km for the Gulf Stream proper. Retrieved from INCOIS 2026-09-30: HTTP 200, application/pdf, 2,485,054 bytes, 24 PDF pages. The CSIC book download page identifies the authors and second edition. These are textbook descriptions, not traced streamline measurements.",,source-page bibliographic metadata; current-use terms reviewed,,"Tomczak, M., and J. S. Godfrey (2002 PDF version 1.2). Regional Oceanography: An Introduction, Chapter 14: The Atlantic Ocean, p. 239. https://incois.gov.in/Tutor/regoc/pdffiles/colour/single/14P-Atlantic.pdf.",,,False,2002-09,,Matthias Tomczak and J. Stuart Godfrey; PDF hosted by INCOIS,2,,https://www.physocean.icm.csic.es/regoc/pdfversion-en.html,2026-09-30,reviewed for current use; linked factual assertions only,,,457c6241290e09c5da536f7b7ccf0e63fd7d568f20d79973823855972abdc50d,,,"Regional Oceanography: An Introduction, Chapter 14: The Atlantic Ocean",2,https://incois.gov.in/Tutor/regoc/pdffiles/colour/single/14P-Atlantic.pdf,"[""measurements""]"
,,,NASA's Goddard Space Flight Center,0,,source:76b82f3feb659a61,external,An Ocean in Motion: NASA's Mesmerizing View of Earth's Underwater Highways — Complete Transcript,,media_navigation_and_source_description,,https://svs.gsfc.nasa.gov/14745,Citation and exact credit inherited from the NASA SVS parent release; this locator is not an independent visualization release.,,source-page bibliographic metadata; current-use terms reviewed,,"NASA's Goddard Space Flight Center (2025). An Ocean in Motion: NASA's Mesmerizing View of Earth's Underwater Highways. NASA Scientific Visualization Studio, page 14745. https://svs.gsfc.nasa.gov/14745. DOI: 10.5281/zenodo.16782525. Transcript. Direct locator: https://svs.gsfc.nasa.gov/vis/a010000/a014700/a014745/script_37940_00.html.",,,False,,,NASA Scientific Visualization Studio,1,,https://svs.gsfc.nasa.gov/help/,2026-09-30,reviewed for current use; source links and factual descriptions only,,,,,,An Ocean in Motion: NASA's Mesmerizing View of Earth's Underwater Highways — Complete Transcript,1,https://svs.gsfc.nasa.gov/vis/a010000/a014700/a014745/script_37940_00.html,"[""relations""]"
,,,NASA/Goddard Space Flight Center Scientific Visualization Studio,0,,source:77f992ff3ca72645,external,Perpetual Ocean — media group 351521,,media_navigation_and_source_description,,https://svs.gsfc.nasa.gov/3827,Citation and exact credit inherited from the NASA SVS parent release; this locator is not an independent visualization release.,,source-page bibliographic metadata; current-use terms reviewed,,"NASA/Goddard Space Flight Center Scientific Visualization Studio (2011). Perpetual Ocean. NASA Scientific Visualization Studio, page 3827. https://svs.gsfc.nasa.gov/3827. Media group reference. Direct locator: https://svs.gsfc.nasa.gov/3827#media_group_351521.",,,False,2011-08-15,,NASA Scientific Visualization Studio,1,,https://svs.gsfc.nasa.gov/help/,2026-09-30,reviewed for current use; source links and factual descriptions only,,,,,,Perpetual Ocean — media group 351521,1,https://svs.gsfc.nasa.gov/3827#media_group_351521,"[""relations""]"
,,,,0,,source:79afa387ae31b5ce,OSW source ledger,ocean-motion-ranked-length-editorial-reviews.json,,,,,,,,source-ledgers/ocean-motion-ranked-length-editorial-reviews.json,,,,,,,,0,research/ocean-motion-ranked-length-editorial-reviews.json,,,OSW authored; upstream terms still need audit,,,,,,,0,,[]
,,,,0,,source:7cc7fca328068423,OSW source ledger,nasa-perpetual-ocean-motion-forms.json,,,,,,,,source-ledgers/nasa-perpetual-ocean-motion-forms.json,,,,,,,,0,research/nasa-perpetual-ocean-motion-forms.json,,,OSW authored; upstream terms still need audit,,,,,,,0,,[]
"[""Friedrich A. Schott"", ""Jürgen Fischer"", ""Lothar Stramma""]",,,,0,10.1175/1520-0485(1998)028<1904:TAPOTU>2.0.CO;2,source:7d41c196a8c2a2a4,external,Transports and Pathways of the Upper-Layer Circulation in the Western Tropical Atlantic,,source_scoped_factual_claim,https://api.crossref.org/works/10.1175%2F1520-0485%281998%29028%3C1904%3ATAPOTU%3E2.0.CO%3B2,,,2d04f0ff14bf1e67baf9f97c59569fbb07279e0a3d07f9f97fe147429273beae,Crossref deposited bibliographic metadata; current-use terms reviewed,,,,,False,,"[1998, 10]",American Meteorological Society,2,,https://www.copyright.gov/register/tx-databases.html,2026-09-30,reviewed for current use; linked factual assertions only,,,,,,Transports and Pathways of the Upper-Layer Circulation in the Western Tropical Atlantic,2,https://doi.org/10.1175/1520-0485(1998)028%3C1904:TAPOTU%3E2.0.CO;2,"[""entities"", ""names""]"
"[""Jie Huang"", ""Robert S. Pickart"", ""Frank Bahr"", ""Leah T. McRaven"", ""Jean-Éric Tremblay"", ""Christine Michel"", ""Emil Jeansson"", ""Ben Kopec"", ""Jeffrey M. Welker"", ""Sólveig R. Ólafsdóttir""]",https://api.crossref.org/works/10.1016%2Fj.pocean.2024.103322,ea89a733adb32db3e6f641e8c9f37e3c3ecb5b282a14b9e7cc968aadd0cf7f2c,,0,10.1016/j.pocean.2024.103322,source:7d77d9146f863efd,external,Water mass evolution and general circulation of Baffin Bay: Observations from two shipboard surveys in 2021,,source_scoped_factual_claim,,https://www.sciencedirect.com/science/article/pii/S0079661124001289,"Publisher-indexed article title, DOI, journal issue, and abstract verified.",,source-page bibliographic metadata; current-use terms reviewed,,,,,False,2024-12,"[2024, 12]",Elsevier,2,,https://www.copyright.gov/register/tx-databases.html,2026-09-30,reviewed for current use; linked factual assertions only,,,,,,Water mass evolution and general circulation of Baffin Bay: Observations from two shipboard surveys in 2021,2,https://www.sciencedirect.com/science/article/pii/S0079661124001289,"[""entities"", ""names""]"
"[""Luiz Alexandre A. Guerra"", ""Afonso M. Paiva"", ""Eric P. Chassignet""]",https://api.crossref.org/works/10.1016%2Fj.dsr.2018.08.005,90704cd6453fc29f24ec5eabaf05212495d5dc7a07b88c40941ff8decbcadd31,,0,10.1016/j.dsr.2018.08.005,source:7e657de5446043ac,external,On the translation of Agulhas rings to the western South Atlantic Ocean,,source_scoped_factual_claim,,https://data.coaps.fsu.edu/pub/eric/papers_html/Guerra_et_al_18.pdf,Title and Deep-Sea Research Part I date verified on PDF first page.,,source-page bibliographic metadata; current-use terms reviewed,,,,,False,2018,"[2018, 9]",Elsevier BV,4,,https://www.copyright.gov/register/tx-databases.html,2026-09-30,reviewed for current use; linked factual assertions only,,,2148b13d10dc25321c3d1abb2dcb7103365ee0045451423ac5dbfb8a8ff1aced,,,On the translation of Agulhas rings to the western South Atlantic Ocean,4,https://data.coaps.fsu.edu/pub/eric/papers_html/Guerra_et_al_18.pdf,"[""entities"", ""names"", ""measurements""]"
,,,,0,,source:803229fe82eb2360,OSW source ledger,ocean-current-length-evidence.json,,,,,,,,source-ledgers/ocean-current-length-evidence.json,,,,,,,,100,research/ocean-current-length-evidence.json,,,OSW authored; upstream terms still need audit,,,,,,,100,,"[""length_assessments""]"
,,,Altimetry data are provided by the NOAA Laboratory for Satellite Altimetry; acknowledge NOAA CoastWatch.,0,,source:80d0bf24c139328c,external,"NOAA LSA daily geostrophic velocity, 2026-09-25",,derived_dated_observations,,https://coastwatch.noaa.gov/cwn/products/sea-level-anomaly-and-geostrophic-currents-multi-mission-global-optimal-interpolation.html,,,"Source NetCDF and NOAA product-page metadata; reuse attribution recorded, source review pending",,,2026-09-25,,True,,,NOAA/NESDIS Laboratory for Satellite Altimetry via NOAA CoastWatch,5,,,,pending source terms audit,,,53b1c541d4edf529bba2358f255890e2f0c392ef8e57208d04882c732c99f12f,,,"NOAA LSA daily sea level anomaly and geostrophic currents, 2026-09-25",5,https://coastwatch.noaa.gov/data/pub0015/coastwatch/rads/sla/2026/rads_global_nrt_sla_20260925_20260926_001.nc,"[""measurements"", ""relations"", ""geometries"", ""diagnosed_current_path_observations""]"
,,,Data courtesy of NOAA; Sentinel Data courtesy of Copernicus Program; Generated using AVISO+ Products,7751,,source:823e113cdc29c8ad,external,"MUNSTER v1 daily eddy identification, 2022-06-01",,derived_dated_observations,,https://coastwatch.noaa.gov/cwn/products/experimental-eddy-products.html,,,NOAA product-page and filename metadata; upstream data terms pending,,,2022-06-01,MUNSTER v1.0,True,,,NOAA CoastWatch / NOAA NESDIS STAR,1,,,,pending source terms audit,,,,,,"MUNSTER v1 daily eddy identification, 2022-06-01",7752,https://coastwatch.noaa.gov/data/pub0054/coastwatch/products/eddy_tracking/netcdf/munster/eddy_identification/MUNSTER_v1_eddyident_multi_global_daily_s20220601_e20220601.nc,"[""observation_sets""]"
,,,,0,,source:8270143ed055be19,OSW source ledger,ocean-motion-nasa-svs-metadata.json,,,,,,,,source-ledgers/ocean-motion-nasa-svs-metadata.json,,,,,,,,0,research/ocean-motion-nasa-svs-metadata.json,,,OSW authored; upstream terms still need audit,,,,,,,0,,[]
"[""Ilana Schiller‐Weiss"", ""Torge Martin"", ""Johannes Karstensen"", ""Arne Biastoch""]",,,,0,10.1029/2023JC019890,source:8790d970dd742fd0,external,Do Salinity Variations Along the East Greenland Shelf Show Imprints of Increasing Meltwater Runoff?,,source_scoped_factual_claim,https://api.crossref.org/works/10.1029%2F2023JC019890,,,a616937d3e4f895b882f9e7f3700aed1664cd5fb4e5b2c6b4b5f3ab4eb3b959d,Crossref deposited bibliographic metadata; current-use terms reviewed,,,,,False,,"[2023, 10]",American Geophysical Union (AGU),1,,https://www.copyright.gov/register/tx-databases.html,2026-09-30,reviewed for current use; linked factual assertions only,,,,,,Do Salinity Variations Along the East Greenland Shelf Show Imprints of Increasing Meltwater Runoff?,1,https://doi.org/10.1029/2023JC019890,"[""measurements""]"
,,,,0,,source:8995bc8eb4e82d9d,OSW source ledger,noaa-munster-eddy-state-20231201.json,,,,,,,,source-ledgers/noaa-munster-eddy-state-20231201.json,,,,,,,,0,research/noaa-munster-eddy-state-20231201.json,,,OSW authored; upstream terms still need audit,,,,,,,0,,[]
"[""Francisco J. Beron-Vera"", ""María J. Olascoaga"", ""Yan Wang"", ""Joaquín Triñanes"", ""Paula Pérez-Brunius""]",https://api.crossref.org/works/10.1038%2Fs41598-018-29582-5,31709b08be5c429988bdcaf84dd9b5c5af926397bf824a808202974e2d0d9178,"Beron-Vera, Olascoaga, Wang, Triñanes, and Pérez-Brunius (2018)",0,10.1038/s41598-018-29582-5,source:8a85446449036671,external,Enduring Lagrangian coherence of a Loop Current ring assessed using independent observations,,figure_derived_measurement_and_factual_claim,,https://www.nature.com/articles/s41598-018-29582-5,"Publisher page identifies Kraken, the paper date, DOI, authors, and article CC BY 4.0 terms. OSW cites factual findings and does not copy figure geometry.",,source-page bibliographic metadata; current-use terms reviewed,,,,,False,2018-07-26,"[2018, 7, 26]",Scientific Reports / Springer Nature,5,,https://www.nature.com/articles/s41598-018-29582-5,2026-09-30,reviewed for current use; article CC BY 4.0 attribution,,,,,,Enduring Lagrangian coherence of a Loop Current ring assessed using independent observations,5,https://www.nature.com/articles/s41598-018-29582-5,"[""entities"", ""names"", ""named_eddy_footprint_candidates"", ""geometries"", ""named_eddy_source_observations""]"
"[""Kristin Burmeister"", ""Joke F. Luebbecke"", ""Peter Brandt"", ""Martin Claus"", ""Johannes Hahn""]",,,,0,10.1029/2020GL088350,source:8b0aaf0e96f7a9cc,external,Fluctuations of the Atlantic North Equatorial Undercurrent and Associated Changes in Oxygen Transports,,source_scoped_factual_claim,https://api.crossref.org/works/10.1029%2F2020GL088350,,,fd448a3c52d71bb94ad71f4e903e8dd12e21ae63792f122e788c0ea5e2e8146f,Crossref deposited bibliographic metadata; current-use terms reviewed,,,,,False,,"[2020, 7, 3]",American Geophysical Union (AGU),2,,https://www.copyright.gov/register/tx-databases.html,2026-09-30,reviewed for current use; linked factual assertions only,,,,,,Fluctuations of the Atlantic North Equatorial Undercurrent and Associated Changes in Oxygen Transports,2,https://doi.org/10.1029/2020GL088350,"[""entities"", ""names""]"
"[""W. R. Crawford"", ""J. Y. Cherniawsky"", ""M. G. G. Foreman"", ""J. F. R. Gower""]",,,,0,10.1029/2001JC000876,source:8cebf4b2d3a12ec1,external,Formation of the Haida‐1998 oceanic eddy,,source_scoped_factual_claim,https://api.crossref.org/works/10.1029%2F2001JC000876,,,239253bd716ac1033ee5716487c11df623a1e08f1d61dec0f58d95cb721c8260,Crossref deposited bibliographic metadata; current-use terms reviewed,,,,,False,,"[2002, 7]",American Geophysical Union (AGU),2,,https://www.copyright.gov/register/tx-databases.html,2026-09-30,reviewed for current use; linked factual assertions only,,,,,,Formation of the Haida‐1998 oceanic eddy,2,https://doi.org/10.1029/2001JC000876,"[""entities"", ""names""]"
,,,,0,,source:8cf48371caa668f5,OSW source ledger,noaa-munster-eddy-state-20220901.json,,,,,,,,source-ledgers/noaa-munster-eddy-state-20220901.json,,,,,,,,0,research/noaa-munster-eddy-state-20220901.json,,,OSW authored; upstream terms still need audit,,,,,,,0,,[]
,,,NASA SVS page credits Greg Shirah and Horace Mitchell as visualizers; it does not show a separate item-credit instruction.,0,,source:904b9d9b4f1b58c4,external,NASA Perpetual Ocean 2: Polar Views,,media_navigation_and_source_description,https://svs.gsfc.nasa.gov/api/5529/,https://svs.gsfc.nasa.gov/5529,"NASA SVS page provides title, original release date, and named visualizers. No separate item-credit line or page DOI appears in the reviewed page. Catalog source, not one of the 101 used claim-supporting external rows.",bffa242959f760d7bfda098860535e3c669643f1ea9a57c190a87c425fa5aab5,NASA SVS API bibliographic metadata; media rights pending,,"NASA Scientific Visualization Studio (2025). Perpetual Ocean 2: Polar Views. NASA Scientific Visualization Studio, page 5529. https://svs.gsfc.nasa.gov/5529.",,,False,2025-04-25,,NASA Scientific Visualization Studio,0,,,,pending source terms audit,"[{""people"": [""Greg Shirah"", ""Horace Mitchell""], ""role"": ""Visualizer""}, {""people"": [""Atousa Saberi""], ""role"": ""Scientist""}]",,,,2025-04-25T09:59:51.315597-04:00,Perpetual Ocean 2: Polar Views,0,https://svs.gsfc.nasa.gov/5529,[]
"[""Alexis Johnson Exley"", ""Kathleen A. Donohue"", ""D. Randolph Watts"", ""Karen L. Tracey"", ""Maureen A. Kennelly""]",https://api.crossref.org/works/10.3389%2Ffmars.2022.1049645,3c163bb1cdb7d94990f973b8edd7cf12f5ccbb401375a4265a30e092d4f949cd,"Johnson Exley, Donohue, Watts, Tracey, and Kennelly (2022)",0,10.3389/fmars.2022.1049645,source:905e5cc303aaceab,external,Generation of high-frequency topographic Rossby waves in the Gulf of Mexico,,source_scoped_factual_claim,,https://www.frontiersin.org/journals/marine-science/articles/10.3389/fmars.2022.1049645/full,"Publisher article explicitly names Thor and Ursa in dated map sections and figures; OSW records factual observations, not figure geometry.",,source-page bibliographic metadata; current-use terms reviewed,,,,,False,2022-12-22,"[2022, 12, 22]",Frontiers in Marine Science,6,,https://www.frontiersin.org/journals/marine-science/articles/10.3389/fmars.2022.1049645/full,2026-09-30,reviewed for current use; article CC BY attribution,,,,,,Generation of high-frequency topographic Rossby waves in the Gulf of Mexico,6,https://www.frontiersin.org/journals/marine-science/articles/10.3389/fmars.2022.1049645/full,"[""entities"", ""names"", ""named_eddy_source_observations""]"
,,,Data courtesy of NOAA; Sentinel Data courtesy of Copernicus Program; Generated using AVISO+ Products,7774,,source:92359c53b5aa425b,external,"MUNSTER v1 daily eddy identification, 2023-03-01",,derived_dated_observations,,https://coastwatch.noaa.gov/cwn/products/experimental-eddy-products.html,,,NOAA product-page and filename metadata; upstream data terms pending,,,2023-03-01,MUNSTER v1.0,True,,,NOAA CoastWatch / NOAA NESDIS STAR,1,,,,pending source terms audit,,,,,,"MUNSTER v1 daily eddy identification, 2023-03-01",7775,https://coastwatch.noaa.gov/data/pub0054/coastwatch/products/eddy_tracking/netcdf/munster/eddy_identification/MUNSTER_v1_eddyident_multi_global_daily_s20230301_e20230301.nc,"[""observation_sets""]"
,,,,0,,source:925109dc81fe55d9,OSW source ledger,gulf-stream-navo-front-20260928.json,,,,,,,,source-ledgers/gulf-stream-navo-front-20260928.json,,,,,,,,0,research/gulf-stream-navo-front-20260928.json,,,OSW authored; upstream terms still need audit,,,,,,,0,,[]
,,,,0,,source:925e3a91b83c0d5d,OSW source ledger,noaa-munster-eddy-state-20211201.json,,,,,,,,source-ledgers/noaa-munster-eddy-state-20211201.json,,,,,,,,0,research/noaa-munster-eddy-state-20211201.json,,,OSW authored; upstream terms still need audit,,,,,,,0,,[]
,,,,0,,source:92b89a3598bd1f0b,OSW source ledger,ocean-motion-claim-reviews.json,,,,,,,,source-ledgers/ocean-motion-claim-reviews.json,,,,,,,,0,research/ocean-motion-claim-reviews.json,,,OSW authored; upstream terms still need audit,,,,,,,0,,[]
,,,,0,,source:93c06b68de38d9ca,external,Marine Regions Gazetteer webservices,,gazetteer_name_crosswalk,,https://www.marineregions.org/disclaimer.php,,,source-page bibliographic metadata; current-use terms reviewed,,Flanders Marine Institute (2026). MarineRegions.org. Available online at https://www.marineregions.org/. Consulted 2026-09-29.,,,False,,,Flanders Marine Institute (VLIZ),12,,https://www.marineregions.org/disclaimer.php,2026-09-30,reviewed for current use; CC BY attribution,,,,,,Marine Regions Gazetteer webservices,12,https://www.marineregions.org/gazetteer.php?p=webservices,"[""entities"", ""names""]"
"[""Laura Ursella"", ""Pierre‐Marie Poulain"", ""Richard P. Signell""]",https://api.crossref.org/works/10.1029%2F2005JC003177,6dd25341b60707dc2ec0483d0622f7614b37b18ecceedc1970cd379932d5a8f7,,0,10.1029/2005JC003177,source:98d6a36e1d59ebcb,external,Surface drifter derived circulation in the northern and middle Adriatic Sea: Response to wind regime and season,,source_scoped_factual_claim,,https://api.crossref.org/works/10.1029%2F2005JC003177,Crossref deposited bibliography matched to DOI embedded in publisher URL; source content terms pending.,,source-page bibliographic metadata; current-use terms reviewed,,,,,False,2006-03,"[2006, 3]",American Geophysical Union (AGU),2,,https://www.copyright.gov/register/tx-databases.html,2026-09-30,reviewed for current use; linked factual assertions only,,,,,,Surface drifter derived circulation in the northern and middle Adriatic Sea: Response to wind regime and season,2,https://agupubs.onlinelibrary.wiley.com/doi/10.1029/2005JC003177,"[""entities"", ""names""]"
"[""H.M. van Aken"", ""A.K. van Veldhoven"", ""C. Veth"", ""W.P.M. de Ruijter"", ""P.J. van Leeuwen"", ""S.S. Drijfhout"", ""C.P. Whittle"", ""M. Rouault""]",https://api.crossref.org/works/10.1016%2FS0967-0645%2802%2900383-1,d1f3c3998a1aeba2271af1fbe51c1efe95816752afc3d431203b42342b2d91b7,,0,10.1016/S0967-0645(02)00383-1,source:9af17213e4a22c57,external,"Observations of a young Agulhas ring, Astrid, during MARE in March 2000",,source_scoped_factual_claim,,https://www.met.reading.ac.uk/~xv901096/research/Vanaken-2003.pdf,Title and Deep-Sea Research II date verified on PDF first page.,,source-page bibliographic metadata; current-use terms reviewed,,,,,False,2003,"[2003, 1]",Elsevier BV,4,,https://www.copyright.gov/register/tx-databases.html,2026-09-30,reviewed for current use; linked factual assertions only,,,00f15a476e1584ae8666d3ab5198d4139b4b63da5d2c78ca7ddd179ee3836776,,,"Observations of a young Agulhas ring, Astrid, during MARE in March 2000",4,https://www.met.reading.ac.uk/~xv901096/research/Vanaken-2003.pdf,"[""entities"", ""names""]"
,,,,0,,source:a0cafa9c716a91f6,external,Otolith growth chronologies: Investigating historic impacts of climate change on tropical fish,,source_scoped_factual_claim,,https://api.research-repository.uwa.edu.au/ws/portalfiles/portal/12257343/THESIS_DOCTOR_OF_PHILOSOPHY_ONG_Jia_Lin_Joyce_2017.pdf,"Thesis cover verified; the Leeuwin Current more-than-2,000-km statement appears on PDF page 108.",,source-page bibliographic metadata; current-use terms reviewed,,"Ong, Joyce Jia Lin (2017). Otolith growth chronologies: Investigating historic impacts of climate change on tropical fish. PhD thesis, The University of Western Australia. Source PDF: https://api.research-repository.uwa.edu.au/ws/portalfiles/portal/12257343/THESIS_DOCTOR_OF_PHILOSOPHY_ONG_Jia_Lin_Joyce_2017.pdf.",,,False,2017-01,,The University of Western Australia,3,,https://www.copyright.gov/register/tx-databases.html,2026-09-30,reviewed for current use; linked factual assertions only,,,e1f16eb0e915d31716ad8785d4809bab4ba1b70bc8b83d9b0a6a059d4ea39790,,,Otolith growth chronologies: Investigating historic impacts of climate change on tropical fish,3,https://api.research-repository.uwa.edu.au/ws/portalfiles/portal/12257343/THESIS_DOCTOR_OF_PHILOSOPHY_ONG_Jia_Lin_Joyce_2017.pdf,"[""entities"", ""names"", ""measurements""]"
"[""Ying Jang Yang"", ""Sen Jan"", ""Ming-Hueh Chang"", ""Joe Wang"", ""Vegan Mensah"", ""Tien-Hsia Kuo"", ""Cheng-ju Tsai"", ""Chung Yaung Lee"", ""Magdalena Andres"", ""Luca Centurioni"", ""Yu-Heng Tseng"", ""Wen-Der LIang"", ""Jian-Wu Lai""]",https://api.crossref.org/works/10.5670%2Foceanog.2015.83,4094a5d9e145b76d075b07ba2fd65f5ddb2bbe3e991ecc54a7f85f561a94121c,,0,10.5670/oceanog.2015.83,source:a21500fd4390acaf,external,Mean Structure and Fluctuations of the Kuroshio East of Taiwan from In Situ and Remote Observations,,source_scoped_factual_claim,,https://tos.org/oceanography/article/mean-structure-and-fluctuations-of-the-kuroshio-east-of-taiwan-from-in-situ,"The publisher page gives title, authors, DOI, issue, and publication date; PDF page 3 Introduction reports the approximate 3,000 km route from about 12°N to 35°N. Retrieved 2026-09-30: HTTP 200, application/pdf, 3,363,451 bytes, 11 PDF pages; source_file_sha256 pins the PDF bytes.",,source-page bibliographic metadata; current-use terms reviewed,,"Yang, Y. J., et al. (2015). Mean structure and fluctuations of the Kuroshio east of Taiwan from in situ and remote observations. Oceanography 28(4), 74–83. https://doi.org/10.5670/oceanog.2015.83.",,,False,2015-12-21,"[2015, 12, 1]",Oceanography / The Oceanography Society,1,,https://tos.org/oceanography/article/mean-structure-and-fluctuations-of-the-kuroshio-east-of-taiwan-from-in-situ,2026-09-30,reviewed for current use; linked factual assertion under article CC BY 4.0,,,0a2d1ea67cd157272d03e879b66e4b0f298c956e2ad9f69fc6b84d289299bef2,,,Mean Structure and Fluctuations of the Kuroshio East of Taiwan from In Situ and Remote Observations,1,https://tos.org/oceanography/assets/docs/28-4_yj-yang.pdf,"[""measurements""]"
,,,,0,,source:a24fc0ef01eff63d,OSW source ledger,navo-freddies-eddy-state-join-20260925.json,,,,,,,,source-ledgers/navo-freddies-eddy-state-join-20260925.json,,,,,,,,0,research/navo-freddies-eddy-state-join-20260925.json,,,OSW authored; upstream terms still need audit,,,,,,,0,,[]
"[""Matthew R. Archer"", ""Moninya Roughan"", ""Shane R. Keating"", ""Amandine Schaeffer""]",,,,0,10.1002/2017JC013097,source:a27aa78cffac61c5,external,"On the Variability of the East Australian Current: Jet Structure, Meandering, and Influence on Shelf Circulation",,source_scoped_factual_claim,https://api.crossref.org/works/10.1002%2F2017JC013097,,,8b6198d8d2b86661704fa04de80c5df65ff616482fef564f9489644741db4304,Crossref deposited bibliographic metadata; current-use terms reviewed,,,,,False,,"[2017, 11]",American Geophysical Union (AGU),2,,https://www.copyright.gov/register/tx-databases.html,2026-09-30,reviewed for current use; linked factual assertions only,,,,,,"On the Variability of the East Australian Current: Jet Structure, Meandering, and Influence on Shelf Circulation",2,https://doi.org/10.1002/2017JC013097,"[""entities"", ""names""]"
"[""Gengxin Chen"", ""Weiqing Han"", ""Tingting Zu"", ""Xiaoqing Chu"", ""Ju Chen""]",,,,0,10.1029/2022GL098163,source:a3441d003647d17d,external,The Deep‐Penetrating South Equatorial Undercurrent in the Tropical South Indian Ocean,,source_scoped_factual_claim,https://api.crossref.org/works/10.1029%2F2022GL098163,,,ab432de8a6e1ff79affb4ee8539ef605e0f9ed7e87a51af870213f6257ccdadd,Crossref deposited bibliographic metadata; current-use terms reviewed,,,,,False,,"[2022, 3, 23]",American Geophysical Union (AGU),2,,https://www.copyright.gov/register/tx-databases.html,2026-09-30,reviewed for current use; linked factual assertions only,,,,,,The Deep‐Penetrating South Equatorial Undercurrent in the Tropical South Indian Ocean,2,https://doi.org/10.1029/2022GL098163,"[""entities"", ""names""]"
,,,"The live register carries a 2026 Woods Hole Group, Inc. copyright notice; Horizon Marine is the named operating brand.",0,,source:a45eadc81e6d9330,external,Horizon Marine Loop Current eddies,,compiled_name_and_date_records,,https://www.horizonmarine.com/loop-current-eddies,"Public register title and brand; the page carries a Woods Hole Group, Inc. copyright notice but states no reuse terms for republishing the compilation.",,source-page bibliographic metadata; rights pending,,,,,True,,,"Horizon Marine, Inc.",192,,,,pending source terms audit,,,,,,Loop Current Eddies,192,https://www.horizonmarine.com/loop-current-eddies,"[""entities"", ""names""]"
,,,,0,,source:a4e3eb7c62ba0fcf,OSW source ledger,noaa-munster-eddy-state-20210301.json,,,,,,,,source-ledgers/noaa-munster-eddy-state-20210301.json,,,,,,,,0,research/noaa-munster-eddy-state-20210301.json,,,OSW authored; upstream terms still need audit,,,,,,,0,,[]
,,,,0,,source:a6d248678fda6cec,external,Regulatory Amendment 4 to the Fishery Management Plan for the Reef Fish Fishery of Puerto Rico and the U.S. Virgin Islands,,source_scoped_factual_claim,,https://repository.library.noaa.gov/view/noaa/4711/noaa_4711_DS1.pdf,"Title, lead agencies, and June 2013 date appear in report front matter; current name is in section 3.1.2.",,source-page bibliographic metadata; current-use terms reviewed,,"Caribbean Fishery Management Council and NOAA Fisheries (2013). Regulatory Amendment 4 to the Fishery Management Plan for the Reef Fish Fishery of Puerto Rico and the U.S. Virgin Islands, section 3.1.2, p. 13. https://repository.library.noaa.gov/view/noaa/4711/noaa_4711_DS1.pdf.",,,False,2013-06,,Caribbean Fishery Management Council and NOAA Fisheries,2,,https://repository.library.noaa.gov/view/noaa/4711/noaa_4711_DS1.pdf,2026-09-30,reviewed for current use; linked factual name only,,,,,,Regulatory Amendment 4 to the Fishery Management Plan for the Reef Fish Fishery of Puerto Rico and the U.S. Virgin Islands,2,https://repository.library.noaa.gov/view/noaa/4711/noaa_4711_DS1.pdf,"[""entities"", ""names""]"
,,,,0,,source:a9cf41fd1887dc49,OSW source ledger,ocean-current-almanac.json,,,,,,,,source-ledgers/ocean-current-almanac.json,,,,,,,,8,research/ocean-current-almanac.json,,,OSW authored; upstream terms still need audit,,,,,,,8,,"[""names""]"
"[""Evan Mason"", ""Simón Ruiz"", ""Romain Bourdalle-Badie"", ""Guillaume Reffray"", ""Marcos García-Sotillo"", ""Ananda Pascual""]",https://api.crossref.org/works/10.5194%2Fos-15-1111-2019,420272338a07bc3d44acec6238c66c5d30951f34498c16c4bb32c0c2ec7b0201,Publisher article states Creative Commons Attribution 4.0; cite authors and source.,0,10.5194/os-15-1111-2019,source:aa4628da93c945aa,external,New insight into 3-D mesoscale eddy properties from CMEMS operational models in the western Mediterranean,,source_scoped_factual_claim,,https://os.copernicus.org/articles/15/1111/2019/,"Publisher article title, DOI, date, and CC BY 4.0 notice verified.",f45a0d46079efabe51ec16aefe7e9e183b9c1013d6dc209df7bd9ad3fa372aa5,source-page bibliographic metadata; current-use terms reviewed,,,,,False,2019-08-20,"[2019, 8, 20]",Copernicus Publications,2,,https://www.copyright.gov/register/tx-databases.html,2026-09-30,reviewed for current use; linked factual assertions only,,,,,,New insight into 3-D mesoscale eddy properties from CMEMS operational models in the western Mediterranean,2,https://os.copernicus.org/articles/15/1111/2019/,"[""entities"", ""names""]"
,,,"Written by Esprit Smith, NASA Earth Science News team; Jet Propulsion Laboratory, Pasadena, California",0,,source:aea8e8e51d3f578f,external,Seal Takes Ocean Heat Transport Data to New Depths,,source_scoped_factual_claim,,https://www.nasa.gov/centers-and-facilities/jpl/seal-takes-ocean-heat-transport-data-to-new-depths/,"NASA article title, December 4, 2019 publication date, writing credit, and alternate approximate ACC extent of 13,000 miles (21,000 km) verified. This is a source-specific variant, not the selected ranked current length.",,source-page bibliographic metadata; current-use terms reviewed,,,,,False,2019-12-04,,NASA Jet Propulsion Laboratory,1,,https://www.nasa.gov/nasa-brand-center/images-and-media/,2026-09-30,reviewed for current use; linked factual length variant only,,,,,,Seal Takes Ocean Heat Transport Data to New Depths,1,https://www.nasa.gov/centers-and-facilities/jpl/seal-takes-ocean-heat-transport-data-to-new-depths/,"[""measurements""]"
,,,,0,,source:b038491b0e5a3967,OSW source ledger,ocean-current-state-relation-matrix.json,,,,,,,,source-ledgers/ocean-current-state-relation-matrix.json,,,,,,,,5712,research/ocean-current-state-relation-matrix.json,,,OSW authored; upstream terms still need audit,,,,,,,5712,,"[""entities"", ""names"", ""relations""]"
,,,,0,,source:b1016cce3ed2285c,OSW source ledger,navo-freddies-eddy-snapshot-20260925.json,,,,,,,,source-ledgers/navo-freddies-eddy-snapshot-20260925.json,,,,,,,,0,research/navo-freddies-eddy-snapshot-20260925.json,,,OSW authored; upstream terms still need audit,,,,,,,0,,[]
,,,Data courtesy of NOAA; Sentinel Data courtesy of Copernicus Program; Generated using AVISO+ Products,7779,,source:baa8421d15db9e0a,external,"MUNSTER v1 daily eddy identification, 2021-09-01",,derived_dated_observations,,https://coastwatch.noaa.gov/cwn/products/experimental-eddy-products.html,,,NOAA product-page and filename metadata; upstream data terms pending,,,2021-09-01,MUNSTER v1.0,True,,,NOAA CoastWatch / NOAA NESDIS STAR,1,,,,pending source terms audit,,,,,,"MUNSTER v1 daily eddy identification, 2021-09-01",7780,https://coastwatch.noaa.gov/data/pub0054/coastwatch/products/eddy_tracking/netcdf/munster/eddy_identification/MUNSTER_v1_eddyident_multi_global_daily_s20210901_e20210901.nc,"[""observation_sets""]"
"[""John A. Reilly"", ""Christopher C. Chapman"", ""Courtney Quinn"", ""Jules B. Kajtar"", ""Ashley J. Barnes"", ""Neil J. Holbrook""]",https://api.crossref.org/works/10.5194%2Fgmd-19-3853-2026,4c6c7c1f619498657a98f2eb4f092be1479ecbe2509f1e119ce86e06cd24ed4b,Publisher article states Creative Commons Attribution 4.0; cite authors and source.,0,10.5194/gmd-19-3853-2026,source:bc07ae7317e29ce9,external,Two-tier MOM6 regional modelling suite of the East Australian Current system,,source_scoped_factual_claim,,https://gmd.copernicus.org/articles/19/3853/2026/,"Publisher article title, DOI, date, and CC BY 4.0 notice verified.",,source-page bibliographic metadata; current-use terms reviewed,,,,,False,2026-05-13,"[2026, 5, 13]",Copernicus Publications,1,,https://www.copyright.gov/register/tx-databases.html,2026-09-30,reviewed for current use; linked factual assertions only,,,,,,Two-tier MOM6 regional modelling suite of the East Australian Current system,1,https://gmd.copernicus.org/articles/19/3853/2026/,"[""measurements""]"
,,,NASA/Goddard Space Flight Center Scientific Visualization Studio,0,,source:bc3cba63d159d9f9,external,Perpetual Ocean,,media_navigation_and_source_description,https://svs.gsfc.nasa.gov/api/3827/,https://svs.gsfc.nasa.gov/3827,NASA SVS page explicitly provides the item-specific credit line and original release date; no page DOI found in the reviewed page.,7afc1ae4ac7b250c5b24994c939001c0f31719b5e29c0945236a65cebd59779b,NASA SVS API bibliographic metadata; media current-use terms reviewed,,"NASA/Goddard Space Flight Center Scientific Visualization Studio (2011). Perpetual Ocean. NASA Scientific Visualization Studio, page 3827. https://svs.gsfc.nasa.gov/3827.",,,False,2011-08-15,,NASA Scientific Visualization Studio,6,,https://svs.gsfc.nasa.gov/help/,2026-09-30,reviewed for current use; source links and factual descriptions only,"[{""people"": [""Greg Shirah"", ""Horace Mitchell""], ""role"": ""Animator""}, {""people"": [""Victoria Weeks""], ""role"": ""Video editor""}, {""people"": [""Hong Zhang"", ""Dimitris Menemenlis""], ""role"": ""Scientist""}]",,,,2025-03-16T22:02:32.894711-04:00,Perpetual Ocean,6,https://svs.gsfc.nasa.gov/3827,"[""entities"", ""names""]"
"[""David C. Chapman"", ""Robert C. Beardsley""]",,,,0,10.1175/1520-0485(1989)019<0384:OTOOSW>2.0.CO;2,source:bcde6ef21698b592,external,On the Origin of Shelf Water in the Middle Atlantic Bight,,source_scoped_factual_claim,https://api.crossref.org/works/10.1175%2F1520-0485%281989%29019%3C0384%3AOTOOSW%3E2.0.CO%3B2,,,aedcfe4992fe5b373ad085cf10efaa1a379719a805e5ca5636596d9d66e9497a,Crossref deposited bibliographic metadata; current-use terms reviewed,,,,,False,,"[1989, 3]",American Meteorological Society,3,,https://www.copyright.gov/register/tx-databases.html,2026-09-30,reviewed for current use; linked factual assertions only,,,,,,On the Origin of Shelf Water in the Middle Atlantic Bight,3,https://doi.org/10.1175/1520-0485(1989)019%3C0384:OTOOSW%3E2.0.CO;2,"[""entities"", ""names"", ""measurements""]"
,,,,0,,source:c0d02658e443d2f9,OSW source ledger,noaa-munster-eddy-state-20230901.json,,,,,,,,source-ledgers/noaa-munster-eddy-state-20230901.json,,,,,,,,0,research/noaa-munster-eddy-state-20230901.json,,,OSW authored; upstream terms still need audit,,,,,,,0,,[]
,,,,0,,source:c21ed6a9393b8dc3,external,Perpetual Ocean 2: Equirectangular — media group 379442,,media_navigation_and_source_description,https://svs.gsfc.nasa.gov/api/5505/,,,13d6640de35f1499355a68e72c909f24108ca9a868cd8a3431e08541d52616a5,NASA SVS API bibliographic metadata; media rights pending,,,,,False,2024-03-25,,NASA Scientific Visualization Studio,0,,,,pending source terms audit,"[{""people"": [""Greg Shirah"", ""Horace Mitchell""], ""role"": ""Data visualizer""}, {""people"": [""Atousa Saberi""], ""role"": ""Scientist""}]",,,,2026-01-15T12:35:09.587058-05:00,Perpetual Ocean 2: Equirectangular — media group 379442,0,https://svs.gsfc.nasa.gov/5505#media_group_379442,[]
"[""J.R. Donguy"", ""Gary Meyers""]",https://api.crossref.org/works/10.1016%2F0967-0637%2895%2900047-A,8a07f4092f40184ff5fe83ea5f40f1d287ae2bdf7c711172ba179adaa2a8b2f9,,0,10.1016/0967-0637(95)00047-A,source:c247b938a92e3283,external,Observations of geostrophic transport variability in the western tropical Indian Ocean,,source_scoped_factual_claim,,https://horizon.documentation.ird.fr/exl-doc/pleins_textes/pleins_textes_6/b_fdi_45-46/010007560.pdf,"Article title, year, journal, and publisher copyright verified on PDF page 1; repository hosting does not change publisher terms.",,source-page bibliographic metadata; current-use terms reviewed,,,,,False,1995,"[1995, 6]",Elsevier Science Ltd,2,,https://www.copyright.gov/register/tx-databases.html,2026-09-30,reviewed for current use; linked factual assertions only,,,,,,Observations of geostrophic transport variability in the western tropical Indian Ocean,2,https://horizon.documentation.ird.fr/exl-doc/pleins_textes/pleins_textes_6/b_fdi_45-46/010007560.pdf,"[""entities"", ""names""]"
"[""E. Aguiar"", ""B. Mourre"", ""A. Alvera‐Azcárate"", ""A. Pascual"", ""E. Mason"", ""J. Tintoré""]",https://api.crossref.org/works/10.1029%2F2021JC017589,0d06b877c5a3b6e1e0ced3593287191c79a48396d4ba5c860f17000e043e603c,,0,10.1029/2021JC017589,source:c3ef18f86167e197,external,"Strong Long‐Lived Anticyclonic Mesoscale Eddies in the Balearic Sea: Formation, Intensification, and Thermal Impact",,source_scoped_factual_claim,,https://api.crossref.org/works/10.1029%2F2021JC017589,Crossref deposited bibliography matched to DOI embedded in publisher URL; source content terms pending.,,source-page bibliographic metadata; current-use terms reviewed,,,,,False,2022-05,"[2022, 5]",American Geophysical Union (AGU),2,,https://www.copyright.gov/register/tx-databases.html,2026-09-30,reviewed for current use; linked factual assertions only,,,,,,"Strong Long‐Lived Anticyclonic Mesoscale Eddies in the Balearic Sea: Formation, Intensification, and Thermal Impact",2,https://agupubs.onlinelibrary.wiley.com/doi/10.1029/2021JC017589,"[""entities"", ""names""]"
,,,,0,,source:c51d7d4ead011df0,OSW source ledger,ocean-motion-taxonomy.json,,,,,,,,source-ledgers/ocean-motion-taxonomy.json,,,,,,,,0,research/ocean-motion-taxonomy.json,,,OSW authored; upstream terms still need audit,,,,,,,0,,[]
,,,NASA's Goddard Space Flight Center,0,,source:c6b550d8fc8d0812,external,Perpetual Ocean — media group 350681,,media_navigation_and_source_description,,https://svs.gsfc.nasa.gov/10841,Citation and exact credit inherited from the NASA SVS parent release; this locator is not an independent visualization release.,,source-page bibliographic metadata; current-use terms reviewed,,"NASA's Goddard Space Flight Center (2011). Perpetual Ocean. NASA Scientific Visualization Studio, page 10841. https://svs.gsfc.nasa.gov/10841. Media group reference. Direct locator: https://svs.gsfc.nasa.gov/10841#media_group_350681.",,,False,2011-11-10,,NASA Scientific Visualization Studio,1,,https://svs.gsfc.nasa.gov/help/,2026-09-30,reviewed for current use; source links and factual descriptions only,,,,,,Perpetual Ocean — media group 350681,1,https://svs.gsfc.nasa.gov/10841#media_group_350681,"[""relations""]"
,,,,0,,source:c6fba58548d92e28,OSW source ledger,ocean-current-gate-distances.json,,,,,,,,source-ledgers/ocean-current-gate-distances.json,,,,,,,,0,research/ocean-current-gate-distances.json,,,OSW authored; upstream terms still need audit,,,,,,,0,,[]
"[""Andrew F. Thompson"", ""Andrew L. Stewart"", ""Paul Spence"", ""Karen J. Heywood""]",,,,0,10.1029/2018RG000624,source:c81191f8e01b20c1,external,The Antarctic Slope Current in a Changing Climate,,source_scoped_factual_claim,https://api.crossref.org/works/10.1029%2F2018RG000624,https://agupubs.onlinelibrary.wiley.com/doi/10.1029/2018rg000624,"Publisher page and pinned Crossref receipt agree on title, authors and DOI; first online 30 November 2018, December issue.",56bd68f62208fa9d5618e2dd317687c7cfdd8a928f40836ebd19919f56a7022e,Crossref deposited bibliographic metadata; current-use terms reviewed,,"Thompson, A. F., Stewart, A. L., Spence, P., and Heywood, K. J. (2018). The Antarctic Slope Current in a Changing Climate. Reviews of Geophysics 56, 741-770. doi:10.1029/2018RG000624.",,,False,,"[2018, 12]",American Geophysical Union (AGU),6,,plans/ocean-motion-linked-facts-use-decision.md,2026-10-02,reviewed for current use; linked factual metadata only,,,,,,The Antarctic Slope Current in a Changing Climate,6,https://doi.org/10.1029/2018RG000624,"[""entities"", ""names"", ""measurements"", ""classification_vocabularies"", ""relations""]"
"[""Qiru Wu"", ""Lina Yang"", ""Peng Liang""]",,,,0,10.1029/2025JC023053,source:cb7e6dd38745baf6,external,Seasonal and Interannual Variability of the Pacific South Equatorial Countercurrent Based on Argo Profiles,,source_scoped_factual_claim,https://api.crossref.org/works/10.1029%2F2025JC023053,,,66251ffdd1f1fe09ad87b7b9fcadf1da23dd98891298f8b466e9b57a55cddf7b,Crossref deposited bibliographic metadata; current-use terms reviewed,,,,,False,,"[2026, 1]",American Geophysical Union (AGU),2,,https://www.copyright.gov/register/tx-databases.html,2026-09-30,reviewed for current use; linked factual assertions only,,,,,,Seasonal and Interannual Variability of the Pacific South Equatorial Countercurrent Based on Argo Profiles,2,https://doi.org/10.1029/2025JC023053,"[""entities"", ""names""]"
,,,,0,,source:cf48965417b6de35,OSW source ledger,noaa-munster-eddy-seasonal-manifest-2021-2023.json,,,,,,,,source-ledgers/noaa-munster-eddy-seasonal-manifest-2021-2023.json,,,,,,,,0,research/noaa-munster-eddy-seasonal-manifest-2021-2023.json,,,OSW authored; upstream terms still need audit,,,,,,,0,,[]
"[""Linlin Zhang"", ""Jie Wu"", ""Fujun Wang"", ""Shijian Hu"", ""Qingye Wang"", ""Fan Jia"", ""Fan Wang"", ""Dunxin Hu""]",,,,0,10.1029/2020JC016242,source:cf5083b4d12d5cf1,external,Seasonal and Interannual Variability of the Currents off the New Guinea Coast From Mooring Measurements,,source_scoped_factual_claim,https://api.crossref.org/works/10.1029%2F2020JC016242,,,f659175678159273dd159334dd2eccb4f63be2cbe3617e53bce1d2f6a18428af,Crossref deposited bibliographic metadata; current-use terms reviewed,,,,,False,,"[2020, 11, 27]",American Geophysical Union (AGU),2,,https://www.copyright.gov/register/tx-databases.html,2026-09-30,reviewed for current use; linked factual assertions only,,,,,,Seasonal and Interannual Variability of the Currents off the New Guinea Coast From Mooring Measurements,2,https://doi.org/10.1029/2020JC016242,"[""entities"", ""names""]"
,,,,0,,source:d35c9b294dd4c44b,external,What is the Loop Current?,,source_scoped_factual_claim,,https://oceanservice.noaa.gov/facts/loopcurrent.html,"NOAA page identifies the author as NOAA and shows last updated 09/23/26; this is an update date, not an inferred original publication date.",,source-page bibliographic metadata; current-use terms reviewed,,NOAA National Ocean Service (updated 2026-09-23). What is the Loop Current? https://oceanservice.noaa.gov/facts/loopcurrent.html. Consulted 2026-09-30.,,,False,,,NOAA National Ocean Service,2,,https://www.copyright.gov/register/tx-databases.html,2026-09-30,reviewed for current use; linked factual assertions only,,,,,2026-09-23,What is the Loop Current?,2,https://oceanservice.noaa.gov/facts/loopcurrent.html,"[""entities"", ""names""]"
,,,NASA's Scientific Visualization Studio,0,,source:d4e82da0872ed45c,external,Perpetual Ocean 2: Equirectangular,,media_navigation_and_source_description,https://svs.gsfc.nasa.gov/api/5505/,https://svs.gsfc.nasa.gov/5505,NASA SVS page explicitly provides the item-specific credit line and original release date; no page DOI found in the reviewed page.,13d6640de35f1499355a68e72c909f24108ca9a868cd8a3431e08541d52616a5,NASA SVS API bibliographic metadata; media current-use terms reviewed,,"NASA's Scientific Visualization Studio (2024). Perpetual Ocean 2: Equirectangular. NASA Scientific Visualization Studio, page 5505. https://svs.gsfc.nasa.gov/5505.",,,False,2024-03-25,,NASA Scientific Visualization Studio,82,,https://svs.gsfc.nasa.gov/help/,2026-09-30,reviewed for current use; source links and factual descriptions only,"[{""people"": [""Greg Shirah"", ""Horace Mitchell""], ""role"": ""Data visualizer""}, {""people"": [""Atousa Saberi""], ""role"": ""Scientist""}]",,,,2026-01-15T12:35:09.587058-05:00,Perpetual Ocean 2: Equirectangular,82,https://svs.gsfc.nasa.gov/5505,"[""entities"", ""names"", ""footprint_movie_context"", ""tiles""]"
,,,Data courtesy of NOAA; Sentinel Data courtesy of Copernicus Program; Generated using AVISO+ Products,7747,,source:d51c5e94e62847d2,external,"MUNSTER v1 daily eddy identification, 2022-03-01",,derived_dated_observations,,https://coastwatch.noaa.gov/cwn/products/experimental-eddy-products.html,,,NOAA product-page and filename metadata; upstream data terms pending,,,2022-03-01,MUNSTER v1.0,True,,,NOAA CoastWatch / NOAA NESDIS STAR,1,,,,pending source terms audit,,,,,,"MUNSTER v1 daily eddy identification, 2022-03-01",7748,https://coastwatch.noaa.gov/data/pub0054/coastwatch/products/eddy_tracking/netcdf/munster/eddy_identification/MUNSTER_v1_eddyident_multi_global_daily_s20220301_e20220301.nc,"[""observation_sets""]"
,,,,0,,source:d65455d9259bb212,OSW source ledger,gulf-stream-geostrophic-path-20260925.json,,,,,,,,source-ledgers/gulf-stream-geostrophic-path-20260925.json,,,,,,,,0,research/gulf-stream-geostrophic-path-20260925.json,,,OSW authored; upstream terms still need audit,,,,,,,0,,[]
,,,Data courtesy of NOAA; Sentinel Data courtesy of Copernicus Program; Generated using AVISO+ Products,7622,,source:d7c309578bbffa22,external,"MUNSTER v1 daily eddy identification, 2023-09-01",,derived_dated_observations,,https://coastwatch.noaa.gov/cwn/products/experimental-eddy-products.html,,,NOAA product-page and filename metadata; upstream data terms pending,,,2023-09-01,MUNSTER v1.0,True,,,NOAA CoastWatch / NOAA NESDIS STAR,1,,,,pending source terms audit,,,,,,"MUNSTER v1 daily eddy identification, 2023-09-01",7623,https://coastwatch.noaa.gov/data/pub0054/coastwatch/products/eddy_tracking/netcdf/munster/eddy_identification/MUNSTER_v1_eddyident_multi_global_daily_s20230901_e20230901.nc,"[""observation_sets""]"
,,,,0,,source:da5e71d72e03e4cb,OSW source ledger,ocean-motion-source-metadata-overrides.json,,,,,,,,source-ledgers/ocean-motion-source-metadata-overrides.json,,,,,,,,0,research/ocean-motion-source-metadata-overrides.json,,,OSW authored; upstream terms still need audit,,,,,,,0,,[]
,,,NASA's Scientific Visualization Studio,0,,source:dc4ecdce7e297345,external,Perpetual Ocean 2: Western Boundary Currents,,media_navigation_and_source_description,https://svs.gsfc.nasa.gov/api/5425/,https://svs.gsfc.nasa.gov/5425,NASA SVS page explicitly provides the item-specific credit line and original release date; no page DOI found in the reviewed page.,8dfd516a451995fd136b7e54988ce27973c39ea582fa5450f51505c5d0677a60,NASA SVS API bibliographic metadata; media current-use terms reviewed,,"NASA's Scientific Visualization Studio (2025). Perpetual Ocean 2: Western Boundary Currents. NASA Scientific Visualization Studio, page 5425. https://svs.gsfc.nasa.gov/5425.",,,False,2025-02-27,,NASA Scientific Visualization Studio,22,,https://svs.gsfc.nasa.gov/help/,2026-09-30,reviewed for current use; source links and factual descriptions only,"[{""people"": [""Greg Shirah"", ""Horace Mitchell""], ""role"": ""Visualizer""}, {""people"": [""Laurence Schuler"", ""Ian Jones""], ""role"": ""Technical support""}, {""people"": [""Atousa Saberi"", ""Josh Willis""], ""role"": ""Scientist""}, {""people"": [""Kathleen Gaeta""], ""role"": ""Producer""}]",,,,2025-05-20T13:45:29.041835-04:00,Perpetual Ocean 2: Western Boundary Currents,22,https://svs.gsfc.nasa.gov/5425,"[""entities"", ""names""]"
,,,,0,,source:df04e92fab7c4ca8,external,Origins of low-frequency variations in the Malvinas Current volume transport since 1992.,,source_scoped_factual_claim,,https://meetingorganizer.copernicus.org/EGU2009/EGU2009-12242.pdf,"One-page conference abstract header supplies title, author initials, volume 11, EGU2009-12242 and year 2009; opening sentence reports 2000 km northward loop. No DOI or journal peer-review status is asserted.",,source-page bibliographic metadata; current-use terms reviewed,,"Spadone, A., Provost, C., and Sennechael, N. (2009). Origins of low-frequency variations in the Malvinas Current volume transport since 1992. Geophysical Research Abstracts 11, EGU2009-12242, EGU General Assembly 2009. https://meetingorganizer.copernicus.org/EGU2009/EGU2009-12242.pdf",,,False,2009,,Geophysical Research Abstracts / EGU General Assembly,1,,plans/ocean-motion-linked-facts-use-decision.md,2026-10-02,reviewed for current use; linked factual metadata only,,2026-10-02,e96e77a8eea2cac63154ad2475ebd5273ff27617d3326572ada13ba357cf1ba3,https://meetingorganizer.copernicus.org/EGU2009/EGU2009-12242.pdf,,Origins of low-frequency variations in the Malvinas Current volume transport since 1992.,1,https://meetingorganizer.copernicus.org/EGU2009/EGU2009-12242.pdf,"[""measurements""]"
"[""Amy S. Bower"", ""Laurence Armi"", ""Isabel Ambar""]",https://api.crossref.org/works/10.1175%2F1520-0485%281997%29027%3C2545%3ALOOMFD%3E2.0.CO%3B2,7f3f53abb572517c66060f4e92903a0573e77d3a0a3c5fb1ed0d321bd82f9503,,0,10.1175/1520-0485(1997)027<2545:LOOMFD>2.0.CO;2,source:df7738bef79549ad,external,Lagrangian Observations of Meddy Formation during A Mediterranean Undercurrent Seeding Experiment,,source_scoped_factual_claim,,https://journals.ametsoc.org/view/journals/phoc/27/12/1520-0485_1997_027_2545_loomfd_2.0.co_2.xml,Publisher-indexed article title and DOI verified.,,source-page bibliographic metadata; current-use terms reviewed,,,,,False,1997,"[1997, 12]",American Meteorological Society,2,,https://www.copyright.gov/register/tx-databases.html,2026-09-30,reviewed for current use; linked factual assertions only,,,,,,Lagrangian Observations of Meddy Formation during A Mediterranean Undercurrent Seeding Experiment,2,https://journals.ametsoc.org/view/journals/phoc/27/12/1520-0485_1997_027_2545_loomfd_2.0.co_2.xml,"[""entities"", ""names""]"
"[""Gregory C Johnson"", ""Bernadette M Sloyan"", ""William S Kessler"", ""Kristene E McTaggart""]",https://api.crossref.org/works/10.1016%2FS0079-6611%2802%2900021-6,d5c122b2dfde686175023eb1ce5e77ae1734ef5c07556e8df4c3ff20618b2689,NOAA PMEL hosted article states copyright 2002 Elsevier Science Ltd. and forbids further electronic distribution.,0,10.1016/S0079-6611(02)00021-6,source:df8a86f107aba236,external,Direct measurements of upper ocean currents and water properties across the tropical Pacific Ocean during the 1990's,,source_scoped_factual_claim,,https://www.pmel.noaa.gov/public/pmel/publications-search/search_abstract.php?fmContributionNum=2337,Official PMEL publication record supplies the full title; hosted article supplies copyright notice. OSW links to the page and does not redistribute it.,4403f3f675492f5db5b90a9bae0e553ec11a97d2c4c6a891623660dec65cddf3,source-page bibliographic metadata; current-use terms reviewed,,,,,False,2002,"[2002, 1]",Elsevier Science Ltd.,6,,https://www.copyright.gov/register/tx-databases.html,2026-09-30,reviewed for current use; linked factual assertions only,,,,,,Direct measurements of upper ocean currents and water properties across the tropical Pacific Ocean during the 1990's,6,https://www.pmel.noaa.gov/pubs/outstand/john2337/zonal_velocity.shtml,"[""entities"", ""names""]"
,,,,0,,source:e3268e42f7b29cfe,OSW source ledger,noaa-munster-eddy-state-20230301.json,,,,,,,,source-ledgers/noaa-munster-eddy-state-20230301.json,,,,,,,,0,research/noaa-munster-eddy-state-20230301.json,,,OSW authored; upstream terms still need audit,,,,,,,0,,[]
,,,NASA's Goddard Space Flight Center,0,,source:e43453cd59a7caec,external,An Ocean in Motion: NASA's Mesmerizing View of Earth's Underwater Highways,,media_navigation_and_source_description,https://svs.gsfc.nasa.gov/api/14745/,https://svs.gsfc.nasa.gov/14745,NASA SVS page explicitly provides the item credit and a Citing this page DOI.,775097d8adbd4e1176cc01a29e0de95ea713b1037f03bd16c47f97a7c7d16e60,NASA SVS API bibliographic metadata; media current-use terms reviewed,,"NASA's Goddard Space Flight Center (2025). An Ocean in Motion: NASA's Mesmerizing View of Earth's Underwater Highways. NASA Scientific Visualization Studio, page 14745. https://svs.gsfc.nasa.gov/14745. DOI: 10.5281/zenodo.16782525.",,,False,2025-02-28,,NASA Scientific Visualization Studio,14,,https://svs.gsfc.nasa.gov/help/,2026-09-30,reviewed for current use; source links and factual descriptions only,"[{""people"": [""Aaron E. Lepsch""], ""role"": ""Technical support""}, {""people"": [""Kathleen Gaeta Greer""], ""role"": ""Producer""}, {""people"": [""Josh Willis""], ""role"": ""Scientist""}, {""people"": [""Greg Shirah"", ""Atousa Saberi""], ""role"": ""Visualizer""}]",,,,2025-04-15T16:44:04.323581-04:00,An Ocean in Motion: NASA's Mesmerizing View of Earth's Underwater Highways,14,https://svs.gsfc.nasa.gov/14745,"[""entities"", ""names""]"
,,,Data courtesy of NOAA; Sentinel Data courtesy of Copernicus Program; Generated using AVISO+ Products,7645,,source:e53280f4d49e1896,external,"MUNSTER v1 daily eddy identification, 2021-03-01",,derived_dated_observations,,https://coastwatch.noaa.gov/cwn/products/experimental-eddy-products.html,,,NOAA product-page and filename metadata; upstream data terms pending,,,2021-03-01,MUNSTER v1.0,True,,,NOAA CoastWatch / NOAA NESDIS STAR,1,,,,pending source terms audit,,,,,,"MUNSTER v1 daily eddy identification, 2021-03-01",7646,https://coastwatch.noaa.gov/data/pub0054/coastwatch/products/eddy_tracking/netcdf/munster/eddy_identification/MUNSTER_v1_eddyident_multi_global_daily_s20210301_e20210301.nc,"[""observation_sets""]"
"[""Prasad G. Thoppil"", ""Clark D. Rowley"", ""Patrick J. Hogan"", ""James Stear""]",https://api.crossref.org/works/10.1016%2Fj.pocean.2025.103529,0d48e29e78a2c93dc7cacda3c07cf7555c308b3b006b6e1b5e5ed88837fed274,"Thoppil, Rowley, Hogan, and Stear (2025)",0,10.1016/j.pocean.2025.103529,source:e5cc996fb82aae2f,external,Evaluating the performance of an ensemble forecast system in predicting Loop Current Eddy separation in the Gulf of Mexico,,source_scoped_factual_claim,,https://repository.library.noaa.gov/view/noaa/71031,"NOAA repository lists the journal citation, DOI, CC BY 4.0 license, and PDF; OSW records four dated Thor/Ursa event statements from the pinned PDF, without copying figure geometry.",,source-page bibliographic metadata; current-use terms reviewed,,,,,False,2025-09,"[2025, 9]",Progress in Oceanography / Elsevier; NOAA Institutional Repository copy,4,,https://repository.library.noaa.gov/view/noaa/71031,2026-09-30,reviewed for current use; article CC BY 4.0 attribution,,,051dc76cf47b625c040576a2d75f27c1979e188ca1c35904af5a6d24bd018ad5,,,Evaluating the performance of an ensemble forecast system in predicting Loop Current Eddy separation in the Gulf of Mexico,4,https://repository.library.noaa.gov/view/noaa/71031,"[""named_eddy_source_observations""]"
"[""Cristina Serena Russo"", ""Jennifer Veitch"", ""Matthew Carr"", ""Giles Fearon"", ""Christo Whittle""]",https://api.crossref.org/works/10.3389%2Ffmars.2022.837906,eba25c8b43d12639916168731e323e8ce99b6c6c94ddf9d74e06e32e66f794ac,,0,10.3389/fmars.2022.837906,source:e60490bb3f4df65b,external,An Intercomparison of Global Reanalysis Products for Southern Africa’s Major Oceanographic Features,,source_scoped_factual_claim,,https://www.frontiersin.org/journals/marine-science/articles/10.3389/fmars.2022.837906/full,"Publisher article title, DOI, and date verified.",,source-page bibliographic metadata; current-use terms reviewed,,,,,False,2022-03-11,"[2022, 3, 11]",Frontiers Media SA,1,,https://www.copyright.gov/register/tx-databases.html,2026-09-30,reviewed for current use; linked factual assertions only,,,,,,An Intercomparison of Global Reanalysis Products for Southern Africa’s Major Oceanographic Features,1,https://www.frontiersin.org/journals/marine-science/articles/10.3389/fmars.2022.837906/full,"[""measurements""]"
,,,,0,,source:e9c89a1eccec47e5,OSW source ledger,ocean-motion-source-use-reviews.json,,,,,,,,source-ledgers/ocean-motion-source-use-reviews.json,,,,,,,,0,research/ocean-motion-source-use-reviews.json,,,OSW authored; upstream terms still need audit,,,,,,,0,,[]
,,,,0,,source:ea34365c85065b9c,OSW source ledger,noaa-munster-eddy-state-20220601.json,,,,,,,,source-ledgers/noaa-munster-eddy-state-20220601.json,,,,,,,,0,research/noaa-munster-eddy-state-20220601.json,,,OSW authored; upstream terms still need audit,,,,,,,0,,[]
,,,Data courtesy of NOAA; Sentinel Data courtesy of Copernicus Program; Generated using AVISO+ Products,7699,,source:eb7c2d655f221f03,external,"MUNSTER v1 daily eddy identification, 2023-06-01",,derived_dated_observations,,https://coastwatch.noaa.gov/cwn/products/experimental-eddy-products.html,,,NOAA product-page and filename metadata; upstream data terms pending,,,2023-06-01,MUNSTER v1.0,True,,,NOAA CoastWatch / NOAA NESDIS STAR,1,,,,pending source terms audit,,,,,,"MUNSTER v1 daily eddy identification, 2023-06-01",7700,https://coastwatch.noaa.gov/data/pub0054/coastwatch/products/eddy_tracking/netcdf/munster/eddy_identification/MUNSTER_v1_eddyident_multi_global_daily_s20230601_e20230601.nc,"[""observation_sets""]"
"[""Puthenveettil Narayana Menon Vinayachandran"", ""Yukio Masumoto"", ""Michael J. Roberts"", ""Jenny A. Huggett"", ""Issufo Halo"", ""Abhisek Chatterjee"", ""Prakash Amol"", ""Garuda V. M. Gupta"", ""Arvind Singh"", ""Arnab Mukherjee"", ""Satya Prakash"", ""Lynnath E. Beckley"", ""Eric Jorden Raes"", ""Raleigh Hood""]",https://api.crossref.org/works/10.5194%2Fbg-18-5967-2021,4f265aef9047b899b025307502ff0dfff6ac45cd6951db3dd411ac77df915255,Publisher article states Creative Commons Attribution 4.0; cite authors and source.,0,10.5194/bg-18-5967-2021,source:ef2c46e173e203ae,external,Reviews and syntheses: Physical and biogeochemical processes associated with upwelling in the Indian Ocean,,source_scoped_factual_claim,,https://bg.copernicus.org/articles/18/5967/2021/,Publisher article title and DOI verified; full date left unconfirmed.,,source-page bibliographic metadata; current-use terms reviewed,,,,,False,2021,"[2021, 11, 23]",Copernicus Publications,1,,https://www.copyright.gov/register/tx-databases.html,2026-09-30,reviewed for current use; linked factual assertions only,,,,,,Reviews and syntheses: Physical and biogeochemical processes associated with upwelling in the Indian Ocean,1,https://bg.copernicus.org/articles/18/5967/2021/,"[""measurements""]"
,,,NASA's Goddard Space Flight Center,0,,source:f70fe484befb3f44,external,Perpetual Ocean,,media_navigation_and_source_description,https://svs.gsfc.nasa.gov/api/10841/,https://svs.gsfc.nasa.gov/10841,NASA SVS page explicitly provides the item-specific credit line and original release date; no page DOI found in the reviewed page.,fa520761c94b9f199f69c07c49dca74c916dacaefb1931c0b618b0bac56e2233,NASA SVS API bibliographic metadata; media current-use terms reviewed,,"NASA's Goddard Space Flight Center (2011). Perpetual Ocean. NASA Scientific Visualization Studio, page 10841. https://svs.gsfc.nasa.gov/10841.",,,False,2011-11-10,,NASA Scientific Visualization Studio,4,,https://svs.gsfc.nasa.gov/help/,2026-09-30,reviewed for current use; source links and factual descriptions only,"[{""people"": [""Greg Shirah"", ""Horace Mitchell""], ""role"": ""Animator""}, {""people"": [""Victoria Weeks""], ""role"": ""Video editor""}, {""people"": [""Hong Zhang"", ""Dimitris Menemenlis""], ""role"": ""Scientist""}, {""people"": [""Kayvon Sharghi""], ""role"": ""Writer""}]",,,,2023-05-03T13:53:28.980876-04:00,Perpetual Ocean,4,https://svs.gsfc.nasa.gov/10841,"[""entities"", ""names""]"
,,,,0,,source:f7c338206b2c5500,OSW source ledger,noaa-munster-eddy-state-20220301.json,,,,,,,,source-ledgers/noaa-munster-eddy-state-20220301.json,,,,,,,,0,research/noaa-munster-eddy-state-20220301.json,,,OSW authored; upstream terms still need audit,,,,,,,0,,[]
,,,"Gulf Stream frontal analysis: Naval Oceanographic Office, provided via NOAA Ocean Prediction Center; OSW state intersections are derived and are not an official NOAA/NAVO product.",0,,source:fda01be082655d33,external,Gulf Stream ASCII Data,,derived_dated_observations,,https://ocean.weather.gov/gulf_stream_text.php,"NOAA page title, NAVO provider credit, and north/south wall bulletin labels verified; one dated coordinate receipt is pinned separately.",,source-page bibliographic metadata; rights pending,,,2026-09-28,,True,,,NOAA Ocean Prediction Center; data provided by Naval Oceanographic Office,10,,,,pending source terms audit,,,e709db9a59253541b23ba66ab6098783961219727867a7f711b0871495a6ce1d,,,Gulf Stream ASCII Data,10,https://ocean.weather.gov/gulf_stream_text.php,"[""relations"", ""geometries""]"
"[""Friedrich A. Schott"", ""Marcus Dengler"", ""Peter Brandt"", ""Karina Affler"", ""Jürgen Fischer"", ""Bernard Bourlès"", ""Yves Gouriou"", ""Robert L. Molinari"", ""Monika Rhein""]",,,,0,10.1029/2002GL016849,source:ff7644e64b697c90,external,The zonal currents and transports at 35°W in the tropical Atlantic,,source_scoped_factual_claim,https://api.crossref.org/works/10.1029%2F2002GL016849,,,db8c2abb846623888f79e62f74d1bde81a8e79cd4584ca74df43d6a56cad9c4e,Crossref deposited bibliographic metadata; current-use terms reviewed,,,,,False,,"[2003, 4]",American Geophysical Union (AGU),2,,https://www.copyright.gov/register/tx-databases.html,2026-09-30,reviewed for current use; linked factual assertions only,,,,,,The zonal currents and transports at 35°W in the tropical Atlantic,2,https://doi.org/10.1029/2002GL016849,"[""entities"", ""names""]"
"[""Hui Zhou"", ""Hengchang Liu"", ""Shuwen Tan"", ""Wenlong Yang"", ""Yao Li"", ""Xueqi Liu"", ""Qiang Ren"", ""William K. Dewar""]",https://api.crossref.org/works/10.1175%2FJPO-D-20-0293.1,e4b1b294b1b094547a8bc2839badbda5e8e32bc16c026cfcb401c88d74f7ec02,,0,10.1175/JPO-D-20-0293.1,source:fffab427c9c17ae6,external,The Observed North Equatorial Countercurrent in the Far Western Pacific Ocean during the 2014–16 El Niño,,source_scoped_factual_claim,,https://journals.ametsoc.org/view/journals/phoc/51/6/JPO-D-20-0293.1.xml,Publisher page and DOI title verified through official journal search; direct automated fetch returned HTTP 403.,,source-page bibliographic metadata; current-use terms reviewed,,,,,False,2021,"[2021, 4, 14]",American Meteorological Society,4,,https://www.copyright.gov/register/tx-databases.html,2026-09-30,reviewed for current use; linked factual assertions only,,,,,,The Observed North Equatorial Countercurrent in the Far Western Pacific Ocean during the 2014–16 El Niño,4,https://journals.ametsoc.org/view/journals/phoc/51/6/JPO-D-20-0293.1.xml,"[""entities"", ""names""]"
