BOTTLE,20240919CCHHYDRO
#BOTTLE,20240919CCHSIOADS
# Corrected dates and CFC-12 data were added by Robert Key
# NITRAT changed to NO2+NO3 
# CFC-12 rows with value -9.000 and flag 9 set to fill value (-999)
# For information on how to cite this dataset, please visit cchdo.ucsd.edu.
#BOTTLE,20180912PRINUNIVRMK
# 8/1/2012 Initialized README file  
# Data source: S. van Heuven; 7/23/2012 
# SHIP: Pelagia 
# Cruise: 64PE275; AR07E 
# Region: Southern Greenland to Scotland 
# EXPOCODE: 8/30 - 9/27/2007 
# DATES: 64PE20070830 
# Chief Scientist: G.-J.A. Brummer/ NIOZ 
# 46 stations with 24 place Rosette 
# Hydro: Who - H.vanAken; Status - final 
# 	Notes: 	No bottle salt values in file 
# 	Bottom depths approximated from global topography 
# Nuts: Who - J. van Ooijen; Status - final 
# 	Notes: nitrate is really NO3+NO2 
# O2: Who - J. van Ooijen; Status - final 
# 	Notes: 
# TCO2: Who - S.van Heuven; Status - final 
# 	Notes:  
# TA: Who - S.van Heuven; Status - final 
# 	Notes:  
# CFC: Who - D. Kieke; K. Bulsiewicz; Status - final 
# 	Notes: CFC-12 only 
# 	Data from R.Steinfeldt 8/30/2018 
EXPOCODE,SECT_ID,STNNBR,CASTNO,SAMPNO,BTLNBR,BTLNBR_FLAG_W,DATE,TIME,LATITUDE,LONGITUDE,DEPTH,CTDPRS,CTDTMP,CTDSAL,CTDSAL_FLAG_W,CTDOXY,CTDOXY_FLAG_W,OXYGEN,OXYGEN_FLAG_W,SILCAT,SILCAT_FLAG_W,PHSPHT,PHSPHT_FLAG_W,NO2+NO3,NO2+NO3_FLAG_W,CFC-12,CFC-12_FLAG_W,TCARBN,TCARBN_FLAG_W,ALKALI,ALKALI_FLAG_W,THETA
,,,,,,,,,,,METERS,DBAR,ITS-90,PSS-78,,UMOL/KG,,UMOL/KG,,UMOL/KG,,UMOL/KG,,UMOL/KG,,PMOL/KG,,UMOL/KG,,UMOL/KG,,DEG C
64PE20070830  ,AR07E      ,2       ,  1,24         ,24         ,2,20070905,1038,  51.0940, -18.7750,     4607,     10.0,  17.5364,  35.4192,2,    243.3,2,    247.5,2,     0.10,2,     0.03,2,     0.10,2,     -999,9,     -999,9,     -999,9,  17.5347
64PE20070830  ,AR07E      ,2       ,  1,22         ,22         ,2,20070905,1038,  51.0940, -18.7750,     4607,     10.0,  17.5346,  35.4198,2,    243.3,2,    248.6,2,     0.10,2,     0.03,2,     0.10,2,     -999,9,     -999,9,     -999,9,  17.5329
64PE20070830  ,AR07E      ,2       ,  1,21         ,21         ,2,20070905,1038,  51.0940, -18.7750,     4607,     10.0,  17.5438,  35.4201,2,    243.6,2,    248.7,2,     0.10,2,     0.03,2,     0.10,2,     -999,9,     -999,9,     -999,9,  17.5421
64PE20070830  ,AR07E      ,2       ,  1,20         ,20         ,2,20070905,1038,  51.0940, -18.7750,     4607,     10.0,  17.5408,  35.4217,2,    243.1,2,    248.5,2,     0.10,2,     0.03,2,     0.10,2,     -999,9,     -999,9,     -999,9,  17.5391
64PE20070830  ,AR07E      ,2       ,  1,19         ,19         ,2,20070905,1038,  51.0940, -18.7750,     4607,     10.0,  17.5377,  35.4184,2,    243.1,2,     -999,9,     0.10,2,     0.03,2,     0.10,2,     -999,9,     -999,9,     -999,9,  17.5360
64PE20070830  ,AR07E      ,2       ,  1,18         ,18         ,2,20070905,1038,  51.0940, -18.7750,     4607,     10.0,  17.5468,  35.4196,2,    242.7,2,    248.3,2,     0.10,2,     0.03,2,     0.10,2,     -999,9,     -999,9,     -999,9,  17.5451
64PE20070830  ,AR07E      ,2       ,  1,17         ,17         ,2,20070905,1038,  51.0940, -18.7750,     4607,     10.0,  17.5477,  35.4201,2,    242.4,2,    247.8,2,     0.10,2,     0.03,2,     0.10,2,     -999,9,     -999,9,     -999,9,  17.5460
64PE20070830  ,AR07E      ,2       ,  1,16         ,16         ,2,20070905,1038,  51.0940, -18.7750,     4607,     10.0,  17.5545,  35.4194,2,    243.6,2,    247.8,2,     0.10,2,     0.03,2,     0.10,2,     -999,9,     -999,9,     -999,9,  17.5528
64PE20070830  ,AR07E      ,2       ,  1,15         ,15         ,2,20070905,1038,  51.0940, -18.7750,     4607,     10.0,  17.5276,  35.3775,2,    243.1,2,    247.6,2,     0.10,2,     0.03,2,     0.10,2,     -999,9,     -999,9,     -999,9,  17.5259
64PE20070830  ,AR07E      ,2       ,  1,14         ,14         ,2,20070905,1038,  51.0940, -18.7750,     4607,     10.0,  17.4586,  35.4202,2,    244.3,2,    247.0,2,     0.10,2,     0.03,2,     0.10,2,     -999,9,     -999,9,     -999,9,  17.4569
64PE20070830  ,AR07E      ,2       ,  1,13         ,13         ,2,20070905,1038,  51.0940, -18.7750,     4607,     10.0,  17.4740,  35.4190,2,    244.1,2,    247.4,2,     0.10,2,     0.03,2,     0.10,2,     -999,9,     -999,9,     -999,9,  17.4723
64PE20070830  ,AR07E      ,2       ,  1,23         ,23         ,2,20070905,1038,  51.0940, -18.7750,     4607,     10.0,  17.5248,  35.4178,2,    243.3,2,     -999,9,     0.10,2,     0.03,2,     0.10,2,     -999,9,     -999,9,     -999,9,  17.5231
64PE20070830  ,AR07E      ,2       ,  1,12         ,12         ,2,20070905,1038,  51.0940, -18.7750,     4607,    254.0,   9.4841,  35.2098,2,    236.1,2,     -999,9,     -999,9,     -999,9,     -999,9,     -999,9,     -999,9,     -999,9,   9.4554
64PE20070830  ,AR07E      ,2       ,  1,10         ,10         ,2,20070905,1038,  51.0940, -18.7750,     4607,    254.0,   9.4866,  35.2100,2,    236.2,2,    236.9,2,     6.40,2,     0.92,2,    14.20,2,     -999,9,     -999,9,     -999,9,   9.4579
64PE20070830  ,AR07E      ,2       ,  1,9          ,9          ,2,20070905,1038,  51.0940, -18.7750,     4607,    254.0,   9.4841,  35.2096,2,    236.2,2,    237.7,2,     6.30,2,     0.92,2,    14.20,2,     -999,9,     -999,9,     -999,9,   9.4554
64PE20070830  ,AR07E      ,2       ,  1,8          ,8          ,2,20070905,1038,  51.0940, -18.7750,     4607,    254.0,   9.4835,  35.2092,2,    236.4,2,    236.8,2,     6.40,2,     0.92,2,    14.20,2,     -999,9,     -999,9,     -999,9,   9.4548
64PE20070830  ,AR07E      ,2       ,  1,6          ,6          ,2,20070905,1038,  51.0940, -18.7750,     4607,    254.0,   9.4801,  35.2093,2,    236.2,2,    236.3,2,     6.40,2,     0.92,2,    14.20,2,     -999,9,     -999,9,     -999,9,   9.4514
64PE20070830  ,AR07E      ,2       ,  1,5          ,5          ,2,20070905,1038,  51.0940, -18.7750,     4607,    254.0,   9.4792,  35.2083,2,    236.1,2,    235.8,2,     6.40,2,     0.92,2,    14.20,2,     -999,9,     -999,9,     -999,9,   9.4505
64PE20070830  ,AR07E      ,2       ,  1,4          ,4          ,2,20070905,1038,  51.0940, -18.7750,     4607,    254.0,   9.4769,  35.2082,2,    236.4,2,    235.7,2,     6.30,2,     0.92,2,    14.20,2,     -999,9,     -999,9,     -999,9,   9.4482
64PE20070830  ,AR07E      ,2       ,  1,3          ,3          ,2,20070905,1038,  51.0940, -18.7750,     4607,    254.0,   9.4723,  35.2085,2,    236.3,2,     -999,9,     -999,9,     -999,9,     -999,9,     -999,9,     -999,9,     -999,9,   9.4436
64PE20070830  ,AR07E      ,2       ,  1,2          ,2          ,2,20070905,1038,  51.0940, -18.7750,     4607,    254.0,   9.4815,  35.2086,2,    236.1,2,    236.0,2,     6.30,2,     0.92,2,    14.20,2,     -999,9,     -999,9,     -999,9,   9.4528
64PE20070830  ,AR07E      ,2       ,  1,11         ,11         ,2,20070905,1038,  51.0940, -18.7750,     4607,    254.0,   9.4858,  35.2103,2,    236.0,2,    236.8,2,     6.30,2,     0.92,2,    14.10,2,     -999,9,     -999,9,     -999,9,   9.4571
64PE20070830  ,AR07E      ,2       ,  1,7          ,7          ,2,20070905,1038,  51.0940, -18.7750,     4607,    255.0,   9.4814,  35.2095,2,    236.2,2,    236.8,2,     6.40,2,     0.92,2,    14.20,2,     -999,9,     -999,9,     -999,9,   9.4526
64PE20070830  ,AR07E      ,2       ,  1,1          ,1          ,2,20070905,1038,  51.0940, -18.7750,     4607,    255.0,   9.4689,  35.2083,2,    237.0,2,    235.8,2,     6.30,2,     0.93,2,    14.20,2,     -999,9,     -999,9,     -999,9,   9.4401
64PE20070830  ,AR07E      ,3       ,  7,23         ,23         ,2,20070907,1856,  57.4520, -27.9090,     2644,     10.0,  13.3234,  35.0669,2,    261.3,2,     -999,9,     0.20,2,     0.22,2,     2.40,2,    1.760,2,   2069.5,2,   2313.2,2,  13.3220
64PE20070830  ,AR07E      ,3       ,  7,22         ,22         ,2,20070907,1856,  57.4520, -27.9090,     2644,     99.0,   9.4806,  35.2010,2,    248.2,2,     -999,9,     5.00,2,     0.83,2,    12.90,2,     -999,9,     -999,9,     -999,9,   9.4695
64PE20070830  ,AR07E      ,3       ,  7,21         ,21         ,2,20070907,1856,  57.4520, -27.9090,     2644,    203.0,   8.6701,  35.1513,2,    238.7,2,     -999,9,     7.00,2,     0.97,2,    15.00,2,    1.795,2,   2149.5,2,   2317.0,2,   8.6485
64PE20070830  ,AR07E      ,3       ,  7,20         ,20         ,2,20070907,1856,  57.4520, -27.9090,     2644,    302.0,   7.4792,  35.0201,2,    245.6,2,     -999,9,     7.70,2,     1.04,2,    15.80,2,     -999,9,     -999,9,     -999,9,   7.4496
64PE20070830  ,AR07E      ,3       ,  7,19         ,19         ,2,20070907,1856,  57.4520, -27.9090,     2644,    404.0,   7.2022,  35.0791,2,    237.3,2,     -999,9,     8.70,2,     1.10,2,    17.00,2,    1.700,2,   2161.6,2,   2315.2,2,   7.1631
64PE20070830  ,AR07E      ,3       ,  7,18         ,18         ,2,20070907,1856,  57.4520, -27.9090,     2644,    503.0,   6.6015,  35.0837,2,    217.1,2,     -999,9,    10.50,2,     1.21,2,    18.50,2,     -999,9,     -999,9,     -999,9,   6.5548
64PE20070830  ,AR07E      ,3       ,  7,17         ,17         ,2,20070907,1856,  57.4520, -27.9090,     2644,    607.0,   5.7957,  35.0455,2,    224.8,2,     -999,9,    10.90,2,     1.21,2,    18.70,2,    1.509,2,   2172.0,2,   2315.7,2,   5.7426
64PE20070830  ,AR07E      ,3       ,  7,16         ,16         ,2,20070907,1856,  57.4520, -27.9090,     2644,    707.0,   4.8908,  34.9602,2,    242.1,2,     -999,9,    10.70,2,     1.20,2,    18.20,2,     -999,9,     -999,9,     -999,9,   4.8335
64PE20070830  ,AR07E      ,3       ,  7,15         ,15         ,2,20070907,1856,  57.4520, -27.9090,     2644,    808.0,   4.4611,  34.9324,2,    252.7,2,     -999,9,    10.30,2,     1.18,2,    17.90,2,    1.825,2,   2168.2,2,   2305.5,2,   4.3977
64PE20070830  ,AR07E      ,3       ,  7,14         ,14         ,2,20070907,1856,  57.4520, -27.9090,     2644,    910.0,   4.3649,  34.9471,2,    254.0,2,     -999,9,    10.60,2,     1.17,2,    17.70,2,     -999,9,     -999,9,     -999,9,   4.2934
64PE20070830  ,AR07E      ,3       ,  7,13         ,13         ,2,20070907,1856,  57.4520, -27.9090,     2644,   1013.0,   4.1100,  34.9263,2,    259.8,2,     -999,9,    10.60,2,     1.15,2,    17.60,2,     -999,9,   2164.7,2,   2304.4,2,   4.0317
64PE20070830  ,AR07E      ,3       ,  7,12         ,12         ,2,20070907,1856,  57.4520, -27.9090,     2644,   1266.0,   3.8062,  34.9131,2,    265.7,2,     -999,9,    10.80,2,     1.14,2,    17.30,2,    1.747,2,   2161.6,2,   2306.4,2,   3.7089
64PE20070830  ,AR07E      ,3       ,  7,11         ,11         ,2,20070907,1856,  57.4520, -27.9090,     2644,   1519.0,   3.5982,  34.9152,2,    267.9,2,     -999,9,    11.10,2,     1.13,2,    17.10,2,    1.555,2,   2160.6,2,   2304.4,2,   3.4810
64PE20070830  ,AR07E      ,3       ,  7,10         ,10         ,2,20070907,1856,  57.4520, -27.9090,     2644,   1774.0,   3.3672,  34.9164,2,    270.7,2,     -999,9,    11.40,2,     1.12,2,    16.90,2,    1.467,2,   2158.3,2,   2307.0,2,   3.2300
64PE20070830  ,AR07E      ,3       ,  7,9          ,9          ,2,20070907,1856,  57.4520, -27.9090,     2644,   2026.0,   3.2319,  34.9401,2,    268.9,2,     -999,9,    12.30,2,     1.10,2,    16.50,2,    1.349,2,   2159.1,2,   2308.2,2,   3.0734
64PE20070830  ,AR07E      ,3       ,  7,8          ,8          ,2,20070907,1856,  57.4520, -27.9090,     2644,   2026.0,   3.2325,  34.9400,2,    268.6,2,     -999,9,    12.30,2,     1.10,2,    16.60,2,     -999,9,     -999,9,     -999,9,   3.0740
64PE20070830  ,AR07E      ,3       ,  7,7          ,7          ,2,20070907,1856,  57.4520, -27.9090,     2644,   2027.0,   3.2314,  34.9402,2,    268.7,2,     -999,9,    12.30,2,     1.11,2,    16.60,2,     -999,9,     -999,9,     -999,9,   3.0728
64PE20070830  ,AR07E      ,3       ,  7,6          ,6          ,2,20070907,1856,  57.4520, -27.9090,     2644,   2281.0,   2.9824,  34.9644,2,    264.9,2,     -999,9,    14.90,2,     1.11,2,    16.50,2,    1.242,2,   2166.4,2,   2312.0,2,   2.8038
64PE20070830  ,AR07E      ,3       ,  7,5          ,5          ,2,20070907,1856,  57.4520, -27.9090,     2644,   2540.0,   2.8124,  34.9778,2,    265.3,2,     -999,9,    15.30,2,     1.09,2,    16.20,2,    1.385,2,   2170.2,2,   2315.1,2,   2.6118
64PE20070830  ,AR07E      ,3       ,  7,4          ,4          ,2,20070907,1856,  57.4520, -27.9090,     2644,   2601.0,   2.7841,  34.9786,2,    265.4,2,     -999,9,    15.50,2,     1.10,2,    16.10,2,    1.429,2,   2170.5,2,     -999,9,   2.5781
64PE20070830  ,AR07E      ,3       ,  7,1          ,1          ,2,20070907,1856,  57.4520, -27.9090,     2644,   2633.0,   2.7840,  34.9792,2,    265.7,2,     -999,9,    15.70,2,     1.09,2,    16.10,2,     -999,9,     -999,9,     -999,9,   2.5748
64PE20070830  ,AR07E      ,3       ,  7,2          ,2          ,2,20070907,1856,  57.4520, -27.9090,     2644,   2634.0,   2.7842,  34.9788,2,    265.5,2,     -999,9,    15.70,2,     1.09,2,    16.20,2,     -999,9,     -999,9,     -999,9,   2.5749
64PE20070830  ,AR07E      ,3       ,  7,3          ,3          ,2,20070907,1856,  57.4520, -27.9090,     2644,   2634.0,   2.7841,  34.9786,2,    265.3,2,     -999,9,    15.70,2,     1.09,2,    16.10,2,    1.440,2,     -999,9,   2320.7,2,   2.5748
64PE20070830  ,AR07E      ,4       ,  3,5          ,5          ,2,20070909,1918,  59.2370, -36.3990,     3115,   2790.0,   2.7349,  34.9239,2,    272.1,2,     -999,9,    13.10,2,     1.07,2,    16.20,2,     -999,9,     -999,9,     -999,9,   2.5113
64PE20070830  ,AR07E      ,4       ,  3,6          ,6          ,2,20070909,1918,  59.2370, -36.3990,     3115,   2790.0,   2.7347,  34.9246,2,    271.8,2,     -999,9,    13.00,2,     1.07,2,    16.00,2,     -999,9,     -999,9,     -999,9,   2.5111
64PE20070830  ,AR07E      ,4       ,  3,4          ,4          ,2,20070909,1918,  59.2370, -36.3990,     3115,   2792.0,   2.7326,  34.9240,2,    272.1,2,     -999,9,    13.10,2,     1.08,2,    16.20,2,     -999,9,     -999,9,     -999,9,   2.5088
64PE20070830  ,AR07E      ,4       ,  3,3          ,3          ,2,20070909,1918,  59.2370, -36.3990,     3115,   3052.0,   2.2574,  34.9070,2,    282.7,2,     -999,9,    10.70,2,     1.00,2,    14.90,2,     -999,9,     -999,9,     -999,9,   2.0176
64PE20070830  ,AR07E      ,4       ,  3,2          ,2          ,2,20070909,1918,  59.2370, -36.3990,     3115,   3053.0,   2.2562,  34.9073,2,    282.8,2,     -999,9,    10.80,2,     1.00,2,    14.90,2,     -999,9,     -999,9,     -999,9,   2.0163
64PE20070830  ,AR07E      ,4       ,  3,1          ,1          ,2,20070909,1918,  59.2370, -36.3990,     3115,   3055.0,   2.2574,  34.9065,2,    283.1,2,     -999,9,    10.60,2,     1.00,2,    14.90,2,     -999,9,     -999,9,     -999,9,   2.0173
64PE20070830  ,AR07E      ,5       ,  1,21         ,21         ,2,20070910,1441,  59.2840, -38.7670,     3086,     11.0,  10.0055,  34.6591,2,    276.1,2,    297.1,2,     1.60,2,     0.44,2,     5.60,2,    2.078,2,   2078.9,2,   2290.1,2,  10.0042
64PE20070830  ,AR07E      ,5       ,  1,20         ,20         ,2,20070910,1441,  59.2840, -38.7670,     3086,    101.0,   5.3355,  34.8820,2,    282.3,2,    299.1,2,     7.60,2,     1.03,2,    15.60,2,     -999,9,   2151.9,2,   2301.6,2,   5.3274
64PE20070830  ,AR07E      ,5       ,  1,19         ,19         ,2,20070910,1441,  59.2840, -38.7670,     3086,    203.0,   4.8522,  34.8948,2,    282.6,2,    297.3,2,     7.90,2,     1.04,2,    15.90,2,     -999,9,   2154.8,2,   2300.5,2,   4.8366
64PE20070830  ,AR07E      ,5       ,  1,18         ,18         ,2,20070910,1441,  59.2840, -38.7670,     3086,    300.0,   4.5297,  34.8892,2,    275.1,2,    287.7,2,     8.70,2,     1.09,2,    16.70,2,     -999,9,   2160.5,2,   2300.3,2,   4.5071
64PE20070830  ,AR07E      ,5       ,  1,17         ,17         ,2,20070910,1441,  59.2840, -38.7670,     3086,    401.0,   4.4630,  34.9137,2,    280.3,2,    287.2,2,     8.30,2,     1.07,2,    16.30,2,     -999,9,   2162.0,2,   2303.9,2,   4.4327
64PE20070830  ,AR07E      ,5       ,  1,16         ,16         ,2,20070910,1441,  59.2840, -38.7670,     3086,    508.0,   4.1847,  34.8969,2,    279.0,2,    290.2,2,     8.70,2,     1.08,2,    16.70,2,     -999,9,   2160.9,2,   2302.2,2,   4.1471
64PE20070830  ,AR07E      ,5       ,  1,15         ,15         ,2,20070910,1441,  59.2840, -38.7670,     3086,    613.0,   4.0521,  34.8945,2,    281.9,2,    291.2,2,     8.70,2,     1.08,2,    16.50,2,     -999,9,   2158.4,2,   2301.2,2,   4.0069
64PE20070830  ,AR07E      ,5       ,  1,14         ,14         ,2,20070910,1441,  59.2840, -38.7670,     3086,    703.0,   3.9657,  34.8935,2,    277.1,2,    286.6,2,     9.20,2,     1.10,2,    16.70,2,     -999,9,   2160.5,2,   2301.5,2,   3.9138
64PE20070830  ,AR07E      ,5       ,  1,13         ,13         ,2,20070910,1441,  59.2840, -38.7670,     3086,    811.0,   3.8027,  34.8842,2,    278.6,2,    286.5,2,     9.20,2,     1.09,2,    16.60,2,     -999,9,   2161.2,2,   2299.9,2,   3.7432
64PE20070830  ,AR07E      ,5       ,  1,12         ,12         ,2,20070910,1441,  59.2840, -38.7670,     3086,    910.0,   3.6689,  34.8749,2,    281.3,2,    289.5,2,     9.10,2,     1.09,2,    16.50,2,     -999,9,   2160.0,2,   2300.8,2,   3.6024
64PE20070830  ,AR07E      ,5       ,  1,11         ,11         ,2,20070910,1441,  59.2840, -38.7670,     3086,   1012.0,   3.6212,  34.8763,2,    280.0,2,    285.4,2,     9.40,2,     1.09,2,    16.60,2,     -999,9,   2159.2,2,   2300.2,2,   3.5469
64PE20070830  ,AR07E      ,5       ,  1,10         ,10         ,2,20070910,1441,  59.2840, -38.7670,     3086,   1259.0,   3.5864,  34.8950,2,    272.3,2,    276.9,2,    10.20,2,     1.11,2,    17.00,2,    1.910,2,   2160.1,2,   2303.7,2,   3.4919
64PE20070830  ,AR07E      ,5       ,  1,9          ,9          ,2,20070910,1441,  59.2840, -38.7670,     3086,   1521.0,   3.4815,  34.9081,2,    270.5,2,    278.9,2,    10.70,2,     1.12,2,    16.90,2,    1.649,2,   2159.6,2,   2303.0,2,   3.3655
64PE20070830  ,AR07E      ,5       ,  1,8          ,8          ,2,20070910,1441,  59.2840, -38.7670,     3086,   1775.0,   3.3042,  34.9064,2,    272.1,2,    279.9,2,    11.00,2,     1.11,2,    16.90,2,    1.548,2,   2158.3,2,   2304.0,2,   3.1678
64PE20070830  ,AR07E      ,5       ,  1,7          ,7          ,2,20070910,1441,  59.2840, -38.7670,     3086,   2029.0,   3.1879,  34.9131,2,    271.7,2,     -999,9,     -999,9,     -999,9,     -999,9,     -999,9,     -999,9,     -999,9,   3.0299
64PE20070830  ,AR07E      ,5       ,  1,6          ,6          ,2,20070910,1441,  59.2840, -38.7670,     3086,   2285.0,   3.0716,  34.9213,2,    270.7,2,    277.7,2,    12.00,2,     1.09,2,    16.60,2,    1.337,2,   2159.1,2,   2305.9,2,   2.8913
64PE20070830  ,AR07E      ,5       ,  1,5          ,5          ,2,20070910,1441,  59.2840, -38.7670,     3086,   2538.0,   2.8597,  34.9165,2,    273.5,2,    282.0,2,    11.40,2,     1.06,2,    16.10,2,     -999,9,   2160.1,2,   2306.8,2,   2.6587
64PE20070830  ,AR07E      ,5       ,  1,4          ,4          ,2,20070910,1441,  59.2840, -38.7670,     3086,   2790.0,   2.5096,  34.9074,2,    278.7,2,    298.3,2,    11.00,2,     1.03,2,    15.40,2,    1.638,2,   2159.4,2,   2308.4,2,   2.2906
64PE20070830  ,AR07E      ,5       ,  1,3          ,3          ,2,20070910,1441,  59.2840, -38.7670,     3086,   2971.0,   1.9413,  34.8951,2,    290.0,2,    297.5,2,     8.70,2,     0.96,2,    14.20,2,    1.996,2,   2157.4,2,   2303.7,2,   1.7165
64PE20070830  ,AR07E      ,5       ,  1,2          ,2          ,2,20070910,1441,  59.2840, -38.7670,     3086,   3019.0,   1.7031,  34.8971,2,    291.7,2,     -999,9,     9.00,2,     0.95,2,    14.10,2,    2.035,2,   2158.6,2,   2303.5,2,   1.4789
64PE20070830  ,AR07E      ,5       ,  1,1          ,1          ,2,20070910,1441,  59.2840, -38.7670,     3086,   3076.0,   1.6061,  34.8913,2,    294.4,2,    297.5,2,     8.80,2,     0.94,2,    13.70,2,    2.099,2,   2159.3,2,   2304.6,2,   1.3785
64PE20070830  ,AR07E      ,12      ,  1,6          ,6          ,2,20070912,1119,  59.9500, -42.7500,      186,     11.0,   2.8324,  32.8725,2,    337.2,2,     -999,9,     2.10,2,     0.39,2,     2.90,2,    2.928,2,   2038.3,2,   2209.5,2,   2.8318
64PE20070830  ,AR07E      ,12      ,  1,5          ,5          ,2,20070912,1119,  59.9500, -42.7500,      186,     25.0,   3.2204,  33.4567,2,    327.1,2,    325.5,2,     2.60,2,     0.45,2,     4.10,2,    2.830,2,   2065.2,2,   2240.2,2,   3.2189
64PE20070830  ,AR07E      ,12      ,  1,4          ,4          ,2,20070912,1119,  59.9500, -42.7500,      186,     51.0,   0.8005,  33.3107,2,    335.1,2,    330.9,2,     3.60,2,     0.60,2,     6.10,2,    3.091,2,   2082.0,2,   2237.4,2,   0.7985
64PE20070830  ,AR07E      ,12      ,  1,3          ,3          ,2,20070912,1119,  59.9500, -42.7500,      186,     99.0,   3.6138,  33.9880,2,    310.0,2,    309.3,2,     3.90,2,     0.63,2,     7.60,2,    2.737,2,   2095.7,2,   2268.9,2,   3.6074
64PE20070830  ,AR07E      ,12      ,  1,2          ,2          ,2,20070912,1119,  59.9500, -42.7500,      186,    156.0,   4.2873,  34.5200,2,    289.0,2,    287.4,2,     5.60,2,     0.84,2,    12.20,2,    2.588,2,   2131.4,2,   2286.7,2,   4.2761
64PE20070830  ,AR07E      ,12      ,  1,1          ,1          ,2,20070912,1119,  59.9500, -42.7500,      186,    176.0,   4.5655,  34.6027,2,    285.6,2,    284.4,2,     6.10,2,     0.88,2,    12.90,2,    2.532,2,   2134.5,2,   2293.8,2,   4.5525
64PE20070830  ,AR07E      ,13      ,  1,6          ,6          ,2,20070912,1522,  59.8670, -42.2480,      413,      8.0,   8.6011,  34.9522,2,    279.3,2,     -999,9,     3.00,2,     0.61,2,     8.60,2,    2.113,2,   2104.0,2,   2306.7,2,   8.6003
64PE20070830  ,AR07E      ,13      ,  1,5          ,5          ,2,20070912,1522,  59.8670, -42.2480,      413,    102.0,   5.2756,  34.7114,2,    283.7,2,     -999,9,     5.60,2,     0.86,2,    12.60,2,    2.436,2,   2136.4,2,   2297.0,2,   5.2675
64PE20070830  ,AR07E      ,13      ,  1,4          ,4          ,2,20070912,1522,  59.8670, -42.2480,      413,    204.0,   5.6723,  34.8918,2,    276.2,2,     -999,9,     6.70,2,     0.95,2,    14.20,2,    2.274,2,   2147.2,2,   2304.3,2,   5.6553
64PE20070830  ,AR07E      ,13      ,  1,3          ,3          ,2,20070912,1522,  59.8670, -42.2480,      413,    305.0,   5.7780,  34.9810,2,    272.5,2,     -999,9,     7.60,2,     1.00,2,    15.10,2,    2.215,2,   2152.7,2,   2307.7,2,   5.7521
64PE20070830  ,AR07E      ,13      ,  1,2          ,2          ,2,20070912,1522,  59.8670, -42.2480,      413,    355.0,   5.7345,  34.9804,2,    272.3,2,     -999,9,     7.50,2,     1.01,2,    15.30,2,    2.189,2,   2153.6,2,   2306.1,2,   5.7043
64PE20070830  ,AR07E      ,13      ,  1,1          ,1          ,2,20070912,1522,  59.8670, -42.2480,      413,    403.0,   5.7161,  34.9805,2,    272.0,2,     -999,9,     7.70,2,     1.01,2,    15.40,2,    2.173,2,   2155.8,2,   2308.7,2,   5.6817
64PE20070830  ,AR07E      ,14      ,  2,17         ,17         ,2,20070912,1803,  59.7840, -41.7500,     1860,     11.0,   8.6887,  34.8504,2,    281.7,2,     -999,9,     2.60,2,     0.54,2,     7.50,2,    2.162,2,   2093.8,2,     -999,9,   8.6875
64PE20070830  ,AR07E      ,14      ,  2,18         ,18         ,2,20070912,1803,  59.7840, -41.7500,     1860,     11.0,   8.6853,  34.8502,2,    282.9,2,     -999,9,     2.60,2,     0.54,2,     7.50,2,    2.150,2,   2094.1,2,     -999,9,   8.6841
64PE20070830  ,AR07E      ,14      ,  2,16         ,16         ,2,20070912,1803,  59.7840, -41.7500,     1860,    101.0,   6.9465,  35.0806,2,    268.7,2,     -999,9,     6.40,2,     0.99,2,    15.10,2,     -999,9,   2154.1,2,     -999,9,   6.9371
64PE20070830  ,AR07E      ,14      ,  2,15         ,15         ,2,20070912,1803,  59.7840, -41.7500,     1860,    102.0,   6.9378,  35.0793,2,    268.8,2,     -999,9,     6.50,2,     0.99,2,    15.30,2,    2.180,2,   2152.9,2,     -999,9,   6.9283
64PE20070830  ,AR07E      ,14      ,  2,14         ,14         ,2,20070912,1803,  59.7840, -41.7500,     1860,    199.0,   5.5455,  34.9518,2,    280.0,2,     -999,9,     7.70,2,     1.03,2,    15.70,2,     -999,9,   2155.2,2,     -999,9,   5.5291
64PE20070830  ,AR07E      ,14      ,  2,13         ,13         ,2,20070912,1803,  59.7840, -41.7500,     1860,    304.0,   5.2839,  34.9634,2,    279.2,2,     -999,9,     7.90,2,     1.04,2,    16.00,2,    2.305,2,   2156.7,2,     -999,9,   5.2592
64PE20070830  ,AR07E      ,14      ,  2,12         ,12         ,2,20070912,1803,  59.7840, -41.7500,     1860,    400.0,   4.9214,  34.9462,2,    278.4,2,     -999,9,     8.20,2,     1.06,2,    16.20,2,     -999,9,   2157.9,2,     -999,9,   4.8898
64PE20070830  ,AR07E      ,14      ,  2,11         ,11         ,2,20070912,1803,  59.7840, -41.7500,     1860,    505.0,   4.6871,  34.9390,2,    273.3,2,     -999,9,     8.70,2,     1.09,2,    16.70,2,    2.157,2,   2159.4,2,     -999,9,   4.6477
64PE20070830  ,AR07E      ,14      ,  2,10         ,10         ,2,20070912,1803,  59.7840, -41.7500,     1860,    607.0,   4.4941,  34.9344,2,    269.1,2,     -999,9,     9.20,2,     1.10,2,    17.00,2,     -999,9,   2162.7,2,     -999,9,   4.4472
64PE20070830  ,AR07E      ,14      ,  2,9          ,9          ,2,20070912,1803,  59.7840, -41.7500,     1860,    707.0,   4.1490,  34.9219,2,    270.5,2,     -999,9,     9.40,2,     1.10,2,    16.70,2,     -999,9,   2164.8,2,   2308.1,2,   4.0957
64PE20070830  ,AR07E      ,14      ,  2,8          ,8          ,2,20070912,1803,  59.7840, -41.7500,     1860,    812.0,   3.8941,  34.9087,2,    273.5,2,     -999,9,     -999,9,     -999,9,     -999,9,     -999,9,   2145.1,3,   2308.1,2,   3.8339
64PE20070830  ,AR07E      ,14      ,  2,7          ,7          ,2,20070912,1803,  59.7840, -41.7500,     1860,    912.0,   3.7650,  34.9048,2,    274.3,2,     -999,9,     9.60,2,     1.09,2,    16.70,2,    1.970,2,   2160.4,2,   2304.2,2,   3.6976
64PE20070830  ,AR07E      ,14      ,  2,6          ,6          ,2,20070912,1803,  59.7840, -41.7500,     1860,   1011.0,   3.7086,  34.9095,2,    273.1,2,     -999,9,     9.90,2,     1.09,2,    16.70,2,    1.894,2,   2160.4,2,   2304.0,2,   3.6336
64PE20070830  ,AR07E      ,14      ,  2,5          ,5          ,2,20070912,1803,  59.7840, -41.7500,     1860,   1263.0,   3.5539,  34.9253,2,    271.5,2,     -999,9,    10.20,2,     1.09,2,    16.60,2,    1.611,4,   2160.9,2,   2311.1,2,   3.4593
64PE20070830  ,AR07E      ,14      ,  2,4          ,4          ,2,20070912,1803,  59.7840, -41.7500,     1860,   1523.0,   3.1668,  34.9174,2,    275.8,2,     -999,9,    10.50,2,     1.06,2,    16.10,2,    1.694,2,   2159.4,2,   2309.8,2,   3.0542
64PE20070830  ,AR07E      ,14      ,  2,3          ,3          ,2,20070912,1803,  59.7840, -41.7500,     1860,   1743.0,   2.6244,  34.9060,2,    282.6,2,     -999,9,    10.10,2,     1.01,2,    15.40,2,    1.796,2,   2159.2,2,   2304.9,2,   2.4999
64PE20070830  ,AR07E      ,14      ,  2,2          ,2          ,2,20070912,1803,  59.7840, -41.7500,     1860,   1795.0,   2.5277,  34.9046,2,    283.9,2,     -999,9,     9.90,2,     1.01,2,    15.20,2,    1.830,2,   2156.9,2,   2307.3,2,   2.4000
64PE20070830  ,AR07E      ,14      ,  2,1          ,1          ,2,20070912,1803,  59.7840, -41.7500,     1860,   1850.0,   2.4691,  34.9038,2,    284.8,2,     -999,9,     9.70,2,     1.01,2,    15.10,2,    1.831,2,   2159.4,2,   2305.6,2,   2.3376
64PE20070830  ,AR07E      ,15      ,  3,20         ,20         ,2,20070912,2153,  59.7000, -41.2490,     2184,     13.0,   9.1161,  34.9154,2,    279.5,2,    277.2,2,     2.30,2,     0.49,2,     6.90,2,    2.186,2,   2088.9,2,   2306.4,2,   9.1147
64PE20070830  ,AR07E      ,15      ,  3,19         ,19         ,2,20070912,2153,  59.7000, -41.2490,     2184,     14.0,   9.1130,  34.9152,2,    279.2,2,    277.0,2,     2.30,2,     0.50,2,     6.90,2,    2.105,2,   2090.6,2,   2307.6,2,   9.1115
64PE20070830  ,AR07E      ,15      ,  3,17         ,17         ,2,20070912,2153,  59.7000, -41.2490,     2184,    102.0,   7.0317,  35.0779,2,    269.0,2,    266.5,2,     6.30,2,     0.94,2,    14.40,2,    2.133,2,   2150.0,2,   2314.4,2,   7.0222
64PE20070830  ,AR07E      ,15      ,  3,18         ,18         ,2,20070912,2153,  59.7000, -41.2490,     2184,    102.0,   7.0074,  35.0799,2,    269.5,2,    266.3,2,     6.20,2,     0.93,2,    14.40,2,     -999,9,   2144.8,2,   2313.4,2,   6.9979
64PE20070830  ,AR07E      ,15      ,  3,16         ,16         ,2,20070912,2153,  59.7000, -41.2490,     2184,    203.0,   6.3797,  35.0567,2,    269.7,2,    267.5,2,     7.30,2,     0.99,2,    15.20,2,     -999,9,   2149.7,2,   2314.5,2,   6.3616
64PE20070830  ,AR07E      ,15      ,  3,15         ,15         ,2,20070912,2153,  59.7000, -41.2490,     2184,    306.0,   5.6764,  35.0059,2,    269.9,2,    267.3,2,     8.00,2,     1.02,2,    15.60,2,    2.048,2,   2154.3,2,   2309.2,2,   5.6506
64PE20070830  ,AR07E      ,15      ,  3,14         ,14         ,2,20070912,2153,  59.7000, -41.2490,     2184,    403.0,   5.3344,  34.9853,2,    269.5,2,    266.5,2,     8.30,2,     1.04,2,    15.80,2,     -999,9,   2158.6,2,   2309.7,2,   5.3012
64PE20070830  ,AR07E      ,15      ,  3,13         ,13         ,2,20070912,2153,  59.7000, -41.2490,     2184,    507.0,   4.9825,  34.9673,2,    268.8,2,    266.5,2,     8.70,2,     1.06,2,    16.10,2,    2.049,2,   2157.7,2,   2306.3,2,   4.9418
64PE20070830  ,AR07E      ,15      ,  3,12         ,12         ,2,20070912,2153,  59.7000, -41.2490,     2184,    607.0,   4.6873,  34.9573,2,    266.3,2,    264.3,2,     9.10,2,     1.07,2,    16.30,2,     -999,9,   2161.0,2,   2308.7,2,   4.6395
64PE20070830  ,AR07E      ,15      ,  3,11         ,11         ,2,20070912,2153,  59.7000, -41.2490,     2184,    710.0,   4.3989,  34.9454,2,    267.9,2,    265.4,2,     9.20,2,     1.08,2,    16.20,2,    1.972,2,   2163.0,2,   2308.8,2,   4.3440
64PE20070830  ,AR07E      ,15      ,  3,10         ,10         ,2,20070912,2153,  59.7000, -41.2490,     2184,    810.0,   4.1587,  34.9347,2,    269.5,2,    267.7,2,     9.60,2,     1.08,2,    16.30,2,     -999,9,   2160.0,2,   2305.8,2,   4.0970
64PE20070830  ,AR07E      ,15      ,  3,9          ,9          ,2,20070912,2153,  59.7000, -41.2490,     2184,    911.0,   3.9806,  34.9298,2,    271.0,2,    269.7,2,     9.60,2,     1.08,2,    16.20,2,    1.949,2,   2160.3,2,   2308.3,2,   3.9118
64PE20070830  ,AR07E      ,15      ,  3,8          ,8          ,2,20070912,2153,  59.7000, -41.2490,     2184,   1014.0,   3.8656,  34.9284,2,    271.4,2,    270.2,2,     9.80,2,     1.08,2,    16.10,2,    1.812,3,   2161.0,2,   2318.6,3,   3.7891
64PE20070830  ,AR07E      ,15      ,  3,7          ,7          ,2,20070912,2153,  59.7000, -41.2490,     2184,   1264.0,   3.7036,  34.9293,2,    271.2,2,    270.9,2,    10.10,2,     1.08,2,    16.20,2,    2.102,2,   2159.3,2,   2309.3,2,   3.6074
64PE20070830  ,AR07E      ,15      ,  3,6          ,6          ,2,20070912,2153,  59.7000, -41.2490,     2184,   1521.0,   3.4461,  34.9222,2,    273.2,2,    272.8,2,    10.60,2,     1.09,2,    16.30,2,    1.651,2,   2159.4,2,   2304.9,2,   3.3304
64PE20070830  ,AR07E      ,15      ,  3,5          ,5          ,2,20070912,2153,  59.7000, -41.2490,     2184,   1777.0,   3.1213,  34.9184,2,    275.7,2,    275.5,2,    11.00,2,     1.07,2,    16.00,2,     -999,9,   2158.2,2,   2305.0,2,   2.9871
64PE20070830  ,AR07E      ,15      ,  3,4          ,4          ,2,20070912,2153,  59.7000, -41.2490,     2184,   2031.0,   2.4980,  34.9073,2,    282.2,2,    282.3,2,    10.60,2,     1.02,2,    15.10,2,    1.696,2,   2159.1,2,   2307.2,2,   2.3503
64PE20070830  ,AR07E      ,15      ,  3,3          ,3          ,2,20070912,2153,  59.7000, -41.2490,     2184,   2069.0,   2.4449,  34.9036,2,    284.3,2,    283.9,2,     9.90,2,     1.00,2,    14.80,2,    1.822,2,   2155.9,2,   2306.5,2,   2.2947
64PE20070830  ,AR07E      ,15      ,  3,2          ,2          ,2,20070912,2153,  59.7000, -41.2490,     2184,   2122.0,   2.4387,  34.9030,2,    285.0,2,    284.9,2,     9.80,2,     1.01,2,    14.80,2,    1.787,2,   2158.5,2,   2304.0,2,   2.2839
64PE20070830  ,AR07E      ,15      ,  3,1          ,1          ,2,20070912,2153,  59.7000, -41.2490,     2184,   2174.0,   2.4175,  34.9024,2,    285.7,2,    286.1,2,     9.70,2,     1.00,2,    14.80,2,    1.828,2,   2158.9,2,   2304.8,2,   2.2584
64PE20070830  ,AR07E      ,16      ,  2,20         ,20         ,2,20070913,0154,  59.6170, -40.7500,     2482,     10.0,   8.8137,  34.8882,2,    280.0,2,     -999,9,     2.50,2,     0.54,2,     7.50,2,     -999,9,   2090.2,2,     -999,9,   8.8126
64PE20070830  ,AR07E      ,16      ,  2,21         ,21         ,2,20070913,0154,  59.6170, -40.7500,     2482,     10.0,   8.8134,  34.8882,2,    280.0,2,     -999,9,     2.60,2,     0.54,2,     7.40,2,    2.072,2,   2092.2,2,     -999,9,   8.8123
64PE20070830  ,AR07E      ,16      ,  2,18         ,18         ,2,20070913,0154,  59.6170, -40.7500,     2482,    101.0,   7.0146,  35.0766,2,    268.6,2,     -999,9,     6.30,2,     0.95,2,    14.40,2,     -999,9,   2150.0,2,     -999,9,   7.0052
64PE20070830  ,AR07E      ,16      ,  2,19         ,19         ,2,20070913,0154,  59.6170, -40.7500,     2482,    102.0,   7.0166,  35.0764,2,    269.3,2,     -999,9,     6.30,2,     0.94,2,    14.30,2,     -999,9,   2147.9,2,     -999,9,   7.0071
64PE20070830  ,AR07E      ,16      ,  2,17         ,17         ,2,20070913,0154,  59.6170, -40.7500,     2482,    201.0,   6.2783,  35.0467,2,    270.1,2,     -999,9,     7.40,2,     1.00,2,    15.10,2,    2.094,2,   2153.8,2,     -999,9,   6.2606
64PE20070830  ,AR07E      ,16      ,  2,16         ,16         ,2,20070913,0154,  59.6170, -40.7500,     2482,    304.0,   5.7254,  35.0123,2,    271.4,2,     -999,9,     7.90,2,     1.03,2,    15.50,2,     -999,9,   2155.9,2,     -999,9,   5.6996
64PE20070830  ,AR07E      ,16      ,  2,15         ,15         ,2,20070913,0154,  59.6170, -40.7500,     2482,    403.0,   5.2565,  34.9793,2,    270.8,2,     -999,9,     8.30,2,     1.05,2,    15.90,2,    2.144,2,   2158.9,2,     -999,9,   5.2236
64PE20070830  ,AR07E      ,16      ,  2,14         ,14         ,2,20070913,0154,  59.6170, -40.7500,     2482,    503.0,   4.9462,  34.9672,2,    266.9,2,     -999,9,     8.70,2,     1.06,2,    16.00,2,     -999,9,   2166.1,2,     -999,9,   4.9059
64PE20070830  ,AR07E      ,16      ,  2,13         ,13         ,2,20070913,0154,  59.6170, -40.7500,     2482,    609.0,   4.6074,  34.9539,2,    266.6,2,     -999,9,     9.00,2,     1.07,2,    16.20,2,     -999,9,   2161.1,2,     -999,9,   4.5598
64PE20070830  ,AR07E      ,16      ,  2,12         ,12         ,2,20070913,0154,  59.6170, -40.7500,     2482,    711.0,   4.3148,  34.9383,2,    268.5,2,     -999,9,     9.30,2,     1.08,2,    16.50,2,     -999,9,   2162.1,2,     -999,9,   4.2603
64PE20070830  ,AR07E      ,16      ,  2,11         ,11         ,2,20070913,0154,  59.6170, -40.7500,     2482,    808.0,   4.0530,  34.9186,2,    271.1,2,    271.1,2,     9.60,2,     1.09,2,    16.50,2,    2.040,2,   2164.1,2,     -999,9,   3.9921
64PE20070830  ,AR07E      ,16      ,  2,10         ,10         ,2,20070913,0154,  59.6170, -40.7500,     2482,    908.0,   3.8375,  34.8997,2,    275.1,2,    275.3,2,     9.50,2,     1.09,2,    16.50,2,     -999,9,   2162.8,2,     -999,9,   3.7700
64PE20070830  ,AR07E      ,16      ,  2,9          ,9          ,2,20070913,0154,  59.6170, -40.7500,     2482,   1014.0,   3.7465,  34.9007,2,    274.6,2,    275.3,2,     9.70,2,     1.09,2,    16.50,2,    2.027,2,   2162.3,2,     -999,9,   3.6710
64PE20070830  ,AR07E      ,16      ,  2,8          ,8          ,2,20070913,0154,  59.6170, -40.7500,     2482,   1268.0,   3.6982,  34.9270,2,    270.2,2,     -999,9,    10.30,2,     1.10,2,    16.50,2,     -999,9,   2162.9,2,     -999,9,   3.6017
64PE20070830  ,AR07E      ,16      ,  2,7          ,7          ,2,20070913,0154,  59.6170, -40.7500,     2482,   1520.0,   3.5110,  34.9252,2,    272.1,2,     -999,9,    10.40,2,     1.08,2,    16.30,2,    1.703,2,   2159.8,2,     -999,9,   3.3947
64PE20070830  ,AR07E      ,16      ,  2,6          ,6          ,2,20070913,0154,  59.6170, -40.7500,     2482,   1773.0,   3.1848,  34.9189,2,    274.3,2,     -999,9,    10.90,2,     1.07,2,    16.00,2,    1.581,2,   2160.6,2,     -999,9,   3.0501
64PE20070830  ,AR07E      ,16      ,  2,5          ,5          ,2,20070913,0154,  59.6170, -40.7500,     2482,   2030.0,   2.7742,  34.9098,2,    279.8,2,     -999,9,    10.20,2,     1.02,2,    15.30,2,    1.704,2,   2159.0,2,     -999,9,   2.6224
64PE20070830  ,AR07E      ,16      ,  2,4          ,4          ,2,20070913,0154,  59.6170, -40.7500,     2482,   2286.0,   2.1847,  34.9000,2,    287.3,2,     -999,9,     9.60,2,     0.98,2,    14.40,2,    1.880,2,   2161.3,2,     -999,9,   2.0195
64PE20070830  ,AR07E      ,16      ,  2,3          ,3          ,2,20070913,0154,  59.6170, -40.7500,     2482,   2371.0,   1.8545,  34.8925,2,    292.2,2,     -999,9,     8.40,2,     0.94,2,    13.90,2,    2.037,2,   2158.0,2,     -999,9,   1.6875
64PE20070830  ,AR07E      ,16      ,  2,2          ,2          ,2,20070913,0154,  59.6170, -40.7500,     2482,   2422.0,   1.8000,  34.8929,2,    293.0,2,     -999,9,     8.40,2,     0.95,2,    13.90,2,     -999,9,   2159.6,2,     -999,9,   1.6294
64PE20070830  ,AR07E      ,16      ,  2,1          ,1          ,2,20070913,0154,  59.6170, -40.7500,     2482,   2472.0,   1.7942,  34.8926,2,    293.2,2,     -999,9,     8.40,2,     0.94,2,    13.80,2,    2.060,2,   2157.8,2,     -999,9,   1.6192
64PE20070830  ,AR07E      ,17      ,  3,23         ,23         ,2,20070913,0757,  59.4510, -39.7500,     2973,     12.0,   9.3818,  34.7737,2,    278.2,2,    274.9,2,     2.30,2,     0.48,2,     6.60,2,    2.082,2,   2085.2,2,   2297.5,2,   9.3805
64PE20070830  ,AR07E      ,17      ,  3,22         ,22         ,2,20070913,0757,  59.4510, -39.7500,     2973,    100.0,   5.6180,  34.9434,2,    279.0,2,    273.8,2,     7.60,2,     1.02,2,    15.60,2,    2.300,2,   2154.2,2,   2306.8,2,   5.6098
64PE20070830  ,AR07E      ,17      ,  3,21         ,21         ,2,20070913,0757,  59.4510, -39.7500,     2973,    202.0,   5.0795,  34.9381,2,    284.2,2,    279.3,2,     7.70,2,     1.01,2,    15.40,2,     -999,9,   2152.6,2,   2304.4,2,   5.0636
64PE20070830  ,AR07E      ,17      ,  3,20         ,20         ,2,20070913,0757,  59.4510, -39.7500,     2973,    305.0,   4.7497,  34.9349,2,    279.0,2,    274.9,2,     8.20,2,     1.06,2,    16.10,2,    2.251,2,   2155.7,2,   2305.0,2,   4.7262
64PE20070830  ,AR07E      ,17      ,  3,19         ,19         ,2,20070913,0757,  59.4510, -39.7500,     2973,    402.0,   4.3696,  34.9112,2,    279.5,2,    274.5,2,     8.60,2,     1.08,2,    16.40,2,     -999,9,   2159.1,2,   2304.1,2,   4.3396
64PE20070830  ,AR07E      ,17      ,  3,18         ,18         ,2,20070913,0757,  59.4510, -39.7500,     2973,    503.0,   4.1553,  34.9006,2,    279.9,2,    275.7,2,     8.80,2,     1.07,2,    16.40,2,    2.287,2,   2159.1,2,   2301.8,2,   4.1182
64PE20070830  ,AR07E      ,17      ,  3,17         ,17         ,2,20070913,0757,  59.4510, -39.7500,     2973,    609.0,   4.0579,  34.9006,2,    278.3,2,    275.0,2,     8.90,2,     1.08,2,    16.40,2,     -999,9,   2157.5,2,   2305.8,2,   4.0129
64PE20070830  ,AR07E      ,17      ,  3,16         ,16         ,2,20070913,0757,  59.4510, -39.7500,     2973,    704.0,   3.8740,  34.8889,2,    277.9,2,    274.3,2,     9.30,2,     1.09,2,    16.50,2,    2.241,2,   2158.5,2,   2302.3,2,   3.8225
64PE20070830  ,AR07E      ,17      ,  3,15         ,15         ,2,20070913,0757,  59.4510, -39.7500,     2973,    806.0,   3.6987,  34.8765,2,    281.5,2,    278.0,2,     9.10,2,     1.08,2,    16.40,2,     -999,9,   2158.0,2,   2304.5,2,   3.6403
64PE20070830  ,AR07E      ,17      ,  3,14         ,14         ,2,20070913,0757,  59.4510, -39.7500,     2973,    910.0,   3.6234,  34.8756,2,    280.9,2,    278.2,2,     9.40,2,     1.09,2,    16.40,2,     -999,9,   2156.8,2,   2301.3,2,   3.5572
64PE20070830  ,AR07E      ,17      ,  3,13         ,13         ,2,20070913,0757,  59.4510, -39.7500,     2973,   1013.0,   3.6047,  34.8812,2,    278.1,2,    275.4,2,     9.70,2,     1.10,2,    16.60,2,    2.132,2,   2157.2,2,   2302.7,2,   3.5304
64PE20070830  ,AR07E      ,17      ,  3,12         ,12         ,2,20070913,0757,  59.4510, -39.7500,     2973,   1014.0,   3.6050,  34.8809,2,    278.0,2,    276.0,2,     9.70,2,     1.10,2,    16.50,2,    2.097,2,   2156.7,2,   2301.7,2,   3.5306
64PE20070830  ,AR07E      ,17      ,  3,11         ,11         ,2,20070913,0757,  59.4510, -39.7500,     2973,   1265.0,   3.5767,  34.9029,2,    271.9,2,    270.8,2,    10.30,2,     1.11,2,    16.60,2,    1.783,2,   2158.5,2,   2303.5,2,   3.4817
64PE20070830  ,AR07E      ,17      ,  3,10         ,10         ,2,20070913,0757,  59.4510, -39.7500,     2973,   1520.0,   3.4447,  34.9136,2,    271.4,2,    271.0,2,     -999,9,     -999,9,     -999,9,    1.625,2,   2157.5,2,   2305.0,2,   3.3292
64PE20070830  ,AR07E      ,17      ,  3,9          ,9          ,2,20070913,0757,  59.4510, -39.7500,     2973,   1774.0,   3.2620,  34.9097,2,    273.2,2,    273.3,2,    11.00,2,     1.11,2,    16.60,2,    1.502,2,   2155.4,2,   2304.2,2,   3.1263
64PE20070830  ,AR07E      ,17      ,  3,8          ,8          ,2,20070913,0757,  59.4510, -39.7500,     2973,   2031.0,   3.1608,  34.9206,2,    272.1,2,    272.7,2,    11.10,2,     1.11,2,    16.60,2,    1.416,2,   2156.5,2,   2306.1,2,   3.0030
64PE20070830  ,AR07E      ,17      ,  3,7          ,7          ,2,20070913,0757,  59.4510, -39.7500,     2973,   2031.0,   3.1605,  34.9208,2,    272.3,2,    273.3,2,    11.60,2,     1.10,2,    16.30,2,    1.428,2,   2157.3,2,   2306.6,2,   3.0027
64PE20070830  ,AR07E      ,17      ,  3,6          ,6          ,2,20070913,0757,  59.4510, -39.7500,     2973,   2285.0,   3.0376,  34.9271,2,    270.8,2,    272.3,2,    11.50,2,     1.10,2,    16.40,2,    1.275,4,   2157.1,2,   2307.3,2,   2.8578
64PE20070830  ,AR07E      ,17      ,  3,5          ,5          ,2,20070913,0757,  59.4510, -39.7500,     2973,   2542.0,   2.7938,  34.9151,2,    275.7,2,    277.3,2,    12.60,2,     1.10,2,    16.30,2,    1.493,4,   2157.5,2,   2307.9,2,   2.5936
64PE20070830  ,AR07E      ,17      ,  3,4          ,4          ,2,20070913,0757,  59.4510, -39.7500,     2973,   2744.0,   2.4206,  34.9054,2,    281.6,2,    283.0,2,    11.80,2,     1.06,2,    15.60,2,    1.680,4,   2157.1,2,   2305.0,2,   2.2080
64PE20070830  ,AR07E      ,17      ,  3,3          ,3          ,2,20070913,0757,  59.4510, -39.7500,     2973,   2846.0,   2.0927,  34.8973,2,    288.3,2,    289.3,2,    11.00,2,     1.01,2,    15.00,2,    1.900,4,   2155.9,2,   2302.7,2,   1.8769
64PE20070830  ,AR07E      ,17      ,  3,2          ,2          ,2,20070913,0757,  59.4510, -39.7500,     2973,   2892.0,   1.8897,  34.8935,2,    292.2,2,     -999,9,     9.50,2,     0.97,2,    14.40,2,    2.104,4,     -999,9,   2305.9,2,   1.6737
64PE20070830  ,AR07E      ,17      ,  3,1          ,1          ,2,20070913,0757,  59.4510, -39.7500,     2973,   2963.0,   1.4867,  34.8907,2,    295.9,2,    297.4,2,     7.70,2,     0.95,2,    14.10,2,     -999,9,   2159.3,2,   2304.3,2,   1.2726
64PE20070830  ,AR07E      ,18      ,  3,24         ,24         ,2,20070913,1846,  59.1180, -37.7860,     3247,     14.0,   9.9103,  34.6362,2,    274.8,2,    272.0,2,     1.70,2,     0.45,2,     5.60,2,    2.034,2,   2073.9,2,     -999,9,   9.9087
64PE20070830  ,AR07E      ,18      ,  3,23         ,23         ,2,20070913,1846,  59.1180, -37.7860,     3247,    103.0,   6.5360,  34.9903,2,    274.5,2,    269.7,2,     7.00,2,     0.98,2,    15.00,2,    2.225,2,   2146.7,2,     -999,9,   6.5268
64PE20070830  ,AR07E      ,18      ,  3,22         ,22         ,2,20070913,1846,  59.1180, -37.7860,     3247,    203.0,   5.6367,  34.9163,2,    273.4,2,    268.9,2,     7.90,2,     1.05,2,    15.90,2,     -999,9,   2152.0,2,     -999,9,   5.6198
64PE20070830  ,AR07E      ,18      ,  3,21         ,21         ,2,20070913,1846,  59.1180, -37.7860,     3247,    302.0,   4.9388,  34.8850,2,    280.0,2,    274.8,2,     8.10,2,     1.05,2,    16.00,2,    2.333,2,   2149.3,2,     -999,9,   4.9151
64PE20070830  ,AR07E      ,18      ,  3,20         ,20         ,2,20070913,1846,  59.1180, -37.7860,     3247,    411.0,   4.6729,  34.9067,2,    277.3,2,    273.0,2,     8.50,2,     1.07,2,    16.30,2,     -999,9,   2155.7,2,     -999,9,   4.6412
64PE20070830  ,AR07E      ,18      ,  3,19         ,19         ,2,20070913,1846,  59.1180, -37.7860,     3247,    505.0,   4.4925,  34.9121,2,    275.2,2,    270.7,2,     8.80,2,     1.09,2,    16.70,2,    2.214,2,   2157.8,2,     -999,9,   4.4539
64PE20070830  ,AR07E      ,18      ,  3,18         ,18         ,2,20070913,1846,  59.1180, -37.7860,     3247,    615.0,   4.2237,  34.9028,2,    276.9,2,    273.0,2,     9.10,2,     1.10,2,    16.60,2,     -999,9,   2161.3,2,   2303.4,2,   4.1775
64PE20070830  ,AR07E      ,18      ,  3,17         ,17         ,2,20070913,1846,  59.1180, -37.7860,     3247,    699.0,   4.1561,  34.9124,2,    270.9,2,    267.4,2,     9.60,2,     1.12,2,    17.00,2,    2.075,2,   2163.7,2,   2303.0,2,   4.1035
64PE20070830  ,AR07E      ,18      ,  3,16         ,16         ,2,20070913,1846,  59.1180, -37.7860,     3247,    811.0,   3.9122,  34.8945,2,    274.8,2,    271.0,2,     9.50,2,     1.12,2,    16.90,2,     -999,9,   2143.2,3,   2303.6,2,   3.8520
64PE20070830  ,AR07E      ,18      ,  3,15         ,15         ,2,20070913,1846,  59.1180, -37.7860,     3247,    915.0,   3.7820,  34.8888,2,    275.8,2,    272.1,2,     9.80,2,     1.11,2,    16.90,2,    2.107,2,   2161.2,2,   2302.9,2,   3.7143
64PE20070830  ,AR07E      ,18      ,  3,14         ,14         ,2,20070913,1846,  59.1180, -37.7860,     3247,   1014.0,   3.6500,  34.8785,2,    280.0,2,    276.7,2,     9.50,2,     1.10,2,    16.60,2,     -999,9,   2158.4,2,   2301.9,2,   3.5753
64PE20070830  ,AR07E      ,18      ,  3,13         ,13         ,2,20070913,1846,  59.1180, -37.7860,     3247,   1015.0,   3.6481,  34.8784,2,    279.7,2,    276.4,2,     9.50,2,     1.10,2,    16.60,2,     -999,9,   2159.9,2,   2303.0,2,   3.5733
64PE20070830  ,AR07E      ,18      ,  3,12         ,12         ,2,20070913,1846,  59.1180, -37.7860,     3247,   1268.0,   3.5684,  34.8913,2,    273.7,2,    271.8,2,    10.30,2,     1.12,2,    16.90,2,    1.887,2,   2158.2,2,   2303.7,2,   3.4733
64PE20070830  ,AR07E      ,18      ,  3,11         ,11         ,2,20070913,1846,  59.1180, -37.7860,     3247,   1519.0,   3.4941,  34.9101,2,    270.6,2,    269.7,2,    10.90,2,     1.13,2,    17.00,2,    1.638,2,   2160.3,2,   2301.4,2,   3.3781
64PE20070830  ,AR07E      ,18      ,  3,10         ,10         ,2,20070913,1846,  59.1180, -37.7860,     3247,   1779.0,   3.2893,  34.9047,2,    273.1,2,    272.3,2,    11.10,2,     1.12,2,    16.80,2,    1.539,2,   2158.2,2,   2304.5,2,   3.1528
64PE20070830  ,AR07E      ,18      ,  3,8          ,8          ,2,20070913,1846,  59.1180, -37.7860,     3247,   2031.0,   3.1963,  34.9156,2,    271.9,2,    272.3,2,    11.50,2,     1.11,2,    16.60,2,    1.425,2,   2156.8,2,   2304.3,2,   3.0380
64PE20070830  ,AR07E      ,18      ,  3,9          ,9          ,2,20070913,1846,  59.1180, -37.7860,     3247,   2033.0,   3.1961,  34.9152,2,    272.2,2,    272.0,2,    11.60,2,     1.12,2,    16.60,2,    1.447,2,   2159.2,2,   2305.2,2,   3.0376
64PE20070830  ,AR07E      ,18      ,  3,7          ,7          ,2,20070913,1846,  59.1180, -37.7860,     3247,   2280.0,   3.0982,  34.9249,2,    270.8,2,    271.2,2,    12.30,2,     1.10,2,    16.60,2,    1.308,2,   2157.7,2,   2307.9,2,   2.9179
64PE20070830  ,AR07E      ,18      ,  3,6          ,6          ,2,20070913,1846,  59.1180, -37.7860,     3247,   2537.0,   2.9636,  34.9289,2,    269.5,2,    271.1,2,    13.10,2,     1.09,2,    16.50,2,    1.232,2,   2158.6,2,   2309.4,2,   2.7607
64PE20070830  ,AR07E      ,18      ,  3,5          ,5          ,2,20070913,1846,  59.1180, -37.7860,     3247,   2794.0,   2.8259,  34.9294,2,    270.1,2,    272.1,2,    13.60,2,     1.09,2,    16.30,2,    1.205,2,   2160.7,2,   2308.6,2,   2.6000
64PE20070830  ,AR07E      ,18      ,  3,4          ,4          ,2,20070913,1846,  59.1180, -37.7860,     3247,   3052.0,   2.3827,  34.9038,2,    282.3,2,    283.9,2,    10.80,2,     1.01,2,    15.00,2,    1.717,2,   2157.5,2,   2305.5,2,   2.1401
64PE20070830  ,AR07E      ,18      ,  3,3          ,3          ,2,20070913,1846,  59.1180, -37.7860,     3247,   3142.0,   2.0366,  34.8955,2,    289.5,2,    292.0,2,     9.10,2,     0.96,2,    14.20,2,    1.951,2,   2157.8,2,   2302.7,2,   1.7927
64PE20070830  ,AR07E      ,18      ,  3,2          ,2          ,2,20070913,1846,  59.1180, -37.7860,     3247,   3197.0,   1.7825,  34.8973,2,    292.7,2,    294.2,2,     8.60,2,     0.94,2,    13.90,2,    2.035,2,   2156.4,2,   2302.4,2,   1.5389
64PE20070830  ,AR07E      ,18      ,  3,1          ,1          ,2,20070913,1846,  59.1180, -37.7860,     3247,   3237.0,   1.5984,  34.8965,2,    294.0,2,    295.4,2,     9.00,2,     0.93,2,    13.80,2,    2.072,2,   2157.1,2,   2302.4,2,   1.3551
64PE20070830  ,AR07E      ,19      ,  3,19         ,19         ,2,20070914,1145,  58.8170, -35.8990,     2929,      9.0,  10.1188,  34.7684,2,    273.7,2,    273.9,2,     2.00,2,     0.48,2,     6.40,2,    2.013,2,   2082.8,2,   2294.9,2,  10.1178
64PE20070830  ,AR07E      ,19      ,  3,18         ,18         ,2,20070914,1145,  58.8170, -35.8990,     2929,    101.0,   7.1861,  35.0503,2,    268.4,2,    267.1,2,     6.60,2,     0.97,2,    15.00,2,    2.115,2,   2147.1,2,   2311.3,2,   7.1766
64PE20070830  ,AR07E      ,19      ,  3,17         ,17         ,2,20070914,1145,  58.8170, -35.8990,     2929,    203.0,   6.4994,  35.0072,2,    264.8,2,    263.8,2,     7.70,2,     1.03,2,    15.70,2,     -999,9,   2154.7,2,   2309.9,2,   6.4811
64PE20070830  ,AR07E      ,19      ,  3,16         ,16         ,2,20070914,1145,  58.8170, -35.8990,     2929,    302.0,   5.6895,  34.9679,2,    263.7,2,    262.9,2,     8.60,2,     1.08,2,    16.50,2,    2.066,2,   2159.4,2,   2306.9,2,   5.6640
64PE20070830  ,AR07E      ,19      ,  3,15         ,15         ,2,20070914,1145,  58.8170, -35.8990,     2929,    405.0,   4.9747,  34.9178,2,    268.6,2,    267.9,2,     8.80,2,     1.10,2,    16.60,2,     -999,9,   2160.0,2,   2304.2,2,   4.9425
64PE20070830  ,AR07E      ,19      ,  3,14         ,14         ,2,20070914,1145,  58.8170, -35.8990,     2929,    507.0,   4.9794,  34.9702,2,    249.9,2,    249.0,2,    10.30,2,     1.16,2,    17.80,2,    1.819,2,   2170.4,2,   2308.6,2,   4.9387
64PE20070830  ,AR07E      ,19      ,  3,13         ,13         ,2,20070914,1145,  58.8170, -35.8990,     2929,    606.0,   4.5606,  34.9506,2,    260.0,2,    259.5,2,    10.00,2,     1.14,2,    17.40,2,     -999,9,   2165.1,2,   2305.6,2,   4.5135
64PE20070830  ,AR07E      ,19      ,  3,12         ,12         ,2,20070914,1145,  58.8170, -35.8990,     2929,    710.0,   4.1634,  34.9146,2,    271.5,2,    271.1,2,     9.60,2,     1.12,2,    17.00,2,    2.072,2,   2160.9,2,   2304.2,2,   4.1098
64PE20070830  ,AR07E      ,19      ,  3,11         ,11         ,2,20070914,1145,  58.8170, -35.8990,     2929,    809.0,   3.9440,  34.9005,2,    274.6,2,    274.2,2,     9.60,2,     1.11,2,    16.90,2,     -999,9,   2160.2,2,   2302.3,2,   3.8838
64PE20070830  ,AR07E      ,19      ,  3,10         ,10         ,2,20070914,1145,  58.8170, -35.8990,     2929,    909.0,   3.7711,  34.8896,2,    277.3,2,    277.4,2,     9.60,2,     1.10,2,    16.70,2,    2.109,2,   2158.2,2,   2301.7,2,   3.7040
64PE20070830  ,AR07E      ,19      ,  3,9          ,9          ,2,20070914,1145,  58.8170, -35.8990,     2929,   1014.0,   3.6012,  34.8749,2,    281.3,2,    282.0,2,     9.40,2,     1.09,2,    16.40,2,    2.157,2,   2157.3,2,   2299.8,2,   3.5269
64PE20070830  ,AR07E      ,19      ,  3,8          ,8          ,2,20070914,1145,  58.8170, -35.8990,     2929,   1267.0,   3.6509,  34.9192,2,    269.5,2,    271.1,2,    10.60,2,     1.12,2,    16.90,2,    1.694,2,   2157.1,2,   2305.0,2,   3.5550
64PE20070830  ,AR07E      ,19      ,  3,7          ,7          ,2,20070914,1145,  58.8170, -35.8990,     2929,   1520.0,   3.5747,  34.9337,2,    270.1,2,    271.4,2,    11.00,2,     1.11,2,    16.70,2,    1.605,2,   2157.7,2,   2305.1,2,   3.4576
64PE20070830  ,AR07E      ,19      ,  3,6          ,6          ,2,20070914,1145,  58.8170, -35.8990,     2929,   1774.0,   3.4621,  34.9419,2,    270.5,2,    272.1,2,    11.10,2,     1.10,2,    16.40,2,    1.539,2,   2158.9,2,   2306.4,2,   3.3236
64PE20070830  ,AR07E      ,19      ,  3,5          ,5          ,2,20070914,1145,  58.8170, -35.8990,     2929,   2032.0,   3.2752,  34.9393,2,    271.0,2,    272.8,2,    11.90,2,     1.10,2,    16.40,2,    1.402,2,   2158.1,2,   2305.5,2,   3.1155
64PE20070830  ,AR07E      ,19      ,  3,4          ,4          ,2,20070914,1145,  58.8170, -35.8990,     2929,   2285.0,   3.1212,  34.9342,2,    270.9,2,    272.5,2,    12.50,2,     1.10,2,    16.30,2,     -999,9,   2157.4,2,   2307.1,2,   2.9400
64PE20070830  ,AR07E      ,19      ,  3,3          ,3          ,2,20070914,1145,  58.8170, -35.8990,     2929,   2559.0,   2.9592,  34.9311,2,    271.7,2,    272.8,2,    13.30,2,     1.09,2,    16.30,2,     -999,9,   2159.2,2,   2308.3,2,   2.7542
64PE20070830  ,AR07E      ,19      ,  3,2          ,2          ,2,20070914,1145,  58.8170, -35.8990,     2929,   2610.0,   2.9365,  34.9309,2,    271.7,2,    273.0,2,    13.40,2,     1.10,2,    16.30,2,    1.236,2,   2158.6,2,   2309.6,2,   2.7269
64PE20070830  ,AR07E      ,19      ,  3,1          ,1          ,2,20070914,1145,  58.8170, -35.8990,     2929,   2661.0,   2.9289,  34.9306,2,    272.3,2,    273.1,2,    13.60,2,     1.10,2,    16.20,2,    1.239,2,   2161.4,2,   2309.0,2,   2.7143
64PE20070830  ,AR07E      ,20      ,  3,21         ,21         ,2,20070914,1802,  58.6500, -34.9330,     2752,     14.0,  10.4517,  34.8077,2,    272.7,2,    272.8,2,     2.00,2,     0.49,2,     6.40,2,    2.036,2,   2084.7,2,     -999,9,  10.4500
64PE20070830  ,AR07E      ,20      ,  3,20         ,20         ,2,20070914,1802,  58.6500, -34.9330,     2752,    101.0,   6.9985,  34.9920,2,    271.3,2,    270.2,2,     6.20,2,     0.98,2,    14.80,2,     -999,9,   2144.0,2,     -999,9,   6.9891
64PE20070830  ,AR07E      ,20      ,  3,19         ,19         ,2,20070914,1802,  58.6500, -34.9330,     2752,    198.0,   6.7258,  35.0283,2,    266.5,2,    265.5,2,     7.40,2,     1.02,2,    15.50,2,    2.111,2,   2154.3,2,     -999,9,   6.7076
64PE20070830  ,AR07E      ,20      ,  3,18         ,18         ,2,20070914,1802,  58.6500, -34.9330,     2752,    303.0,   6.0171,  34.9942,2,    251.4,2,    249.4,2,     9.00,2,     1.13,2,    17.10,2,     -999,9,   2158.8,2,     -999,9,   5.9908
64PE20070830  ,AR07E      ,20      ,  3,17         ,17         ,2,20070914,1802,  58.6500, -34.9330,     2752,    404.0,   5.5346,  34.9875,2,    243.7,2,    242.1,2,     9.90,2,     1.18,2,    18.00,2,    1.802,2,   2169.4,2,     -999,9,   5.5007
64PE20070830  ,AR07E      ,20      ,  3,16         ,16         ,2,20070914,1802,  58.6500, -34.9330,     2752,    506.0,   5.1356,  34.9837,2,    244.9,2,    243.9,2,    10.40,2,     1.19,2,    18.10,2,     -999,9,   2169.0,2,     -999,9,   5.0943
64PE20070830  ,AR07E      ,20      ,  3,15         ,15         ,2,20070914,1802,  58.6500, -34.9330,     2752,    606.0,   4.7233,  34.9664,2,    250.1,2,    249.1,2,    10.50,2,     1.19,2,    18.00,2,     -999,9,   2168.7,2,     -999,9,   4.6754
64PE20070830  ,AR07E      ,20      ,  3,14         ,14         ,2,20070914,1802,  58.6500, -34.9330,     2752,    710.0,   4.3953,  34.9432,2,    260.8,2,    260.6,2,    10.10,2,     1.15,2,    17.50,2,     -999,9,   2164.9,2,     -999,9,   4.3404
64PE20070830  ,AR07E      ,20      ,  3,13         ,13         ,2,20070914,1802,  58.6500, -34.9330,     2752,    807.0,   4.2076,  34.9368,2,    262.2,2,     -999,9,     -999,9,     -999,9,     -999,9,     -999,9,     -999,9,     -999,9,   4.1458
64PE20070830  ,AR07E      ,20      ,  3,12         ,12         ,2,20070914,1802,  58.6500, -34.9330,     2752,    909.0,   3.9460,  34.9181,2,    268.6,2,    268.5,2,    10.00,2,     1.13,2,    17.20,2,    2.120,2,   2161.3,2,     -999,9,   3.8776
64PE20070830  ,AR07E      ,20      ,  3,11         ,11         ,2,20070914,1802,  58.6500, -34.9330,     2752,   1013.0,   3.8415,  34.9250,2,    267.6,2,    268.7,2,    10.40,2,     1.12,2,    17.10,2,    1.791,2,   2163.2,2,     -999,9,   3.7653
64PE20070830  ,AR07E      ,20      ,  3,10         ,10         ,2,20070914,1802,  58.6500, -34.9330,     2752,   1014.0,   3.8423,  34.9255,2,    267.8,2,    267.8,2,    10.50,2,     1.13,2,    17.20,2,    1.776,2,   2163.3,2,     -999,9,   3.7660
64PE20070830  ,AR07E      ,20      ,  3,9          ,9          ,2,20070914,1802,  58.6500, -34.9330,     2752,   1264.0,   3.5951,  34.9280,2,    270.1,2,    270.6,2,    10.80,2,     1.12,2,    17.00,2,    1.514,2,   2161.1,2,     -999,9,   3.5000
64PE20070830  ,AR07E      ,20      ,  3,8          ,8          ,2,20070914,1802,  58.6500, -34.9330,     2752,   1518.0,   3.4504,  34.9299,2,    271.2,2,     -999,9,     -999,9,     -999,9,     -999,9,    1.873,3,     -999,9,   2306.0,2,   3.3349
64PE20070830  ,AR07E      ,20      ,  3,7          ,7          ,2,20070914,1802,  58.6500, -34.9330,     2752,   1773.0,   3.3919,  34.9471,2,    270.6,2,    271.9,2,    11.20,2,     1.09,2,    16.60,2,    1.513,2,   2162.9,2,     -999,9,   3.2544
64PE20070830  ,AR07E      ,20      ,  3,6          ,6          ,2,20070914,1802,  58.6500, -34.9330,     2752,   2029.0,   3.3009,  34.9492,2,    270.6,2,    271.9,2,    11.60,2,     1.09,2,    16.40,2,    1.451,2,   2162.0,2,   2307.2,2,   3.1411
64PE20070830  ,AR07E      ,20      ,  3,5          ,5          ,2,20070914,1802,  58.6500, -34.9330,     2752,   2030.0,   3.2980,  34.9494,2,    270.6,2,    272.1,2,    11.50,2,     1.09,2,    16.50,2,    1.433,2,   2162.1,2,   2308.1,2,   3.1381
64PE20070830  ,AR07E      ,20      ,  3,4          ,4          ,2,20070914,1802,  58.6500, -34.9330,     2752,   2282.0,   3.1449,  34.9435,2,    270.7,2,    271.7,2,    12.50,2,     1.10,2,    16.60,2,    1.347,2,   2161.3,2,   2306.3,2,   2.9636
64PE20070830  ,AR07E      ,20      ,  3,3          ,3          ,2,20070914,1802,  58.6500, -34.9330,     2752,   2540.0,   3.0036,  34.9339,2,    271.0,2,    272.1,2,    13.30,2,     1.10,2,    16.40,2,    1.215,2,   2158.8,2,     -999,9,   2.7996
64PE20070830  ,AR07E      ,20      ,  3,2          ,2          ,2,20070914,1802,  58.6500, -34.9330,     2752,   2588.0,   2.9987,  34.9333,2,    271.3,2,    272.2,2,    13.30,2,     1.10,2,    16.50,2,    1.257,2,   2161.5,2,   2307.3,2,   2.7901
64PE20070830  ,AR07E      ,20      ,  3,1          ,1          ,2,20070914,1802,  58.6500, -34.9330,     2752,   2644.0,   2.9851,  34.9337,2,    271.9,2,    272.3,2,    13.20,2,     1.10,2,    16.50,2,    1.713,4,   2160.8,2,   2307.2,2,   2.7711
64PE20070830  ,AR07E      ,22      ,  3,17         ,17         ,2,20070915,0532,  58.3330, -33.0000,     2053,     11.0,  11.0686,  34.7861,2,     -999,9,    270.4,2,     1.70,2,     0.47,2,     5.70,2,     -999,9,   2079.4,2,     -999,9,  11.0673
64PE20070830  ,AR07E      ,22      ,  3,16         ,16         ,2,20070915,0532,  58.3330, -33.0000,     2053,    101.0,   8.6190,  35.0917,2,     -999,9,    255.7,2,     5.90,2,     0.94,2,    14.40,2,     -999,9,   2144.9,2,     -999,9,   8.6084
64PE20070830  ,AR07E      ,22      ,  3,15         ,15         ,2,20070915,0532,  58.3330, -33.0000,     2053,    201.0,   7.4843,  35.1558,2,     -999,9,    263.6,2,     7.00,2,     1.02,2,    15.50,2,    1.849,2,   2153.5,2,     -999,9,   7.4647
64PE20070830  ,AR07E      ,22      ,  3,14         ,14         ,2,20070915,0532,  58.3330, -33.0000,     2053,    301.0,   7.1981,  35.1213,2,     -999,9,    273.1,2,     7.10,2,     1.01,2,    15.40,2,     -999,9,   2150.0,2,     -999,9,   7.1692
64PE20070830  ,AR07E      ,22      ,  3,13         ,13         ,2,20070915,0532,  58.3330, -33.0000,     2053,    404.0,   7.1872,  35.1414,2,     -999,9,    243.7,2,     8.80,2,     1.12,2,    17.00,2,    1.555,2,   2158.7,2,     -999,9,   7.1481
64PE20070830  ,AR07E      ,22      ,  3,12         ,12         ,2,20070915,0532,  58.3330, -33.0000,     2053,    506.0,   6.4624,  35.1109,2,     -999,9,    230.1,2,    10.20,2,     1.20,2,    18.20,2,     -999,9,   2170.3,2,     -999,9,   6.4159
64PE20070830  ,AR07E      ,22      ,  3,11         ,11         ,2,20070915,0532,  58.3330, -33.0000,     2053,    608.0,   5.7180,  35.0591,2,     -999,9,    231.8,2,    11.10,2,     1.24,2,    18.90,2,    1.287,2,   2172.8,2,     -999,9,   5.6652
64PE20070830  ,AR07E      ,22      ,  3,10         ,10         ,2,20070915,0532,  58.3330, -33.0000,     2053,    708.0,   5.1042,  35.0063,2,     -999,9,    242.2,2,    11.10,2,     1.24,2,    18.60,2,     -999,9,   2171.6,2,     -999,9,   5.0456
64PE20070830  ,AR07E      ,22      ,  3,9          ,9          ,2,20070915,0532,  58.3330, -33.0000,     2053,    808.0,   4.6223,  34.9786,2,     -999,9,    253.5,2,    10.90,2,     1.21,2,    18.20,2,    1.713,2,   2168.1,2,     -999,9,   4.5578
64PE20070830  ,AR07E      ,22      ,  3,8          ,8          ,2,20070915,0532,  58.3330, -33.0000,     2053,    910.0,   4.1587,  34.9424,2,     -999,9,    263.6,2,    10.90,2,     1.20,2,    18.00,2,    1.771,4,   2164.9,2,     -999,9,   4.0887
64PE20070830  ,AR07E      ,22      ,  3,6          ,6          ,2,20070915,0532,  58.3330, -33.0000,     2053,   1012.0,   3.9649,  34.9272,2,     -999,9,    267.6,2,    11.00,2,     1.19,2,    17.70,2,    1.624,4,   2164.4,2,     -999,9,   3.8878
64PE20070830  ,AR07E      ,22      ,  3,7          ,7          ,2,20070915,0532,  58.3330, -33.0000,     2053,   1012.0,   3.9652,  34.9272,2,     -999,9,     -999,9,     -999,9,     -999,9,     -999,9,     -999,9,     -999,9,     -999,9,   3.8881
64PE20070830  ,AR07E      ,22      ,  3,5          ,5          ,2,20070915,0532,  58.3330, -33.0000,     2053,   1265.0,   3.7650,  34.9380,2,     -999,9,    271.3,2,    11.20,2,     1.16,2,    17.30,2,    1.497,4,   2164.4,2,     -999,9,   3.6681
64PE20070830  ,AR07E      ,22      ,  3,4          ,4          ,2,20070915,0532,  58.3330, -33.0000,     2053,   1518.0,   3.7274,  34.9533,2,     -999,9,    271.9,2,    11.30,2,     1.16,2,    17.10,2,     -999,9,   2162.2,2,     -999,9,   3.6087
64PE20070830  ,AR07E      ,22      ,  3,3          ,3          ,2,20070915,0532,  58.3330, -33.0000,     2053,   1722.0,   3.6357,  34.9517,2,     -999,9,    274.0,2,    11.40,2,     1.15,2,    17.10,2,    1.400,4,   2161.5,2,     -999,9,   3.4996
64PE20070830  ,AR07E      ,22      ,  3,2          ,2          ,2,20070915,0532,  58.3330, -33.0000,     2053,   1773.0,   3.5856,  34.9520,2,     -999,9,    274.4,2,    11.50,2,     1.15,2,    17.00,2,    1.557,2,   2161.9,2,     -999,9,   3.4455
64PE20070830  ,AR07E      ,22      ,  3,1          ,1          ,2,20070915,0532,  58.3330, -33.0000,     2053,   1796.0,   3.5747,  34.9523,2,     -999,9,    273.9,2,    11.40,2,     1.15,2,    17.00,2,    1.556,2,   2160.8,2,     -999,9,   3.4326
64PE20070830  ,AR07E      ,23      ,  3,17         ,17         ,2,20070915,1103,  58.1670, -32.0150,     2105,      8.0,  12.2962,  35.0034,2,    258.5,2,    256.8,2,     0.30,2,     0.35,2,     3.70,2,    1.822,2,   2078.7,2,   2309.8,2,  12.2951
64PE20070830  ,AR07E      ,23      ,  3,16         ,16         ,2,20070915,1103,  58.1670, -32.0150,     2105,     99.0,   9.1465,  35.1861,2,    250.4,2,    246.8,2,     5.30,2,     0.87,2,    13.20,2,     -999,9,   2138.0,2,   2319.8,2,   9.1357
64PE20070830  ,AR07E      ,23      ,  3,15         ,15         ,2,20070915,1103,  58.1670, -32.0150,     2105,    199.0,   7.8906,  35.0660,2,    249.1,2,    245.9,2,     7.00,2,     1.00,2,    15.10,2,     -999,9,   2148.1,2,   2311.9,2,   7.8706
64PE20070830  ,AR07E      ,23      ,  3,14         ,14         ,2,20070915,1103,  58.1670, -32.0150,     2105,    298.0,   7.9551,  35.1773,2,    249.3,2,    248.0,2,     7.10,2,     0.99,2,    15.00,2,    1.864,2,   2147.9,2,   2318.2,2,   7.9247
64PE20070830  ,AR07E      ,23      ,  3,13         ,13         ,2,20070915,1103,  58.1670, -32.0150,     2105,    400.0,   7.5614,  35.1688,2,    248.6,2,    249.8,2,     7.60,2,     1.01,2,    15.50,2,     -999,9,   2153.0,2,   2318.4,2,   7.5216
64PE20070830  ,AR07E      ,23      ,  3,12         ,12         ,2,20070915,1103,  58.1670, -32.0150,     2105,    500.0,   6.8714,  35.1191,2,    228.8,2,    229.2,2,     9.50,2,     1.14,2,    17.50,2,    1.635,2,   2165.6,2,   2316.9,2,   6.8239
64PE20070830  ,AR07E      ,23      ,  3,11         ,11         ,2,20070915,1103,  58.1670, -32.0150,     2105,    600.0,   6.2707,  35.0920,2,    226.7,2,    226.7,2,    10.40,2,     1.18,2,    18.00,2,     -999,9,   2170.3,2,   2314.3,2,   6.2161
64PE20070830  ,AR07E      ,23      ,  3,10         ,10         ,2,20070915,1103,  58.1670, -32.0150,     2105,    699.0,   5.6969,  35.0590,2,    232.1,2,    232.0,2,    10.70,2,     1.19,2,    18.00,2,     -999,9,   2168.1,2,   2316.4,2,   5.6358
64PE20070830  ,AR07E      ,23      ,  3,9          ,9          ,2,20070915,1103,  58.1670, -32.0150,     2105,    799.0,   4.9610,  35.0047,2,    244.9,2,    244.8,2,    10.60,2,     1.17,2,    17.70,2,     -999,9,   2164.9,2,   2309.5,2,   4.8952
64PE20070830  ,AR07E      ,23      ,  3,8          ,8          ,2,20070915,1103,  58.1670, -32.0150,     2105,    901.0,   4.4422,  34.9617,2,    254.8,2,    255.1,2,    10.60,2,     1.16,2,    17.60,2,    1.724,2,   2163.7,2,   2307.3,2,   4.3709
64PE20070830  ,AR07E      ,23      ,  3,7          ,7          ,2,20070915,1103,  58.1670, -32.0150,     2105,   1001.0,   4.1820,  34.9509,2,    260.4,2,     -999,9,     -999,9,     -999,9,     -999,9,     -999,9,     -999,9,     -999,9,   4.1041
64PE20070830  ,AR07E      ,23      ,  3,6          ,6          ,2,20070915,1103,  58.1670, -32.0150,     2105,   1250.0,   3.8571,  34.9545,2,    266.1,2,    266.5,2,    10.80,2,     1.12,2,    16.60,2,    1.633,2,   2158.9,2,   2310.1,2,   3.7606
64PE20070830  ,AR07E      ,23      ,  3,5          ,5          ,2,20070915,1103,  58.1670, -32.0150,     2105,   1502.0,   3.8219,  34.9731,2,    267.0,2,    267.3,2,    10.70,2,     1.09,2,    16.30,2,    1.633,2,   2156.4,2,   2307.5,2,   3.7035
64PE20070830  ,AR07E      ,23      ,  3,4          ,4          ,2,20070915,1103,  58.1670, -32.0150,     2105,   1754.0,   3.7721,  34.9752,2,    267.7,2,    268.8,2,    10.60,2,     1.08,2,    16.10,2,    1.641,2,   2156.6,2,   2308.6,2,   3.6312
64PE20070830  ,AR07E      ,23      ,  3,3          ,3          ,2,20070915,1103,  58.1670, -32.0150,     2105,   2003.0,   3.7760,  34.9754,2,    268.7,2,    269.2,2,    10.60,2,     1.07,2,    16.10,2,    1.638,2,   2156.4,2,   2309.1,2,   3.6115
64PE20070830  ,AR07E      ,23      ,  3,2          ,2          ,2,20070915,1103,  58.1670, -32.0150,     2105,   2079.0,   3.7708,  34.9759,2,    269.1,2,    269.6,2,    10.60,2,     1.08,2,    16.00,2,    1.633,2,   2158.4,2,   2305.9,2,   3.5990
64PE20070830  ,AR07E      ,23      ,  3,1          ,1          ,2,20070915,1103,  58.1670, -32.0150,     2105,   2095.0,   3.7716,  34.9760,2,    269.5,2,    269.6,2,    10.50,2,     1.08,2,    16.00,2,    1.646,2,   2159.6,2,   2306.9,2,   3.5982
64PE20070830  ,AR07E      ,21      ,  3,19         ,19         ,2,20070915,1203,  58.4840, -33.8990,     2512,      9.0,  10.7650,  34.7786,2,    270.9,2,    270.8,2,     1.80,2,     0.43,2,     5.50,2,    1.889,2,   2078.5,2,   2295.5,2,  10.7639
64PE20070830  ,AR07E      ,21      ,  3,18         ,18         ,2,20070915,1203,  58.4840, -33.8990,     2512,    101.0,   6.8708,  35.0067,2,    271.8,2,    270.4,2,     6.50,2,     0.98,2,    14.80,2,     -999,9,   2149.4,2,   2309.6,2,   6.8615
64PE20070830  ,AR07E      ,21      ,  3,17         ,17         ,2,20070915,1203,  58.4840, -33.8990,     2512,    201.0,   6.3132,  34.9892,2,    265.4,2,    264.3,2,     7.80,2,     1.05,2,    15.70,2,     -999,9,   2155.8,2,   2308.5,2,   6.2954
64PE20070830  ,AR07E      ,21      ,  3,16         ,16         ,2,20070915,1203,  58.4840, -33.8990,     2512,    302.0,   5.6487,  34.9592,2,    261.1,2,    259.8,2,     8.70,2,     1.10,2,    16.60,2,    2.031,2,   2159.8,2,   2307.6,2,   5.6233
64PE20070830  ,AR07E      ,21      ,  3,15         ,15         ,2,20070915,1203,  58.4840, -33.8990,     2512,    403.0,   5.1652,  34.9548,2,    258.0,2,    256.2,2,     9.50,2,     1.14,2,    17.10,2,     -999,9,   2165.7,2,   2307.9,2,   5.1326
64PE20070830  ,AR07E      ,21      ,  3,14         ,14         ,2,20070915,1203,  58.4840, -33.8990,     2512,    505.0,   4.8022,  34.9578,2,    255.3,2,    254.1,2,    10.00,2,     1.16,2,    17.50,2,    1.853,2,   2168.2,2,   2306.6,2,   4.7623
64PE20070830  ,AR07E      ,21      ,  3,13         ,13         ,2,20070915,1203,  58.4840, -33.8990,     2512,    604.0,   4.4762,  34.9513,2,    257.4,2,    256.0,2,    10.40,2,     1.16,2,    17.50,2,     -999,9,   2167.2,2,   2306.0,2,   4.4296
64PE20070830  ,AR07E      ,21      ,  3,12         ,12         ,2,20070915,1203,  58.4840, -33.8990,     2512,    708.0,   4.2270,  34.9431,2,    260.2,2,    259.4,2,    10.50,2,     1.16,2,    17.30,2,    1.783,2,   2165.6,2,   2306.0,2,   4.1732
64PE20070830  ,AR07E      ,21      ,  3,11         ,11         ,2,20070915,1203,  58.4840, -33.8990,     2512,    810.0,   3.7746,  34.8961,2,    275.4,2,    274.7,2,     9.80,2,     1.12,2,    16.80,2,     -999,9,   2163.0,2,   2303.5,2,   3.7154
64PE20070830  ,AR07E      ,21      ,  3,10         ,10         ,2,20070915,1203,  58.4840, -33.8990,     2512,    910.0,   3.7770,  34.9108,2,    269.7,2,    269.0,2,    10.50,2,     1.13,2,    17.10,2,     -999,9,   2163.1,2,   2303.1,2,   3.7097
64PE20070830  ,AR07E      ,21      ,  3,9          ,9          ,2,20070915,1203,  58.4840, -33.8990,     2512,   1009.0,   3.6706,  34.9096,2,    270.6,2,    270.1,2,    10.70,2,     1.14,2,    17.10,2,    1.774,2,   2163.3,2,   2304.3,2,   3.5961
64PE20070830  ,AR07E      ,21      ,  3,8          ,8          ,2,20070915,1203,  58.4840, -33.8990,     2512,   1010.0,   3.6693,  34.9095,2,    270.6,2,    270.2,2,    10.60,2,     1.13,2,    17.10,2,     -999,9,   2165.0,2,   2304.8,2,   3.5947
64PE20070830  ,AR07E      ,21      ,  3,7          ,7          ,2,20070915,1203,  58.4840, -33.8990,     2512,   1267.0,   3.5410,  34.9200,2,    271.1,2,    271.1,2,    10.90,2,     1.12,2,    16.90,2,    1.625,2,   2159.3,2,   2304.0,2,   3.4462
64PE20070830  ,AR07E      ,21      ,  3,6          ,6          ,2,20070915,1203,  58.4840, -33.8990,     2512,   1519.0,   3.2902,  34.9108,2,    274.3,2,    274.5,2,    11.20,2,     1.11,2,    16.80,2,    1.531,2,   2158.8,2,   2303.2,2,   3.1765
64PE20070830  ,AR07E      ,21      ,  3,5          ,5          ,2,20070915,1203,  58.4840, -33.8990,     2512,   1774.0,   3.2367,  34.9277,2,    273.2,2,    273.5,2,    11.60,2,     1.10,2,    16.50,2,    1.424,2,   2159.5,2,   2304.8,2,   3.1012
64PE20070830  ,AR07E      ,21      ,  3,4          ,4          ,2,20070915,1203,  58.4840, -33.8990,     2512,   2030.0,   3.2354,  34.9507,2,    271.6,2,    271.5,2,    12.00,2,     1.09,2,    16.30,2,    1.401,2,   2162.0,2,   2309.4,2,   3.0765
64PE20070830  ,AR07E      ,21      ,  3,3          ,3          ,2,20070915,1203,  58.4840, -33.8990,     2512,   2030.0,   3.2318,  34.9507,2,    271.4,2,    271.7,2,    12.20,2,     1.09,2,    16.40,2,     -999,9,   2161.0,2,   2307.6,2,   3.0729
64PE20070830  ,AR07E      ,21      ,  3,2          ,2          ,2,20070915,1203,  58.4840, -33.8990,     2512,   2100.0,   3.1921,  34.9471,2,    271.8,2,    272.6,2,    12.60,2,     1.10,2,    16.40,2,    1.374,2,   2161.0,2,   2306.8,2,   3.0273
64PE20070830  ,AR07E      ,21      ,  3,1          ,1          ,2,20070915,1203,  58.4840, -33.8990,     2512,   2147.0,   3.1401,  34.9413,2,    272.3,2,    271.6,2,    12.60,2,     1.10,2,    16.40,2,    1.333,2,   2162.0,2,   2308.0,2,   2.9717
64PE20070830  ,AR07E      ,24      ,  1,16         ,16         ,2,20070915,1643,  58.0150, -31.1160,     1844,      9.0,  12.5267,  35.0384,2,    257.6,2,     -999,9,     0.40,2,     0.32,2,     3.50,2,    1.804,2,   2077.3,2,     -999,9,  12.5255
64PE20070830  ,AR07E      ,24      ,  1,15         ,15         ,2,20070915,1643,  58.0150, -31.1160,     1844,     97.0,   9.4279,  35.2006,2,    252.1,2,     -999,9,     4.50,2,     0.82,2,    12.70,2,     -999,9,   2136.6,2,     -999,9,   9.4171
64PE20070830  ,AR07E      ,24      ,  1,14         ,14         ,2,20070915,1643,  58.0150, -31.1160,     1844,    205.0,   8.6716,  35.1766,2,    250.0,2,     -999,9,     6.10,2,     0.90,2,    14.10,2,    1.884,2,   2146.4,2,     -999,9,   8.6497
64PE20070830  ,AR07E      ,24      ,  1,13         ,13         ,2,20070915,1643,  58.0150, -31.1160,     1844,    300.0,   6.8931,  34.9267,2,    251.8,2,     -999,9,     8.00,2,     1.05,2,    16.00,2,     -999,9,   2154.9,2,     -999,9,   6.8651
64PE20070830  ,AR07E      ,24      ,  1,12         ,12         ,2,20070915,1643,  58.0150, -31.1160,     1844,    397.0,   7.7050,  35.1495,2,    249.7,2,     -999,9,     7.40,2,     0.99,2,    15.40,2,    1.871,2,   2152.6,2,   2317.1,2,   7.6651
64PE20070830  ,AR07E      ,24      ,  1,11         ,11         ,2,20070915,1643,  58.0150, -31.1160,     1844,    497.0,   6.9266,  35.0713,2,    232.8,2,     -999,9,     9.10,2,     1.12,2,    17.40,2,     -999,9,   2160.5,2,   2315.8,2,   6.8792
64PE20070830  ,AR07E      ,24      ,  1,10         ,10         ,2,20070915,1643,  58.0150, -31.1160,     1844,    599.0,   6.1284,  35.0175,2,    223.2,2,    227.3,2,    10.60,2,     1.21,2,    18.70,2,    1.560,2,   2169.5,2,   2311.4,2,   6.0746
64PE20070830  ,AR07E      ,24      ,  1,9          ,9          ,2,20070915,1643,  58.0150, -31.1160,     1844,    698.0,   5.9447,  35.0745,2,    229.2,2,    232.9,2,    10.60,2,     1.17,2,    18.10,2,     -999,9,   2171.4,2,   2315.7,2,   5.8824
64PE20070830  ,AR07E      ,24      ,  1,8          ,8          ,2,20070915,1643,  58.0150, -31.1160,     1844,    800.0,   5.3369,  35.0401,2,    239.6,2,    243.7,2,    10.60,2,     1.17,2,    17.80,2,    1.575,2,   2171.6,2,   2314.8,2,   5.2686
64PE20070830  ,AR07E      ,24      ,  1,7          ,7          ,2,20070915,1643,  58.0150, -31.1160,     1844,    899.0,   4.6887,  34.9869,2,    250.9,2,    254.1,2,    10.50,2,     1.15,2,    17.70,2,     -999,9,   2166.4,2,   2309.2,2,   4.6159
64PE20070830  ,AR07E      ,24      ,  1,6          ,6          ,2,20070915,1643,  58.0150, -31.1160,     1844,    999.0,   4.2389,  34.9448,2,    259.3,2,    262.1,2,    10.50,2,     1.15,2,    17.50,2,    1.741,2,   2163.0,2,   2306.9,2,   4.1607
64PE20070830  ,AR07E      ,24      ,  1,5          ,5          ,2,20070915,1643,  58.0150, -31.1160,     1844,   1249.0,   3.8106,  34.9378,2,    268.0,2,    270.3,2,    10.60,2,     1.11,2,    17.00,2,    1.614,2,   2165.1,2,     -999,9,   3.7147
64PE20070830  ,AR07E      ,24      ,  1,4          ,4          ,2,20070915,1643,  58.0150, -31.1160,     1844,   1502.0,   3.6405,  34.9654,2,    271.0,2,    273.0,2,    10.30,2,     1.06,2,    16.10,2,    1.604,2,   2163.8,2,     -999,9,   3.5242
64PE20070830  ,AR07E      ,24      ,  1,3          ,3          ,2,20070915,1643,  58.0150, -31.1160,     1844,   1736.0,   3.5420,  34.9756,2,    272.2,2,    273.1,2,    10.20,2,     1.04,2,    15.90,2,    1.624,2,   2163.3,2,     -999,9,   3.4058
64PE20070830  ,AR07E      ,24      ,  1,2          ,2          ,2,20070915,1643,  58.0150, -31.1160,     1844,   1782.0,   3.5115,  34.9770,2,    272.9,2,    272.9,2,    10.20,2,     1.04,2,    15.80,2,    1.587,2,   2161.3,2,     -999,9,   3.3715
64PE20070830  ,AR07E      ,24      ,  1,1          ,1          ,2,20070915,1643,  58.0150, -31.1160,     1844,   1834.0,   3.5128,  34.9796,2,    272.8,2,    272.4,2,    10.30,2,     1.04,2,    15.80,2,    1.638,2,   2162.7,2,     -999,9,   3.3680
64PE20070830  ,AR07E      ,25      ,  1,20         ,20         ,2,20070915,2150,  57.8660, -30.1980,     2202,     10.0,  12.2468,  35.0489,2,    257.4,2,    258.4,2,     0.40,2,     0.33,2,     3.70,2,    1.829,2,   2082.1,2,   2314.4,2,  12.2455
64PE20070830  ,AR07E      ,25      ,  1,19         ,19         ,2,20070915,2150,  57.8660, -30.1980,     2202,    101.0,   9.3822,  35.2020,2,    253.6,2,    253.4,2,     4.10,2,     0.81,2,    12.60,2,     -999,9,   2139.4,2,   2321.3,2,   9.3710
64PE20070830  ,AR07E      ,25      ,  1,18         ,18         ,2,20070915,2150,  57.8660, -30.1980,     2202,    201.0,   8.8930,  35.2113,2,    251.2,2,    250.3,2,     5.60,2,     0.87,2,    13.70,2,     -999,9,   2143.9,2,   2321.1,2,   8.8712
64PE20070830  ,AR07E      ,25      ,  1,17         ,17         ,2,20070915,2150,  57.8660, -30.1980,     2202,    301.0,   8.2980,  35.1882,2,    252.0,2,    250.9,2,     6.40,2,     0.94,2,    14.50,2,    1.908,2,   2147.6,2,   2318.9,2,   8.2666
64PE20070830  ,AR07E      ,25      ,  1,16         ,16         ,2,20070915,2150,  57.8660, -30.1980,     2202,    405.0,   8.1159,  35.2138,2,    256.8,2,    256.0,2,     6.40,2,     0.92,2,    14.30,2,     -999,9,   2145.3,2,   2323.9,2,   8.0739
64PE20070830  ,AR07E      ,25      ,  1,15         ,15         ,2,20070915,2150,  57.8660, -30.1980,     2202,    502.0,   7.9102,  35.2156,2,    257.5,2,    256.6,2,     6.60,2,     0.93,2,    14.50,2,    1.934,2,   2148.8,2,   2321.6,2,   7.8585
64PE20070830  ,AR07E      ,25      ,  1,14         ,14         ,2,20070915,2150,  57.8660, -30.1980,     2202,    607.0,   7.2941,  35.1546,2,    246.8,2,    246.1,2,     8.00,2,     1.03,2,    15.90,2,     -999,9,   2155.7,2,   2320.8,2,   7.2341
64PE20070830  ,AR07E      ,25      ,  1,13         ,13         ,2,20070915,2150,  57.8660, -30.1980,     2202,    707.0,   6.5034,  35.1067,2,    227.2,2,    226.0,2,    10.10,2,     1.16,2,    17.80,2,    1.521,3,   2170.2,2,   2317.0,2,   6.4372
64PE20070830  ,AR07E      ,25      ,  1,12         ,12         ,2,20070915,2150,  57.8660, -30.1980,     2202,    809.0,   5.7721,  35.0534,2,    229.1,2,    227.8,2,    10.70,2,     1.19,2,    18.50,2,     -999,9,   2169.3,2,   2317.4,2,   5.7003
64PE20070830  ,AR07E      ,25      ,  1,11         ,11         ,2,20070915,2150,  57.8660, -30.1980,     2202,    911.0,   5.2694,  35.0365,2,    241.4,2,    240.3,2,    10.40,2,     1.15,2,    17.70,2,    1.590,2,   2166.5,2,   2313.5,2,   5.1914
64PE20070830  ,AR07E      ,25      ,  1,9          ,9          ,2,20070915,2150,  57.8660, -30.1980,     2202,   1012.0,   4.8444,  35.0095,2,    250.8,2,    255.5,2,    10.20,2,     1.12,2,    17.20,2,    1.691,2,   2160.8,2,   2310.9,2,   4.7604
64PE20070830  ,AR07E      ,25      ,  1,10         ,10         ,2,20070915,2150,  57.8660, -30.1980,     2202,   1012.0,   4.8474,  35.0095,2,    250.6,2,    249.3,2,    10.20,2,     1.13,2,    17.20,2,    1.658,2,   2163.7,2,   2312.3,2,   4.7633
64PE20070830  ,AR07E      ,25      ,  1,8          ,8          ,2,20070915,2150,  57.8660, -30.1980,     2202,   1265.0,   4.0030,  34.9397,2,    264.8,2,    263.6,2,    10.40,2,     1.12,2,    17.30,2,    1.717,2,   2162.5,2,   2307.5,2,   3.9038
64PE20070830  ,AR07E      ,25      ,  1,7          ,7          ,2,20070915,2150,  57.8660, -30.1980,     2202,   1520.0,   3.7168,  34.9529,2,    269.0,2,     -999,9,     -999,9,     -999,9,     -999,9,    1.740,2,     -999,9,     -999,9,   3.5980
64PE20070830  ,AR07E      ,25      ,  1,6          ,6          ,2,20070915,2150,  57.8660, -30.1980,     2202,   1774.0,   3.3384,  34.9641,2,    271.2,2,    270.7,2,    11.10,2,     1.06,2,    16.20,2,    1.440,2,   2159.5,2,   2308.3,2,   3.2015
64PE20070830  ,AR07E      ,25      ,  1,5          ,5          ,2,20070915,2150,  57.8660, -30.1980,     2202,   2028.0,   3.1325,  34.9803,2,    270.4,2,    269.4,2,    11.70,2,     1.05,2,    15.80,2,    1.473,2,   2159.8,2,   2310.8,2,   2.9752
64PE20070830  ,AR07E      ,25      ,  1,4          ,4          ,2,20070915,2150,  57.8660, -30.1980,     2202,   2030.0,   3.1318,  34.9806,2,    270.4,2,    269.5,2,    11.80,2,     1.05,2,    15.90,2,    1.455,2,   2163.2,2,   2312.3,2,   2.9743
64PE20070830  ,AR07E      ,25      ,  1,3          ,3          ,2,20070915,2150,  57.8660, -30.1980,     2202,   2088.0,   3.1188,  34.9812,2,    270.3,2,    269.4,2,    11.80,2,     1.05,2,    16.00,2,    1.405,2,   2162.3,2,   2311.9,2,   2.9561
64PE20070830  ,AR07E      ,25      ,  1,2          ,2          ,2,20070915,2150,  57.8660, -30.1980,     2202,   2139.0,   3.1056,  34.9831,2,    271.5,2,    270.3,2,    11.50,2,     1.04,2,    15.70,2,    1.506,2,   2160.5,2,   2310.5,2,   2.9384
64PE20070830  ,AR07E      ,25      ,  1,1          ,1          ,2,20070915,2150,  57.8660, -30.1980,     2202,   2192.0,   3.0840,  34.9833,2,    271.4,2,    270.1,2,    11.80,2,     1.05,2,    15.80,2,    1.514,2,   2162.7,2,   2311.2,2,   2.9121
64PE20070830  ,AR07E      ,26      ,  1,20         ,20         ,2,20070916,0338,  57.7000, -29.2330,     2335,     10.0,  12.3734,  35.0333,2,    256.0,2,    260.0,2,     0.50,2,     0.35,2,     3.70,2,    1.829,2,   2082.9,2,     -999,9,  12.3721
64PE20070830  ,AR07E      ,26      ,  1,19         ,19         ,2,20070916,0338,  57.7000, -29.2330,     2335,    100.0,   8.5470,  34.9580,2,    258.5,2,     -999,9,     4.30,2,     0.86,2,    12.70,2,     -999,9,   2129.9,2,     -999,9,   8.5365
64PE20070830  ,AR07E      ,26      ,  1,18         ,18         ,2,20070916,0338,  57.7000, -29.2330,     2335,    198.0,   7.1075,  34.9217,2,    252.4,2,    254.7,2,     7.80,2,     1.04,2,    15.70,2,    1.966,2,   2149.0,2,     -999,9,   7.0888
64PE20070830  ,AR07E      ,26      ,  1,17         ,17         ,2,20070916,0338,  57.7000, -29.2330,     2335,    303.0,   6.6309,  34.9184,2,    244.9,2,    247.1,2,     8.50,2,     1.10,2,    16.50,2,     -999,9,   2156.2,2,     -999,9,   6.6032
64PE20070830  ,AR07E      ,26      ,  1,16         ,16         ,2,20070916,0338,  57.7000, -29.2330,     2335,    400.0,   6.5280,  34.9955,2,    231.6,2,    234.2,2,     9.40,2,     1.16,2,    17.60,2,    1.720,2,   2162.8,2,     -999,9,   6.4914
64PE20070830  ,AR07E      ,26      ,  1,15         ,15         ,2,20070916,0338,  57.7000, -29.2330,     2335,    503.0,   6.2932,  35.0676,2,    222.3,2,    224.4,2,    10.40,2,     1.20,2,    18.40,2,     -999,9,   2177.6,2,     -999,9,   6.2477
64PE20070830  ,AR07E      ,26      ,  1,14         ,14         ,2,20070916,0338,  57.7000, -29.2330,     2335,    607.0,   5.8101,  35.0451,2,    225.0,2,    226.9,2,    10.90,2,     1.22,2,    18.50,2,     -999,9,   2176.3,2,     -999,9,   5.7570
64PE20070830  ,AR07E      ,26      ,  1,13         ,13         ,2,20070916,0338,  57.7000, -29.2330,     2335,    709.0,   5.3130,  35.0271,2,    236.7,2,    238.9,2,    10.70,2,     1.19,2,    18.00,2,     -999,9,   2172.4,2,     -999,9,   5.2531
64PE20070830  ,AR07E      ,26      ,  1,12         ,12         ,2,20070916,0338,  57.7000, -29.2330,     2335,    808.0,   4.8786,  34.9993,2,    246.0,2,    247.8,2,    10.50,2,     1.17,2,    17.60,2,    1.625,2,   2167.7,2,     -999,9,   4.8125
64PE20070830  ,AR07E      ,26      ,  1,11         ,11         ,2,20070916,0338,  57.7000, -29.2330,     2335,    909.0,   4.4848,  34.9637,2,    253.7,2,    255.4,2,    10.60,2,     1.16,2,    17.50,2,     -999,9,   2166.2,2,     -999,9,   4.4126
64PE20070830  ,AR07E      ,26      ,  1,9          ,9          ,2,20070916,0338,  57.7000, -29.2330,     2335,   1013.0,   4.2482,  34.9527,2,    259.5,2,    261.1,2,    10.40,2,     1.14,2,    17.10,2,    1.745,2,   2162.0,2,     -999,9,   4.1688
64PE20070830  ,AR07E      ,26      ,  1,10         ,10         ,2,20070916,0338,  57.7000, -29.2330,     2335,   1014.0,   4.2559,  34.9532,2,    259.3,2,    261.2,2,    10.40,2,     1.14,2,    17.30,2,    1.740,2,   2164.1,2,     -999,9,   4.1763
64PE20070830  ,AR07E      ,26      ,  1,8          ,8          ,2,20070916,0338,  57.7000, -29.2330,     2335,   1265.0,   3.8527,  34.9319,2,    266.6,2,    268.2,2,    10.50,2,     1.12,2,    16.90,2,    1.665,2,   2159.9,2,     -999,9,   3.7550
64PE20070830  ,AR07E      ,26      ,  1,7          ,7          ,2,20070916,0338,  57.7000, -29.2330,     2335,   1518.0,   3.5276,  34.9289,2,    270.4,2,    272.0,2,    10.90,2,     1.12,2,    16.70,2,    1.495,2,   2159.1,2,     -999,9,   3.4113
64PE20070830  ,AR07E      ,26      ,  1,6          ,6          ,2,20070916,0338,  57.7000, -29.2330,     2335,   1772.0,   3.3064,  34.9473,2,    270.5,2,    272.4,2,    11.60,2,     1.10,2,    16.30,2,    1.403,2,   2159.0,2,     -999,9,   3.1701
64PE20070830  ,AR07E      ,26      ,  1,4          ,4          ,2,20070916,0338,  57.7000, -29.2330,     2335,   2027.0,   3.0284,  34.9724,2,    269.5,2,    270.3,2,    13.00,2,     1.08,2,    15.90,2,    1.367,2,   2164.0,2,     -999,9,   2.8728
64PE20070830  ,AR07E      ,26      ,  1,5          ,5          ,2,20070916,0338,  57.7000, -29.2330,     2335,   2028.0,   3.0315,  34.9721,2,    269.5,2,    270.4,2,    13.10,2,     1.08,2,    15.90,2,    1.339,2,   2163.4,2,     -999,9,   2.8758
64PE20070830  ,AR07E      ,26      ,  1,3          ,3          ,2,20070916,0338,  57.7000, -29.2330,     2335,   2231.0,   2.8412,  34.9798,2,    269.4,2,    269.8,2,    13.60,2,     1.08,2,    15.90,2,    1.416,2,   2165.9,2,     -999,9,   2.6696
64PE20070830  ,AR07E      ,26      ,  1,2          ,2          ,2,20070916,0338,  57.7000, -29.2330,     2335,   2281.0,   2.8427,  34.9801,2,    269.7,2,    269.6,2,    13.60,2,     1.06,2,    15.80,2,    1.432,2,   2167.3,2,     -999,9,   2.6664
64PE20070830  ,AR07E      ,26      ,  1,1          ,1          ,2,20070916,0338,  57.7000, -29.2330,     2335,   2325.0,   2.8447,  34.9799,2,    269.8,2,    269.5,2,    13.70,2,     1.07,2,    15.80,2,    1.416,2,   2171.0,2,     -999,9,   2.6642
64PE20070830  ,AR07E      ,27      ,  1,19         ,19         ,2,20070916,0904,  57.5500, -28.3330,     2384,     13.0,  12.4325,  35.0740,2,    256.1,2,    257.8,2,     0.50,2,     0.31,2,     3.80,2,    1.842,2,   2081.9,2,   2315.5,2,  12.4308
64PE20070830  ,AR07E      ,27      ,  1,18         ,18         ,2,20070916,0904,  57.5500, -28.3330,     2384,    104.0,   9.3855,  35.2166,2,    253.0,2,    251.9,2,     4.50,2,     0.82,2,    12.60,2,     -999,9,   2138.5,2,   2317.0,2,   9.3739
64PE20070830  ,AR07E      ,27      ,  1,17         ,17         ,2,20070916,0904,  57.5500, -28.3330,     2384,    305.0,   8.3102,  35.1568,2,    247.8,2,    246.8,2,     6.60,2,     0.95,2,    14.60,2,    1.905,2,   2151.0,2,   2321.3,2,   8.2783
64PE20070830  ,AR07E      ,27      ,  1,16         ,16         ,2,20070916,0904,  57.5500, -28.3330,     2384,    403.0,   8.0029,  35.1689,2,    247.4,2,    248.1,2,     7.20,2,     0.98,2,    15.00,2,     -999,9,   2153.0,2,   2320.3,2,   7.9614
64PE20070830  ,AR07E      ,27      ,  1,15         ,15         ,2,20070916,0904,  57.5500, -28.3330,     2384,    504.0,   7.6701,  35.1750,2,    244.4,2,    244.1,2,     7.60,2,     1.02,2,    15.50,2,    1.731,2,   2156.2,2,   2320.4,2,   7.6192
64PE20070830  ,AR07E      ,27      ,  1,14         ,14         ,2,20070916,0904,  57.5500, -28.3330,     2384,    606.0,   6.7072,  35.0986,2,    219.4,2,    217.3,2,    10.30,2,     1.19,2,    18.10,2,     -999,9,   2171.3,2,   2317.7,2,   6.6500
64PE20070830  ,AR07E      ,27      ,  1,13         ,13         ,2,20070916,0904,  57.5500, -28.3330,     2384,    710.0,   5.9421,  35.0627,2,    223.0,2,    221.4,2,    10.90,2,     1.22,2,    18.40,2,    1.482,3,   2174.6,2,   2316.0,2,   5.8787
64PE20070830  ,AR07E      ,27      ,  1,12         ,12         ,2,20070916,0904,  57.5500, -28.3330,     2384,    803.0,   5.1643,  35.0059,2,    238.0,2,    235.3,2,    10.90,2,     1.20,2,    18.20,2,     -999,9,   2174.5,2,   2310.7,2,   5.0969
64PE20070830  ,AR07E      ,27      ,  1,11         ,11         ,2,20070916,0904,  57.5500, -28.3330,     2384,    911.0,   4.5879,  34.9639,2,    249.6,2,    248.0,2,    10.70,2,     1.18,2,    17.80,2,     -999,9,     -999,9,   2309.6,2,   4.5148
64PE20070830  ,AR07E      ,27      ,  1,9          ,9          ,2,20070916,0904,  57.5500, -28.3330,     2384,   1015.0,   4.2476,  34.9350,2,    257.6,2,    256.2,2,    10.60,2,     1.17,2,    17.50,2,    1.741,2,   2163.4,2,   2309.0,2,   4.1680
64PE20070830  ,AR07E      ,27      ,  1,10         ,10         ,2,20070916,0904,  57.5500, -28.3330,     2384,   1016.0,   4.2468,  34.9356,2,    257.7,2,    256.2,2,    10.60,2,     1.17,2,    17.60,2,    1.749,2,     -999,9,   2308.6,2,   4.1671
64PE20070830  ,AR07E      ,27      ,  1,8          ,8          ,2,20070916,0904,  57.5500, -28.3330,     2384,   1268.0,   3.8062,  34.9078,2,    267.1,2,    266.8,2,    10.60,2,     1.15,2,    17.10,2,    1.735,2,   2161.4,2,   2307.9,2,   3.7087
64PE20070830  ,AR07E      ,27      ,  1,7          ,7          ,2,20070916,0904,  57.5500, -28.3330,     2384,   1522.0,   3.6076,  34.9093,2,    269.0,2,    269.1,2,    11.10,2,     1.14,2,    17.00,2,    1.436,2,   2160.0,2,   2304.4,2,   3.4900
64PE20070830  ,AR07E      ,27      ,  1,6          ,6          ,2,20070916,0904,  57.5500, -28.3330,     2384,   1764.0,   3.4302,  34.9199,2,    272.1,2,    271.9,2,    11.20,2,     1.12,2,    16.60,2,     -999,9,   2158.4,2,   2308.6,2,   3.2931
64PE20070830  ,AR07E      ,27      ,  1,5          ,5          ,2,20070916,0904,  57.5500, -28.3330,     2384,   2027.0,   3.2019,  34.9569,2,    270.1,2,    269.9,2,    12.30,2,     1.08,2,    16.20,2,    1.335,2,     -999,9,     -999,9,   3.0437
64PE20070830  ,AR07E      ,27      ,  1,4          ,4          ,2,20070916,0904,  57.5500, -28.3330,     2384,   2030.0,   3.1992,  34.9568,2,    270.0,2,    269.7,2,    12.40,2,     1.09,2,    16.10,2,    1.332,2,   2162.0,2,   2312.0,2,   3.0408
64PE20070830  ,AR07E      ,27      ,  1,3          ,3          ,2,20070916,0904,  57.5500, -28.3330,     2384,   2236.0,   2.9624,  34.9736,2,    268.9,2,    268.2,2,    13.60,2,     1.07,2,    16.10,2,    1.376,2,   2166.7,2,   2314.5,2,   2.7884
64PE20070830  ,AR07E      ,27      ,  1,2          ,2          ,2,20070916,0904,  57.5500, -28.3330,     2384,   2308.0,   2.8584,  34.9742,2,    268.5,2,    270.5,2,    14.60,2,     1.09,2,    16.20,2,     -999,9,   2170.1,2,   2314.2,2,   2.6793
64PE20070830  ,AR07E      ,27      ,  1,1          ,1          ,2,20070916,0904,  57.5500, -28.3330,     2384,   2374.0,   2.8278,  34.9802,2,    270.3,2,    268.9,2,    13.40,2,     1.07,2,    15.90,2,    1.389,2,   2170.1,2,   2314.7,2,   2.6430
64PE20070830  ,AR07E      ,28      ,  1,21         ,21         ,2,20070916,1437,  57.4500, -27.4010,     2675,     12.0,  12.9028,  35.0899,2,    253.4,2,    256.4,2,     0.60,2,     0.29,2,     3.10,2,    1.754,2,   2077.6,2,     -999,9,  12.9012
64PE20070830  ,AR07E      ,28      ,  1,20         ,20         ,2,20070916,1437,  57.4500, -27.4010,     2675,    102.0,   8.8653,  35.0844,2,    255.6,2,    256.4,2,     4.50,2,     0.85,2,    12.80,2,     -999,9,   2136.7,2,     -999,9,   8.8544
64PE20070830  ,AR07E      ,28      ,  1,19         ,19         ,2,20070916,1437,  57.4500, -27.4010,     2675,    205.0,   7.8241,  35.0320,2,    245.9,2,    244.8,2,     7.30,2,     1.01,2,    15.20,2,     -999,9,   2151.8,2,     -999,9,   7.8036
64PE20070830  ,AR07E      ,28      ,  1,18         ,18         ,2,20070916,1437,  57.4500, -27.4010,     2675,    303.0,   7.2933,  35.0279,2,    238.8,2,    237.7,2,     8.30,2,     1.10,2,    16.40,2,     -999,9,   2160.0,2,     -999,9,   7.2640
64PE20070830  ,AR07E      ,28      ,  1,17         ,17         ,2,20070916,1437,  57.4500, -27.4010,     2675,    404.0,   6.7218,  35.0356,2,    217.0,2,    216.0,2,    10.20,2,     1.21,2,    18.30,2,    1.577,2,   2172.5,2,     -999,9,   6.6842
64PE20070830  ,AR07E      ,28      ,  1,16         ,16         ,2,20070916,1437,  57.4500, -27.4010,     2675,    505.0,   6.2274,  35.0646,2,    217.6,2,    215.8,2,    10.90,2,     1.24,2,    18.70,2,     -999,9,   2178.1,2,     -999,9,   6.1819
64PE20070830  ,AR07E      ,28      ,  1,15         ,15         ,2,20070916,1437,  57.4500, -27.4010,     2675,    608.0,   5.7168,  35.0593,2,    228.9,2,    228.6,2,    10.70,2,     1.19,2,    18.10,2,    1.539,2,   2174.8,2,     -999,9,   5.6640
64PE20070830  ,AR07E      ,28      ,  1,14         ,14         ,2,20070916,1437,  57.4500, -27.4010,     2675,    709.0,   4.9890,  34.9969,2,    241.1,2,    239.9,2,    10.80,2,     1.21,2,    18.10,2,     -999,9,   2174.1,2,     -999,9,   4.9309
64PE20070830  ,AR07E      ,28      ,  1,13         ,13         ,2,20070916,1437,  57.4500, -27.4010,     2675,    810.0,   4.4098,  34.9443,2,    254.0,2,    252.4,2,    10.60,2,     1.18,2,    17.80,2,    1.785,2,   2168.3,2,     -999,9,   4.3465
64PE20070830  ,AR07E      ,28      ,  1,12         ,12         ,2,20070916,1437,  57.4500, -27.4010,     2675,    910.0,   4.1232,  34.9208,2,    261.0,2,    260.8,2,    10.40,2,     1.16,2,    17.40,2,     -999,9,   2165.5,2,     -999,9,   4.0535
64PE20070830  ,AR07E      ,28      ,  1,10         ,10         ,2,20070916,1437,  57.4500, -27.4010,     2675,   1011.0,   3.9383,  34.9078,2,    265.8,2,    265.5,2,    10.30,2,     1.15,2,    17.20,2,     -999,9,   2163.1,2,   2305.8,2,   3.8615
64PE20070830  ,AR07E      ,28      ,  1,11         ,11         ,2,20070916,1437,  57.4500, -27.4010,     2675,   1012.0,   3.9426,  34.9086,2,    265.4,2,    265.5,2,    10.40,2,     1.15,2,    17.20,2,    1.885,2,   2164.5,2,     -999,9,   3.8657
64PE20070830  ,AR07E      ,28      ,  1,9          ,9          ,2,20070916,1437,  57.4500, -27.4010,     2675,   1268.0,   3.6640,  34.8989,2,    269.9,2,    269.3,2,    10.70,2,     1.14,2,    17.00,2,    1.755,2,   2160.5,2,   2305.3,2,   3.5679
64PE20070830  ,AR07E      ,28      ,  1,8          ,8          ,2,20070916,1437,  57.4500, -27.4010,     2675,   1521.0,   3.5082,  34.9030,2,    269.5,2,     -999,9,    11.30,2,     1.14,2,    17.10,2,    1.531,2,   2157.8,2,   2305.0,2,   3.3919
64PE20070830  ,AR07E      ,28      ,  1,7          ,7          ,2,20070916,1437,  57.4500, -27.4010,     2675,   1772.0,   3.2963,  34.9006,2,    272.5,2,     -999,9,    11.50,2,     1.13,2,    16.90,2,    1.436,2,     -999,9,   2304.7,2,   3.1603
64PE20070830  ,AR07E      ,28      ,  1,6          ,6          ,2,20070916,1437,  57.4500, -27.4010,     2675,   2028.0,   3.1987,  34.9202,2,    271.8,2,    272.0,2,    12.10,2,     1.11,2,    16.60,2,    1.315,2,   2158.8,2,   2307.8,2,   3.0406
64PE20070830  ,AR07E      ,28      ,  1,5          ,5          ,2,20070916,1437,  57.4500, -27.4010,     2675,   2029.0,   3.1999,  34.9202,2,    271.6,2,    274.5,2,    12.10,2,     1.11,2,    16.60,2,    1.321,2,   2157.9,2,   2306.2,2,   3.0417
64PE20070830  ,AR07E      ,28      ,  1,4          ,4          ,2,20070916,1437,  57.4500, -27.4010,     2675,   2287.0,   3.1238,  34.9638,2,    269.0,2,    269.8,2,    12.90,2,     1.09,2,    16.20,2,    1.442,2,   2163.8,2,   2311.1,2,   2.9423
64PE20070830  ,AR07E      ,28      ,  1,3          ,3          ,2,20070916,1437,  57.4500, -27.4010,     2675,   2569.0,   2.8528,  34.9823,2,    271.7,2,    272.3,2,    11.90,2,     1.05,2,    15.40,2,    1.541,2,   2167.3,2,   2311.9,2,   2.6486
64PE20070830  ,AR07E      ,28      ,  1,2          ,2          ,2,20070916,1437,  57.4500, -27.4010,     2675,   2618.0,   2.8493,  34.9839,2,    272.8,2,    273.1,2,    11.40,2,     1.03,2,    15.30,2,     -999,9,   2163.6,2,     -999,9,   2.6403
64PE20070830  ,AR07E      ,28      ,  1,1          ,1          ,2,20070916,1437,  57.4500, -27.4010,     2675,   2665.0,   2.8426,  34.9833,2,    272.5,2,    272.4,2,    11.90,2,     1.04,2,    15.40,2,    1.545,2,   2162.5,2,     -999,9,   2.6291
64PE20070830  ,AR07E      ,30      ,  1,22         ,22         ,2,20070917,0326,  57.3670, -26.5490,     2817,     10.0,  13.0621,  35.0835,2,    250.5,2,    254.6,2,     -999,9,     -999,9,     -999,9,    1.758,2,   2081.0,2,     -999,9,  13.0607
64PE20070830  ,AR07E      ,30      ,  1,21         ,21         ,2,20070917,0326,  57.3670, -26.5490,     2817,     99.0,   9.1065,  35.0971,2,    253.2,2,    254.2,2,     -999,9,     -999,9,     -999,9,     -999,9,   2138.8,2,     -999,9,   9.0957
64PE20070830  ,AR07E      ,30      ,  1,20         ,20         ,2,20070917,0326,  57.3670, -26.5490,     2817,    202.0,   8.2619,  35.0956,2,    245.0,2,    245.3,2,     6.90,2,     0.97,2,    14.90,2,     -999,9,   2150.2,2,     -999,9,   8.2410
64PE20070830  ,AR07E      ,30      ,  1,19         ,19         ,2,20070917,0326,  57.3670, -26.5490,     2817,    303.0,   7.3666,  35.0346,2,    233.1,2,    235.3,2,     8.70,2,     1.09,2,    16.70,2,     -999,9,   2159.2,2,     -999,9,   7.3371
64PE20070830  ,AR07E      ,30      ,  1,18         ,18         ,2,20070917,0326,  57.3670, -26.5490,     2817,    404.0,   6.3910,  34.9559,2,    227.0,2,    227.5,2,    10.00,2,     1.19,2,    18.10,2,     -999,9,   2166.7,2,     -999,9,   6.3545
64PE20070830  ,AR07E      ,30      ,  1,17         ,17         ,2,20070917,0326,  57.3670, -26.5490,     2817,    506.0,   5.9814,  34.9996,2,    219.4,2,    223.0,2,    11.00,2,     1.24,2,    18.80,2,    1.517,2,   2171.5,2,     -999,9,   5.9368
64PE20070830  ,AR07E      ,30      ,  1,16         ,16         ,2,20070917,0326,  57.3670, -26.5490,     2817,    606.0,   5.6193,  35.0262,2,    227.1,2,    227.8,2,    11.10,2,     1.22,2,    18.70,2,     -999,9,   2172.0,2,     -999,9,   5.5671
64PE20070830  ,AR07E      ,30      ,  1,15         ,15         ,2,20070917,0326,  57.3670, -26.5490,     2817,    706.0,   5.0567,  34.9983,2,    240.2,2,     -999,9,    10.90,2,     1.19,2,    18.30,2,    1.628,2,   2169.4,2,   2300.6,2,   4.9985
64PE20070830  ,AR07E      ,30      ,  1,14         ,14         ,2,20070917,0326,  57.3670, -26.5490,     2817,    811.0,   4.5266,  34.9481,2,    250.7,2,    247.5,2,    10.80,2,     1.19,2,    18.00,2,     -999,9,   2167.8,2,     -999,9,   4.4625
64PE20070830  ,AR07E      ,30      ,  1,13         ,13         ,2,20070917,0326,  57.3670, -26.5490,     2817,    911.0,   4.2055,  34.9184,2,    259.0,2,    256.6,2,    10.60,2,     1.16,2,    17.80,2,    1.886,2,   2163.8,2,     -999,9,   4.1351
64PE20070830  ,AR07E      ,30      ,  1,12         ,12         ,2,20070917,0326,  57.3670, -26.5490,     2817,   1012.0,   4.0477,  34.9141,2,    262.6,2,    261.7,2,    10.60,2,     1.15,2,    17.40,2,    1.863,2,   2161.5,2,     -999,9,   3.9700
64PE20070830  ,AR07E      ,30      ,  1,11         ,11         ,2,20070917,0326,  57.3670, -26.5490,     2817,   1013.0,   4.0399,  34.9139,2,    262.5,2,    261.9,2,    10.40,2,     1.15,2,    17.40,2,    1.873,2,   2160.6,2,     -999,9,   3.9621
64PE20070830  ,AR07E      ,30      ,  1,10         ,10         ,2,20070917,0326,  57.3670, -26.5490,     2817,   1265.0,   3.8198,  34.9105,2,    267.2,2,    266.6,2,    10.80,2,     1.13,2,    17.40,2,    1.774,2,   2160.0,2,     -999,9,   3.7225
64PE20070830  ,AR07E      ,30      ,  1,9          ,9          ,2,20070917,0326,  57.3670, -26.5490,     2817,   1522.0,   3.6513,  34.9111,2,    268.1,2,    268.2,2,    11.10,2,     1.14,2,    17.20,2,    1.602,2,   2159.9,2,     -999,9,   3.5332
64PE20070830  ,AR07E      ,30      ,  1,8          ,8          ,2,20070917,0326,  57.3670, -26.5490,     2817,   1774.0,   3.4993,  34.9212,2,    270.6,2,    270.9,2,    11.20,2,     1.11,2,    16.90,2,     -999,9,   2156.0,2,     -999,9,   3.3604
64PE20070830  ,AR07E      ,30      ,  1,6          ,6          ,2,20070917,0326,  57.3670, -26.5490,     2817,   2027.0,   3.3109,  34.9301,2,    270.9,2,    271.8,2,    11.90,2,     1.11,2,    16.70,2,     -999,9,   2159.9,2,     -999,9,   3.1512
64PE20070830  ,AR07E      ,30      ,  1,7          ,7          ,2,20070917,0326,  57.3670, -26.5490,     2817,   2030.0,   3.3111,  34.9304,2,    271.7,2,    271.7,2,    11.80,2,     1.11,2,    16.70,2,    1.394,2,   2155.6,2,     -999,9,   3.1511
64PE20070830  ,AR07E      ,30      ,  1,5          ,5          ,2,20070917,0326,  57.3670, -26.5490,     2817,   2283.0,   3.1339,  34.9560,2,    268.2,2,    268.8,2,    13.40,2,     1.10,2,    16.60,2,    1.284,2,   2162.2,2,     -999,9,   2.9526
64PE20070830  ,AR07E      ,30      ,  1,4          ,4          ,2,20070917,0326,  57.3670, -26.5490,     2817,   2537.0,   2.8889,  34.9693,2,    265.6,2,    266.3,2,    16.10,2,     1.11,2,    16.50,2,    1.243,2,   2168.1,2,   2307.9,2,   2.6872
64PE20070830  ,AR07E      ,30      ,  1,3          ,3          ,2,20070917,0326,  57.3670, -26.5490,     2817,   2692.0,   2.8210,  34.9757,2,    266.9,2,    268.0,2,    15.40,2,     1.09,2,    16.20,2,    1.358,2,   2170.4,2,   2312.5,2,   2.6053
64PE20070830  ,AR07E      ,30      ,  1,2          ,2          ,2,20070917,0326,  57.3670, -26.5490,     2817,   2744.0,   2.8118,  34.9777,2,    268.1,2,     -999,9,    15.40,2,     1.09,2,    16.10,2,     -999,9,   2170.5,2,     -999,9,   2.5910
64PE20070830  ,AR07E      ,30      ,  1,1          ,1          ,2,20070917,0326,  57.3670, -26.5490,     2817,   2807.0,   2.8230,  34.9811,2,    270.3,2,    270.1,2,    13.50,2,     1.07,2,    15.80,2,    1.499,2,   2170.1,2,     -999,9,   2.5956
64PE20070830  ,AR07E      ,31      ,  1,22         ,22         ,2,20070917,0913,  57.2670, -25.5330,     2771,     11.0,  13.0752,  35.0872,2,    253.4,2,     -999,9,     0.60,2,     0.30,2,     3.10,2,    1.449,4,   2080.9,2,   2321.6,2,  13.0737
64PE20070830  ,AR07E      ,31      ,  1,21         ,21         ,2,20070917,0913,  57.2670, -25.5330,     2771,    101.0,   8.8242,  35.0241,2,    261.3,2,     -999,9,     3.70,2,     0.83,2,    12.40,2,     -999,9,   2133.9,2,   2312.2,2,   8.8134
64PE20070830  ,AR07E      ,31      ,  1,20         ,20         ,2,20070917,0913,  57.2670, -25.5330,     2771,    201.0,   7.9299,  35.0306,2,    249.2,2,     -999,9,     7.00,2,     0.98,2,    15.00,2,    1.943,2,   2148.2,2,   2313.0,2,   7.9096
64PE20070830  ,AR07E      ,31      ,  1,19         ,19         ,2,20070917,0913,  57.2670, -25.5330,     2771,    302.0,   7.3269,  35.0165,2,    238.4,2,     -999,9,     8.40,2,     1.09,2,    16.50,2,     -999,9,   2160.3,2,   2315.1,2,   7.2976
64PE20070830  ,AR07E      ,31      ,  1,18         ,18         ,2,20070917,0913,  57.2670, -25.5330,     2771,    402.0,   6.9193,  35.0557,2,    221.1,2,     -999,9,     9.90,2,     1.18,2,    18.30,2,     -999,9,   2170.9,2,   2316.5,2,   6.8813
64PE20070830  ,AR07E      ,31      ,  1,17         ,17         ,2,20070917,0913,  57.2670, -25.5330,     2771,    505.0,   6.0883,  35.0296,2,    221.6,2,     -999,9,    10.80,2,     1.22,2,    18.80,2,     -999,9,   2175.6,2,   2315.6,2,   6.0434
64PE20070830  ,AR07E      ,31      ,  1,16         ,16         ,2,20070917,0913,  57.2670, -25.5330,     2771,    609.0,   5.5179,  35.0181,2,    229.0,2,     -999,9,    10.90,2,     1.22,2,    18.70,2,    1.572,2,   2176.2,2,   2317.3,2,   5.4660
64PE20070830  ,AR07E      ,31      ,  1,15         ,15         ,2,20070917,0913,  57.2670, -25.5330,     2771,    710.0,   5.0030,  34.9932,2,    240.0,2,     -999,9,    11.10,2,     1.20,2,    18.20,2,    1.806,2,   2169.0,2,   2312.0,2,   4.9447
64PE20070830  ,AR07E      ,31      ,  1,14         ,14         ,2,20070917,0913,  57.2670, -25.5330,     2771,    809.0,   4.3979,  34.9381,2,    254.1,2,     -999,9,    10.60,2,     1.17,2,    17.90,2,     -999,9,   2167.2,2,   2311.2,2,   4.3348
64PE20070830  ,AR07E      ,31      ,  1,13         ,13         ,2,20070917,0913,  57.2670, -25.5330,     2771,    912.0,   4.1681,  34.9293,2,    259.8,2,     -999,9,    10.70,2,     1.16,2,    17.80,2,     -999,9,   2165.6,2,   2309.1,2,   4.0979
64PE20070830  ,AR07E      ,31      ,  1,12         ,12         ,2,20070917,0913,  57.2670, -25.5330,     2771,   1012.0,   3.9091,  34.9051,2,    266.5,2,     -999,9,    10.40,2,     1.15,2,    17.40,2,    1.881,2,   2161.5,2,   2308.4,2,   3.8325
64PE20070830  ,AR07E      ,31      ,  1,11         ,11         ,2,20070917,0913,  57.2670, -25.5330,     2771,   1013.0,   3.9090,  34.9049,2,    266.6,2,     -999,9,    10.40,2,     1.15,2,    17.40,2,    1.876,2,   2162.5,2,   2306.8,2,   3.8323
64PE20070830  ,AR07E      ,31      ,  1,10         ,10         ,2,20070917,0913,  57.2670, -25.5330,     2771,   1266.0,   3.6432,  34.8948,2,    270.7,2,     -999,9,    10.60,2,     1.13,2,    17.20,2,    1.793,2,   2162.9,2,   2306.8,2,   3.5475
64PE20070830  ,AR07E      ,31      ,  1,9          ,9          ,2,20070917,0913,  57.2670, -25.5330,     2771,   1519.0,   3.5330,  34.9031,2,    270.2,2,     -999,9,    11.20,2,     1.14,2,    17.10,2,    1.559,2,   2161.9,2,   2305.6,2,   3.4166
64PE20070830  ,AR07E      ,31      ,  1,8          ,8          ,2,20070917,0913,  57.2670, -25.5330,     2771,   1776.0,   3.3125,  34.9036,2,    272.6,2,     -999,9,    11.60,2,     1.13,2,    17.00,2,    1.456,2,   2159.7,2,   2308.6,2,   3.1759
64PE20070830  ,AR07E      ,31      ,  1,6          ,6          ,2,20070917,0913,  57.2670, -25.5330,     2771,   2030.0,   3.1947,  34.9222,2,    271.2,2,     -999,9,    12.20,2,     1.11,2,    16.70,2,    1.320,2,   2158.2,2,   2309.7,2,   3.0365
64PE20070830  ,AR07E      ,31      ,  1,7          ,7          ,2,20070917,0913,  57.2670, -25.5330,     2771,   2032.0,   3.1956,  34.9218,2,    271.5,2,     -999,9,    12.30,2,     1.11,2,    16.80,2,    1.311,2,   2160.2,2,   2308.9,2,   3.0372
64PE20070830  ,AR07E      ,31      ,  1,5          ,5          ,2,20070917,0913,  57.2670, -25.5330,     2771,   2278.0,   3.0540,  34.9619,2,    267.9,2,     -999,9,    13.80,2,     1.10,2,    16.50,2,    1.271,2,   2162.2,2,   2316.0,2,   2.8745
64PE20070830  ,AR07E      ,31      ,  1,4          ,4          ,2,20070917,0913,  57.2670, -25.5330,     2771,   2541.0,   2.8766,  34.9702,2,    265.9,2,     -999,9,    15.90,2,     1.11,2,    16.50,2,    1.283,2,   2167.1,2,   2316.0,2,   2.6748
64PE20070830  ,AR07E      ,31      ,  1,3          ,3          ,2,20070917,0913,  57.2670, -25.5330,     2771,   2642.0,   2.8553,  34.9722,2,    266.3,2,     -999,9,     -999,9,     -999,9,     -999,9,    1.709,4,     -999,9,   2315.6,2,   2.6439
64PE20070830  ,AR07E      ,31      ,  1,2          ,2          ,2,20070917,0913,  57.2670, -25.5330,     2771,   2715.0,   2.8388,  34.9727,2,    266.1,2,     -999,9,    16.10,2,     1.11,2,    16.40,2,    1.291,2,   2167.3,2,     -999,9,   2.6204
64PE20070830  ,AR07E      ,31      ,  1,1          ,1          ,2,20070917,0913,  57.2670, -25.5330,     2771,   2761.0,   2.8407,  34.9735,2,    266.5,2,     -999,9,    16.30,2,     1.11,2,    16.50,2,    1.298,2,   2169.5,2,     -999,9,   2.6177
64PE20070830  ,AR07E      ,33      ,  1,23         ,23         ,2,20070918,0550,  57.1170, -23.7490,     3062,      9.0,  14.1745,  35.3423,2,    248.2,2,    251.7,2,     0.40,2,     0.19,2,     2.20,2,     -999,9,   2081.8,2,   2330.8,2,  14.1732
64PE20070830  ,AR07E      ,33      ,  1,22         ,22         ,2,20070918,0550,  57.1170, -23.7490,     3062,     98.0,  10.8522,  35.3921,2,    243.1,2,    247.0,2,     3.30,2,     0.70,2,    11.00,2,     -999,9,   2137.2,2,   2331.2,2,  10.8402
64PE20070830  ,AR07E      ,33      ,  1,21         ,21         ,2,20070918,0550,  57.1170, -23.7490,     3062,    204.0,  10.1348,  35.3327,2,    248.1,2,    249.8,2,     5.00,2,     0.78,2,    12.30,2,    1.846,2,   2139.9,2,   2328.7,2,  10.1108
64PE20070830  ,AR07E      ,33      ,  1,20         ,20         ,2,20070918,0550,  57.1170, -23.7490,     3062,    305.0,  10.0008,  35.3479,2,    246.7,2,    248.4,2,     5.00,2,     0.79,2,    12.50,2,     -999,9,   2141.5,2,   2329.6,2,   9.9651
64PE20070830  ,AR07E      ,33      ,  1,19         ,19         ,2,20070918,0550,  57.1170, -23.7490,     3062,    401.0,   9.5751,  35.3119,2,    236.7,2,    238.1,2,     6.20,2,     0.88,2,    13.90,2,    1.740,2,   2148.3,2,   2328.7,2,   9.5291
64PE20070830  ,AR07E      ,33      ,  1,18         ,18         ,2,20070918,0550,  57.1170, -23.7490,     3062,    507.0,   9.2152,  35.2819,2,    240.1,2,    242.5,2,     6.40,2,     0.90,2,    14.20,2,     -999,9,   2150.7,2,   2326.6,2,   9.1581
64PE20070830  ,AR07E      ,33      ,  1,17         ,17         ,2,20070918,0550,  57.1170, -23.7490,     3062,    606.0,   8.8457,  35.2672,2,    216.3,2,    217.9,2,     8.20,2,     1.05,2,    16.30,2,    1.529,2,   2163.8,2,   2327.0,2,   8.7787
64PE20070830  ,AR07E      ,33      ,  1,16         ,16         ,2,20070918,0550,  57.1170, -23.7490,     3062,    703.0,   7.9641,  35.1948,2,    196.6,2,    196.1,2,    10.50,2,     1.21,2,    19.00,2,     -999,9,   2176.6,2,   2325.3,2,   7.8906
64PE20070830  ,AR07E      ,33      ,  1,15         ,15         ,2,20070918,0550,  57.1170, -23.7490,     3062,    806.0,   6.8583,  35.1335,2,    210.3,2,    210.6,2,    10.80,2,     1.25,2,    18.90,2,    1.348,2,   2178.9,2,   2321.5,2,   6.7802
64PE20070830  ,AR07E      ,33      ,  1,14         ,14         ,2,20070918,0550,  57.1170, -23.7490,     3062,    910.0,   5.9221,  35.0615,2,    222.5,2,    223.3,2,    11.10,2,     1.21,2,    19.00,2,     -999,9,   2176.4,2,   2316.0,2,   5.8397
64PE20070830  ,AR07E      ,33      ,  1,12         ,12         ,2,20070918,0550,  57.1170, -23.7490,     3062,   1010.0,   5.3968,  35.0384,2,    233.0,2,    234.3,2,    11.10,2,     1.20,2,    18.40,2,    1.514,2,   2171.8,2,   2315.8,2,   5.3087
64PE20070830  ,AR07E      ,33      ,  1,13         ,13         ,2,20070918,0550,  57.1170, -23.7490,     3062,   1011.0,   5.3951,  35.0382,2,    232.6,2,    234.1,2,    11.10,2,     1.20,2,    18.50,2,     -999,9,   2174.6,2,   2314.7,2,   5.3069
64PE20070830  ,AR07E      ,33      ,  1,11         ,11         ,2,20070918,0550,  57.1170, -23.7490,     3062,   1266.0,   4.1885,  34.9306,2,    259.5,2,    261.0,2,    10.60,2,     1.15,2,    17.80,2,    1.786,2,   2163.7,2,   2307.7,2,   4.0875
64PE20070830  ,AR07E      ,33      ,  1,10         ,10         ,2,20070918,0550,  57.1170, -23.7490,     3062,   1518.0,   3.7877,  34.9037,2,    267.5,2,    269.5,2,    10.70,2,     1.14,2,    17.40,2,    1.763,2,   2161.3,2,   2304.8,2,   3.6684
64PE20070830  ,AR07E      ,33      ,  1,9          ,9          ,2,20070918,0550,  57.1170, -23.7490,     3062,   1775.0,   3.5820,  34.9025,2,    269.3,2,    271.6,2,    11.10,2,     1.13,2,    17.40,2,    1.573,2,   2160.3,2,   2305.4,2,   3.4419
64PE20070830  ,AR07E      ,33      ,  1,8          ,8          ,2,20070918,0550,  57.1170, -23.7490,     3062,   2027.0,   3.3742,  34.9009,2,    272.0,2,    274.7,2,    11.50,2,     1.13,2,    17.20,2,    1.454,2,   2158.0,2,   2307.6,2,   3.2136
64PE20070830  ,AR07E      ,33      ,  1,7          ,7          ,2,20070918,0550,  57.1170, -23.7490,     3062,   2029.0,   3.3742,  34.9008,2,    272.1,2,    274.6,2,    11.50,2,     1.13,2,    17.20,2,    1.454,2,   2157.3,2,   2305.8,2,   3.2134
64PE20070830  ,AR07E      ,33      ,  1,6          ,6          ,2,20070918,0550,  57.1170, -23.7490,     3062,   2285.0,   3.2313,  34.9118,2,    270.5,2,    273.5,2,    12.80,2,     1.12,2,    17.20,2,    1.279,2,   2160.2,2,   2308.2,2,   3.0483
64PE20070830  ,AR07E      ,33      ,  1,5          ,5          ,2,20070918,0550,  57.1170, -23.7490,     3062,   2537.0,   3.1409,  34.9429,2,    267.6,2,    270.8,2,    13.80,2,     1.10,2,    16.80,2,     -999,9,   2161.5,2,   2312.3,2,   2.9347
64PE20070830  ,AR07E      ,33      ,  1,4          ,4          ,2,20070918,0550,  57.1170, -23.7490,     3062,   2794.0,   2.9440,  34.9661,2,    265.0,2,    267.6,2,    15.80,2,     1.11,2,    16.70,2,    1.205,2,   2169.4,2,   2315.6,2,   2.7156
64PE20070830  ,AR07E      ,33      ,  1,3          ,3          ,2,20070918,0550,  57.1170, -23.7490,     3062,   2948.0,   2.8448,  34.9721,2,    265.2,2,    267.5,2,    16.50,2,     1.10,2,    16.70,2,    1.258,2,   2171.4,2,   2318.1,2,   2.6026
64PE20070830  ,AR07E      ,33      ,  1,2          ,2          ,2,20070918,0550,  57.1170, -23.7490,     3062,   2998.0,   2.8166,  34.9771,2,    266.1,2,    268.0,2,    16.20,2,     1.08,2,    16.40,2,    1.375,2,   2171.7,2,   2317.4,2,   2.5698
64PE20070830  ,AR07E      ,33      ,  1,1          ,1          ,2,20070918,0550,  57.1170, -23.7490,     3062,   3052.0,   2.8194,  34.9771,2,    266.4,2,    267.5,2,    16.70,2,     1.09,2,    16.50,2,    1.366,2,   2174.6,2,   2318.0,2,   2.5669
64PE20070830  ,AR07E      ,34      ,  1,23         ,23         ,2,20070918,1141,  57.0170, -22.8160,     3084,     10.0,  13.8842,  35.3138,2,    249.6,2,    252.3,2,     0.50,2,     0.23,2,     3.00,2,    1.717,2,   2081.2,2,   2329.9,2,  13.8828
64PE20070830  ,AR07E      ,34      ,  1,24         ,24         ,2,20070918,1141,  57.0170, -22.8160,     3084,     11.0,  13.8905,  35.3139,2,    249.0,2,    252.5,2,     0.50,2,     0.24,2,     3.00,2,     -999,9,     -999,9,     -999,9,  13.8889
64PE20070830  ,AR07E      ,34      ,  1,22         ,22         ,2,20070918,1141,  57.0170, -22.8160,     3084,    101.0,  11.2378,  35.4310,2,    241.6,2,    243.8,2,     2.90,2,     0.66,2,    10.40,2,    1.895,2,   2133.4,2,   2333.7,2,  11.2252
64PE20070830  ,AR07E      ,34      ,  1,21         ,21         ,2,20070918,1141,  57.0170, -22.8160,     3084,    203.0,  10.4136,  35.3702,2,    241.5,2,    244.0,2,     4.80,2,     0.77,2,    12.10,2,     -999,9,   2137.9,2,   2330.7,2,  10.3893
64PE20070830  ,AR07E      ,34      ,  1,20         ,20         ,2,20070918,1141,  57.0170, -22.8160,     3084,    299.0,  10.1826,  35.3673,2,    243.3,2,    245.5,2,     5.10,2,     0.78,2,    12.40,2,    0.038,4,   2137.3,2,   2331.5,2,  10.1472
64PE20070830  ,AR07E      ,34      ,  1,19         ,19         ,2,20070918,1141,  57.0170, -22.8160,     3084,    398.0,   9.7578,  35.3324,2,    248.9,2,    250.2,2,     5.10,2,     0.81,2,    12.70,2,     -999,9,   2141.8,2,   2329.5,2,   9.7116
64PE20070830  ,AR07E      ,34      ,  1,18         ,18         ,2,20070918,1141,  57.0170, -22.8160,     3084,    501.0,   9.0040,  35.2351,2,    211.4,2,    213.3,2,     8.20,2,     1.06,2,    16.70,2,     -999,9,   2160.5,2,   2322.6,2,   8.9484
64PE20070830  ,AR07E      ,34      ,  1,17         ,17         ,2,20070918,1141,  57.0170, -22.8160,     3084,    599.0,   8.4963,  35.2193,2,    202.3,2,    203.3,2,     9.50,2,     1.15,2,    18.00,2,     -999,9,   2169.1,2,   2326.6,2,   8.4317
64PE20070830  ,AR07E      ,34      ,  1,16         ,16         ,2,20070918,1141,  57.0170, -22.8160,     3084,    700.0,   7.6350,  35.1795,2,    208.4,2,    210.1,2,    10.10,2,     1.18,2,    18.40,2,    0.006,4,   2173.0,2,   2322.2,2,   7.5635
64PE20070830  ,AR07E      ,34      ,  1,15         ,15         ,2,20070918,1141,  57.0170, -22.8160,     3084,    799.0,   6.6893,  35.1217,2,    211.4,2,    212.4,2,    10.90,2,     1.22,2,    19.00,2,     -999,9,   2173.7,2,   2325.4,3,   6.6129
64PE20070830  ,AR07E      ,34      ,  1,14         ,14         ,2,20070918,1141,  57.0170, -22.8160,     3084,    901.0,   6.1869,  35.1094,2,    219.6,2,    220.2,2,    11.10,2,     1.22,2,    18.70,2,    0.003,4,   2176.6,2,   2318.3,2,   6.1035
64PE20070830  ,AR07E      ,34      ,  1,13         ,13         ,2,20070918,1141,  57.0170, -22.8160,     3084,    998.0,   5.3128,  35.0195,2,    234.4,2,    234.7,2,    11.00,2,     1.20,2,    18.70,2,     -999,9,   2173.2,2,   2316.5,2,   5.2265
64PE20070830  ,AR07E      ,34      ,  1,12         ,12         ,2,20070918,1141,  57.0170, -22.8160,     3084,   1000.0,   5.3030,  35.0184,2,    234.9,2,    235.2,2,    11.00,2,     1.21,2,    18.60,2,    1.573,2,   2172.2,2,   2314.8,2,   5.2166
64PE20070830  ,AR07E      ,34      ,  1,11         ,11         ,2,20070918,1141,  57.0170, -22.8160,     3084,   1248.0,   4.2768,  34.9381,2,    256.3,2,    256.4,2,    10.70,2,     1.17,2,    17.90,2,    1.757,2,   2163.5,2,   2308.2,2,   4.1765
64PE20070830  ,AR07E      ,34      ,  1,10         ,10         ,2,20070918,1141,  57.0170, -22.8160,     3084,   1499.0,   3.8186,  34.9058,2,    266.5,2,    265.8,2,    10.70,2,     1.14,2,    17.50,2,     -999,9,   2165.5,2,   2306.5,2,   3.7007
64PE20070830  ,AR07E      ,34      ,  1,9          ,9          ,2,20070918,1141,  57.0170, -22.8160,     3084,   1749.0,   3.6352,  34.9032,2,    268.7,2,    267.5,2,    11.00,2,     1.14,2,    17.40,2,    1.594,2,   2158.8,2,   2306.5,2,   3.4968
64PE20070830  ,AR07E      ,34      ,  1,8          ,8          ,2,20070918,1141,  57.0170, -22.8160,     3084,   1999.0,   3.4384,  34.9012,2,    271.1,2,     -999,9,     -999,9,     -999,9,     -999,9,    1.647,2,     -999,9,     -999,9,   3.2795
64PE20070830  ,AR07E      ,34      ,  1,7          ,7          ,2,20070918,1141,  57.0170, -22.8160,     3084,   2000.0,   3.4362,  34.9007,2,    270.9,2,     -999,9,     -999,9,     -999,9,     -999,9,    1.639,2,     -999,9,     -999,9,   3.2772
64PE20070830  ,AR07E      ,34      ,  1,6          ,6          ,2,20070918,1141,  57.0170, -22.8160,     3084,   2249.0,   3.3090,  34.9098,2,    272.2,2,    271.4,2,    11.60,2,     1.12,2,    17.10,2,    1.418,2,   2159.9,2,   2308.7,2,   3.1282
64PE20070830  ,AR07E      ,34      ,  1,5          ,5          ,2,20070918,1141,  57.0170, -22.8160,     3084,   2500.0,   3.2013,  34.9362,2,    268.5,2,    268.7,2,    12.80,2,     1.11,2,    16.80,2,    1.250,2,   2160.0,2,   2313.7,2,   2.9977
64PE20070830  ,AR07E      ,34      ,  1,4          ,4          ,2,20070918,1141,  57.0170, -22.8160,     3084,   2751.0,   3.0007,  34.9579,2,    264.8,2,    265.1,2,    15.80,2,     1.11,2,    16.90,2,    1.153,2,   2163.8,2,   2317.2,2,   2.7755
64PE20070830  ,AR07E      ,34      ,  1,3          ,3          ,2,20070918,1141,  57.0170, -22.8160,     3084,   2977.0,   2.8733,  34.9690,2,    264.8,2,    264.0,2,    16.70,2,     1.12,2,    16.80,2,    1.215,2,   2170.8,2,   2319.1,2,   2.6275
64PE20070830  ,AR07E      ,34      ,  1,2          ,2          ,2,20070918,1141,  57.0170, -22.8160,     3084,   3026.0,   2.8074,  34.9611,2,    261.5,2,    260.1,2,    20.00,2,     1.16,2,    17.50,2,    1.087,2,   2174.9,2,   2323.4,2,   2.5579
64PE20070830  ,AR07E      ,34      ,  1,1          ,1          ,2,20070918,1141,  57.0170, -22.8160,     3084,   3074.0,   2.8024,  34.9778,2,    266.6,2,    264.6,2,    16.20,2,     1.10,2,    16.50,2,    1.381,2,   2173.7,2,   2318.1,2,   2.5479
64PE20070830  ,AR07E      ,32      ,  1,22         ,22         ,2,20070918,1216,  57.1840, -24.6320,     2852,     10.0,  14.3351,  35.2655,2,    246.1,2,    250.5,2,     0.40,2,     0.17,2,     1.50,2,    1.669,2,   2076.4,2,   2333.0,2,  14.3336
64PE20070830  ,AR07E      ,32      ,  1,21         ,21         ,2,20070918,1216,  57.1840, -24.6320,     2852,    100.0,  11.2255,  35.3805,2,    237.6,2,    240.8,2,     2.90,2,     0.69,2,    11.00,2,     -999,9,   2132.0,2,   2333.3,2,  11.2130
64PE20070830  ,AR07E      ,32      ,  1,20         ,20         ,2,20070918,1216,  57.1840, -24.6320,     2852,    202.0,  10.2281,  35.3121,2,    234.1,2,     -999,9,     5.80,2,     0.84,2,    13.40,2,     -999,9,   2143.7,2,   2329.8,2,  10.2042
64PE20070830  ,AR07E      ,32      ,  1,19         ,19         ,2,20070918,1216,  57.1840, -24.6320,     2852,    307.0,   9.3757,  35.2016,2,    230.4,2,    231.4,2,     7.00,2,     0.95,2,    14.90,2,    1.686,2,   2150.5,2,   2323.4,2,   9.3412
64PE20070830  ,AR07E      ,32      ,  1,18         ,18         ,2,20070918,1216,  57.1840, -24.6320,     2852,    400.0,   8.4810,  35.1151,2,    212.4,2,    213.8,2,     8.80,2,     1.11,2,    17.30,2,     -999,9,   2160.9,2,   2318.1,2,   8.4385
64PE20070830  ,AR07E      ,32      ,  1,17         ,17         ,2,20070918,1216,  57.1840, -24.6320,     2852,    508.0,   7.1684,  35.0316,2,    207.5,2,    206.7,2,    10.40,2,     1.23,2,    19.00,2,    1.453,2,   2172.7,2,   2316.9,2,   7.1191
64PE20070830  ,AR07E      ,32      ,  1,16         ,16         ,2,20070918,1216,  57.1840, -24.6320,     2852,    605.0,   6.6124,  35.0570,2,    209.1,2,    208.8,2,    11.10,2,     1.25,2,    19.30,2,     -999,9,   2178.6,2,   2318.3,2,   6.5558
64PE20070830  ,AR07E      ,32      ,  1,15         ,15         ,2,20070918,1216,  57.1840, -24.6320,     2852,    705.0,   6.1106,  35.0869,2,    219.9,2,    220.0,2,    11.10,2,     1.22,2,    18.90,2,    1.413,2,   2173.7,2,   2320.8,2,   6.0467
64PE20070830  ,AR07E      ,32      ,  1,14         ,14         ,2,20070918,1216,  57.1840, -24.6320,     2852,    808.0,   5.4520,  35.0385,2,    232.1,2,    233.5,2,     -999,9,     -999,9,     -999,9,     -999,9,   2144.8,3,   2322.9,3,   5.3823
64PE20070830  ,AR07E      ,32      ,  1,13         ,13         ,2,20070918,1216,  57.1840, -24.6320,     2852,    913.0,   4.7507,  34.9676,2,    247.6,2,    248.3,2,    10.60,2,     1.18,2,    18.10,2,     -999,9,   2169.2,2,   2310.5,2,   4.6762
64PE20070830  ,AR07E      ,32      ,  1,12         ,12         ,2,20070918,1216,  57.1840, -24.6320,     2852,   1006.0,   4.5061,  34.9640,2,    251.8,2,    252.1,2,    11.00,2,     1.17,2,    18.00,2,    1.658,2,   2165.1,2,   2311.8,2,   4.4253
64PE20070830  ,AR07E      ,32      ,  1,11         ,11         ,2,20070918,1216,  57.1840, -24.6320,     2852,   1007.0,   4.4954,  34.9632,2,    251.5,2,    252.4,2,    10.90,2,     1.17,2,    18.00,2,    1.680,2,   2168.0,2,   2310.9,2,   4.4146
64PE20070830  ,AR07E      ,32      ,  1,10         ,10         ,2,20070918,1216,  57.1840, -24.6320,     2852,   1264.0,   3.8443,  34.9049,2,    267.8,2,    269.6,2,    10.60,2,     1.15,2,    17.50,2,    1.855,2,   2161.5,2,   2306.3,2,   3.7468
64PE20070830  ,AR07E      ,32      ,  1,9          ,9          ,2,20070918,1216,  57.1840, -24.6320,     2852,   1518.0,   3.6339,  34.9018,2,    269.6,2,    270.8,2,    11.10,2,     1.14,2,    17.40,2,     -999,9,   2161.3,2,   2306.9,2,   3.5164
64PE20070830  ,AR07E      ,32      ,  1,8          ,8          ,2,20070918,1216,  57.1840, -24.6320,     2852,   1776.0,   3.4477,  34.9037,2,    270.6,2,    272.2,2,    11.70,2,     1.14,2,    17.40,2,     -999,9,   2162.3,2,   2308.1,2,   3.3093
64PE20070830  ,AR07E      ,32      ,  1,7          ,7          ,2,20070918,1216,  57.1840, -24.6320,     2852,   2030.0,   3.2573,  34.9107,2,    272.8,2,    274.7,2,    11.90,2,     1.12,2,    17.00,2,    1.379,2,     -999,9,   2309.2,2,   3.0982
64PE20070830  ,AR07E      ,32      ,  1,6          ,6          ,2,20070918,1216,  57.1840, -24.6320,     2852,   2030.0,   3.2569,  34.9108,2,    272.8,2,    273.6,2,    12.00,2,     1.12,2,    17.00,2,     -999,9,   2157.6,2,   2309.5,2,   3.0978
64PE20070830  ,AR07E      ,32      ,  1,5          ,5          ,2,20070918,1216,  57.1840, -24.6320,     2852,   2283.0,   3.1180,  34.9321,2,    268.8,2,     -999,9,    13.70,2,     1.12,2,    16.90,2,    1.197,2,   2165.2,2,   2314.9,2,   2.9371
64PE20070830  ,AR07E      ,32      ,  1,4          ,4          ,2,20070918,1216,  57.1840, -24.6320,     2852,   2541.0,   2.9403,  34.9574,2,    264.6,2,    266.9,2,    16.60,2,     1.13,2,    17.00,2,    1.138,2,   2168.9,2,   2316.5,2,   2.7373
64PE20070830  ,AR07E      ,32      ,  1,3          ,3          ,2,20070918,1216,  57.1840, -24.6320,     2852,   2740.0,   2.8152,  34.9653,2,    263.3,2,    264.7,2,    18.30,2,     1.14,2,    17.10,2,    1.156,2,   2172.9,2,   2321.5,2,   2.5948
64PE20070830  ,AR07E      ,32      ,  1,2          ,2          ,2,20070918,1216,  57.1840, -24.6320,     2852,   2796.0,   2.7764,  34.9650,2,    262.3,2,    263.6,2,    19.50,2,     1.15,2,    17.30,2,     -999,9,   2175.2,2,   2320.9,2,   2.5512
64PE20070830  ,AR07E      ,32      ,  1,1          ,1          ,2,20070918,1216,  57.1840, -24.6320,     2852,   2842.0,   2.7879,  34.9734,2,    265.3,2,    266.4,2,    17.40,2,     1.11,2,    16.70,2,    1.331,2,   2173.2,2,   2319.3,2,   2.5577
64PE20070830  ,AR07E      ,35      ,  1,22         ,22         ,2,20070918,1559,  56.9830, -22.3670,     2926,     10.0,  14.3104,  35.3930,2,    246.7,2,     -999,9,     0.40,2,     0.17,2,     2.10,2,     -999,9,     -999,9,     -999,9,  14.3089
64PE20070830  ,AR07E      ,35      ,  1,21         ,21         ,2,20070918,1559,  56.9830, -22.3670,     2926,    100.0,  11.6551,  35.4802,2,    238.9,2,     -999,9,     2.60,2,     0.63,2,    10.20,2,     -999,9,     -999,9,     -999,9,  11.6423
64PE20070830  ,AR07E      ,35      ,  1,20         ,20         ,2,20070918,1559,  56.9830, -22.3670,     2926,    200.0,  10.6886,  35.3999,2,    237.3,2,     -999,9,     4.80,2,     0.76,2,    12.20,2,     -999,9,     -999,9,     -999,9,  10.6643
64PE20070830  ,AR07E      ,35      ,  1,19         ,19         ,2,20070918,1559,  56.9830, -22.3670,     2926,    302.0,  10.0981,  35.3236,2,    243.1,2,     -999,9,     5.40,2,     0.81,2,    12.90,2,     -999,9,     -999,9,     -999,9,  10.0625
64PE20070830  ,AR07E      ,35      ,  1,18         ,18         ,2,20070918,1559,  56.9830, -22.3670,     2926,    402.0,   9.9144,  35.3430,2,    235.4,2,     -999,9,     5.70,2,     0.85,2,    13.40,2,     -999,9,     -999,9,     -999,9,   9.8673
64PE20070830  ,AR07E      ,35      ,  1,17         ,17         ,2,20070918,1559,  56.9830, -22.3670,     2926,    505.0,   9.2971,  35.2808,2,    219.6,2,     -999,9,     7.40,2,     0.99,2,    15.70,2,     -999,9,     -999,9,     -999,9,   9.2399
64PE20070830  ,AR07E      ,35      ,  1,16         ,16         ,2,20070918,1559,  56.9830, -22.3670,     2926,    604.0,   8.0793,  35.1647,2,    201.2,2,     -999,9,     9.80,2,     1.18,2,    18.50,2,     -999,9,     -999,9,     -999,9,   8.0161
64PE20070830  ,AR07E      ,35      ,  1,15         ,15         ,2,20070918,1559,  56.9830, -22.3670,     2926,    708.0,   7.2089,  35.1272,2,    203.4,2,     -999,9,    10.80,2,     1.24,2,    19.20,2,     -999,9,     -999,9,     -999,9,   7.1389
64PE20070830  ,AR07E      ,35      ,  1,14         ,14         ,2,20070918,1559,  56.9830, -22.3670,     2926,    809.0,   6.4870,  35.1063,2,    215.5,2,    210.6,2,    11.00,2,     1.22,2,    19.00,2,     -999,9,     -999,9,     -999,9,   6.4108
64PE20070830  ,AR07E      ,35      ,  1,13         ,13         ,2,20070918,1559,  56.9830, -22.3670,     2926,    912.0,   5.8054,  35.0788,2,    226.0,2,    223.6,2,    11.10,2,     1.21,2,    18.70,2,     -999,9,     -999,9,     -999,9,   5.7236
64PE20070830  ,AR07E      ,35      ,  1,11         ,11         ,2,20070918,1559,  56.9830, -22.3670,     2926,   1011.0,   5.1766,  35.0285,2,    238.9,2,    245.0,2,    11.00,2,     1.19,2,    18.40,2,    1.532,2,   2169.2,2,   2314.8,2,   5.0901
64PE20070830  ,AR07E      ,35      ,  1,12         ,12         ,2,20070918,1559,  56.9830, -22.3670,     2926,   1016.0,   5.0184,  35.0083,2,    240.4,2,    242.8,2,    11.00,2,     1.19,2,    18.40,2,     -999,9,     -999,9,     -999,9,   4.9327
64PE20070830  ,AR07E      ,35      ,  1,10         ,10         ,2,20070918,1559,  56.9830, -22.3670,     2926,   1268.0,   4.1218,  34.9251,2,    261.5,2,    262.4,2,    10.60,2,     1.15,2,    17.70,2,    1.778,2,   2162.5,2,   2305.9,2,   4.0213
64PE20070830  ,AR07E      ,35      ,  1,9          ,9          ,2,20070918,1559,  56.9830, -22.3670,     2926,   1518.0,   3.7462,  34.9027,2,    268.9,2,    270.0,2,    10.70,2,     1.13,2,    17.40,2,    1.754,2,   2159.2,2,   2305.1,2,   3.6274
64PE20070830  ,AR07E      ,35      ,  1,8          ,8          ,2,20070918,1559,  56.9830, -22.3670,     2926,   1773.0,   3.5667,  34.9029,2,    270.4,2,     -999,9,    11.00,2,     1.13,2,    17.40,2,    1.562,2,   2158.5,2,   2307.2,2,   3.4270
64PE20070830  ,AR07E      ,35      ,  1,6          ,6          ,2,20070918,1559,  56.9830, -22.3670,     2926,   2029.0,   3.3699,  34.9024,2,    273.0,2,    272.8,2,    11.40,2,     1.13,2,    17.30,2,    1.444,2,   2157.4,2,   2308.4,2,   3.2092
64PE20070830  ,AR07E      ,35      ,  1,7          ,7          ,2,20070918,1559,  56.9830, -22.3670,     2926,   2031.0,   3.3719,  34.9021,2,    272.8,2,    272.5,2,    11.40,2,     1.13,2,    17.10,2,    1.458,2,   2158.2,2,   2305.8,2,   3.2110
64PE20070830  ,AR07E      ,35      ,  1,5          ,5          ,2,20070918,1559,  56.9830, -22.3670,     2926,   2284.0,   3.2510,  34.9222,2,    272.4,2,    272.5,2,    11.80,2,     1.11,2,    16.90,2,    1.334,2,   2157.8,2,   2308.7,2,   3.0678
64PE20070830  ,AR07E      ,35      ,  1,4          ,4          ,2,20070918,1559,  56.9830, -22.3670,     2926,   2539.0,   3.0093,  34.9371,2,    264.9,2,    264.8,2,    17.30,2,     1.15,2,    17.50,2,    1.020,2,   2165.7,2,   2316.4,2,   2.8053
64PE20070830  ,AR07E      ,35      ,  1,3          ,3          ,2,20070918,1559,  56.9830, -22.3670,     2926,   2570.0,   2.9714,  34.9395,2,    263.4,2,    263.7,2,    18.30,2,     1.16,2,    17.60,2,    0.990,2,   2169.6,2,   2317.0,2,   2.7651
64PE20070830  ,AR07E      ,35      ,  1,2          ,2          ,2,20070918,1559,  56.9830, -22.3670,     2926,   2620.0,   2.8977,  34.9434,2,    261.2,2,    261.2,2,    20.30,2,     1.18,2,    17.70,2,     -999,9,   2170.2,2,   2321.5,2,   2.6878
64PE20070830  ,AR07E      ,35      ,  1,1          ,1          ,2,20070918,1559,  56.9830, -22.3670,     2926,   2671.0,   2.8807,  34.9440,2,    261.3,2,    260.7,2,    21.00,2,     1.19,2,    18.00,2,    0.916,2,   2174.9,2,   2322.7,2,   2.6660
64PE20070830  ,AR07E      ,36      ,  2,20         ,20         ,2,20070918,2000,  56.9330, -21.9160,     2519,     10.0,  14.3616,  35.4558,2,    247.9,2,    251.7,2,     0.10,2,     0.18,2,     2.00,2,    1.677,2,   2088.4,2,   2338.1,2,  14.3601
64PE20070830  ,AR07E      ,36      ,  2,19         ,19         ,2,20070918,2000,  56.9330, -21.9160,     2519,    100.0,  11.2401,  35.4348,2,    239.0,2,    242.2,2,     3.20,2,     0.68,2,    10.70,2,     -999,9,   2135.4,2,   2334.3,2,  11.2276
64PE20070830  ,AR07E      ,36      ,  2,18         ,18         ,2,20070918,2000,  56.9330, -21.9160,     2519,    202.0,  10.4781,  35.3708,2,    240.2,2,     -999,9,     4.80,2,     0.77,2,    12.10,2,     -999,9,   2142.0,2,   2331.0,2,  10.4538
64PE20070830  ,AR07E      ,36      ,  2,17         ,17         ,2,20070918,2000,  56.9330, -21.9160,     2519,    303.0,  10.0865,  35.3357,2,    240.9,2,     -999,9,     5.40,2,     0.81,2,    12.60,2,    1.815,2,   2143.4,2,   2329.6,2,  10.0508
64PE20070830  ,AR07E      ,36      ,  2,16         ,16         ,2,20070918,2000,  56.9330, -21.9160,     2519,    407.0,   9.7916,  35.3466,2,    235.0,2,     -999,9,     5.90,2,     0.87,2,    13.40,2,     -999,9,   2146.7,2,   2328.0,2,   9.7443
64PE20070830  ,AR07E      ,36      ,  2,15         ,15         ,2,20070918,2000,  56.9330, -21.9160,     2519,    507.0,   9.2112,  35.3064,2,    224.9,2,    227.2,2,     7.30,2,     0.98,2,    15.10,2,    1.640,2,   2156.4,2,   2326.2,2,   9.1541
64PE20070830  ,AR07E      ,36      ,  2,14         ,14         ,2,20070918,2000,  56.9330, -21.9160,     2519,    603.0,   8.4908,  35.2511,2,    203.3,2,    204.1,2,     9.50,2,     1.14,2,    17.70,2,     -999,9,   2169.9,2,   2327.7,2,   8.4258
64PE20070830  ,AR07E      ,36      ,  2,13         ,13         ,2,20070918,2000,  56.9330, -21.9160,     2519,    708.0,   7.8065,  35.2272,2,    200.9,2,    204.4,2,    10.50,2,     1.20,2,    18.40,2,    1.380,2,   2175.5,2,   2327.4,2,   7.7332
64PE20070830  ,AR07E      ,36      ,  2,12         ,12         ,2,20070918,2000,  56.9330, -21.9160,     2519,    810.0,   7.0742,  35.1994,2,    208.6,2,    206.1,2,    11.20,2,     1.21,2,    18.70,2,     -999,9,   2175.2,2,   2325.2,2,   6.9943
64PE20070830  ,AR07E      ,36      ,  2,11         ,11         ,2,20070918,2000,  56.9330, -21.9160,     2519,    910.0,   5.7630,  35.0561,2,    226.1,2,     -999,9,    11.20,2,     1.21,2,    18.50,2,    1.466,2,   2174.7,2,   2317.2,2,   5.6817
64PE20070830  ,AR07E      ,36      ,  2,10         ,10         ,2,20070918,2000,  56.9330, -21.9160,     2519,   1010.0,   5.4099,  35.0584,2,    234.7,2,     -999,9,    11.30,2,     1.20,2,    18.20,2,    1.471,2,   2171.3,2,   2317.5,2,   5.3216
64PE20070830  ,AR07E      ,36      ,  2,9          ,9          ,2,20070918,2000,  56.9330, -21.9160,     2519,   1011.0,   5.3972,  35.0560,2,    235.3,2,     -999,9,    11.20,2,     1.20,2,    18.30,2,    1.469,2,   2172.4,2,   2316.2,2,   5.3089
64PE20070830  ,AR07E      ,36      ,  2,8          ,8          ,2,20070918,2000,  56.9330, -21.9160,     2519,   1265.0,   4.1731,  34.9410,2,    259.6,2,     -999,9,    11.10,2,     1.17,2,    17.60,2,    1.670,2,   2163.5,2,   2310.1,2,   4.0723
64PE20070830  ,AR07E      ,36      ,  2,7          ,7          ,2,20070918,2000,  56.9330, -21.9160,     2519,   1519.0,   3.7069,  34.8998,2,    270.4,2,     -999,9,    10.90,2,     1.15,2,    17.20,2,    1.737,2,   2157.0,2,     -999,9,   3.5885
64PE20070830  ,AR07E      ,36      ,  2,6          ,6          ,2,20070918,2000,  56.9330, -21.9160,     2519,   1773.0,   3.5401,  34.9032,2,    271.1,2,     -999,9,    11.50,2,     1.14,2,    17.10,2,    1.510,2,   2157.7,2,   2306.1,2,   3.4008
64PE20070830  ,AR07E      ,36      ,  2,5          ,5          ,2,20070918,2000,  56.9330, -21.9160,     2519,   2028.0,   3.3458,  34.9023,2,    274.1,2,     -999,9,    11.80,2,     1.14,2,    17.10,2,    1.372,2,   2158.1,2,   2304.9,2,   3.1856
64PE20070830  ,AR07E      ,36      ,  2,4          ,4          ,2,20070918,2000,  56.9330, -21.9160,     2519,   2033.0,   3.3449,  34.9018,2,    273.9,2,     -999,9,    11.80,2,     1.14,2,    17.10,2,    1.409,2,   2158.2,2,   2305.5,2,   3.1842
64PE20070830  ,AR07E      ,36      ,  2,3          ,3          ,2,20070918,2000,  56.9330, -21.9160,     2519,   2179.0,   3.2604,  34.9120,2,    273.3,2,     -999,9,    12.50,2,     1.13,2,    16.90,2,    1.345,2,   2157.1,2,   2309.9,2,   3.0871
64PE20070830  ,AR07E      ,36      ,  2,2          ,2          ,2,20070918,2000,  56.9330, -21.9160,     2519,   2233.0,   3.1873,  34.9200,2,    271.3,2,     -999,9,    14.10,2,     1.14,2,    17.00,2,    0.923,2,   2157.2,2,   2308.8,2,   3.0100
64PE20070830  ,AR07E      ,36      ,  2,1          ,1          ,2,20070918,2000,  56.9330, -21.9160,     2519,   2282.0,   3.1325,  34.9297,2,    270.8,2,     -999,9,    14.70,2,     1.14,2,    16.90,2,    0.870,2,   2157.2,2,   2310.1,2,   2.9514
64PE20070830  ,AR07E      ,37      ,  2,20         ,20         ,2,20070918,2333,  56.9000, -21.5000,     2519,     10.0,  14.3978,  35.4291,2,    247.5,2,    249.3,2,     0.20,2,     0.18,2,     1.90,2,     -999,9,     -999,9,     -999,9,  14.3963
64PE20070830  ,AR07E      ,37      ,  2,19         ,19         ,2,20070918,2333,  56.9000, -21.5000,     2519,    102.0,  11.3428,  35.4832,2,    236.9,2,    238.7,2,     4.00,2,     0.69,2,    11.00,2,     -999,9,     -999,9,     -999,9,  11.3300
64PE20070830  ,AR07E      ,37      ,  2,18         ,18         ,2,20070918,2333,  56.9000, -21.5000,     2519,    204.0,  10.5436,  35.3786,2,    238.3,2,    240.7,2,     4.80,2,     0.77,2,    12.10,2,     -999,9,     -999,9,     -999,9,  10.5190
64PE20070830  ,AR07E      ,37      ,  2,17         ,17         ,2,20070918,2333,  56.9000, -21.5000,     2519,    305.0,  10.1287,  35.3480,2,    242.5,2,    244.9,2,     5.20,2,     0.80,2,    12.40,2,     -999,9,     -999,9,     -999,9,  10.0927
64PE20070830  ,AR07E      ,37      ,  2,16         ,16         ,2,20070918,2333,  56.9000, -21.5000,     2519,    401.0,   9.8473,  35.3469,2,    231.7,2,    234.2,2,     6.00,2,     0.87,2,    13.60,2,     -999,9,     -999,9,     -999,9,   9.8005
64PE20070830  ,AR07E      ,37      ,  2,15         ,15         ,2,20070918,2333,  56.9000, -21.5000,     2519,    506.0,   9.4040,  35.3198,2,    234.4,2,    236.7,2,     6.50,2,     0.90,2,    14.10,2,     -999,9,     -999,9,     -999,9,   9.3463
64PE20070830  ,AR07E      ,37      ,  2,14         ,14         ,2,20070918,2333,  56.9000, -21.5000,     2519,    601.0,   8.7927,  35.2734,2,    212.3,2,    213.1,2,     8.60,2,     1.07,2,    16.50,2,     -999,9,     -999,9,     -999,9,   8.7265
64PE20070830  ,AR07E      ,37      ,  2,13         ,13         ,2,20070918,2333,  56.9000, -21.5000,     2519,    702.0,   8.0399,  35.2338,2,    201.0,2,    199.8,2,    10.40,2,     1.18,2,    18.30,2,     -999,9,     -999,9,     -999,9,   7.9661
64PE20070830  ,AR07E      ,37      ,  2,12         ,12         ,2,20070918,2333,  56.9000, -21.5000,     2519,    810.0,   7.0273,  35.1695,2,    206.2,2,    205.5,2,    11.10,2,     1.22,2,    18.80,2,     -999,9,     -999,9,     -999,9,   6.9477
64PE20070830  ,AR07E      ,37      ,  2,11         ,11         ,2,20070918,2333,  56.9000, -21.5000,     2519,    910.0,   6.3994,  35.1565,2,    218.2,2,    216.8,2,    11.40,2,     1.21,2,    18.50,2,     -999,9,     -999,9,     -999,9,   6.3136
64PE20070830  ,AR07E      ,37      ,  2,10         ,10         ,2,20070918,2333,  56.9000, -21.5000,     2519,   1010.0,   5.7289,  35.0974,2,    228.6,2,    228.4,2,    11.30,2,     1.19,2,    18.30,2,     -999,9,   2175.5,2,   2318.4,2,   5.6382
64PE20070830  ,AR07E      ,37      ,  2,9          ,9          ,2,20070918,2333,  56.9000, -21.5000,     2519,   1011.0,   5.7271,  35.0967,2,    228.7,2,    228.5,2,    11.40,2,     1.19,2,    18.20,2,    1.404,2,   2175.2,2,   2319.1,2,   5.6363
64PE20070830  ,AR07E      ,37      ,  2,8          ,8          ,2,20070918,2333,  56.9000, -21.5000,     2519,   1265.0,   4.2315,  34.9358,2,    259.3,2,    258.4,2,    11.00,2,     1.17,2,    17.60,2,    1.749,2,   2167.6,2,   2307.6,2,   4.1301
64PE20070830  ,AR07E      ,37      ,  2,7          ,7          ,2,20070918,2333,  56.9000, -21.5000,     2519,   1521.0,   3.8020,  34.9109,2,    267.7,2,    269.5,2,    11.30,2,     1.15,2,    17.40,2,    1.684,2,   2159.1,2,   2305.6,2,   3.6823
64PE20070830  ,AR07E      ,37      ,  2,6          ,6          ,2,20070918,2333,  56.9000, -21.5000,     2519,   1568.0,   3.7003,  34.9040,2,    269.4,2,    269.4,2,    11.20,2,     1.14,2,    17.20,2,    1.690,2,   2163.3,2,   2304.0,2,   3.5776
64PE20070830  ,AR07E      ,37      ,  2,5          ,5          ,2,20070918,2333,  56.9000, -21.5000,     2519,   1771.0,   3.5517,  34.9037,2,    271.3,2,    271.0,2,    11.60,2,     1.15,2,    17.30,2,    1.523,2,   2159.6,2,   2306.2,2,   3.4124
64PE20070830  ,AR07E      ,37      ,  2,3          ,3          ,2,20070918,2333,  56.9000, -21.5000,     2519,   2007.0,   3.3708,  34.9048,2,    273.1,2,    272.4,2,    12.40,2,     1.14,2,    17.10,2,    1.416,2,   2156.9,2,   2306.7,2,   3.2121
64PE20070830  ,AR07E      ,37      ,  2,4          ,4          ,2,20070918,2333,  56.9000, -21.5000,     2519,   2012.0,   3.3718,  34.9050,2,    272.8,2,    272.6,2,    12.40,2,     1.14,2,    17.00,2,     -999,9,   2161.7,2,   2306.5,2,   3.2127
64PE20070830  ,AR07E      ,37      ,  2,2          ,2          ,2,20070918,2333,  56.9000, -21.5000,     2519,   2062.0,   3.3266,  34.9063,2,    272.7,2,    272.1,2,    12.90,2,     1.14,2,    17.20,2,     -999,9,   2162.9,2,   2306.6,2,   3.1634
64PE20070830  ,AR07E      ,37      ,  2,1          ,1          ,2,20070918,2333,  56.9000, -21.5000,     2519,   2110.0,   3.1520,  34.9268,2,    272.0,2,    270.4,2,    14.20,2,     1.13,2,    16.90,2,     -999,9,   2162.6,2,   2314.1,2,   2.9870
64PE20070830  ,AR07E      ,38      ,  2,18         ,18         ,2,20070919,0316,  56.8670, -21.0320,     2264,     12.0,  14.2275,  35.4375,2,    248.2,2,    251.7,2,     0.20,2,     0.20,2,     2.30,2,    1.639,2,   2089.3,2,   2337.8,2,  14.2258
64PE20070830  ,AR07E      ,38      ,  2,17         ,17         ,2,20070919,0316,  56.8670, -21.0320,     2264,    100.0,  11.3218,  35.4532,2,    243.0,2,    243.8,2,     3.00,2,     0.66,2,    10.40,2,     -999,9,   2134.3,2,   2334.1,2,  11.3092
64PE20070830  ,AR07E      ,38      ,  2,16         ,16         ,2,20070919,0316,  56.8670, -21.0320,     2264,    200.0,  10.4789,  35.3833,2,    243.9,2,    242.4,2,     4.70,2,     0.76,2,    11.90,2,     -999,9,   2142.6,2,   2329.9,2,  10.4549
64PE20070830  ,AR07E      ,38      ,  2,15         ,15         ,2,20070919,0316,  56.8670, -21.0320,     2264,    302.0,  10.1546,  35.3495,2,    243.4,2,    241.5,2,     5.20,2,     0.80,2,    12.60,2,    1.824,2,   2146.6,2,   2329.5,2,  10.1189
64PE20070830  ,AR07E      ,38      ,  2,14         ,14         ,2,20070919,0316,  56.8670, -21.0320,     2264,    405.0,  10.0492,  35.3719,2,    234.6,2,    235.0,2,     5.60,2,     0.84,2,    13.10,2,     -999,9,   2141.7,2,   2328.6,2,  10.0013
64PE20070830  ,AR07E      ,38      ,  2,13         ,13         ,2,20070919,0316,  56.8670, -21.0320,     2264,    508.0,   9.4653,  35.3104,2,    222.3,2,    223.0,2,     7.20,2,     0.97,2,    15.10,2,    1.572,2,   2161.6,2,   2326.2,2,   9.4071
64PE20070830  ,AR07E      ,38      ,  2,12         ,12         ,2,20070919,0316,  56.8670, -21.0320,     2264,    607.0,   8.8886,  35.2797,2,    207.2,2,    209.5,2,     8.70,2,     1.08,2,    17.00,2,     -999,9,   2173.0,2,   2324.9,2,   8.8213
64PE20070830  ,AR07E      ,38      ,  2,11         ,11         ,2,20070919,0316,  56.8670, -21.0320,     2264,    711.0,   7.9511,  35.2208,2,    199.8,2,    200.9,2,    10.40,2,     1.19,2,    18.60,2,     -999,9,   2178.7,2,   2323.5,2,   7.8768
64PE20070830  ,AR07E      ,38      ,  2,10         ,10         ,2,20070919,0316,  56.8670, -21.0320,     2264,    810.0,   7.1957,  35.2018,2,    206.9,2,    206.2,2,    11.00,2,     1.20,2,    18.80,2,     -999,9,   2184.9,2,   2323.8,2,   7.1150
64PE20070830  ,AR07E      ,38      ,  2,9          ,9          ,2,20070919,0316,  56.8670, -21.0320,     2264,    913.0,   6.0024,  35.0765,2,    221.6,2,    223.0,2,    11.10,2,     1.22,2,    18.70,2,    0.887,4,   2179.6,2,   2313.6,2,   5.9191
64PE20070830  ,AR07E      ,38      ,  2,8          ,8          ,2,20070919,0316,  56.8670, -21.0320,     2264,   1010.0,   5.4409,  35.0533,2,    234.0,2,    233.7,2,    11.10,2,     1.20,2,    18.40,2,    1.458,2,   2174.5,2,   2313.8,2,   5.3524
64PE20070830  ,AR07E      ,38      ,  2,7          ,7          ,2,20070919,0316,  56.8670, -21.0320,     2264,   1013.0,   5.4339,  35.0525,2,    234.1,2,    233.9,2,    11.30,2,     1.20,2,    18.40,2,    1.503,2,   2172.8,2,   2313.2,2,   5.3452
64PE20070830  ,AR07E      ,38      ,  2,6          ,6          ,2,20070919,0316,  56.8670, -21.0320,     2264,   1263.0,   4.1452,  34.9340,2,    260.6,2,    261.0,2,    11.00,2,     1.16,2,    17.70,2,    1.714,2,   2165.3,2,   2307.1,2,   4.0449
64PE20070830  ,AR07E      ,38      ,  2,5          ,5          ,2,20070919,0316,  56.8670, -21.0320,     2264,   1518.0,   3.7195,  34.9165,2,    267.5,2,    267.7,2,    11.70,2,     1.15,2,    17.50,2,    1.535,2,   2165.8,2,   2305.3,2,   3.6010
64PE20070830  ,AR07E      ,38      ,  2,4          ,4          ,2,20070919,0316,  56.8670, -21.0320,     2264,   1777.0,   3.3634,  34.9046,2,    273.6,2,    272.9,2,    12.30,2,     1.14,2,    17.20,2,    1.421,2,   2158.9,2,   2305.8,2,   3.2260
64PE20070830  ,AR07E      ,38      ,  2,3          ,3          ,2,20070919,0316,  56.8670, -21.0320,     2264,   1823.0,   3.3178,  34.9059,2,    273.7,2,    274.1,2,    12.40,2,     1.14,2,    17.10,2,    1.384,2,   2161.3,2,   2305.5,2,   3.1769
64PE20070830  ,AR07E      ,38      ,  2,2          ,2          ,2,20070919,0316,  56.8670, -21.0320,     2264,   1877.0,   3.2665,  34.9086,2,    273.8,2,    274.6,2,    12.90,2,     1.14,2,    17.20,2,    1.349,2,   2160.0,2,   2304.3,2,   3.1214
64PE20070830  ,AR07E      ,38      ,  2,1          ,1          ,2,20070919,0316,  56.8670, -21.0320,     2264,   1933.0,   3.1750,  34.9201,2,    273.4,2,    272.2,2,    13.40,2,     1.13,2,    17.00,2,    1.271,2,   2162.0,2,   2307.5,2,   3.0260
64PE20070830  ,AR07E      ,39      ,  2,14         ,14         ,2,20070919,0824,  56.7840, -20.1500,     1411,     10.0,  14.5054,  35.4662,2,    245.1,2,    249.4,2,     -999,9,     -999,9,     -999,9,    1.687,2,   2074.7,2,   2337.1,2,  14.5039
64PE20070830  ,AR07E      ,39      ,  2,13         ,13         ,2,20070919,0824,  56.7840, -20.1500,     1411,     93.0,  11.5427,  35.4427,2,    242.2,2,     -999,9,     4.70,2,     0.77,2,    12.10,2,     -999,9,   2133.5,2,   2334.7,2,  11.5309
64PE20070830  ,AR07E      ,39      ,  2,12         ,12         ,2,20070919,0824,  56.7840, -20.1500,     1411,    202.0,  10.6229,  35.3853,2,    240.2,2,    240.7,2,     5.30,2,     0.80,2,    12.30,2,    1.799,2,   2144.7,2,   2330.5,2,  10.5984
64PE20070830  ,AR07E      ,39      ,  2,11         ,11         ,2,20070919,0824,  56.7840, -20.1500,     1411,    305.0,  10.1921,  35.3413,2,    243.2,2,    245.0,2,     6.70,2,     0.93,2,    14.50,2,     -999,9,   2146.8,2,   2328.4,2,  10.1559
64PE20070830  ,AR07E      ,39      ,  2,10         ,10         ,2,20070919,0824,  56.7840, -20.1500,     1411,    402.0,   9.6991,  35.2915,2,    226.0,2,    228.0,2,     8.70,2,     1.09,2,    17.00,2,    1.686,2,   2157.9,2,   2326.5,2,   9.6527
64PE20070830  ,AR07E      ,39      ,  2,9          ,9          ,2,20070919,0824,  56.7840, -20.1500,     1411,    505.0,   8.9344,  35.2167,2,    208.1,2,    207.8,2,     9.30,2,     1.12,2,    17.60,2,     -999,9,   2170.7,2,   2322.9,2,   8.8786
64PE20070830  ,AR07E      ,39      ,  2,8          ,8          ,2,20070919,0824,  56.7840, -20.1500,     1411,    605.0,   8.4822,  35.2455,2,    206.0,2,    207.1,2,    10.60,2,     1.20,2,    18.50,2,    1.438,2,   2170.9,2,   2323.4,2,   8.4170
64PE20070830  ,AR07E      ,39      ,  2,7          ,7          ,2,20070919,0824,  56.7840, -20.1500,     1411,    706.0,   7.7854,  35.2305,2,    201.6,2,    202.0,2,    11.40,2,     1.21,2,    18.70,2,     -999,9,   2178.8,2,   2324.7,2,   7.7125
64PE20070830  ,AR07E      ,39      ,  2,6          ,6          ,2,20070919,0824,  56.7840, -20.1500,     1411,    810.0,   6.9039,  35.1880,2,    210.3,2,    210.2,2,    11.40,2,     1.21,2,    18.70,2,    1.285,2,   2179.9,2,   2324.0,2,   6.8250
64PE20070830  ,AR07E      ,39      ,  2,5          ,5          ,2,20070919,0824,  56.7840, -20.1500,     1411,    910.0,   6.2603,  35.1515,2,    220.5,2,    219.7,2,    11.30,2,     1.21,2,    18.50,2,     -999,9,   2179.9,2,   2321.7,2,   6.1755
64PE20070830  ,AR07E      ,39      ,  2,3          ,3          ,2,20070919,0824,  56.7840, -20.1500,     1411,   1016.0,   5.4684,  35.0819,2,    234.0,2,    232.6,2,    12.30,2,     1.20,2,    18.30,2,    1.370,2,   2174.1,2,   2317.5,2,   5.3791
64PE20070830  ,AR07E      ,39      ,  2,4          ,4          ,2,20070919,0824,  56.7840, -20.1500,     1411,   1016.0,   5.4534,  35.0812,2,    234.1,2,    232.9,2,    12.50,2,     1.20,2,    18.20,2,    1.374,2,   2175.8,2,   2318.3,2,   5.3642
64PE20070830  ,AR07E      ,39      ,  2,2          ,2          ,2,20070919,0824,  56.7840, -20.1500,     1411,   1082.0,   4.7952,  35.0193,2,    244.9,2,    244.3,2,    12.70,2,     1.19,2,    18.00,2,     -999,9,   2169.4,2,   2314.2,2,   4.7052
64PE20070830  ,AR07E      ,39      ,  2,1          ,1          ,2,20070919,0824,  56.7840, -20.1500,     1411,   1135.0,   4.5995,  35.0014,2,    248.7,2,    247.1,2,    13.30,2,     1.19,2,    18.10,2,    1.454,2,   2169.0,2,   2311.6,2,   4.5064
64PE20070830  ,AR07E      ,40      ,  2,16         ,16         ,2,20070919,1313,  56.7010, -19.2680,     1464,      9.0,  14.9025,  35.4416,2,    245.0,2,    242.6,2,     0.20,2,     0.13,2,     1.10,2,    1.639,2,     -999,9,     -999,9,  14.9011
64PE20070830  ,AR07E      ,40      ,  2,15         ,15         ,2,20070919,1313,  56.7010, -19.2680,     1464,    105.0,  11.7423,  35.4975,2,    240.1,2,    235.8,2,     2.60,2,     0.62,2,     9.90,2,    1.814,2,   2128.8,2,   2337.4,2,  11.7288
64PE20070830  ,AR07E      ,40      ,  2,14         ,14         ,2,20070919,1313,  56.7010, -19.2680,     1464,    203.0,  10.8775,  35.4129,2,    233.9,2,    228.7,2,     5.20,2,     0.78,2,    12.40,2,     -999,9,   2140.6,2,   2332.9,2,  10.8525
64PE20070830  ,AR07E      ,40      ,  2,13         ,13         ,2,20070919,1313,  56.7010, -19.2680,     1464,    300.0,  10.4141,  35.3720,2,    243.3,2,     -999,9,     5.10,2,     0.78,2,    12.10,2,    2.116,2,   2139.6,2,   2329.1,2,  10.3780
64PE20070830  ,AR07E      ,40      ,  2,12         ,12         ,2,20070919,1313,  56.7010, -19.2680,     1464,    404.0,   9.9297,  35.3120,2,    236.4,2,     -999,9,     6.10,2,     0.87,2,    13.40,2,     -999,9,   2145.1,2,   2327.1,2,   9.8823
64PE20070830  ,AR07E      ,40      ,  2,11         ,11         ,2,20070919,1313,  56.7010, -19.2680,     1464,    508.0,   9.0687,  35.2196,2,    211.0,2,    206.0,2,     8.30,2,     1.06,2,    16.60,2,    1.506,2,   2160.7,2,   2325.5,2,   9.0121
64PE20070830  ,AR07E      ,40      ,  2,10         ,10         ,2,20070919,1313,  56.7010, -19.2680,     1464,    609.0,   7.9801,  35.1482,2,    201.1,2,    196.2,2,    10.00,2,     1.19,2,    18.50,2,     -999,9,   2172.4,2,   2321.0,2,   7.9168
64PE20070830  ,AR07E      ,40      ,  2,9          ,9          ,2,20070919,1313,  56.7010, -19.2680,     1464,    706.0,   7.6838,  35.2178,2,    202.0,2,    196.8,2,    10.70,2,     1.20,2,    18.60,2,    1.420,2,   2176.1,2,   2327.4,2,   7.6114
64PE20070830  ,AR07E      ,40      ,  2,8          ,8          ,2,20070919,1313,  56.7010, -19.2680,     1464,    810.0,   6.9098,  35.1906,2,    210.7,2,    205.7,2,    11.10,2,     1.20,2,    18.70,2,     -999,9,   2177.4,2,   2327.5,2,   6.8309
64PE20070830  ,AR07E      ,40      ,  2,7          ,7          ,2,20070919,1313,  56.7010, -19.2680,     1464,    914.0,   6.2730,  35.1461,2,    220.8,2,    215.8,2,    11.30,2,     1.20,2,    18.50,2,    1.330,2,   2176.6,2,   2323.6,2,   6.1877
64PE20070830  ,AR07E      ,40      ,  2,6          ,6          ,2,20070919,1313,  56.7010, -19.2680,     1464,   1009.0,   5.4846,  35.0805,2,    234.6,2,    229.4,2,    11.30,2,     1.19,2,    18.40,2,    1.403,2,   2172.4,2,   2317.9,2,   5.3958
64PE20070830  ,AR07E      ,40      ,  2,5          ,5          ,2,20070919,1313,  56.7010, -19.2680,     1464,   1012.0,   5.4753,  35.0791,2,    234.6,2,    230.3,2,    11.40,2,     1.19,2,    18.30,2,    1.368,2,   2173.3,2,   2318.5,2,   5.3863
64PE20070830  ,AR07E      ,40      ,  2,4          ,4          ,2,20070919,1313,  56.7010, -19.2680,     1464,   1266.0,   4.3424,  34.9697,2,    258.0,2,    253.3,2,    11.40,2,     1.16,2,    17.60,2,     -999,9,   2166.7,2,   2310.2,2,   4.2398
64PE20070830  ,AR07E      ,40      ,  2,3          ,3          ,2,20070919,1313,  56.7010, -19.2680,     1464,   1354.0,   4.1628,  34.9562,2,    260.6,2,    257.1,2,    11.70,2,     1.16,2,    17.60,2,    1.548,2,   2165.0,2,   2309.4,2,   4.0541
64PE20070830  ,AR07E      ,40      ,  2,2          ,2          ,2,20070919,1313,  56.7010, -19.2680,     1464,   1407.0,   3.9823,  34.9445,2,    263.2,2,    260.0,2,    12.10,2,     1.15,2,    17.40,2,    1.503,2,   2163.3,2,   2310.0,2,   3.8707
64PE20070830  ,AR07E      ,40      ,  2,1          ,1          ,2,20070919,1313,  56.7010, -19.2680,     1464,   1454.0,   3.7768,  34.9324,2,    264.6,2,    261.5,2,    13.60,2,     1.17,2,    17.50,2,    1.434,2,   2165.4,2,   2310.6,2,   3.6633
64PE20070830  ,AR07E      ,41      ,  2,15         ,15         ,2,20070919,1759,  56.6170, -18.3660,     1314,     11.0,  14.5445,  35.4805,2,    246.8,2,    246.9,2,     0.20,2,     0.16,2,     1.70,2,     -999,9,   2084.1,2,   2338.8,2,  14.5429
64PE20070830  ,AR07E      ,41      ,  2,14         ,14         ,2,20070919,1759,  56.6170, -18.3660,     1314,    101.0,  11.5038,  35.4686,2,    242.8,2,    242.1,2,     2.30,2,     0.55,2,     8.60,2,     -999,9,   2122.1,2,   2333.6,2,  11.4910
64PE20070830  ,AR07E      ,41      ,  2,13         ,13         ,2,20070919,1759,  56.6170, -18.3660,     1314,    204.0,  10.9089,  35.4317,2,    240.8,2,    239.0,2,     4.40,2,     0.72,2,    11.40,2,     -999,9,   2133.8,2,   2332.9,2,  10.8837
64PE20070830  ,AR07E      ,41      ,  2,12         ,12         ,2,20070919,1759,  56.6170, -18.3660,     1314,    308.0,  10.3889,  35.3744,2,    244.5,2,    242.8,2,     5.00,2,     0.77,2,    12.00,2,     -999,9,   2137.8,2,   2329.6,2,  10.3519
64PE20070830  ,AR07E      ,41      ,  2,11         ,11         ,2,20070919,1759,  56.6170, -18.3660,     1314,    404.0,  10.1159,  35.3474,2,    237.6,2,    235.7,2,     5.70,2,     0.83,2,    12.90,2,     -999,9,   2142.8,2,   2329.0,2,  10.0680
64PE20070830  ,AR07E      ,41      ,  2,10         ,10         ,2,20070919,1759,  56.6170, -18.3660,     1314,    505.0,   9.5438,  35.2931,2,    220.8,2,    218.1,2,     7.10,2,     0.96,2,    15.00,2,     -999,9,   2153.7,2,   2325.8,2,   9.4857
64PE20070830  ,AR07E      ,41      ,  2,9          ,9          ,2,20070919,1759,  56.6170, -18.3660,     1314,    606.0,   8.8115,  35.2569,2,    208.9,2,    206.3,2,     8.70,2,     1.08,2,    16.90,2,     -999,9,   2167.9,2,   2324.0,2,   8.7447
64PE20070830  ,AR07E      ,41      ,  2,8          ,8          ,2,20070919,1759,  56.6170, -18.3660,     1314,    704.0,   8.0753,  35.2323,2,    202.9,2,    198.9,2,    10.10,2,     1.17,2,    18.10,2,     -999,9,   2174.4,2,   2324.4,2,   8.0011
64PE20070830  ,AR07E      ,41      ,  2,7          ,7          ,2,20070919,1759,  56.6170, -18.3660,     1314,    807.0,   7.2052,  35.2035,2,    207.0,2,    203.3,2,    11.00,2,     1.20,2,    18.70,2,     -999,9,   2176.5,2,   2325.9,2,   7.1248
64PE20070830  ,AR07E      ,41      ,  2,6          ,6          ,2,20070919,1759,  56.6170, -18.3660,     1314,    913.0,   6.3259,  35.1531,2,    220.0,2,    216.2,2,    11.50,2,     1.20,2,    18.50,2,     -999,9,   2180.9,2,   2321.5,2,   6.2403
64PE20070830  ,AR07E      ,41      ,  2,4          ,4          ,2,20070919,1759,  56.6170, -18.3660,     1314,   1012.0,   5.7301,  35.1049,2,    229.8,2,    226.4,2,    11.80,2,     1.19,2,    18.20,2,     -999,9,   2174.5,2,   2321.0,2,   5.6391
64PE20070830  ,AR07E      ,41      ,  2,5          ,5          ,2,20070919,1759,  56.6170, -18.3660,     1314,   1013.0,   5.7345,  35.1055,2,    230.0,2,    226.0,2,    11.70,2,     1.18,2,    18.20,2,     -999,9,   2173.5,2,   2318.6,2,   5.6434
64PE20070830  ,AR07E      ,41      ,  2,3          ,3          ,2,20070919,1759,  56.6170, -18.3660,     1314,   1209.0,   4.2458,  34.9625,2,    258.0,2,    255.2,2,    11.70,2,     1.17,2,    17.60,2,     -999,9,   2167.1,2,   2308.8,2,   4.1492
64PE20070830  ,AR07E      ,41      ,  2,2          ,2          ,2,20070919,1759,  56.6170, -18.3660,     1314,   1253.0,   4.0722,  34.9538,2,    260.3,2,    257.0,2,    12.50,2,     1.16,2,    17.60,2,     -999,9,   2166.6,2,   2309.4,2,   3.9734
64PE20070830  ,AR07E      ,41      ,  2,1          ,1          ,2,20070919,1759,  56.6170, -18.3660,     1314,   1304.0,   3.7817,  34.9339,2,    263.4,2,    261.2,2,    13.80,2,     1.17,2,    17.60,2,     -999,9,   2166.4,2,   2311.9,2,   3.6813
64PE20070830  ,AR07E      ,42      ,  2,11         ,11         ,2,20070919,2238,  56.5340, -17.4510,     1301,     10.0,  14.6643,  35.4758,2,    243.8,2,    247.1,2,     0.10,2,     0.15,2,     1.50,2,     -999,9,     -999,9,   2340.1,2,  14.6628
64PE20070830  ,AR07E      ,42      ,  2,10         ,10         ,2,20070919,2238,  56.5340, -17.4510,     1301,    104.0,  11.5824,  35.4999,2,    240.5,2,    239.3,2,     3.10,2,     0.64,2,    10.30,2,     -999,9,     -999,9,   2336.4,2,  11.5691
64PE20070830  ,AR07E      ,42      ,  2,9          ,9          ,2,20070919,2238,  56.5340, -17.4510,     1301,    203.0,  10.8769,  35.4365,2,    240.5,2,    242.2,2,     4.40,2,     0.72,2,    11.50,2,     -999,9,     -999,9,   2332.2,2,  10.8519
64PE20070830  ,AR07E      ,42      ,  2,8          ,8          ,2,20070919,2238,  56.5340, -17.4510,     1301,    304.0,  10.4016,  35.3851,2,    245.4,2,    243.9,2,     4.80,2,     0.76,2,    11.90,2,     -999,9,     -999,9,   2331.2,2,  10.3651
64PE20070830  ,AR07E      ,42      ,  2,7          ,7          ,2,20070919,2238,  56.5340, -17.4510,     1301,    401.0,  10.2039,  35.3892,2,    236.6,2,    235.5,2,     5.40,2,     0.90,2,    12.70,2,     -999,9,     -999,9,   2329.5,2,  10.1561
64PE20070830  ,AR07E      ,42      ,  2,6          ,6          ,2,20070919,2238,  56.5340, -17.4510,     1301,    507.0,   9.9035,  35.3748,2,    230.6,2,    230.1,2,     6.10,2,     0.87,2,    13.60,2,     -999,9,     -999,9,   2331.2,2,   9.8438
64PE20070830  ,AR07E      ,42      ,  2,5          ,5          ,2,20070919,2238,  56.5340, -17.4510,     1301,    608.0,   9.3518,  35.3360,2,    222.1,2,    219.4,2,     7.70,2,     0.98,2,    15.20,2,     -999,9,     -999,9,   2329.1,2,   9.2823
64PE20070830  ,AR07E      ,42      ,  2,4          ,4          ,2,20070919,2238,  56.5340, -17.4510,     1301,    704.0,   8.4672,  35.2689,2,    202.8,2,    199.6,2,     9.80,2,     1.14,2,    17.80,2,     -999,9,     -999,9,   2329.3,2,   8.3909
64PE20070830  ,AR07E      ,42      ,  2,3          ,3          ,2,20070919,2238,  56.5340, -17.4510,     1301,    777.0,   8.0690,  35.2714,2,    204.0,2,    200.6,2,    10.40,2,     1.16,2,    18.10,2,     -999,9,   2178.3,2,   2330.4,2,   7.9867
64PE20070830  ,AR07E      ,42      ,  2,2          ,2          ,2,20070919,2238,  56.5340, -17.4510,     1301,    825.0,   7.7738,  35.2572,2,    205.0,2,    201.2,2,    10.70,2,     1.19,2,    18.20,2,     -999,9,   2177.3,2,   2329.1,2,   7.6880
64PE20070830  ,AR07E      ,42      ,  2,1          ,1          ,2,20070919,2238,  56.5340, -17.4510,     1301,    876.0,   7.3432,  35.2329,2,    208.9,2,    204.8,2,    11.20,2,     1.20,2,    18.30,2,     -999,9,   2178.4,2,   2328.0,2,   7.2546
64PE20070830  ,AR07E      ,43      ,  2,7          ,7          ,2,20070920,0305,  56.4500, -16.5340,      786,     15.0,  14.1299,  35.4387,2,    249.4,2,    249.8,2,     0.20,2,     0.21,2,     2.20,2,     -999,9,   2081.1,2,   2335.4,2,  14.1277
64PE20070830  ,AR07E      ,43      ,  2,6          ,6          ,2,20070920,0305,  56.4500, -16.5340,      786,     98.0,  11.1380,  35.4468,2,    242.8,2,    242.2,2,     3.30,2,     0.69,2,    10.70,2,     -999,9,   2136.0,2,   2331.1,2,  11.1258
64PE20070830  ,AR07E      ,43      ,  2,5          ,5          ,2,20070920,0305,  56.4500, -16.5340,      786,    205.0,  10.2236,  35.3654,2,    248.8,2,    247.0,2,     4.60,2,     0.77,2,    12.00,2,     -999,9,   2138.0,2,   2329.8,2,  10.1994
64PE20070830  ,AR07E      ,43      ,  2,4          ,4          ,2,20070920,0305,  56.4500, -16.5340,      786,    304.0,  10.1312,  35.3944,2,    243.3,2,    239.7,2,     5.20,2,     0.81,2,    12.60,2,     -999,9,   2143.1,2,   2329.5,2,  10.0953
64PE20070830  ,AR07E      ,43      ,  2,3          ,3          ,2,20070920,0305,  56.4500, -16.5340,      786,    403.0,   9.7369,  35.3737,2,    237.1,2,    236.7,2,     5.90,2,     0.86,2,    13.50,2,     -999,9,   2146.6,2,   2327.0,2,   9.6902
64PE20070830  ,AR07E      ,43      ,  2,2          ,2          ,2,20070920,0305,  56.4500, -16.5340,      786,    480.0,   9.5568,  35.3653,2,    237.7,2,    234.9,2,     6.70,2,     0.89,2,    13.80,2,     -999,9,   2147.0,2,   2329.5,2,   9.5016
64PE20070830  ,AR07E      ,43      ,  2,1          ,1          ,2,20070920,0305,  56.4500, -16.5340,      786,    527.0,   9.3561,  35.3494,2,    227.5,2,    224.2,2,     8.60,2,     0.97,2,    14.90,2,     -999,9,   2157.6,2,   2329.9,2,   9.2961
64PE20070830  ,AR07E      ,44      ,  2,7          ,7          ,2,20070920,0703,  56.3670, -15.6810,      684,     16.0,  13.7574,  35.3981,2,    250.4,2,    251.6,2,     0.30,2,     0.23,2,     2.70,2,     -999,9,   2082.2,2,   2329.0,2,  13.7551
64PE20070830  ,AR07E      ,44      ,  2,6          ,6          ,2,20070920,0703,  56.3670, -15.6810,      684,    102.0,  10.2959,  35.3709,2,    247.7,2,    248.4,2,     4.50,2,     0.75,2,    11.90,2,     -999,9,   2137.4,2,   2328.9,2,  10.2838
64PE20070830  ,AR07E      ,44      ,  2,5          ,5          ,2,20070920,0703,  56.3670, -15.6810,      684,    199.0,  10.0339,  35.3830,2,    242.6,2,    245.1,2,     5.10,2,     0.80,2,    12.50,2,     -999,9,   2142.0,2,   2332.1,2,  10.0106
64PE20070830  ,AR07E      ,44      ,  2,4          ,4          ,2,20070920,0703,  56.3670, -15.6810,      684,    303.0,   9.5792,  35.3709,2,    236.3,2,    235.4,2,     6.90,2,     0.90,2,    13.90,2,     -999,9,   2154.8,2,   2330.2,2,   9.5446
64PE20070830  ,AR07E      ,44      ,  2,2          ,2          ,2,20070920,0703,  56.3670, -15.6810,      684,    346.0,   9.5767,  35.3709,2,    236.6,2,     -999,9,     7.10,2,     0.91,2,    14.00,2,    1.783,2,   2153.3,2,   2329.9,2,   9.5371
64PE20070830  ,AR07E      ,44      ,  2,3          ,3          ,2,20070920,0703,  56.3670, -15.6810,      684,    346.0,   9.5770,  35.3710,2,    236.7,2,    236.1,2,     7.10,2,     0.90,2,    13.90,2,    1.750,2,     -999,9,     -999,9,   9.5374
64PE20070830  ,AR07E      ,44      ,  2,1          ,1          ,2,20070920,0703,  56.3670, -15.6810,      684,    347.0,   9.5766,  35.3711,2,    236.7,2,     -999,9,     7.10,2,     0.90,2,    13.90,2,    1.789,2,     -999,9,     -999,9,   9.5369
64PE20070830  ,AR07E      ,45      ,  2,4          ,4          ,2,20070920,1046,  56.2840, -14.7980,      224,     11.0,  13.7750,  35.3749,2,    250.4,2,    252.6,2,     0.10,2,     0.19,2,     2.10,2,     -999,9,   2080.8,2,   2329.2,2,  13.7734
64PE20070830  ,AR07E      ,45      ,  2,3          ,3          ,2,20070920,1046,  56.2840, -14.7980,      224,    101.0,  10.3262,  35.3749,2,    250.4,2,    249.7,2,     3.20,2,     0.71,2,    11.10,2,     -999,9,   2135.8,2,   2330.6,2,  10.3142
64PE20070830  ,AR07E      ,45      ,  2,2          ,2          ,2,20070920,1046,  56.2840, -14.7980,      224,    151.0,   9.9739,  35.3847,2,    246.9,2,    246.8,2,     4.90,2,     0.79,2,    12.50,2,     -999,9,   2143.4,2,   2331.2,2,   9.9564
64PE20070830  ,AR07E      ,45      ,  2,1          ,1          ,2,20070920,1046,  56.2840, -14.7980,      224,    214.0,   9.6629,  35.3805,2,    240.5,2,    239.8,2,     6.40,2,     0.88,2,    13.40,2,     -999,9,   2153.7,2,   2330.7,2,   9.6384
64PE20070830  ,AR07E      ,46      ,  2,17         ,17         ,2,20070920,1414,  56.2170, -13.9840,     1901,     13.0,  14.7050,  35.4699,2,    250.4,2,    253.2,2,     0.20,2,     0.08,2,     0.30,2,    1.639,2,   2075.7,2,   2342.3,2,  14.7031
64PE20070830  ,AR07E      ,46      ,  2,16         ,16         ,2,20070920,1414,  56.2170, -13.9840,     1901,    100.0,  11.4960,  35.4938,2,    239.7,2,    241.3,2,     2.90,2,     0.64,2,    10.20,2,     -999,9,   2137.7,2,   2335.0,2,  11.4833
64PE20070830  ,AR07E      ,46      ,  2,15         ,15         ,2,20070920,1414,  56.2170, -13.9840,     1901,    204.0,  10.8716,  35.4606,2,    244.3,2,    245.3,2,     4.10,2,     0.70,2,    11.10,2,     -999,9,   2144.8,2,   2333.6,2,  10.8465
64PE20070830  ,AR07E      ,46      ,  2,14         ,14         ,2,20070920,1414,  56.2170, -13.9840,     1901,    305.0,  10.4636,  35.4165,2,    244.8,2,    245.4,2,     4.60,2,     0.75,2,    11.80,2,    1.806,2,   2148.9,2,   2332.7,2,  10.4268
64PE20070830  ,AR07E      ,46      ,  2,13         ,13         ,2,20070920,1414,  56.2170, -13.9840,     1901,    406.0,  10.3380,  35.4378,2,    248.2,2,    249.3,2,     4.50,2,     0.74,2,    11.60,2,     -999,9,   2134.7,2,   2328.6,2,  10.2891
64PE20070830  ,AR07E      ,46      ,  2,12         ,12         ,2,20070920,1414,  56.2170, -13.9840,     1901,    505.0,  10.1719,  35.4274,2,    245.7,2,    247.8,2,     4.80,2,     0.76,2,    11.80,2,    1.806,2,   2140.7,2,   2330.4,2,  10.1114
64PE20070830  ,AR07E      ,46      ,  2,11         ,11         ,2,20070920,1414,  56.2170, -13.9840,     1901,    605.0,   9.9086,  35.3994,2,    242.4,2,    242.5,2,     5.40,2,     0.82,2,    12.70,2,     -999,9,   2144.5,2,   2333.5,2,   9.8370
64PE20070830  ,AR07E      ,46      ,  2,10         ,10         ,2,20070920,1414,  56.2170, -13.9840,     1901,    708.0,   9.4421,  35.3550,2,    233.5,2,    234.3,2,     6.50,2,     0.91,2,    14.10,2,    1.682,2,   2150.5,2,   2330.9,2,   9.3603
64PE20070830  ,AR07E      ,46      ,  2,9          ,9          ,2,20070920,1414,  56.2170, -13.9840,     1901,    810.0,   8.8002,  35.3089,2,    216.6,2,    216.7,2,     8.50,2,     1.05,2,    16.20,2,     -999,9,   2164.7,2,   2329.3,2,   8.7099
64PE20070830  ,AR07E      ,46      ,  2,8          ,8          ,2,20070920,1414,  56.2170, -13.9840,     1901,    910.0,   8.0704,  35.2796,2,    202.8,2,    202.4,2,    10.20,2,     1.17,2,    18.10,2,    1.272,2,   2178.1,2,   2329.2,2,   7.9733
64PE20070830  ,AR07E      ,46      ,  2,6          ,6          ,2,20070920,1414,  56.2170, -13.9840,     1901,   1012.0,   7.3714,  35.2642,2,    206.0,2,    205.5,2,    11.00,2,     1.20,2,    18.40,2,    1.206,2,   2180.4,2,   2329.7,2,   7.2679
64PE20070830  ,AR07E      ,46      ,  2,7          ,7          ,2,20070920,1414,  56.2170, -13.9840,     1901,   1016.0,   7.3901,  35.2643,2,    206.0,2,     -999,9,     -999,9,     -999,9,     -999,9,    1.649,4,     -999,9,     -999,9,   7.2860
64PE20070830  ,AR07E      ,46      ,  2,5          ,5          ,2,20070920,1414,  56.2170, -13.9840,     1901,   1264.0,   5.4331,  35.0830,2,    243.1,2,    242.6,2,    10.90,2,     1.13,2,    17.30,2,    1.476,2,   2167.8,2,   2316.7,2,   5.3201
64PE20070830  ,AR07E      ,46      ,  2,4          ,4          ,2,20070920,1414,  56.2170, -13.9840,     1901,   1520.0,   4.3715,  34.9775,2,    257.2,2,    256.6,2,    11.40,2,     1.16,2,    17.50,2,    1.482,2,   2165.5,2,   2311.6,2,   4.2452
64PE20070830  ,AR07E      ,46      ,  2,3          ,3          ,2,20070920,1414,  56.2170, -13.9840,     1901,   1775.0,   3.7977,  34.9535,2,    264.8,2,    264.4,2,    13.30,2,     1.15,2,    17.10,2,    1.305,2,   2163.1,2,   2311.2,2,   3.6546
64PE20070830  ,AR07E      ,46      ,  2,2          ,2          ,2,20070920,1414,  56.2170, -13.9840,     1901,   1828.0,   3.6484,  34.9453,2,    265.2,2,    264.7,2,    14.40,2,     1.15,2,    17.10,2,    1.255,2,   2165.2,2,   2310.8,2,   3.5024
64PE20070830  ,AR07E      ,46      ,  2,1          ,1          ,2,20070920,1414,  56.2170, -13.9840,     1901,   1891.0,   3.6355,  34.9449,2,    265.4,2,    264.5,2,    14.70,2,     1.16,2,    17.40,2,    1.229,2,   2165.2,2,   2312.6,2,   3.4838
64PE20070830  ,AR07E      ,47      ,  2,21         ,21         ,2,20070920,1919,  56.1350, -13.1670,     2568,      9.0,  14.4974,  35.4669,2,    249.0,2,     -999,9,     0.20,2,     0.11,2,     1.00,2,    1.650,2,     -999,9,     -999,9,  14.4961
64PE20070830  ,AR07E      ,47      ,  2,20         ,20         ,2,20070920,1919,  56.1350, -13.1670,     2568,    102.0,  11.6448,  35.5184,2,    238.7,2,     -999,9,     3.10,2,     0.64,2,    10.40,2,     -999,9,   2136.7,2,   2338.0,2,  11.6317
64PE20070830  ,AR07E      ,47      ,  2,19         ,19         ,2,20070920,1919,  56.1350, -13.1670,     2568,    203.0,  10.9027,  35.4563,2,    243.1,2,     -999,9,     4.10,2,     0.71,2,    11.20,2,    1.814,2,   2140.5,2,   2334.0,2,  10.8777
64PE20070830  ,AR07E      ,47      ,  2,18         ,18         ,2,20070920,1919,  56.1350, -13.1670,     2568,    299.0,  10.5827,  35.4296,2,    247.4,2,     -999,9,     4.40,2,     0.73,2,    11.40,2,     -999,9,   2140.1,2,   2332.4,2,  10.5464
64PE20070830  ,AR07E      ,47      ,  2,17         ,17         ,2,20070920,1919,  56.1350, -13.1670,     2568,    404.0,  10.3658,  35.4380,2,    248.4,2,    250.3,2,     4.60,2,     0.74,2,    11.60,2,    1.378,3,   2141.2,2,   2339.4,2,  10.3171
64PE20070830  ,AR07E      ,47      ,  2,16         ,16         ,2,20070920,1919,  56.1350, -13.1670,     2568,    504.0,  10.2145,  35.4315,2,    248.0,2,    249.9,2,     4.70,2,     0.76,2,    11.90,2,     -999,9,   2144.2,2,   2331.9,2,  10.1540
64PE20070830  ,AR07E      ,47      ,  2,15         ,15         ,2,20070920,1919,  56.1350, -13.1670,     2568,    610.0,   9.9535,  35.4048,2,    244.5,2,    246.6,2,     5.10,2,     0.81,2,    12.60,2,    1.808,2,   2145.6,2,   2330.5,2,   9.8811
64PE20070830  ,AR07E      ,47      ,  2,14         ,14         ,2,20070920,1919,  56.1350, -13.1670,     2568,    709.0,   9.5241,  35.3614,2,    244.2,2,    246.0,2,     5.80,2,     0.86,2,    13.30,2,     -999,9,   2149.1,2,   2329.4,2,   9.4417
64PE20070830  ,AR07E      ,47      ,  2,13         ,13         ,2,20070920,1919,  56.1350, -13.1670,     2568,    809.0,   9.1437,  35.3301,2,    224.7,2,    226.3,2,     7.50,2,     0.99,2,    15.40,2,    1.602,2,   2160.1,2,   2329.5,2,   9.0515
64PE20070830  ,AR07E      ,47      ,  2,12         ,12         ,2,20070920,1919,  56.1350, -13.1670,     2568,    912.0,   8.4884,  35.2953,2,    205.7,2,    205.8,2,     9.60,2,     1.13,2,    17.60,2,     -999,9,   2173.0,2,   2328.9,2,   8.3882
64PE20070830  ,AR07E      ,47      ,  2,11         ,11         ,2,20070920,1919,  56.1350, -13.1670,     2568,   1007.0,   7.7517,  35.2629,2,    204.7,2,    204.7,2,    10.60,2,     1.19,2,    18.20,2,    1.252,2,     -999,9,     -999,9,   7.6459
64PE20070830  ,AR07E      ,47      ,  2,10         ,10         ,2,20070920,1919,  56.1350, -13.1670,     2568,   1011.0,   7.7323,  35.2620,2,    204.9,2,    205.0,2,    10.60,2,     1.19,2,    18.40,2,    1.251,2,   2177.6,2,   2328.5,2,   7.6262
64PE20070830  ,AR07E      ,47      ,  2,9          ,9          ,2,20070920,1919,  56.1350, -13.1670,     2568,   1266.0,   5.8680,  35.1204,2,    229.3,2,    229.5,2,    11.30,2,     1.19,2,    18.30,2,    1.350,2,   2173.6,2,   2320.9,2,   5.7507
64PE20070830  ,AR07E      ,47      ,  2,8          ,8          ,2,20070920,1919,  56.1350, -13.1670,     2568,   1519.0,   4.5546,  34.9911,2,    252.8,2,    252.8,2,    11.40,2,     1.18,2,    17.80,2,    1.482,2,   2167.4,2,   2312.7,2,   4.4263
64PE20070830  ,AR07E      ,47      ,  2,7          ,7          ,2,20070920,1919,  56.1350, -13.1670,     2568,   1770.0,   3.9161,  34.9350,2,    264.2,2,    264.9,2,    11.70,2,     1.17,2,    17.60,2,    1.458,2,   2163.3,2,   2308.6,2,   3.7720
64PE20070830  ,AR07E      ,47      ,  2,6          ,6          ,2,20070920,1919,  56.1350, -13.1670,     2568,   2028.0,   3.5439,  34.9248,2,    267.8,2,    271.8,2,    13.40,2,     1.17,2,    17.40,2,    1.278,2,   2162.8,2,   2311.1,2,   3.3806
64PE20070830  ,AR07E      ,47      ,  2,5          ,5          ,2,20070920,1919,  56.1350, -13.1670,     2568,   2031.0,   3.5421,  34.9247,2,    267.7,2,    270.0,2,    13.40,2,     1.17,2,    17.50,2,    1.268,2,   2163.4,2,   2307.9,2,   3.3785
64PE20070830  ,AR07E      ,47      ,  2,4          ,4          ,2,20070920,1919,  56.1350, -13.1670,     2568,   2285.0,   3.2767,  34.9227,2,    267.0,2,    269.4,2,    15.80,2,     1.18,2,    17.60,2,     -999,9,   2164.2,2,   2311.3,2,   3.0929
64PE20070830  ,AR07E      ,47      ,  2,3          ,3          ,2,20070920,1919,  56.1350, -13.1670,     2568,   2459.0,   3.0749,  34.9312,2,    260.6,2,    262.7,2,    20.40,2,     1.22,2,    18.20,2,    0.769,2,   2169.5,2,   2319.5,2,   2.8776
64PE20070830  ,AR07E      ,47      ,  2,2          ,2          ,2,20070920,1919,  56.1350, -13.1670,     2568,   2511.0,   2.9630,  34.9318,2,    254.7,2,    255.8,2,    25.10,2,     1.29,2,    19.00,2,    0.634,2,   2176.0,2,   2327.4,2,   2.7627
64PE20070830  ,AR07E      ,47      ,  2,1          ,1          ,2,20070920,1919,  56.1350, -13.1670,     2568,   2558.0,   2.9472,  34.9314,2,    253.6,2,    253.9,2,    26.60,2,     1.30,2,    19.20,2,    0.610,2,   2179.6,2,   2330.0,2,   2.7425
64PE20070830  ,AR07E      ,49      ,  2,22         ,22         ,2,20070921,0558,  55.9830, -11.4990,     2718,     10.0,  14.0383,  35.4405,2,    249.8,2,    252.7,2,     0.30,2,     0.17,2,     2.10,2,    1.690,2,   2082.2,2,   2338.3,2,  14.0369
64PE20070830  ,AR07E      ,49      ,  2,21         ,21         ,2,20070921,0558,  55.9830, -11.4990,     2718,    102.0,  11.3040,  35.4803,2,    242.7,2,    244.1,2,     3.10,2,     0.65,2,    10.50,2,     -999,9,   2135.2,2,   2335.4,2,  11.2912
64PE20070830  ,AR07E      ,49      ,  2,20         ,20         ,2,20070921,0558,  55.9830, -11.4990,     2718,    202.0,  10.8340,  35.4660,2,    247.5,2,    248.7,2,     4.00,2,     0.70,2,    11.00,2,    1.821,2,   2134.7,2,   2334.7,2,  10.8092
64PE20070830  ,AR07E      ,49      ,  2,19         ,19         ,2,20070921,0558,  55.9830, -11.4990,     2718,    302.0,  10.4388,  35.4211,2,    246.9,2,    248.5,2,     4.50,2,     0.75,2,    11.70,2,     -999,9,   2139.2,2,   2332.8,2,  10.4024
64PE20070830  ,AR07E      ,49      ,  2,18         ,18         ,2,20070921,0558,  55.9830, -11.4990,     2718,    406.0,  10.3477,  35.4412,2,    250.5,2,    252.3,2,     4.40,2,     0.74,2,    11.60,2,    1.854,2,   2138.6,2,   2333.8,2,  10.2988
64PE20070830  ,AR07E      ,49      ,  2,17         ,17         ,2,20070921,0558,  55.9830, -11.4990,     2718,    507.0,  10.1864,  35.4315,2,    249.9,2,    252.7,2,     4.60,2,     0.76,2,    11.70,2,     -999,9,   2138.9,2,   2334.2,2,  10.1256
64PE20070830  ,AR07E      ,49      ,  2,16         ,16         ,2,20070921,0558,  55.9830, -11.4990,     2718,    605.0,   9.9521,  35.4068,2,    244.0,2,    245.6,2,     5.20,2,     0.81,2,    12.60,2,    1.780,2,   2143.6,2,   2333.0,2,   9.8803
64PE20070830  ,AR07E      ,49      ,  2,15         ,15         ,2,20070921,0558,  55.9830, -11.4990,     2718,    706.0,   9.5171,  35.3627,2,    240.7,2,    244.1,2,     5.90,2,     0.87,2,    13.50,2,     -999,9,   2146.6,2,   2330.9,2,   9.4351
64PE20070830  ,AR07E      ,49      ,  2,14         ,14         ,2,20070921,0558,  55.9830, -11.4990,     2718,    810.0,   9.1461,  35.3321,2,    228.6,2,    230.3,2,     7.10,2,     0.97,2,    15.00,2,    1.644,2,   2157.8,2,   2330.6,2,   9.0538
64PE20070830  ,AR07E      ,49      ,  2,13         ,13         ,2,20070921,0558,  55.9830, -11.4990,     2718,    908.0,   8.4718,  35.2942,2,    208.4,2,    207.8,2,     9.20,2,     1.12,2,    17.30,2,     -999,9,   2173.1,2,   2330.3,2,   8.3722
64PE20070830  ,AR07E      ,49      ,  2,11         ,11         ,2,20070921,0558,  55.9830, -11.4990,     2718,   1009.0,   7.7647,  35.2617,2,    206.5,2,    205.6,2,    10.20,2,     1.17,2,    18.20,2,    1.273,2,   2175.6,2,   2331.0,2,   7.6586
64PE20070830  ,AR07E      ,49      ,  2,12         ,12         ,2,20070921,0558,  55.9830, -11.4990,     2718,   1010.0,   7.7587,  35.2608,2,    206.4,2,    205.4,2,    10.30,2,     1.17,2,    18.20,2,     -999,9,   2177.1,2,   2329.5,2,   7.6526
64PE20070830  ,AR07E      ,49      ,  2,10         ,10         ,2,20070921,0558,  55.9830, -11.4990,     2718,   1268.0,   5.7369,  35.1074,2,    230.7,2,    231.4,2,    10.90,2,     1.20,2,    18.30,2,    1.374,2,   2173.7,2,   2319.9,2,   5.6206
64PE20070830  ,AR07E      ,49      ,  2,9          ,9          ,2,20070921,0558,  55.9830, -11.4990,     2718,   1520.0,   4.4279,  34.9866,2,    256.0,2,    257.4,2,    11.20,2,     1.15,2,    17.40,2,    1.493,2,   2164.4,2,   2311.5,2,   4.3009
64PE20070830  ,AR07E      ,49      ,  2,8          ,8          ,2,20070921,0558,  55.9830, -11.4990,     2718,   1778.0,   3.7515,  34.9275,2,    265.8,2,    267.4,2,    11.90,2,     1.15,2,    17.50,2,    1.388,2,   2159.6,2,   2309.2,2,   3.6088
64PE20070830  ,AR07E      ,49      ,  2,7          ,7          ,2,20070921,0558,  55.9830, -11.4990,     2718,   2027.0,   3.4707,  34.9177,2,    268.9,2,    270.4,2,    13.00,2,     1.16,2,    17.30,2,    1.277,2,   2158.4,2,   2310.0,2,   3.3086
64PE20070830  ,AR07E      ,49      ,  2,6          ,6          ,2,20070921,0558,  55.9830, -11.4990,     2718,   2027.0,   3.4695,  34.9170,2,    268.5,2,    270.7,2,    13.00,2,     1.15,2,    17.30,2,    1.275,2,   2158.5,2,   2309.2,2,   3.3074
64PE20070830  ,AR07E      ,49      ,  2,5          ,5          ,2,20070921,0558,  55.9830, -11.4990,     2718,   2285.0,   3.2389,  34.9229,2,    266.7,2,    268.4,2,    15.50,2,     1.17,2,    17.40,2,    1.033,2,   2160.1,2,   2315.0,2,   3.0558
64PE20070830  ,AR07E      ,49      ,  2,4          ,4          ,2,20070921,0558,  55.9830, -11.4990,     2718,   2541.0,   2.9498,  34.9343,2,    255.7,2,    257.7,2,    23.40,2,     1.26,2,    18.70,2,    0.610,2,   2172.4,2,   2325.9,2,   2.7467
64PE20070830  ,AR07E      ,49      ,  2,3          ,3          ,2,20070921,0558,  55.9830, -11.4990,     2718,   2588.0,   2.8897,  34.9334,2,    253.1,2,    254.2,2,    26.10,2,     1.29,2,    19.10,2,    0.533,2,   2178.6,2,   2330.0,2,   2.6831
64PE20070830  ,AR07E      ,49      ,  2,2          ,2          ,2,20070921,0558,  55.9830, -11.4990,     2718,   2658.0,   2.7447,  34.9296,2,    245.6,2,    246.7,2,    32.40,2,     1.37,2,    20.10,2,    0.375,2,   2186.6,2,   2338.9,2,   2.5340
64PE20070830  ,AR07E      ,49      ,  2,1          ,1          ,2,20070921,0558,  55.9830, -11.4990,     2718,   2708.0,   2.7310,  34.9284,2,    244.9,2,    245.7,2,    33.00,2,     1.38,2,    20.50,2,    0.357,2,   2188.9,2,   2342.8,2,   2.5156
64PE20070830  ,AR07E      ,50      ,  2,20         ,20         ,2,20070921,1059,  55.9170, -10.7160,     2403,      9.0,  14.2724,  35.4071,2,    253.9,2,    255.0,2,     0.00,2,     0.10,2,     0.60,2,     -999,9,   2067.3,2,   2337.8,2,  14.2711
64PE20070830  ,AR07E      ,50      ,  2,19         ,19         ,2,20070921,1059,  55.9170, -10.7160,     2403,    102.0,  11.8287,  35.4396,2,    239.7,2,    240.1,2,     1.40,2,     0.56,2,     8.70,2,     -999,9,   2123.8,2,   2334.4,2,  11.8155
64PE20070830  ,AR07E      ,50      ,  2,18         ,18         ,2,20070921,1059,  55.9170, -10.7160,     2403,    199.0,  10.2094,  35.4267,2,    245.4,2,    245.8,2,     4.50,2,     0.76,2,    12.10,2,    1.821,2,   2139.6,2,   2333.3,2,  10.1859
64PE20070830  ,AR07E      ,50      ,  2,17         ,17         ,2,20070921,1059,  55.9170, -10.7160,     2403,    301.0,   9.9558,  35.4114,2,    246.9,2,    248.1,2,     4.80,2,     0.78,2,    12.20,2,     -999,9,   2142.6,2,   2332.5,2,   9.9206
64PE20070830  ,AR07E      ,50      ,  2,16         ,16         ,2,20070921,1059,  55.9170, -10.7160,     2403,    401.0,   9.5988,  35.3721,2,    237.6,2,    238.1,2,     5.70,2,     0.87,2,    13.50,2,     -999,9,   2148.9,2,   2329.9,2,   9.5527
64PE20070830  ,AR07E      ,50      ,  2,15         ,15         ,2,20070921,1059,  55.9170, -10.7160,     2403,    506.0,   9.1897,  35.3364,2,    231.6,2,    232.5,2,     6.80,2,     0.93,2,    14.60,2,     -999,9,   2153.9,2,   2329.5,2,   9.1328
64PE20070830  ,AR07E      ,50      ,  2,14         ,14         ,2,20070921,1059,  55.9170, -10.7160,     2403,    605.0,   8.6094,  35.3004,2,    212.0,2,    211.0,2,     8.70,2,     1.08,2,    16.80,2,    1.411,2,   2167.7,2,   2328.8,2,   8.5436
64PE20070830  ,AR07E      ,50      ,  2,13         ,13         ,2,20070921,1059,  55.9170, -10.7160,     2403,    708.0,   7.9007,  35.2678,2,    205.1,2,    203.3,2,    10.00,2,     1.17,2,    18.00,2,     -999,9,   2173.6,2,   2330.0,2,   7.8269
64PE20070830  ,AR07E      ,50      ,  2,12         ,12         ,2,20070921,1059,  55.9170, -10.7160,     2403,    806.0,   7.3089,  35.2352,2,    209.1,2,    207.3,2,    10.50,2,     1.18,2,    18.40,2,    1.361,2,   2174.2,2,   2327.6,2,   7.2279
64PE20070830  ,AR07E      ,50      ,  2,11         ,11         ,2,20070921,1059,  55.9170, -10.7160,     2403,    911.0,   6.5763,  35.1831,2,    219.2,2,    218.2,2,    10.80,2,     1.18,2,    18.20,2,     -999,9,   2172.2,2,   2323.2,2,   6.4892
64PE20070830  ,AR07E      ,50      ,  2,10         ,10         ,2,20070921,1059,  55.9170, -10.7160,     2403,   1012.0,   5.9801,  35.1331,2,    228.8,2,    228.4,2,    10.90,2,     1.17,2,    18.10,2,    1.341,2,   2173.3,2,   2322.6,2,   5.8872
64PE20070830  ,AR07E      ,50      ,  2,9          ,9          ,2,20070921,1059,  55.9170, -10.7160,     2403,   1013.0,   5.9830,  35.1328,2,    228.8,2,    229.1,2,    11.00,2,     1.18,2,    18.00,2,    1.345,2,   2172.8,2,   2318.1,2,   5.8900
64PE20070830  ,AR07E      ,50      ,  2,8          ,8          ,2,20070921,1059,  55.9170, -10.7160,     2403,   1266.0,   4.6193,  35.0005,2,    251.9,2,    252.4,2,    11.00,2,     1.16,2,    17.50,2,    1.480,2,   2162.0,2,   2310.9,2,   4.5140
64PE20070830  ,AR07E      ,50      ,  2,7          ,7          ,2,20070921,1059,  55.9170, -10.7160,     2403,   1513.0,   3.9686,  34.9417,2,    263.2,2,    264.1,2,    11.40,2,     1.15,2,    17.40,2,    1.490,2,   2162.3,2,   2308.2,2,   3.8476
64PE20070830  ,AR07E      ,50      ,  2,6          ,6          ,2,20070921,1059,  55.9170, -10.7160,     2403,   1775.0,   3.6062,  34.9230,2,    268.3,2,    268.5,2,    12.30,2,     1.15,2,    17.20,2,    1.303,2,   2158.0,2,   2308.3,2,   3.4657
64PE20070830  ,AR07E      ,50      ,  2,5          ,5          ,2,20070921,1059,  55.9170, -10.7160,     2403,   2022.0,   3.3490,  34.9171,2,    269.4,2,    270.0,2,    13.90,2,     1.16,2,    17.30,2,     -999,9,   2160.2,2,   2309.0,2,   3.1892
64PE20070830  ,AR07E      ,50      ,  2,4          ,4          ,2,20070921,1059,  55.9170, -10.7160,     2403,   2024.0,   3.3483,  34.9170,2,    269.2,2,    270.2,2,    13.80,2,     1.15,2,    17.30,2,    1.171,2,   2157.5,2,   2311.4,2,   3.1883
64PE20070830  ,AR07E      ,50      ,  2,3          ,3          ,2,20070921,1059,  55.9170, -10.7160,     2403,   2281.0,   3.1517,  34.9272,2,    264.4,2,    266.1,2,    17.50,2,     1.19,2,    17.60,2,     -999,9,   2164.3,2,   2315.0,2,   2.9704
64PE20070830  ,AR07E      ,50      ,  2,2          ,2          ,2,20070921,1059,  55.9170, -10.7160,     2403,   2332.0,   3.0276,  34.9303,2,    258.3,2,    258.3,2,    22.00,2,     1.24,2,    18.30,2,     -999,9,   2173.5,2,   2323.3,2,   2.8435
64PE20070830  ,AR07E      ,50      ,  2,1          ,1          ,2,20070921,1059,  55.9170, -10.7160,     2403,   2393.0,   2.8923,  34.9299,2,    255.0,2,    254.4,2,    25.00,2,     1.28,2,    18.80,2,     -999,9,   2175.7,2,   2331.0,2,   2.7047
64PE20070830  ,AR07E      ,48      ,  2,22         ,22         ,2,20070921,1236,  56.0500, -12.3330,     2741,     11.0,  14.5231,  35.4541,2,    249.9,2,    250.9,2,     0.20,2,     0.09,2,     0.60,2,     -999,9,   2068.7,2,   2342.2,2,  14.5215
64PE20070830  ,AR07E      ,48      ,  2,21         ,21         ,2,20070921,1236,  56.0500, -12.3330,     2741,    102.0,  11.5542,  35.4901,2,    239.5,2,    239.5,2,     2.70,2,     0.63,2,    10.20,2,     -999,9,   2135.9,2,   2337.3,2,  11.5412
64PE20070830  ,AR07E      ,48      ,  2,20         ,20         ,2,20070921,1236,  56.0500, -12.3330,     2741,    202.0,  10.8536,  35.4668,2,    246.2,2,    246.0,2,     4.10,2,     0.70,2,    11.00,2,     -999,9,   2142.4,2,   2335.8,2,  10.8288
64PE20070830  ,AR07E      ,48      ,  2,19         ,19         ,2,20070921,1236,  56.0500, -12.3330,     2741,    306.0,  10.4452,  35.4171,2,    245.4,2,    245.9,2,     4.60,2,     0.75,2,    11.80,2,    1.832,2,   2143.0,2,   2334.4,2,  10.4083
64PE20070830  ,AR07E      ,48      ,  2,18         ,18         ,2,20070921,1236,  56.0500, -12.3330,     2741,    407.0,  10.3483,  35.4410,2,    250.1,2,    249.9,2,     4.40,2,     0.74,2,    11.50,2,     -999,9,   2140.0,2,   2331.8,2,  10.2993
64PE20070830  ,AR07E      ,48      ,  2,17         ,17         ,2,20070921,1236,  56.0500, -12.3330,     2741,    503.0,  10.1711,  35.4314,2,    250.1,2,    250.1,2,     4.70,2,     0.75,2,    11.70,2,    1.854,2,   2143.6,2,   2332.7,2,  10.1109
64PE20070830  ,AR07E      ,48      ,  2,16         ,16         ,2,20070921,1236,  56.0500, -12.3330,     2741,    605.0,   9.9134,  35.4015,2,    243.3,2,    242.8,2,     5.30,2,     0.82,2,    12.70,2,     -999,9,   2148.1,2,   2331.4,2,   9.8418
64PE20070830  ,AR07E      ,48      ,  2,15         ,15         ,2,20070921,1236,  56.0500, -12.3330,     2741,    706.0,   9.5553,  35.3655,2,    242.0,2,    242.2,2,     5.90,2,     0.87,2,    13.40,2,    1.791,2,   2150.3,2,   2328.8,2,   9.4731
64PE20070830  ,AR07E      ,48      ,  2,14         ,14         ,2,20070921,1236,  56.0500, -12.3330,     2741,    806.0,   9.2470,  35.3388,2,    232.7,2,    233.7,2,     6.90,2,     0.94,2,    14.50,2,     -999,9,   2154.9,2,   2329.0,2,   9.1545
64PE20070830  ,AR07E      ,48      ,  2,13         ,13         ,2,20070921,1236,  56.0500, -12.3330,     2741,    909.0,   8.6192,  35.3010,2,    208.0,2,    208.1,2,     9.30,2,     1.11,2,    17.20,2,    1.382,2,   2170.9,2,   2327.9,2,   8.5185
64PE20070830  ,AR07E      ,48      ,  2,11         ,11         ,2,20070921,1236,  56.0500, -12.3330,     2741,   1011.0,   7.6941,  35.2608,2,    205.2,2,    205.0,2,    10.70,2,     1.19,2,    18.30,2,    1.264,2,   2178.3,2,   2329.3,2,   7.5883
64PE20070830  ,AR07E      ,48      ,  2,12         ,12         ,2,20070921,1236,  56.0500, -12.3330,     2741,   1014.0,   7.7379,  35.2624,2,    205.6,2,    205.1,2,    10.60,2,     1.18,2,    18.30,2,     -999,9,   2181.2,2,   2327.4,2,   7.6315
64PE20070830  ,AR07E      ,48      ,  2,10         ,10         ,2,20070921,1236,  56.0500, -12.3330,     2741,   1264.0,   5.8276,  35.1175,2,    231.6,2,    232.1,2,    11.20,2,     1.18,2,    18.00,2,    1.375,2,   2173.5,2,   2319.2,2,   5.7109
64PE20070830  ,AR07E      ,48      ,  2,9          ,9          ,2,20070921,1236,  56.0500, -12.3330,     2741,   1520.0,   4.4699,  34.9818,2,    254.3,2,    254.5,2,    11.40,2,     1.17,2,    17.80,2,     -999,9,   2166.7,2,   2310.7,2,   4.3425
64PE20070830  ,AR07E      ,48      ,  2,8          ,8          ,2,20070921,1236,  56.0500, -12.3330,     2741,   1773.0,   3.8560,  34.9320,2,    264.3,2,    264.6,2,    12.00,2,     1.17,2,    17.60,2,    1.449,2,   2163.6,2,   2307.7,2,   3.7124
64PE20070830  ,AR07E      ,48      ,  2,7          ,7          ,2,20070921,1236,  56.0500, -12.3330,     2741,   2023.0,   3.4785,  34.9179,2,    268.4,2,    269.2,2,    13.30,2,     1.16,2,    17.40,2,    1.277,2,   2162.4,2,   2306.9,2,   3.3167
64PE20070830  ,AR07E      ,48      ,  2,6          ,6          ,2,20070921,1236,  56.0500, -12.3330,     2741,   2023.0,   3.4820,  34.9174,2,    268.4,2,    269.5,2,    13.40,2,     1.17,2,    17.40,2,    1.276,2,   2162.7,2,   2307.6,2,   3.3201
64PE20070830  ,AR07E      ,48      ,  2,5          ,5          ,2,20070921,1236,  56.0500, -12.3330,     2741,   2290.0,   3.2296,  34.9225,2,    266.5,2,    268.9,2,    16.10,2,     1.18,2,    17.50,2,     -999,9,   2161.4,2,   2311.4,2,   3.0461
64PE20070830  ,AR07E      ,48      ,  2,4          ,4          ,2,20070921,1236,  56.0500, -12.3330,     2741,   2542.0,   2.9997,  34.9333,2,    257.4,2,    258.7,2,    22.70,2,     1.25,2,    18.60,2,    0.676,2,   2172.0,2,   2322.8,2,   2.7956
64PE20070830  ,AR07E      ,48      ,  2,3          ,3          ,2,20070921,1236,  56.0500, -12.3330,     2741,   2631.0,   2.8904,  34.9336,2,    251.8,2,    254.2,2,    27.30,2,     1.31,2,    19.30,2,    0.520,2,   2179.7,2,   2330.4,2,   2.6796
64PE20070830  ,AR07E      ,48      ,  2,2          ,2          ,2,20070921,1236,  56.0500, -12.3330,     2741,   2682.0,   2.7766,  34.9302,2,    246.1,2,    247.2,2,    31.60,2,     1.36,2,    20.10,2,    0.398,2,   2187.0,2,   2338.4,2,   2.5629
64PE20070830  ,AR07E      ,48      ,  2,1          ,1          ,2,20070921,1236,  56.0500, -12.3330,     2741,   2731.0,   2.7405,  34.9282,2,    244.7,2,    243.3,2,    34.50,2,     1.40,2,    20.30,2,     -999,9,   2189.2,2,   2340.8,2,   2.5227
64PE20070830  ,AR07E      ,51      ,  2,20         ,20         ,2,20070921,1446,  55.8670, -10.2830,     2301,     11.0,  14.5411,  35.4247,2,    251.9,2,     -999,9,     0.10,2,     0.11,2,     0.60,2,     -999,9,     -999,9,     -999,9,  14.5395
64PE20070830  ,AR07E      ,51      ,  2,19         ,19         ,2,20070921,1446,  55.8670, -10.2830,     2301,    107.0,  11.4010,  35.4332,2,    244.2,2,    244.2,2,     1.60,2,     0.61,2,     9.60,2,     -999,9,     -999,9,     -999,9,  11.3875
64PE20070830  ,AR07E      ,51      ,  2,18         ,18         ,2,20070921,1446,  55.8670, -10.2830,     2301,    200.0,  10.1407,  35.4174,2,    245.0,2,    244.9,2,     4.50,2,     0.77,2,    12.20,2,     -999,9,     -999,9,     -999,9,  10.1172
64PE20070830  ,AR07E      ,51      ,  2,17         ,17         ,2,20070921,1446,  55.8670, -10.2830,     2301,    308.0,   9.8204,  35.3918,2,    238.6,2,    238.9,2,     5.40,2,     0.84,2,    13.20,2,     -999,9,     -999,9,     -999,9,   9.7847
64PE20070830  ,AR07E      ,51      ,  2,16         ,16         ,2,20070921,1446,  55.8670, -10.2830,     2301,    402.0,   9.5264,  35.3651,2,    236.1,2,    236.0,2,     6.00,2,     0.88,2,    13.70,2,     -999,9,     -999,9,     -999,9,   9.4804
64PE20070830  ,AR07E      ,51      ,  2,15         ,15         ,2,20070921,1446,  55.8670, -10.2830,     2301,    504.0,   9.0825,  35.3284,2,    227.3,2,    228.3,2,     7.20,2,     0.97,2,    15.10,2,     -999,9,     -999,9,     -999,9,   9.0262
64PE20070830  ,AR07E      ,51      ,  2,14         ,14         ,2,20070921,1446,  55.8670, -10.2830,     2301,    606.0,   8.5567,  35.2979,2,    208.7,2,     -999,9,     -999,9,     -999,9,     -999,9,     -999,9,     -999,9,     -999,9,   8.4910
64PE20070830  ,AR07E      ,51      ,  2,13         ,13         ,2,20070921,1446,  55.8670, -10.2830,     2301,    709.0,   7.7861,  35.2619,2,    207.6,2,    205.8,2,    10.10,2,     1.16,2,    17.80,2,     -999,9,     -999,9,     -999,9,   7.7128
64PE20070830  ,AR07E      ,51      ,  2,12         ,12         ,2,20070921,1446,  55.8670, -10.2830,     2301,    807.0,   7.0873,  35.2189,2,    213.3,2,    212.8,2,    10.60,2,     1.17,2,    18.10,2,     -999,9,     -999,9,     -999,9,   7.0076
64PE20070830  ,AR07E      ,51      ,  2,11         ,11         ,2,20070921,1446,  55.8670, -10.2830,     2301,    917.0,   6.2619,  35.1580,2,    223.5,2,    226.4,2,    10.90,2,     1.18,2,    18.10,2,     -999,9,     -999,9,     -999,9,   6.1764
64PE20070830  ,AR07E      ,51      ,  2,10         ,10         ,2,20070921,1446,  55.8670, -10.2830,     2301,   1014.0,   5.6650,  35.1033,2,    233.3,2,    233.4,2,    11.00,2,     1.18,2,    17.80,2,     -999,9,     -999,9,     -999,9,   5.5743
64PE20070830  ,AR07E      ,51      ,  2,9          ,9          ,2,20070921,1446,  55.8670, -10.2830,     2301,   1015.0,   5.6559,  35.1025,2,    233.4,2,    233.4,2,    11.00,2,     1.18,2,    18.00,2,     -999,9,     -999,9,     -999,9,   5.5652
64PE20070830  ,AR07E      ,51      ,  2,8          ,8          ,2,20070921,1446,  55.8670, -10.2830,     2301,   1266.0,   4.6437,  35.0025,2,    252.3,2,    252.8,2,    11.00,2,     1.16,2,    17.50,2,     -999,9,     -999,9,     -999,9,   4.5382
64PE20070830  ,AR07E      ,51      ,  2,7          ,7          ,2,20070921,1446,  55.8670, -10.2830,     2301,   1521.0,   3.9409,  34.9389,2,    264.5,2,    264.8,2,    11.30,2,     1.15,2,    17.30,2,     -999,9,     -999,9,     -999,9,   3.8195
64PE20070830  ,AR07E      ,51      ,  2,6          ,6          ,2,20070921,1446,  55.8670, -10.2830,     2301,   1772.0,   3.5173,  34.9187,2,    268.7,2,    269.2,2,    12.60,2,     1.15,2,    17.20,2,     -999,9,     -999,9,     -999,9,   3.3783
64PE20070830  ,AR07E      ,51      ,  2,4          ,4          ,2,20070921,1446,  55.8670, -10.2830,     2301,   2027.0,   3.3296,  34.9181,2,    269.8,2,    269.6,2,    14.00,2,     1.16,2,    17.30,2,     -999,9,     -999,9,     -999,9,   3.1696
64PE20070830  ,AR07E      ,51      ,  2,5          ,5          ,2,20070921,1446,  55.8670, -10.2830,     2301,   2030.0,   3.3278,  34.9180,2,    269.7,2,    272.7,2,    13.90,2,     1.16,2,    17.10,2,     -999,9,     -999,9,     -999,9,   3.1676
64PE20070830  ,AR07E      ,51      ,  2,3          ,3          ,2,20070921,1446,  55.8670, -10.2830,     2301,   2185.0,   3.1848,  34.9242,2,    264.9,2,    264.5,2,    17.20,2,     1.19,2,    17.50,2,     -999,9,     -999,9,     -999,9,   3.0122
64PE20070830  ,AR07E      ,51      ,  2,2          ,2          ,2,20070921,1446,  55.8670, -10.2830,     2301,   2236.0,   3.0622,  34.9288,2,    260.0,2,    259.2,2,    20.80,2,     1.22,2,    18.10,2,     -999,9,     -999,9,     -999,9,   2.8867
64PE20070830  ,AR07E      ,51      ,  2,1          ,1          ,2,20070921,1446,  55.8670, -10.2830,     2301,   2291.0,   2.9506,  34.9308,2,    256.2,2,    254.5,2,    24.40,2,     1.27,2,    18.80,2,     -999,9,     -999,9,     -999,9,   2.7717
64PE20070830  ,AR07E      ,52      ,  2,19         ,19         ,2,20070921,1831,  55.8340,  -9.8510,     2037,     10.0,  14.2072,  35.4217,2,    255.1,2,    256.4,2,     0.20,2,     0.11,2,     0.70,2,    1.780,4,   2063.8,2,   2341.9,2,  14.2057
64PE20070830  ,AR07E      ,52      ,  2,18         ,18         ,2,20070921,1831,  55.8340,  -9.8510,     2037,     98.0,  10.8474,  35.4330,2,    246.1,2,    245.7,2,     3.40,2,     0.69,2,    10.90,2,     -999,9,   2131.8,2,   2337.7,2,  10.8354
64PE20070830  ,AR07E      ,52      ,  2,17         ,17         ,2,20070921,1831,  55.8340,  -9.8510,     2037,    206.0,  10.3323,  35.4373,2,    247.8,2,    247.6,2,     4.60,2,     0.77,2,    11.80,2,     -999,9,   2140.0,2,   2336.7,2,  10.3078
64PE20070830  ,AR07E      ,52      ,  2,16         ,16         ,2,20070921,1831,  55.8340,  -9.8510,     2037,    306.0,  10.1933,  35.4357,2,    250.8,2,    250.5,2,     4.60,2,     0.76,2,    11.70,2,     -999,9,   2137.0,2,   2336.2,2,  10.1570
64PE20070830  ,AR07E      ,52      ,  2,15         ,15         ,2,20070921,1831,  55.8340,  -9.8510,     2037,    403.0,   9.9593,  35.4109,2,    249.6,2,    249.4,2,     4.90,2,     0.80,2,    12.10,2,     -999,9,   2140.5,2,   2335.3,2,   9.9119
64PE20070830  ,AR07E      ,52      ,  2,14         ,14         ,2,20070921,1831,  55.8340,  -9.8510,     2037,    502.0,   9.5955,  35.3684,2,    252.6,2,    252.0,2,     5.20,2,     0.83,2,    12.70,2,     -999,9,   2144.1,2,   2331.0,2,   9.5375
64PE20070830  ,AR07E      ,52      ,  2,13         ,13         ,2,20070921,1831,  55.8340,  -9.8510,     2037,    611.0,   9.3674,  35.3519,2,    253.4,2,    253.0,2,     5.50,2,     0.85,2,    12.90,2,     -999,9,   2144.0,2,     -999,9,   9.2975
64PE20070830  ,AR07E      ,52      ,  2,12         ,12         ,2,20070921,1831,  55.8340,  -9.8510,     2037,    707.0,   9.0421,  35.3239,2,    239.1,2,    238.7,2,     6.80,2,     0.94,2,    14.50,2,     -999,9,   2152.2,2,   2329.8,2,   8.9625
64PE20070830  ,AR07E      ,52      ,  2,11         ,11         ,2,20070921,1831,  55.8340,  -9.8510,     2037,    807.0,   8.4461,  35.2902,2,    219.6,2,    217.8,2,     8.70,2,     1.08,2,    16.60,2,    1.488,2,   2164.8,2,   2326.3,2,   8.3582
64PE20070830  ,AR07E      ,52      ,  2,10         ,10         ,2,20070921,1831,  55.8340,  -9.8510,     2037,    909.0,   7.7026,  35.2558,2,    210.4,2,    207.4,2,    10.20,2,     1.18,2,    17.90,2,     -999,9,   2174.7,2,   2327.0,2,   7.6080
64PE20070830  ,AR07E      ,52      ,  2,8          ,8          ,2,20070921,1831,  55.8340,  -9.8510,     2037,   1012.0,   6.9031,  35.2056,2,    215.9,2,    213.5,2,    11.00,2,     1.21,2,    18.20,2,    1.431,2,   2174.0,2,   2325.5,2,   6.8032
64PE20070830  ,AR07E      ,52      ,  2,9          ,9          ,2,20070921,1831,  55.8340,  -9.8510,     2037,   1012.0,   6.9085,  35.2063,2,    215.9,2,    213.2,2,    10.80,2,     1.21,2,    18.40,2,    1.292,4,   2174.8,2,   2325.5,2,   6.8085
64PE20070830  ,AR07E      ,52      ,  2,7          ,7          ,2,20070921,1831,  55.8340,  -9.8510,     2037,   1265.0,   5.1879,  35.0541,2,    241.5,2,    239.5,2,    11.30,2,     1.20,2,    18.10,2,     -999,9,   2170.2,2,   2315.3,2,   5.0772
64PE20070830  ,AR07E      ,52      ,  2,6          ,6          ,2,20070921,1831,  55.8340,  -9.8510,     2037,   1520.0,   4.2382,  34.9645,2,    258.8,2,    258.7,2,    11.50,2,     1.19,2,    17.70,2,     -999,9,   2161.6,2,   2309.3,2,   4.1134
64PE20070830  ,AR07E      ,52      ,  2,5          ,5          ,2,20070921,1831,  55.8340,  -9.8510,     2037,   1775.0,   3.6812,  34.9256,2,    267.3,2,    266.0,2,    12.70,2,     1.18,2,    17.60,2,    1.340,2,   2161.2,2,   2307.6,2,   3.5397
64PE20070830  ,AR07E      ,52      ,  2,4          ,4          ,2,20070921,1831,  55.8340,  -9.8510,     2037,   1927.0,   3.5298,  34.9223,2,    268.0,2,    266.7,2,    13.60,2,     1.19,2,    17.60,2,    1.240,2,   2159.8,2,   2310.2,2,   3.3763
64PE20070830  ,AR07E      ,52      ,  2,3          ,3          ,2,20070921,1831,  55.8340,  -9.8510,     2037,   1975.0,   3.4812,  34.9211,2,    268.6,2,    267.3,2,    13.80,2,     1.19,2,    17.50,2,    1.210,2,     -999,9,     -999,9,   3.3239
64PE20070830  ,AR07E      ,52      ,  2,2          ,2          ,2,20070921,1831,  55.8340,  -9.8510,     2037,   2026.0,   3.4438,  34.9203,2,    269.3,2,     -999,9,     -999,9,     -999,9,     -999,9,    1.726,4,     -999,9,     -999,9,   3.2822
64PE20070830  ,AR07E      ,52      ,  2,1          ,1          ,2,20070921,1831,  55.8340,  -9.8510,     2037,   2027.0,   3.4460,  34.9190,2,    269.4,2,     -999,9,    14.00,2,     1.19,2,    17.60,2,     -999,9,   2162.1,2,   2313.6,2,   3.2843
64PE20070830  ,AR07E      ,53      ,  2,10         ,10         ,2,20070921,2157,  55.7850,  -9.4340,      826,     12.0,  14.2087,  35.4347,2,    253.7,2,    255.6,2,     0.30,2,     0.12,2,     1.20,2,     -999,9,   2075.1,2,   2337.6,2,  14.2070
64PE20070830  ,AR07E      ,53      ,  2,9          ,9          ,2,20070921,2157,  55.7850,  -9.4340,      826,    101.0,  11.1694,  35.4635,2,    241.7,2,    241.7,2,     3.50,2,     0.68,2,    10.90,2,     -999,9,   2138.1,2,   2334.5,2,  11.1568
64PE20070830  ,AR07E      ,53      ,  2,8          ,8          ,2,20070921,2157,  55.7850,  -9.4340,      826,    202.0,  10.6273,  35.4356,2,    244.9,2,    244.2,2,     4.40,2,     0.74,2,    11.60,2,     -999,9,   2141.9,2,   2335.1,2,  10.6028
64PE20070830  ,AR07E      ,53      ,  2,7          ,7          ,2,20070921,2157,  55.7850,  -9.4340,      826,    308.0,  10.4402,  35.4307,2,    241.8,2,    241.5,2,     4.90,2,     0.79,2,    12.10,2,     -999,9,   2147.0,2,     -999,9,  10.4031
64PE20070830  ,AR07E      ,53      ,  2,6          ,6          ,2,20070921,2157,  55.7850,  -9.4340,      826,    404.0,  10.3127,  35.4340,2,    244.3,2,    244.0,2,     4.90,2,     0.78,2,    12.10,2,    1.670,2,   2146.2,2,   2336.9,2,  10.2642
64PE20070830  ,AR07E      ,53      ,  2,5          ,5          ,2,20070921,2157,  55.7850,  -9.4340,      826,    505.0,  10.1967,  35.4263,2,    244.0,2,    243.1,2,     5.10,2,     0.80,2,    12.30,2,    1.833,2,   2147.3,2,   2335.5,2,  10.1361
64PE20070830  ,AR07E      ,53      ,  2,4          ,4          ,2,20070921,2157,  55.7850,  -9.4340,      826,    607.0,  10.0027,  35.4096,2,    244.2,2,    243.5,2,     5.30,2,     0.82,2,    12.70,2,    1.830,2,   2147.0,2,   2335.5,2,   9.9304
64PE20070830  ,AR07E      ,53      ,  2,3          ,3          ,2,20070921,2157,  55.7850,  -9.4340,      826,    710.0,   9.6829,  35.3791,2,    241.3,2,    239.5,2,     5.80,2,     0.87,2,    13.40,2,    1.795,2,   2147.9,2,   2344.2,3,   9.5996
64PE20070830  ,AR07E      ,53      ,  2,2          ,2          ,2,20070921,2157,  55.7850,  -9.4340,      826,    759.0,   9.5829,  35.3686,2,    240.9,2,    238.2,2,     6.10,2,     0.89,2,    13.60,2,    1.745,2,   2155.0,2,   2330.3,2,   9.4942
64PE20070830  ,AR07E      ,53      ,  2,1          ,1          ,2,20070921,2157,  55.7850,  -9.4340,      826,    816.0,   9.2789,  35.3454,2,    235.5,2,    232.3,2,     6.80,2,     0.94,2,    14.50,2,    1.674,2,   2156.4,2,   2331.4,2,   9.1850
64PE20070830  ,AR07E      ,54      ,  2,3          ,3          ,2,20070922,1236,  55.7500,  -9.0020,      732,      8.0,  13.9247,  35.1296,2,    250.5,2,    251.8,2,     0.30,2,     0.11,2,     0.60,2,    1.723,2,   2069.7,2,   2328.2,2,  13.9236
64PE20070830  ,AR07E      ,54      ,  2,2          ,2          ,2,20070922,1236,  55.7500,  -9.0020,      732,     56.0,  12.0117,  35.3307,2,    233.2,2,    232.2,2,     2.30,2,     0.54,2,     8.00,2,    1.818,2,   2120.9,2,   2332.5,2,  12.0044
64PE20070830  ,AR07E      ,54      ,  2,1          ,1          ,2,20070922,1236,  55.7500,  -9.0020,      732,    107.0,  10.6058,  35.4262,2,    234.6,2,    232.3,2,     4.60,2,     0.80,2,    12.40,2,    1.731,2,   2147.7,2,   2335.6,2,  10.5929
END_DATA
