claim_id,dated_ssh_contour_area_fraction_range,dated_ssh_contour_assessment,dated_ssh_contour_nominal_area_fraction,dated_ssh_contour_observation_date,eddy_id,evidence_status,figure_axis_sensitivity_fraction,figure_observation_dates,id,observed_center_date,physical_relation,point_evidence_types,reported_center_lon_lat,source_id,source_locator,source_record_id,state_id
claim:named_eddy_state:eddy:published:kraken-2013:state:ALSK,,,,,eddy:published:kraken-2013,unresolved,,,named_eddy_state:eddy:published:kraken-2013:state:ALSK,,unknown_no_dated_eddy_footprint,[],,source:7487b9a234864d2d,,published:kraken-2013,state:ALSK
claim:named_eddy_state:eddy:published:kraken-2013:state:ANTA,,,,,eddy:published:kraken-2013,unresolved,,,named_eddy_state:eddy:published:kraken-2013:state:ANTA,,unknown_no_dated_eddy_footprint,[],,source:7487b9a234864d2d,,published:kraken-2013,state:ANTA
claim:named_eddy_state:eddy:published:kraken-2013:state:APLR,,,,,eddy:published:kraken-2013,unresolved,,,named_eddy_state:eddy:published:kraken-2013:state:APLR,,unknown_no_dated_eddy_footprint,[],,source:7487b9a234864d2d,,published:kraken-2013,state:APLR
claim:named_eddy_state:eddy:published:kraken-2013:state:ARAB,,,,,eddy:published:kraken-2013,unresolved,,,named_eddy_state:eddy:published:kraken-2013:state:ARAB,,unknown_no_dated_eddy_footprint,[],,source:7487b9a234864d2d,,published:kraken-2013,state:ARAB
claim:named_eddy_state:eddy:published:kraken-2013:state:ARCH,,,,,eddy:published:kraken-2013,unresolved,,,named_eddy_state:eddy:published:kraken-2013:state:ARCH,,unknown_no_dated_eddy_footprint,[],,source:7487b9a234864d2d,,published:kraken-2013,state:ARCH
claim:named_eddy_state:eddy:published:kraken-2013:state:ARCT,,,,,eddy:published:kraken-2013,unresolved,,,named_eddy_state:eddy:published:kraken-2013:state:ARCT,,unknown_no_dated_eddy_footprint,[],,source:7487b9a234864d2d,,published:kraken-2013,state:ARCT
claim:named_eddy_state:eddy:published:kraken-2013:state:AUSE,,,,,eddy:published:kraken-2013,unresolved,,,named_eddy_state:eddy:published:kraken-2013:state:AUSE,,unknown_no_dated_eddy_footprint,[],,source:7487b9a234864d2d,,published:kraken-2013,state:AUSE
claim:named_eddy_state:eddy:published:kraken-2013:state:AUSW,,,,,eddy:published:kraken-2013,unresolved,,,named_eddy_state:eddy:published:kraken-2013:state:AUSW,,unknown_no_dated_eddy_footprint,[],,source:7487b9a234864d2d,,published:kraken-2013,state:AUSW
claim:named_eddy_state:eddy:published:kraken-2013:state:BENG,,,,,eddy:published:kraken-2013,unresolved,,,named_eddy_state:eddy:published:kraken-2013:state:BENG,,unknown_no_dated_eddy_footprint,[],,source:7487b9a234864d2d,,published:kraken-2013,state:BENG
claim:named_eddy_state:eddy:published:kraken-2013:state:BERS,,,,,eddy:published:kraken-2013,unresolved,,,named_eddy_state:eddy:published:kraken-2013:state:BERS,,unknown_no_dated_eddy_footprint,[],,source:7487b9a234864d2d,,published:kraken-2013,state:BERS
claim:named_eddy_state:eddy:published:kraken-2013:state:BPLR,,,,,eddy:published:kraken-2013,unresolved,,,named_eddy_state:eddy:published:kraken-2013:state:BPLR,,unknown_no_dated_eddy_footprint,[],,source:7487b9a234864d2d,,published:kraken-2013,state:BPLR
claim:named_eddy_state:eddy:published:kraken-2013:state:BRAZ,,,,,eddy:published:kraken-2013,unresolved,,,named_eddy_state:eddy:published:kraken-2013:state:BRAZ,,unknown_no_dated_eddy_footprint,[],,source:7487b9a234864d2d,,published:kraken-2013,state:BRAZ
claim:named_eddy_state:eddy:published:kraken-2013:state:CAMR,"[0.925833, 1.0]",robust_figure_intersection_candidate,0.988116,2013-05-29,eddy:published:kraken-2013,figure_derived_red_curve_candidate,0.999413,"[""2013-05-29"", ""2013-08-01"", ""2013-10-12""]",named_eddy_state:eddy:published:kraken-2013:state:CAMR,,dated_ssh_proxy_intersection_candidate_whole_eddy_relation_unresolved,"[""figure_derived_red_curve_pixels""]",,source:31502c92130baa29,,published:kraken-2013,state:CAMR
claim:named_eddy_state:eddy:published:kraken-2013:state:CARB,"[0, 0.074167]",axis_sensitive_figure_intersection_candidate,0.011884,2013-05-29,eddy:published:kraken-2013,figure_derived_dated_ssh_contour_candidate,,,named_eddy_state:eddy:published:kraken-2013:state:CARB,,dated_ssh_proxy_intersection_candidate_whole_eddy_relation_unresolved,[],,source:31502c92130baa29,,published:kraken-2013,state:CARB
claim:named_eddy_state:eddy:published:kraken-2013:state:CCAL,,,,,eddy:published:kraken-2013,unresolved,,,named_eddy_state:eddy:published:kraken-2013:state:CCAL,,unknown_no_dated_eddy_footprint,[],,source:7487b9a234864d2d,,published:kraken-2013,state:CCAL
claim:named_eddy_state:eddy:published:kraken-2013:state:CHIN,,,,,eddy:published:kraken-2013,unresolved,,,named_eddy_state:eddy:published:kraken-2013:state:CHIN,,unknown_no_dated_eddy_footprint,[],,source:7487b9a234864d2d,,published:kraken-2013,state:CHIN
claim:named_eddy_state:eddy:published:kraken-2013:state:CNRY,,,,,eddy:published:kraken-2013,unresolved,,,named_eddy_state:eddy:published:kraken-2013:state:CNRY,,unknown_no_dated_eddy_footprint,[],,source:7487b9a234864d2d,,published:kraken-2013,state:CNRY
claim:named_eddy_state:eddy:published:kraken-2013:state:EAFR,,,,,eddy:published:kraken-2013,unresolved,,,named_eddy_state:eddy:published:kraken-2013:state:EAFR,,unknown_no_dated_eddy_footprint,[],,source:7487b9a234864d2d,,published:kraken-2013,state:EAFR
claim:named_eddy_state:eddy:published:kraken-2013:state:ETRA,,,,,eddy:published:kraken-2013,unresolved,,,named_eddy_state:eddy:published:kraken-2013:state:ETRA,,unknown_no_dated_eddy_footprint,[],,source:7487b9a234864d2d,,published:kraken-2013,state:ETRA
claim:named_eddy_state:eddy:published:kraken-2013:state:FKLD,,,,,eddy:published:kraken-2013,unresolved,,,named_eddy_state:eddy:published:kraken-2013:state:FKLD,,unknown_no_dated_eddy_footprint,[],,source:7487b9a234864d2d,,published:kraken-2013,state:FKLD
claim:named_eddy_state:eddy:published:kraken-2013:state:GFST,,,,,eddy:published:kraken-2013,unresolved,,,named_eddy_state:eddy:published:kraken-2013:state:GFST,,unknown_no_dated_eddy_footprint,[],,source:7487b9a234864d2d,,published:kraken-2013,state:GFST
claim:named_eddy_state:eddy:published:kraken-2013:state:GUIA,,,,,eddy:published:kraken-2013,unresolved,,,named_eddy_state:eddy:published:kraken-2013:state:GUIA,,unknown_no_dated_eddy_footprint,[],,source:7487b9a234864d2d,,published:kraken-2013,state:GUIA
claim:named_eddy_state:eddy:published:kraken-2013:state:GUIN,,,,,eddy:published:kraken-2013,unresolved,,,named_eddy_state:eddy:published:kraken-2013:state:GUIN,,unknown_no_dated_eddy_footprint,[],,source:7487b9a234864d2d,,published:kraken-2013,state:GUIN
claim:named_eddy_state:eddy:published:kraken-2013:state:HUMB,,,,,eddy:published:kraken-2013,unresolved,,,named_eddy_state:eddy:published:kraken-2013:state:HUMB,,unknown_no_dated_eddy_footprint,[],,source:7487b9a234864d2d,,published:kraken-2013,state:HUMB
claim:named_eddy_state:eddy:published:kraken-2013:state:IND E,,,,,eddy:published:kraken-2013,unresolved,,,named_eddy_state:eddy:published:kraken-2013:state:IND E,,unknown_no_dated_eddy_footprint,[],,source:7487b9a234864d2d,,published:kraken-2013,state:IND E
claim:named_eddy_state:eddy:published:kraken-2013:state:IND W,,,,,eddy:published:kraken-2013,unresolved,,,named_eddy_state:eddy:published:kraken-2013:state:IND W,,unknown_no_dated_eddy_footprint,[],,source:7487b9a234864d2d,,published:kraken-2013,state:IND W
claim:named_eddy_state:eddy:published:kraken-2013:state:ISSG,,,,,eddy:published:kraken-2013,unresolved,,,named_eddy_state:eddy:published:kraken-2013:state:ISSG,,unknown_no_dated_eddy_footprint,[],,source:7487b9a234864d2d,,published:kraken-2013,state:ISSG
claim:named_eddy_state:eddy:published:kraken-2013:state:KURO,,,,,eddy:published:kraken-2013,unresolved,,,named_eddy_state:eddy:published:kraken-2013:state:KURO,,unknown_no_dated_eddy_footprint,[],,source:7487b9a234864d2d,,published:kraken-2013,state:KURO
claim:named_eddy_state:eddy:published:kraken-2013:state:MEDI,,,,,eddy:published:kraken-2013,unresolved,,,named_eddy_state:eddy:published:kraken-2013:state:MEDI,,unknown_no_dated_eddy_footprint,[],,source:7487b9a234864d2d,,published:kraken-2013,state:MEDI
claim:named_eddy_state:eddy:published:kraken-2013:state:MONS,,,,,eddy:published:kraken-2013,unresolved,,,named_eddy_state:eddy:published:kraken-2013:state:MONS,,unknown_no_dated_eddy_footprint,[],,source:7487b9a234864d2d,,published:kraken-2013,state:MONS
claim:named_eddy_state:eddy:published:kraken-2013:state:NADR,,,,,eddy:published:kraken-2013,unresolved,,,named_eddy_state:eddy:published:kraken-2013:state:NADR,,unknown_no_dated_eddy_footprint,[],,source:7487b9a234864d2d,,published:kraken-2013,state:NADR
claim:named_eddy_state:eddy:published:kraken-2013:state:NAST E,,,,,eddy:published:kraken-2013,unresolved,,,named_eddy_state:eddy:published:kraken-2013:state:NAST E,,unknown_no_dated_eddy_footprint,[],,source:7487b9a234864d2d,,published:kraken-2013,state:NAST E
claim:named_eddy_state:eddy:published:kraken-2013:state:NAST W,,,,,eddy:published:kraken-2013,unresolved,,,named_eddy_state:eddy:published:kraken-2013:state:NAST W,,unknown_no_dated_eddy_footprint,[],,source:7487b9a234864d2d,,published:kraken-2013,state:NAST W
claim:named_eddy_state:eddy:published:kraken-2013:state:NATR,,,,,eddy:published:kraken-2013,unresolved,,,named_eddy_state:eddy:published:kraken-2013:state:NATR,,unknown_no_dated_eddy_footprint,[],,source:7487b9a234864d2d,,published:kraken-2013,state:NATR
claim:named_eddy_state:eddy:published:kraken-2013:state:NECS,,,,,eddy:published:kraken-2013,unresolved,,,named_eddy_state:eddy:published:kraken-2013:state:NECS,,unknown_no_dated_eddy_footprint,[],,source:7487b9a234864d2d,,published:kraken-2013,state:NECS
claim:named_eddy_state:eddy:published:kraken-2013:state:NEWZ,,,,,eddy:published:kraken-2013,unresolved,,,named_eddy_state:eddy:published:kraken-2013:state:NEWZ,,unknown_no_dated_eddy_footprint,[],,source:7487b9a234864d2d,,published:kraken-2013,state:NEWZ
claim:named_eddy_state:eddy:published:kraken-2013:state:NPPF,,,,,eddy:published:kraken-2013,unresolved,,,named_eddy_state:eddy:published:kraken-2013:state:NPPF,,unknown_no_dated_eddy_footprint,[],,source:7487b9a234864d2d,,published:kraken-2013,state:NPPF
claim:named_eddy_state:eddy:published:kraken-2013:state:NPSE,,,,,eddy:published:kraken-2013,unresolved,,,named_eddy_state:eddy:published:kraken-2013:state:NPSE,,unknown_no_dated_eddy_footprint,[],,source:7487b9a234864d2d,,published:kraken-2013,state:NPSE
claim:named_eddy_state:eddy:published:kraken-2013:state:NPSW,,,,,eddy:published:kraken-2013,unresolved,,,named_eddy_state:eddy:published:kraken-2013:state:NPSW,,unknown_no_dated_eddy_footprint,[],,source:7487b9a234864d2d,,published:kraken-2013,state:NPSW
claim:named_eddy_state:eddy:published:kraken-2013:state:NPTG,,,,,eddy:published:kraken-2013,unresolved,,,named_eddy_state:eddy:published:kraken-2013:state:NPTG,,unknown_no_dated_eddy_footprint,[],,source:7487b9a234864d2d,,published:kraken-2013,state:NPTG
claim:named_eddy_state:eddy:published:kraken-2013:state:NWCS,,,,,eddy:published:kraken-2013,unresolved,,,named_eddy_state:eddy:published:kraken-2013:state:NWCS,,unknown_no_dated_eddy_footprint,[],,source:7487b9a234864d2d,,published:kraken-2013,state:NWCS
claim:named_eddy_state:eddy:published:kraken-2013:state:OCAL,,,,,eddy:published:kraken-2013,unresolved,,,named_eddy_state:eddy:published:kraken-2013:state:OCAL,,unknown_no_dated_eddy_footprint,[],,source:7487b9a234864d2d,,published:kraken-2013,state:OCAL
claim:named_eddy_state:eddy:published:kraken-2013:state:PEQD,,,,,eddy:published:kraken-2013,unresolved,,,named_eddy_state:eddy:published:kraken-2013:state:PEQD,,unknown_no_dated_eddy_footprint,[],,source:7487b9a234864d2d,,published:kraken-2013,state:PEQD
claim:named_eddy_state:eddy:published:kraken-2013:state:PNEC,,,,,eddy:published:kraken-2013,unresolved,,,named_eddy_state:eddy:published:kraken-2013:state:PNEC,,unknown_no_dated_eddy_footprint,[],,source:7487b9a234864d2d,,published:kraken-2013,state:PNEC
claim:named_eddy_state:eddy:published:kraken-2013:state:PSAE,,,,,eddy:published:kraken-2013,unresolved,,,named_eddy_state:eddy:published:kraken-2013:state:PSAE,,unknown_no_dated_eddy_footprint,[],,source:7487b9a234864d2d,,published:kraken-2013,state:PSAE
claim:named_eddy_state:eddy:published:kraken-2013:state:PSAW,,,,,eddy:published:kraken-2013,unresolved,,,named_eddy_state:eddy:published:kraken-2013:state:PSAW,,unknown_no_dated_eddy_footprint,[],,source:7487b9a234864d2d,,published:kraken-2013,state:PSAW
claim:named_eddy_state:eddy:published:kraken-2013:state:REDS,,,,,eddy:published:kraken-2013,unresolved,,,named_eddy_state:eddy:published:kraken-2013:state:REDS,,unknown_no_dated_eddy_footprint,[],,source:7487b9a234864d2d,,published:kraken-2013,state:REDS
claim:named_eddy_state:eddy:published:kraken-2013:state:SANT,,,,,eddy:published:kraken-2013,unresolved,,,named_eddy_state:eddy:published:kraken-2013:state:SANT,,unknown_no_dated_eddy_footprint,[],,source:7487b9a234864d2d,,published:kraken-2013,state:SANT
claim:named_eddy_state:eddy:published:kraken-2013:state:SARC,,,,,eddy:published:kraken-2013,unresolved,,,named_eddy_state:eddy:published:kraken-2013:state:SARC,,unknown_no_dated_eddy_footprint,[],,source:7487b9a234864d2d,,published:kraken-2013,state:SARC
claim:named_eddy_state:eddy:published:kraken-2013:state:SATL,,,,,eddy:published:kraken-2013,unresolved,,,named_eddy_state:eddy:published:kraken-2013:state:SATL,,unknown_no_dated_eddy_footprint,[],,source:7487b9a234864d2d,,published:kraken-2013,state:SATL
claim:named_eddy_state:eddy:published:kraken-2013:state:SPSG,,,,,eddy:published:kraken-2013,unresolved,,,named_eddy_state:eddy:published:kraken-2013:state:SPSG,,unknown_no_dated_eddy_footprint,[],,source:7487b9a234864d2d,,published:kraken-2013,state:SPSG
claim:named_eddy_state:eddy:published:kraken-2013:state:SSTC,,,,,eddy:published:kraken-2013,unresolved,,,named_eddy_state:eddy:published:kraken-2013:state:SSTC,,unknown_no_dated_eddy_footprint,[],,source:7487b9a234864d2d,,published:kraken-2013,state:SSTC
claim:named_eddy_state:eddy:published:kraken-2013:state:SUND,,,,,eddy:published:kraken-2013,unresolved,,,named_eddy_state:eddy:published:kraken-2013:state:SUND,,unknown_no_dated_eddy_footprint,[],,source:7487b9a234864d2d,,published:kraken-2013,state:SUND
claim:named_eddy_state:eddy:published:kraken-2013:state:TASM,,,,,eddy:published:kraken-2013,unresolved,,,named_eddy_state:eddy:published:kraken-2013:state:TASM,,unknown_no_dated_eddy_footprint,[],,source:7487b9a234864d2d,,published:kraken-2013,state:TASM
claim:named_eddy_state:eddy:published:kraken-2013:state:WARM,,,,,eddy:published:kraken-2013,unresolved,,,named_eddy_state:eddy:published:kraken-2013:state:WARM,,unknown_no_dated_eddy_footprint,[],,source:7487b9a234864d2d,,published:kraken-2013,state:WARM
claim:named_eddy_state:eddy:published:kraken-2013:state:WTRA,,,,,eddy:published:kraken-2013,unresolved,,,named_eddy_state:eddy:published:kraken-2013:state:WTRA,,unknown_no_dated_eddy_footprint,[],,source:7487b9a234864d2d,,published:kraken-2013,state:WTRA
claim:named_eddy_state:eddy:published:thor-2020:state:ALSK,,,,,eddy:published:thor-2020,unresolved,,,named_eddy_state:eddy:published:thor-2020:state:ALSK,,unknown_no_dated_eddy_footprint,[],,source:7487b9a234864d2d,,published:thor-2020,state:ALSK
claim:named_eddy_state:eddy:published:thor-2020:state:ANTA,,,,,eddy:published:thor-2020,unresolved,,,named_eddy_state:eddy:published:thor-2020:state:ANTA,,unknown_no_dated_eddy_footprint,[],,source:7487b9a234864d2d,,published:thor-2020,state:ANTA
claim:named_eddy_state:eddy:published:thor-2020:state:APLR,,,,,eddy:published:thor-2020,unresolved,,,named_eddy_state:eddy:published:thor-2020:state:APLR,,unknown_no_dated_eddy_footprint,[],,source:7487b9a234864d2d,,published:thor-2020,state:APLR
claim:named_eddy_state:eddy:published:thor-2020:state:ARAB,,,,,eddy:published:thor-2020,unresolved,,,named_eddy_state:eddy:published:thor-2020:state:ARAB,,unknown_no_dated_eddy_footprint,[],,source:7487b9a234864d2d,,published:thor-2020,state:ARAB
claim:named_eddy_state:eddy:published:thor-2020:state:ARCH,,,,,eddy:published:thor-2020,unresolved,,,named_eddy_state:eddy:published:thor-2020:state:ARCH,,unknown_no_dated_eddy_footprint,[],,source:7487b9a234864d2d,,published:thor-2020,state:ARCH
claim:named_eddy_state:eddy:published:thor-2020:state:ARCT,,,,,eddy:published:thor-2020,unresolved,,,named_eddy_state:eddy:published:thor-2020:state:ARCT,,unknown_no_dated_eddy_footprint,[],,source:7487b9a234864d2d,,published:thor-2020,state:ARCT
claim:named_eddy_state:eddy:published:thor-2020:state:AUSE,,,,,eddy:published:thor-2020,unresolved,,,named_eddy_state:eddy:published:thor-2020:state:AUSE,,unknown_no_dated_eddy_footprint,[],,source:7487b9a234864d2d,,published:thor-2020,state:AUSE
claim:named_eddy_state:eddy:published:thor-2020:state:AUSW,,,,,eddy:published:thor-2020,unresolved,,,named_eddy_state:eddy:published:thor-2020:state:AUSW,,unknown_no_dated_eddy_footprint,[],,source:7487b9a234864d2d,,published:thor-2020,state:AUSW
claim:named_eddy_state:eddy:published:thor-2020:state:BENG,,,,,eddy:published:thor-2020,unresolved,,,named_eddy_state:eddy:published:thor-2020:state:BENG,,unknown_no_dated_eddy_footprint,[],,source:7487b9a234864d2d,,published:thor-2020,state:BENG
claim:named_eddy_state:eddy:published:thor-2020:state:BERS,,,,,eddy:published:thor-2020,unresolved,,,named_eddy_state:eddy:published:thor-2020:state:BERS,,unknown_no_dated_eddy_footprint,[],,source:7487b9a234864d2d,,published:thor-2020,state:BERS
claim:named_eddy_state:eddy:published:thor-2020:state:BPLR,,,,,eddy:published:thor-2020,unresolved,,,named_eddy_state:eddy:published:thor-2020:state:BPLR,,unknown_no_dated_eddy_footprint,[],,source:7487b9a234864d2d,,published:thor-2020,state:BPLR
claim:named_eddy_state:eddy:published:thor-2020:state:BRAZ,,,,,eddy:published:thor-2020,unresolved,,,named_eddy_state:eddy:published:thor-2020:state:BRAZ,,unknown_no_dated_eddy_footprint,[],,source:7487b9a234864d2d,,published:thor-2020,state:BRAZ
claim:named_eddy_state:eddy:published:thor-2020:state:CAMR,,,,,eddy:published:thor-2020,unresolved,,,named_eddy_state:eddy:published:thor-2020:state:CAMR,,unknown_no_dated_eddy_footprint,[],,source:7487b9a234864d2d,,published:thor-2020,state:CAMR
claim:named_eddy_state:eddy:published:thor-2020:state:CARB,,,,,eddy:published:thor-2020,unresolved,,,named_eddy_state:eddy:published:thor-2020:state:CARB,,unknown_no_dated_eddy_footprint,[],,source:7487b9a234864d2d,,published:thor-2020,state:CARB
claim:named_eddy_state:eddy:published:thor-2020:state:CCAL,,,,,eddy:published:thor-2020,unresolved,,,named_eddy_state:eddy:published:thor-2020:state:CCAL,,unknown_no_dated_eddy_footprint,[],,source:7487b9a234864d2d,,published:thor-2020,state:CCAL
claim:named_eddy_state:eddy:published:thor-2020:state:CHIN,,,,,eddy:published:thor-2020,unresolved,,,named_eddy_state:eddy:published:thor-2020:state:CHIN,,unknown_no_dated_eddy_footprint,[],,source:7487b9a234864d2d,,published:thor-2020,state:CHIN
claim:named_eddy_state:eddy:published:thor-2020:state:CNRY,,,,,eddy:published:thor-2020,unresolved,,,named_eddy_state:eddy:published:thor-2020:state:CNRY,,unknown_no_dated_eddy_footprint,[],,source:7487b9a234864d2d,,published:thor-2020,state:CNRY
claim:named_eddy_state:eddy:published:thor-2020:state:EAFR,,,,,eddy:published:thor-2020,unresolved,,,named_eddy_state:eddy:published:thor-2020:state:EAFR,,unknown_no_dated_eddy_footprint,[],,source:7487b9a234864d2d,,published:thor-2020,state:EAFR
claim:named_eddy_state:eddy:published:thor-2020:state:ETRA,,,,,eddy:published:thor-2020,unresolved,,,named_eddy_state:eddy:published:thor-2020:state:ETRA,,unknown_no_dated_eddy_footprint,[],,source:7487b9a234864d2d,,published:thor-2020,state:ETRA
claim:named_eddy_state:eddy:published:thor-2020:state:FKLD,,,,,eddy:published:thor-2020,unresolved,,,named_eddy_state:eddy:published:thor-2020:state:FKLD,,unknown_no_dated_eddy_footprint,[],,source:7487b9a234864d2d,,published:thor-2020,state:FKLD
claim:named_eddy_state:eddy:published:thor-2020:state:GFST,,,,,eddy:published:thor-2020,unresolved,,,named_eddy_state:eddy:published:thor-2020:state:GFST,,unknown_no_dated_eddy_footprint,[],,source:7487b9a234864d2d,,published:thor-2020,state:GFST
claim:named_eddy_state:eddy:published:thor-2020:state:GUIA,,,,,eddy:published:thor-2020,unresolved,,,named_eddy_state:eddy:published:thor-2020:state:GUIA,,unknown_no_dated_eddy_footprint,[],,source:7487b9a234864d2d,,published:thor-2020,state:GUIA
claim:named_eddy_state:eddy:published:thor-2020:state:GUIN,,,,,eddy:published:thor-2020,unresolved,,,named_eddy_state:eddy:published:thor-2020:state:GUIN,,unknown_no_dated_eddy_footprint,[],,source:7487b9a234864d2d,,published:thor-2020,state:GUIN
claim:named_eddy_state:eddy:published:thor-2020:state:HUMB,,,,,eddy:published:thor-2020,unresolved,,,named_eddy_state:eddy:published:thor-2020:state:HUMB,,unknown_no_dated_eddy_footprint,[],,source:7487b9a234864d2d,,published:thor-2020,state:HUMB
claim:named_eddy_state:eddy:published:thor-2020:state:IND E,,,,,eddy:published:thor-2020,unresolved,,,named_eddy_state:eddy:published:thor-2020:state:IND E,,unknown_no_dated_eddy_footprint,[],,source:7487b9a234864d2d,,published:thor-2020,state:IND E
claim:named_eddy_state:eddy:published:thor-2020:state:IND W,,,,,eddy:published:thor-2020,unresolved,,,named_eddy_state:eddy:published:thor-2020:state:IND W,,unknown_no_dated_eddy_footprint,[],,source:7487b9a234864d2d,,published:thor-2020,state:IND W
claim:named_eddy_state:eddy:published:thor-2020:state:ISSG,,,,,eddy:published:thor-2020,unresolved,,,named_eddy_state:eddy:published:thor-2020:state:ISSG,,unknown_no_dated_eddy_footprint,[],,source:7487b9a234864d2d,,published:thor-2020,state:ISSG
claim:named_eddy_state:eddy:published:thor-2020:state:KURO,,,,,eddy:published:thor-2020,unresolved,,,named_eddy_state:eddy:published:thor-2020:state:KURO,,unknown_no_dated_eddy_footprint,[],,source:7487b9a234864d2d,,published:thor-2020,state:KURO
claim:named_eddy_state:eddy:published:thor-2020:state:MEDI,,,,,eddy:published:thor-2020,unresolved,,,named_eddy_state:eddy:published:thor-2020:state:MEDI,,unknown_no_dated_eddy_footprint,[],,source:7487b9a234864d2d,,published:thor-2020,state:MEDI
claim:named_eddy_state:eddy:published:thor-2020:state:MONS,,,,,eddy:published:thor-2020,unresolved,,,named_eddy_state:eddy:published:thor-2020:state:MONS,,unknown_no_dated_eddy_footprint,[],,source:7487b9a234864d2d,,published:thor-2020,state:MONS
claim:named_eddy_state:eddy:published:thor-2020:state:NADR,,,,,eddy:published:thor-2020,unresolved,,,named_eddy_state:eddy:published:thor-2020:state:NADR,,unknown_no_dated_eddy_footprint,[],,source:7487b9a234864d2d,,published:thor-2020,state:NADR
claim:named_eddy_state:eddy:published:thor-2020:state:NAST E,,,,,eddy:published:thor-2020,unresolved,,,named_eddy_state:eddy:published:thor-2020:state:NAST E,,unknown_no_dated_eddy_footprint,[],,source:7487b9a234864d2d,,published:thor-2020,state:NAST E
claim:named_eddy_state:eddy:published:thor-2020:state:NAST W,,,,,eddy:published:thor-2020,unresolved,,,named_eddy_state:eddy:published:thor-2020:state:NAST W,,unknown_no_dated_eddy_footprint,[],,source:7487b9a234864d2d,,published:thor-2020,state:NAST W
claim:named_eddy_state:eddy:published:thor-2020:state:NATR,,,,,eddy:published:thor-2020,unresolved,,,named_eddy_state:eddy:published:thor-2020:state:NATR,,unknown_no_dated_eddy_footprint,[],,source:7487b9a234864d2d,,published:thor-2020,state:NATR
claim:named_eddy_state:eddy:published:thor-2020:state:NECS,,,,,eddy:published:thor-2020,unresolved,,,named_eddy_state:eddy:published:thor-2020:state:NECS,,unknown_no_dated_eddy_footprint,[],,source:7487b9a234864d2d,,published:thor-2020,state:NECS
claim:named_eddy_state:eddy:published:thor-2020:state:NEWZ,,,,,eddy:published:thor-2020,unresolved,,,named_eddy_state:eddy:published:thor-2020:state:NEWZ,,unknown_no_dated_eddy_footprint,[],,source:7487b9a234864d2d,,published:thor-2020,state:NEWZ
claim:named_eddy_state:eddy:published:thor-2020:state:NPPF,,,,,eddy:published:thor-2020,unresolved,,,named_eddy_state:eddy:published:thor-2020:state:NPPF,,unknown_no_dated_eddy_footprint,[],,source:7487b9a234864d2d,,published:thor-2020,state:NPPF
claim:named_eddy_state:eddy:published:thor-2020:state:NPSE,,,,,eddy:published:thor-2020,unresolved,,,named_eddy_state:eddy:published:thor-2020:state:NPSE,,unknown_no_dated_eddy_footprint,[],,source:7487b9a234864d2d,,published:thor-2020,state:NPSE
claim:named_eddy_state:eddy:published:thor-2020:state:NPSW,,,,,eddy:published:thor-2020,unresolved,,,named_eddy_state:eddy:published:thor-2020:state:NPSW,,unknown_no_dated_eddy_footprint,[],,source:7487b9a234864d2d,,published:thor-2020,state:NPSW
claim:named_eddy_state:eddy:published:thor-2020:state:NPTG,,,,,eddy:published:thor-2020,unresolved,,,named_eddy_state:eddy:published:thor-2020:state:NPTG,,unknown_no_dated_eddy_footprint,[],,source:7487b9a234864d2d,,published:thor-2020,state:NPTG
claim:named_eddy_state:eddy:published:thor-2020:state:NWCS,,,,,eddy:published:thor-2020,unresolved,,,named_eddy_state:eddy:published:thor-2020:state:NWCS,,unknown_no_dated_eddy_footprint,[],,source:7487b9a234864d2d,,published:thor-2020,state:NWCS
claim:named_eddy_state:eddy:published:thor-2020:state:OCAL,,,,,eddy:published:thor-2020,unresolved,,,named_eddy_state:eddy:published:thor-2020:state:OCAL,,unknown_no_dated_eddy_footprint,[],,source:7487b9a234864d2d,,published:thor-2020,state:OCAL
claim:named_eddy_state:eddy:published:thor-2020:state:PEQD,,,,,eddy:published:thor-2020,unresolved,,,named_eddy_state:eddy:published:thor-2020:state:PEQD,,unknown_no_dated_eddy_footprint,[],,source:7487b9a234864d2d,,published:thor-2020,state:PEQD
claim:named_eddy_state:eddy:published:thor-2020:state:PNEC,,,,,eddy:published:thor-2020,unresolved,,,named_eddy_state:eddy:published:thor-2020:state:PNEC,,unknown_no_dated_eddy_footprint,[],,source:7487b9a234864d2d,,published:thor-2020,state:PNEC
claim:named_eddy_state:eddy:published:thor-2020:state:PSAE,,,,,eddy:published:thor-2020,unresolved,,,named_eddy_state:eddy:published:thor-2020:state:PSAE,,unknown_no_dated_eddy_footprint,[],,source:7487b9a234864d2d,,published:thor-2020,state:PSAE
claim:named_eddy_state:eddy:published:thor-2020:state:PSAW,,,,,eddy:published:thor-2020,unresolved,,,named_eddy_state:eddy:published:thor-2020:state:PSAW,,unknown_no_dated_eddy_footprint,[],,source:7487b9a234864d2d,,published:thor-2020,state:PSAW
claim:named_eddy_state:eddy:published:thor-2020:state:REDS,,,,,eddy:published:thor-2020,unresolved,,,named_eddy_state:eddy:published:thor-2020:state:REDS,,unknown_no_dated_eddy_footprint,[],,source:7487b9a234864d2d,,published:thor-2020,state:REDS
claim:named_eddy_state:eddy:published:thor-2020:state:SANT,,,,,eddy:published:thor-2020,unresolved,,,named_eddy_state:eddy:published:thor-2020:state:SANT,,unknown_no_dated_eddy_footprint,[],,source:7487b9a234864d2d,,published:thor-2020,state:SANT
claim:named_eddy_state:eddy:published:thor-2020:state:SARC,,,,,eddy:published:thor-2020,unresolved,,,named_eddy_state:eddy:published:thor-2020:state:SARC,,unknown_no_dated_eddy_footprint,[],,source:7487b9a234864d2d,,published:thor-2020,state:SARC
claim:named_eddy_state:eddy:published:thor-2020:state:SATL,,,,,eddy:published:thor-2020,unresolved,,,named_eddy_state:eddy:published:thor-2020:state:SATL,,unknown_no_dated_eddy_footprint,[],,source:7487b9a234864d2d,,published:thor-2020,state:SATL
claim:named_eddy_state:eddy:published:thor-2020:state:SPSG,,,,,eddy:published:thor-2020,unresolved,,,named_eddy_state:eddy:published:thor-2020:state:SPSG,,unknown_no_dated_eddy_footprint,[],,source:7487b9a234864d2d,,published:thor-2020,state:SPSG
claim:named_eddy_state:eddy:published:thor-2020:state:SSTC,,,,,eddy:published:thor-2020,unresolved,,,named_eddy_state:eddy:published:thor-2020:state:SSTC,,unknown_no_dated_eddy_footprint,[],,source:7487b9a234864d2d,,published:thor-2020,state:SSTC
claim:named_eddy_state:eddy:published:thor-2020:state:SUND,,,,,eddy:published:thor-2020,unresolved,,,named_eddy_state:eddy:published:thor-2020:state:SUND,,unknown_no_dated_eddy_footprint,[],,source:7487b9a234864d2d,,published:thor-2020,state:SUND
claim:named_eddy_state:eddy:published:thor-2020:state:TASM,,,,,eddy:published:thor-2020,unresolved,,,named_eddy_state:eddy:published:thor-2020:state:TASM,,unknown_no_dated_eddy_footprint,[],,source:7487b9a234864d2d,,published:thor-2020,state:TASM
claim:named_eddy_state:eddy:published:thor-2020:state:WARM,,,,,eddy:published:thor-2020,unresolved,,,named_eddy_state:eddy:published:thor-2020:state:WARM,,unknown_no_dated_eddy_footprint,[],,source:7487b9a234864d2d,,published:thor-2020,state:WARM
claim:named_eddy_state:eddy:published:thor-2020:state:WTRA,,,,,eddy:published:thor-2020,unresolved,,,named_eddy_state:eddy:published:thor-2020:state:WTRA,,unknown_no_dated_eddy_footprint,[],,source:7487b9a234864d2d,,published:thor-2020,state:WTRA
claim:named_eddy_state:eddy:published:ursa-2021:state:ALSK,,,,,eddy:published:ursa-2021,unresolved,,,named_eddy_state:eddy:published:ursa-2021:state:ALSK,,unknown_no_dated_eddy_footprint,[],,source:7487b9a234864d2d,,published:ursa-2021,state:ALSK
claim:named_eddy_state:eddy:published:ursa-2021:state:ANTA,,,,,eddy:published:ursa-2021,unresolved,,,named_eddy_state:eddy:published:ursa-2021:state:ANTA,,unknown_no_dated_eddy_footprint,[],,source:7487b9a234864d2d,,published:ursa-2021,state:ANTA
claim:named_eddy_state:eddy:published:ursa-2021:state:APLR,,,,,eddy:published:ursa-2021,unresolved,,,named_eddy_state:eddy:published:ursa-2021:state:APLR,,unknown_no_dated_eddy_footprint,[],,source:7487b9a234864d2d,,published:ursa-2021,state:APLR
claim:named_eddy_state:eddy:published:ursa-2021:state:ARAB,,,,,eddy:published:ursa-2021,unresolved,,,named_eddy_state:eddy:published:ursa-2021:state:ARAB,,unknown_no_dated_eddy_footprint,[],,source:7487b9a234864d2d,,published:ursa-2021,state:ARAB
claim:named_eddy_state:eddy:published:ursa-2021:state:ARCH,,,,,eddy:published:ursa-2021,unresolved,,,named_eddy_state:eddy:published:ursa-2021:state:ARCH,,unknown_no_dated_eddy_footprint,[],,source:7487b9a234864d2d,,published:ursa-2021,state:ARCH
claim:named_eddy_state:eddy:published:ursa-2021:state:ARCT,,,,,eddy:published:ursa-2021,unresolved,,,named_eddy_state:eddy:published:ursa-2021:state:ARCT,,unknown_no_dated_eddy_footprint,[],,source:7487b9a234864d2d,,published:ursa-2021,state:ARCT
claim:named_eddy_state:eddy:published:ursa-2021:state:AUSE,,,,,eddy:published:ursa-2021,unresolved,,,named_eddy_state:eddy:published:ursa-2021:state:AUSE,,unknown_no_dated_eddy_footprint,[],,source:7487b9a234864d2d,,published:ursa-2021,state:AUSE
claim:named_eddy_state:eddy:published:ursa-2021:state:AUSW,,,,,eddy:published:ursa-2021,unresolved,,,named_eddy_state:eddy:published:ursa-2021:state:AUSW,,unknown_no_dated_eddy_footprint,[],,source:7487b9a234864d2d,,published:ursa-2021,state:AUSW
claim:named_eddy_state:eddy:published:ursa-2021:state:BENG,,,,,eddy:published:ursa-2021,unresolved,,,named_eddy_state:eddy:published:ursa-2021:state:BENG,,unknown_no_dated_eddy_footprint,[],,source:7487b9a234864d2d,,published:ursa-2021,state:BENG
claim:named_eddy_state:eddy:published:ursa-2021:state:BERS,,,,,eddy:published:ursa-2021,unresolved,,,named_eddy_state:eddy:published:ursa-2021:state:BERS,,unknown_no_dated_eddy_footprint,[],,source:7487b9a234864d2d,,published:ursa-2021,state:BERS
claim:named_eddy_state:eddy:published:ursa-2021:state:BPLR,,,,,eddy:published:ursa-2021,unresolved,,,named_eddy_state:eddy:published:ursa-2021:state:BPLR,,unknown_no_dated_eddy_footprint,[],,source:7487b9a234864d2d,,published:ursa-2021,state:BPLR
claim:named_eddy_state:eddy:published:ursa-2021:state:BRAZ,,,,,eddy:published:ursa-2021,unresolved,,,named_eddy_state:eddy:published:ursa-2021:state:BRAZ,,unknown_no_dated_eddy_footprint,[],,source:7487b9a234864d2d,,published:ursa-2021,state:BRAZ
claim:named_eddy_state:eddy:published:ursa-2021:state:CAMR,,,,,eddy:published:ursa-2021,unresolved,,,named_eddy_state:eddy:published:ursa-2021:state:CAMR,,unknown_no_dated_eddy_footprint,[],,source:7487b9a234864d2d,,published:ursa-2021,state:CAMR
claim:named_eddy_state:eddy:published:ursa-2021:state:CARB,,,,,eddy:published:ursa-2021,unresolved,,,named_eddy_state:eddy:published:ursa-2021:state:CARB,,unknown_no_dated_eddy_footprint,[],,source:7487b9a234864d2d,,published:ursa-2021,state:CARB
claim:named_eddy_state:eddy:published:ursa-2021:state:CCAL,,,,,eddy:published:ursa-2021,unresolved,,,named_eddy_state:eddy:published:ursa-2021:state:CCAL,,unknown_no_dated_eddy_footprint,[],,source:7487b9a234864d2d,,published:ursa-2021,state:CCAL
claim:named_eddy_state:eddy:published:ursa-2021:state:CHIN,,,,,eddy:published:ursa-2021,unresolved,,,named_eddy_state:eddy:published:ursa-2021:state:CHIN,,unknown_no_dated_eddy_footprint,[],,source:7487b9a234864d2d,,published:ursa-2021,state:CHIN
claim:named_eddy_state:eddy:published:ursa-2021:state:CNRY,,,,,eddy:published:ursa-2021,unresolved,,,named_eddy_state:eddy:published:ursa-2021:state:CNRY,,unknown_no_dated_eddy_footprint,[],,source:7487b9a234864d2d,,published:ursa-2021,state:CNRY
claim:named_eddy_state:eddy:published:ursa-2021:state:EAFR,,,,,eddy:published:ursa-2021,unresolved,,,named_eddy_state:eddy:published:ursa-2021:state:EAFR,,unknown_no_dated_eddy_footprint,[],,source:7487b9a234864d2d,,published:ursa-2021,state:EAFR
claim:named_eddy_state:eddy:published:ursa-2021:state:ETRA,,,,,eddy:published:ursa-2021,unresolved,,,named_eddy_state:eddy:published:ursa-2021:state:ETRA,,unknown_no_dated_eddy_footprint,[],,source:7487b9a234864d2d,,published:ursa-2021,state:ETRA
claim:named_eddy_state:eddy:published:ursa-2021:state:FKLD,,,,,eddy:published:ursa-2021,unresolved,,,named_eddy_state:eddy:published:ursa-2021:state:FKLD,,unknown_no_dated_eddy_footprint,[],,source:7487b9a234864d2d,,published:ursa-2021,state:FKLD
claim:named_eddy_state:eddy:published:ursa-2021:state:GFST,,,,,eddy:published:ursa-2021,unresolved,,,named_eddy_state:eddy:published:ursa-2021:state:GFST,,unknown_no_dated_eddy_footprint,[],,source:7487b9a234864d2d,,published:ursa-2021,state:GFST
claim:named_eddy_state:eddy:published:ursa-2021:state:GUIA,,,,,eddy:published:ursa-2021,unresolved,,,named_eddy_state:eddy:published:ursa-2021:state:GUIA,,unknown_no_dated_eddy_footprint,[],,source:7487b9a234864d2d,,published:ursa-2021,state:GUIA
claim:named_eddy_state:eddy:published:ursa-2021:state:GUIN,,,,,eddy:published:ursa-2021,unresolved,,,named_eddy_state:eddy:published:ursa-2021:state:GUIN,,unknown_no_dated_eddy_footprint,[],,source:7487b9a234864d2d,,published:ursa-2021,state:GUIN
claim:named_eddy_state:eddy:published:ursa-2021:state:HUMB,,,,,eddy:published:ursa-2021,unresolved,,,named_eddy_state:eddy:published:ursa-2021:state:HUMB,,unknown_no_dated_eddy_footprint,[],,source:7487b9a234864d2d,,published:ursa-2021,state:HUMB
claim:named_eddy_state:eddy:published:ursa-2021:state:IND E,,,,,eddy:published:ursa-2021,unresolved,,,named_eddy_state:eddy:published:ursa-2021:state:IND E,,unknown_no_dated_eddy_footprint,[],,source:7487b9a234864d2d,,published:ursa-2021,state:IND E
claim:named_eddy_state:eddy:published:ursa-2021:state:IND W,,,,,eddy:published:ursa-2021,unresolved,,,named_eddy_state:eddy:published:ursa-2021:state:IND W,,unknown_no_dated_eddy_footprint,[],,source:7487b9a234864d2d,,published:ursa-2021,state:IND W
claim:named_eddy_state:eddy:published:ursa-2021:state:ISSG,,,,,eddy:published:ursa-2021,unresolved,,,named_eddy_state:eddy:published:ursa-2021:state:ISSG,,unknown_no_dated_eddy_footprint,[],,source:7487b9a234864d2d,,published:ursa-2021,state:ISSG
claim:named_eddy_state:eddy:published:ursa-2021:state:KURO,,,,,eddy:published:ursa-2021,unresolved,,,named_eddy_state:eddy:published:ursa-2021:state:KURO,,unknown_no_dated_eddy_footprint,[],,source:7487b9a234864d2d,,published:ursa-2021,state:KURO
claim:named_eddy_state:eddy:published:ursa-2021:state:MEDI,,,,,eddy:published:ursa-2021,unresolved,,,named_eddy_state:eddy:published:ursa-2021:state:MEDI,,unknown_no_dated_eddy_footprint,[],,source:7487b9a234864d2d,,published:ursa-2021,state:MEDI
claim:named_eddy_state:eddy:published:ursa-2021:state:MONS,,,,,eddy:published:ursa-2021,unresolved,,,named_eddy_state:eddy:published:ursa-2021:state:MONS,,unknown_no_dated_eddy_footprint,[],,source:7487b9a234864d2d,,published:ursa-2021,state:MONS
claim:named_eddy_state:eddy:published:ursa-2021:state:NADR,,,,,eddy:published:ursa-2021,unresolved,,,named_eddy_state:eddy:published:ursa-2021:state:NADR,,unknown_no_dated_eddy_footprint,[],,source:7487b9a234864d2d,,published:ursa-2021,state:NADR
claim:named_eddy_state:eddy:published:ursa-2021:state:NAST E,,,,,eddy:published:ursa-2021,unresolved,,,named_eddy_state:eddy:published:ursa-2021:state:NAST E,,unknown_no_dated_eddy_footprint,[],,source:7487b9a234864d2d,,published:ursa-2021,state:NAST E
claim:named_eddy_state:eddy:published:ursa-2021:state:NAST W,,,,,eddy:published:ursa-2021,unresolved,,,named_eddy_state:eddy:published:ursa-2021:state:NAST W,,unknown_no_dated_eddy_footprint,[],,source:7487b9a234864d2d,,published:ursa-2021,state:NAST W
claim:named_eddy_state:eddy:published:ursa-2021:state:NATR,,,,,eddy:published:ursa-2021,unresolved,,,named_eddy_state:eddy:published:ursa-2021:state:NATR,,unknown_no_dated_eddy_footprint,[],,source:7487b9a234864d2d,,published:ursa-2021,state:NATR
claim:named_eddy_state:eddy:published:ursa-2021:state:NECS,,,,,eddy:published:ursa-2021,unresolved,,,named_eddy_state:eddy:published:ursa-2021:state:NECS,,unknown_no_dated_eddy_footprint,[],,source:7487b9a234864d2d,,published:ursa-2021,state:NECS
claim:named_eddy_state:eddy:published:ursa-2021:state:NEWZ,,,,,eddy:published:ursa-2021,unresolved,,,named_eddy_state:eddy:published:ursa-2021:state:NEWZ,,unknown_no_dated_eddy_footprint,[],,source:7487b9a234864d2d,,published:ursa-2021,state:NEWZ
claim:named_eddy_state:eddy:published:ursa-2021:state:NPPF,,,,,eddy:published:ursa-2021,unresolved,,,named_eddy_state:eddy:published:ursa-2021:state:NPPF,,unknown_no_dated_eddy_footprint,[],,source:7487b9a234864d2d,,published:ursa-2021,state:NPPF
claim:named_eddy_state:eddy:published:ursa-2021:state:NPSE,,,,,eddy:published:ursa-2021,unresolved,,,named_eddy_state:eddy:published:ursa-2021:state:NPSE,,unknown_no_dated_eddy_footprint,[],,source:7487b9a234864d2d,,published:ursa-2021,state:NPSE
claim:named_eddy_state:eddy:published:ursa-2021:state:NPSW,,,,,eddy:published:ursa-2021,unresolved,,,named_eddy_state:eddy:published:ursa-2021:state:NPSW,,unknown_no_dated_eddy_footprint,[],,source:7487b9a234864d2d,,published:ursa-2021,state:NPSW
claim:named_eddy_state:eddy:published:ursa-2021:state:NPTG,,,,,eddy:published:ursa-2021,unresolved,,,named_eddy_state:eddy:published:ursa-2021:state:NPTG,,unknown_no_dated_eddy_footprint,[],,source:7487b9a234864d2d,,published:ursa-2021,state:NPTG
claim:named_eddy_state:eddy:published:ursa-2021:state:NWCS,,,,,eddy:published:ursa-2021,unresolved,,,named_eddy_state:eddy:published:ursa-2021:state:NWCS,,unknown_no_dated_eddy_footprint,[],,source:7487b9a234864d2d,,published:ursa-2021,state:NWCS
claim:named_eddy_state:eddy:published:ursa-2021:state:OCAL,,,,,eddy:published:ursa-2021,unresolved,,,named_eddy_state:eddy:published:ursa-2021:state:OCAL,,unknown_no_dated_eddy_footprint,[],,source:7487b9a234864d2d,,published:ursa-2021,state:OCAL
claim:named_eddy_state:eddy:published:ursa-2021:state:PEQD,,,,,eddy:published:ursa-2021,unresolved,,,named_eddy_state:eddy:published:ursa-2021:state:PEQD,,unknown_no_dated_eddy_footprint,[],,source:7487b9a234864d2d,,published:ursa-2021,state:PEQD
claim:named_eddy_state:eddy:published:ursa-2021:state:PNEC,,,,,eddy:published:ursa-2021,unresolved,,,named_eddy_state:eddy:published:ursa-2021:state:PNEC,,unknown_no_dated_eddy_footprint,[],,source:7487b9a234864d2d,,published:ursa-2021,state:PNEC
claim:named_eddy_state:eddy:published:ursa-2021:state:PSAE,,,,,eddy:published:ursa-2021,unresolved,,,named_eddy_state:eddy:published:ursa-2021:state:PSAE,,unknown_no_dated_eddy_footprint,[],,source:7487b9a234864d2d,,published:ursa-2021,state:PSAE
claim:named_eddy_state:eddy:published:ursa-2021:state:PSAW,,,,,eddy:published:ursa-2021,unresolved,,,named_eddy_state:eddy:published:ursa-2021:state:PSAW,,unknown_no_dated_eddy_footprint,[],,source:7487b9a234864d2d,,published:ursa-2021,state:PSAW
claim:named_eddy_state:eddy:published:ursa-2021:state:REDS,,,,,eddy:published:ursa-2021,unresolved,,,named_eddy_state:eddy:published:ursa-2021:state:REDS,,unknown_no_dated_eddy_footprint,[],,source:7487b9a234864d2d,,published:ursa-2021,state:REDS
claim:named_eddy_state:eddy:published:ursa-2021:state:SANT,,,,,eddy:published:ursa-2021,unresolved,,,named_eddy_state:eddy:published:ursa-2021:state:SANT,,unknown_no_dated_eddy_footprint,[],,source:7487b9a234864d2d,,published:ursa-2021,state:SANT
claim:named_eddy_state:eddy:published:ursa-2021:state:SARC,,,,,eddy:published:ursa-2021,unresolved,,,named_eddy_state:eddy:published:ursa-2021:state:SARC,,unknown_no_dated_eddy_footprint,[],,source:7487b9a234864d2d,,published:ursa-2021,state:SARC
claim:named_eddy_state:eddy:published:ursa-2021:state:SATL,,,,,eddy:published:ursa-2021,unresolved,,,named_eddy_state:eddy:published:ursa-2021:state:SATL,,unknown_no_dated_eddy_footprint,[],,source:7487b9a234864d2d,,published:ursa-2021,state:SATL
claim:named_eddy_state:eddy:published:ursa-2021:state:SPSG,,,,,eddy:published:ursa-2021,unresolved,,,named_eddy_state:eddy:published:ursa-2021:state:SPSG,,unknown_no_dated_eddy_footprint,[],,source:7487b9a234864d2d,,published:ursa-2021,state:SPSG
claim:named_eddy_state:eddy:published:ursa-2021:state:SSTC,,,,,eddy:published:ursa-2021,unresolved,,,named_eddy_state:eddy:published:ursa-2021:state:SSTC,,unknown_no_dated_eddy_footprint,[],,source:7487b9a234864d2d,,published:ursa-2021,state:SSTC
claim:named_eddy_state:eddy:published:ursa-2021:state:SUND,,,,,eddy:published:ursa-2021,unresolved,,,named_eddy_state:eddy:published:ursa-2021:state:SUND,,unknown_no_dated_eddy_footprint,[],,source:7487b9a234864d2d,,published:ursa-2021,state:SUND
claim:named_eddy_state:eddy:published:ursa-2021:state:TASM,,,,,eddy:published:ursa-2021,unresolved,,,named_eddy_state:eddy:published:ursa-2021:state:TASM,,unknown_no_dated_eddy_footprint,[],,source:7487b9a234864d2d,,published:ursa-2021,state:TASM
claim:named_eddy_state:eddy:published:ursa-2021:state:WARM,,,,,eddy:published:ursa-2021,unresolved,,,named_eddy_state:eddy:published:ursa-2021:state:WARM,,unknown_no_dated_eddy_footprint,[],,source:7487b9a234864d2d,,published:ursa-2021,state:WARM
claim:named_eddy_state:eddy:published:ursa-2021:state:WTRA,,,,,eddy:published:ursa-2021,unresolved,,,named_eddy_state:eddy:published:ursa-2021:state:WTRA,,unknown_no_dated_eddy_footprint,[],,source:7487b9a234864d2d,,published:ursa-2021,state:WTRA
claim:named_eddy_state:eddy:published:cameron-2009-observed:state:ALSK,,,,,eddy:published:cameron-2009-observed,unresolved,,,named_eddy_state:eddy:published:cameron-2009-observed:state:ALSK,,unknown_no_dated_eddy_footprint,[],,source:7487b9a234864d2d,,published:cameron-2009-observed,state:ALSK
claim:named_eddy_state:eddy:published:cameron-2009-observed:state:ANTA,,,,,eddy:published:cameron-2009-observed,unresolved,,,named_eddy_state:eddy:published:cameron-2009-observed:state:ANTA,,unknown_no_dated_eddy_footprint,[],,source:7487b9a234864d2d,,published:cameron-2009-observed,state:ANTA
claim:named_eddy_state:eddy:published:cameron-2009-observed:state:APLR,,,,,eddy:published:cameron-2009-observed,unresolved,,,named_eddy_state:eddy:published:cameron-2009-observed:state:APLR,,unknown_no_dated_eddy_footprint,[],,source:7487b9a234864d2d,,published:cameron-2009-observed,state:APLR
claim:named_eddy_state:eddy:published:cameron-2009-observed:state:ARAB,,,,,eddy:published:cameron-2009-observed,unresolved,,,named_eddy_state:eddy:published:cameron-2009-observed:state:ARAB,,unknown_no_dated_eddy_footprint,[],,source:7487b9a234864d2d,,published:cameron-2009-observed,state:ARAB
claim:named_eddy_state:eddy:published:cameron-2009-observed:state:ARCH,,,,,eddy:published:cameron-2009-observed,unresolved,,,named_eddy_state:eddy:published:cameron-2009-observed:state:ARCH,,unknown_no_dated_eddy_footprint,[],,source:7487b9a234864d2d,,published:cameron-2009-observed,state:ARCH
claim:named_eddy_state:eddy:published:cameron-2009-observed:state:ARCT,,,,,eddy:published:cameron-2009-observed,unresolved,,,named_eddy_state:eddy:published:cameron-2009-observed:state:ARCT,,unknown_no_dated_eddy_footprint,[],,source:7487b9a234864d2d,,published:cameron-2009-observed,state:ARCT
claim:named_eddy_state:eddy:published:cameron-2009-observed:state:AUSE,,,,,eddy:published:cameron-2009-observed,unresolved,,,named_eddy_state:eddy:published:cameron-2009-observed:state:AUSE,,unknown_no_dated_eddy_footprint,[],,source:7487b9a234864d2d,,published:cameron-2009-observed,state:AUSE
claim:named_eddy_state:eddy:published:cameron-2009-observed:state:AUSW,,,,,eddy:published:cameron-2009-observed,unresolved,,,named_eddy_state:eddy:published:cameron-2009-observed:state:AUSW,,unknown_no_dated_eddy_footprint,[],,source:7487b9a234864d2d,,published:cameron-2009-observed,state:AUSW
claim:named_eddy_state:eddy:published:cameron-2009-observed:state:BENG,,,,,eddy:published:cameron-2009-observed,unresolved,,,named_eddy_state:eddy:published:cameron-2009-observed:state:BENG,,unknown_no_dated_eddy_footprint,[],,source:7487b9a234864d2d,,published:cameron-2009-observed,state:BENG
claim:named_eddy_state:eddy:published:cameron-2009-observed:state:BERS,,,,,eddy:published:cameron-2009-observed,unresolved,,,named_eddy_state:eddy:published:cameron-2009-observed:state:BERS,,unknown_no_dated_eddy_footprint,[],,source:7487b9a234864d2d,,published:cameron-2009-observed,state:BERS
claim:named_eddy_state:eddy:published:cameron-2009-observed:state:BPLR,,,,,eddy:published:cameron-2009-observed,unresolved,,,named_eddy_state:eddy:published:cameron-2009-observed:state:BPLR,,unknown_no_dated_eddy_footprint,[],,source:7487b9a234864d2d,,published:cameron-2009-observed,state:BPLR
claim:named_eddy_state:eddy:published:cameron-2009-observed:state:BRAZ,,,,,eddy:published:cameron-2009-observed,unresolved,,,named_eddy_state:eddy:published:cameron-2009-observed:state:BRAZ,,unknown_no_dated_eddy_footprint,[],,source:7487b9a234864d2d,,published:cameron-2009-observed,state:BRAZ
claim:named_eddy_state:eddy:published:cameron-2009-observed:state:CAMR,,,,,eddy:published:cameron-2009-observed,published_observed_center_point_candidate,,,named_eddy_state:eddy:published:cameron-2009-observed:state:CAMR,2009-01-20,observed_center_point_not_whole_eddy_containment,"[""published_observed_center""]","[-95.0, 22.5]",source:6694d73532f024d7,"Section 4.1.1, paragraph 32; Figure 6a",published:cameron-2009-observed,state:CAMR
claim:named_eddy_state:eddy:published:cameron-2009-observed:state:CARB,,,,,eddy:published:cameron-2009-observed,unresolved,,,named_eddy_state:eddy:published:cameron-2009-observed:state:CARB,,unknown_no_dated_eddy_footprint,[],,source:7487b9a234864d2d,,published:cameron-2009-observed,state:CARB
claim:named_eddy_state:eddy:published:cameron-2009-observed:state:CCAL,,,,,eddy:published:cameron-2009-observed,unresolved,,,named_eddy_state:eddy:published:cameron-2009-observed:state:CCAL,,unknown_no_dated_eddy_footprint,[],,source:7487b9a234864d2d,,published:cameron-2009-observed,state:CCAL
claim:named_eddy_state:eddy:published:cameron-2009-observed:state:CHIN,,,,,eddy:published:cameron-2009-observed,unresolved,,,named_eddy_state:eddy:published:cameron-2009-observed:state:CHIN,,unknown_no_dated_eddy_footprint,[],,source:7487b9a234864d2d,,published:cameron-2009-observed,state:CHIN
claim:named_eddy_state:eddy:published:cameron-2009-observed:state:CNRY,,,,,eddy:published:cameron-2009-observed,unresolved,,,named_eddy_state:eddy:published:cameron-2009-observed:state:CNRY,,unknown_no_dated_eddy_footprint,[],,source:7487b9a234864d2d,,published:cameron-2009-observed,state:CNRY
claim:named_eddy_state:eddy:published:cameron-2009-observed:state:EAFR,,,,,eddy:published:cameron-2009-observed,unresolved,,,named_eddy_state:eddy:published:cameron-2009-observed:state:EAFR,,unknown_no_dated_eddy_footprint,[],,source:7487b9a234864d2d,,published:cameron-2009-observed,state:EAFR
claim:named_eddy_state:eddy:published:cameron-2009-observed:state:ETRA,,,,,eddy:published:cameron-2009-observed,unresolved,,,named_eddy_state:eddy:published:cameron-2009-observed:state:ETRA,,unknown_no_dated_eddy_footprint,[],,source:7487b9a234864d2d,,published:cameron-2009-observed,state:ETRA
claim:named_eddy_state:eddy:published:cameron-2009-observed:state:FKLD,,,,,eddy:published:cameron-2009-observed,unresolved,,,named_eddy_state:eddy:published:cameron-2009-observed:state:FKLD,,unknown_no_dated_eddy_footprint,[],,source:7487b9a234864d2d,,published:cameron-2009-observed,state:FKLD
claim:named_eddy_state:eddy:published:cameron-2009-observed:state:GFST,,,,,eddy:published:cameron-2009-observed,unresolved,,,named_eddy_state:eddy:published:cameron-2009-observed:state:GFST,,unknown_no_dated_eddy_footprint,[],,source:7487b9a234864d2d,,published:cameron-2009-observed,state:GFST
claim:named_eddy_state:eddy:published:cameron-2009-observed:state:GUIA,,,,,eddy:published:cameron-2009-observed,unresolved,,,named_eddy_state:eddy:published:cameron-2009-observed:state:GUIA,,unknown_no_dated_eddy_footprint,[],,source:7487b9a234864d2d,,published:cameron-2009-observed,state:GUIA
claim:named_eddy_state:eddy:published:cameron-2009-observed:state:GUIN,,,,,eddy:published:cameron-2009-observed,unresolved,,,named_eddy_state:eddy:published:cameron-2009-observed:state:GUIN,,unknown_no_dated_eddy_footprint,[],,source:7487b9a234864d2d,,published:cameron-2009-observed,state:GUIN
claim:named_eddy_state:eddy:published:cameron-2009-observed:state:HUMB,,,,,eddy:published:cameron-2009-observed,unresolved,,,named_eddy_state:eddy:published:cameron-2009-observed:state:HUMB,,unknown_no_dated_eddy_footprint,[],,source:7487b9a234864d2d,,published:cameron-2009-observed,state:HUMB
claim:named_eddy_state:eddy:published:cameron-2009-observed:state:IND E,,,,,eddy:published:cameron-2009-observed,unresolved,,,named_eddy_state:eddy:published:cameron-2009-observed:state:IND E,,unknown_no_dated_eddy_footprint,[],,source:7487b9a234864d2d,,published:cameron-2009-observed,state:IND E
claim:named_eddy_state:eddy:published:cameron-2009-observed:state:IND W,,,,,eddy:published:cameron-2009-observed,unresolved,,,named_eddy_state:eddy:published:cameron-2009-observed:state:IND W,,unknown_no_dated_eddy_footprint,[],,source:7487b9a234864d2d,,published:cameron-2009-observed,state:IND W
claim:named_eddy_state:eddy:published:cameron-2009-observed:state:ISSG,,,,,eddy:published:cameron-2009-observed,unresolved,,,named_eddy_state:eddy:published:cameron-2009-observed:state:ISSG,,unknown_no_dated_eddy_footprint,[],,source:7487b9a234864d2d,,published:cameron-2009-observed,state:ISSG
claim:named_eddy_state:eddy:published:cameron-2009-observed:state:KURO,,,,,eddy:published:cameron-2009-observed,unresolved,,,named_eddy_state:eddy:published:cameron-2009-observed:state:KURO,,unknown_no_dated_eddy_footprint,[],,source:7487b9a234864d2d,,published:cameron-2009-observed,state:KURO
claim:named_eddy_state:eddy:published:cameron-2009-observed:state:MEDI,,,,,eddy:published:cameron-2009-observed,unresolved,,,named_eddy_state:eddy:published:cameron-2009-observed:state:MEDI,,unknown_no_dated_eddy_footprint,[],,source:7487b9a234864d2d,,published:cameron-2009-observed,state:MEDI
claim:named_eddy_state:eddy:published:cameron-2009-observed:state:MONS,,,,,eddy:published:cameron-2009-observed,unresolved,,,named_eddy_state:eddy:published:cameron-2009-observed:state:MONS,,unknown_no_dated_eddy_footprint,[],,source:7487b9a234864d2d,,published:cameron-2009-observed,state:MONS
claim:named_eddy_state:eddy:published:cameron-2009-observed:state:NADR,,,,,eddy:published:cameron-2009-observed,unresolved,,,named_eddy_state:eddy:published:cameron-2009-observed:state:NADR,,unknown_no_dated_eddy_footprint,[],,source:7487b9a234864d2d,,published:cameron-2009-observed,state:NADR
claim:named_eddy_state:eddy:published:cameron-2009-observed:state:NAST E,,,,,eddy:published:cameron-2009-observed,unresolved,,,named_eddy_state:eddy:published:cameron-2009-observed:state:NAST E,,unknown_no_dated_eddy_footprint,[],,source:7487b9a234864d2d,,published:cameron-2009-observed,state:NAST E
claim:named_eddy_state:eddy:published:cameron-2009-observed:state:NAST W,,,,,eddy:published:cameron-2009-observed,unresolved,,,named_eddy_state:eddy:published:cameron-2009-observed:state:NAST W,,unknown_no_dated_eddy_footprint,[],,source:7487b9a234864d2d,,published:cameron-2009-observed,state:NAST W
claim:named_eddy_state:eddy:published:cameron-2009-observed:state:NATR,,,,,eddy:published:cameron-2009-observed,unresolved,,,named_eddy_state:eddy:published:cameron-2009-observed:state:NATR,,unknown_no_dated_eddy_footprint,[],,source:7487b9a234864d2d,,published:cameron-2009-observed,state:NATR
claim:named_eddy_state:eddy:published:cameron-2009-observed:state:NECS,,,,,eddy:published:cameron-2009-observed,unresolved,,,named_eddy_state:eddy:published:cameron-2009-observed:state:NECS,,unknown_no_dated_eddy_footprint,[],,source:7487b9a234864d2d,,published:cameron-2009-observed,state:NECS
claim:named_eddy_state:eddy:published:cameron-2009-observed:state:NEWZ,,,,,eddy:published:cameron-2009-observed,unresolved,,,named_eddy_state:eddy:published:cameron-2009-observed:state:NEWZ,,unknown_no_dated_eddy_footprint,[],,source:7487b9a234864d2d,,published:cameron-2009-observed,state:NEWZ
claim:named_eddy_state:eddy:published:cameron-2009-observed:state:NPPF,,,,,eddy:published:cameron-2009-observed,unresolved,,,named_eddy_state:eddy:published:cameron-2009-observed:state:NPPF,,unknown_no_dated_eddy_footprint,[],,source:7487b9a234864d2d,,published:cameron-2009-observed,state:NPPF
claim:named_eddy_state:eddy:published:cameron-2009-observed:state:NPSE,,,,,eddy:published:cameron-2009-observed,unresolved,,,named_eddy_state:eddy:published:cameron-2009-observed:state:NPSE,,unknown_no_dated_eddy_footprint,[],,source:7487b9a234864d2d,,published:cameron-2009-observed,state:NPSE
claim:named_eddy_state:eddy:published:cameron-2009-observed:state:NPSW,,,,,eddy:published:cameron-2009-observed,unresolved,,,named_eddy_state:eddy:published:cameron-2009-observed:state:NPSW,,unknown_no_dated_eddy_footprint,[],,source:7487b9a234864d2d,,published:cameron-2009-observed,state:NPSW
claim:named_eddy_state:eddy:published:cameron-2009-observed:state:NPTG,,,,,eddy:published:cameron-2009-observed,unresolved,,,named_eddy_state:eddy:published:cameron-2009-observed:state:NPTG,,unknown_no_dated_eddy_footprint,[],,source:7487b9a234864d2d,,published:cameron-2009-observed,state:NPTG
claim:named_eddy_state:eddy:published:cameron-2009-observed:state:NWCS,,,,,eddy:published:cameron-2009-observed,unresolved,,,named_eddy_state:eddy:published:cameron-2009-observed:state:NWCS,,unknown_no_dated_eddy_footprint,[],,source:7487b9a234864d2d,,published:cameron-2009-observed,state:NWCS
claim:named_eddy_state:eddy:published:cameron-2009-observed:state:OCAL,,,,,eddy:published:cameron-2009-observed,unresolved,,,named_eddy_state:eddy:published:cameron-2009-observed:state:OCAL,,unknown_no_dated_eddy_footprint,[],,source:7487b9a234864d2d,,published:cameron-2009-observed,state:OCAL
claim:named_eddy_state:eddy:published:cameron-2009-observed:state:PEQD,,,,,eddy:published:cameron-2009-observed,unresolved,,,named_eddy_state:eddy:published:cameron-2009-observed:state:PEQD,,unknown_no_dated_eddy_footprint,[],,source:7487b9a234864d2d,,published:cameron-2009-observed,state:PEQD
claim:named_eddy_state:eddy:published:cameron-2009-observed:state:PNEC,,,,,eddy:published:cameron-2009-observed,unresolved,,,named_eddy_state:eddy:published:cameron-2009-observed:state:PNEC,,unknown_no_dated_eddy_footprint,[],,source:7487b9a234864d2d,,published:cameron-2009-observed,state:PNEC
claim:named_eddy_state:eddy:published:cameron-2009-observed:state:PSAE,,,,,eddy:published:cameron-2009-observed,unresolved,,,named_eddy_state:eddy:published:cameron-2009-observed:state:PSAE,,unknown_no_dated_eddy_footprint,[],,source:7487b9a234864d2d,,published:cameron-2009-observed,state:PSAE
claim:named_eddy_state:eddy:published:cameron-2009-observed:state:PSAW,,,,,eddy:published:cameron-2009-observed,unresolved,,,named_eddy_state:eddy:published:cameron-2009-observed:state:PSAW,,unknown_no_dated_eddy_footprint,[],,source:7487b9a234864d2d,,published:cameron-2009-observed,state:PSAW
claim:named_eddy_state:eddy:published:cameron-2009-observed:state:REDS,,,,,eddy:published:cameron-2009-observed,unresolved,,,named_eddy_state:eddy:published:cameron-2009-observed:state:REDS,,unknown_no_dated_eddy_footprint,[],,source:7487b9a234864d2d,,published:cameron-2009-observed,state:REDS
claim:named_eddy_state:eddy:published:cameron-2009-observed:state:SANT,,,,,eddy:published:cameron-2009-observed,unresolved,,,named_eddy_state:eddy:published:cameron-2009-observed:state:SANT,,unknown_no_dated_eddy_footprint,[],,source:7487b9a234864d2d,,published:cameron-2009-observed,state:SANT
claim:named_eddy_state:eddy:published:cameron-2009-observed:state:SARC,,,,,eddy:published:cameron-2009-observed,unresolved,,,named_eddy_state:eddy:published:cameron-2009-observed:state:SARC,,unknown_no_dated_eddy_footprint,[],,source:7487b9a234864d2d,,published:cameron-2009-observed,state:SARC
claim:named_eddy_state:eddy:published:cameron-2009-observed:state:SATL,,,,,eddy:published:cameron-2009-observed,unresolved,,,named_eddy_state:eddy:published:cameron-2009-observed:state:SATL,,unknown_no_dated_eddy_footprint,[],,source:7487b9a234864d2d,,published:cameron-2009-observed,state:SATL
claim:named_eddy_state:eddy:published:cameron-2009-observed:state:SPSG,,,,,eddy:published:cameron-2009-observed,unresolved,,,named_eddy_state:eddy:published:cameron-2009-observed:state:SPSG,,unknown_no_dated_eddy_footprint,[],,source:7487b9a234864d2d,,published:cameron-2009-observed,state:SPSG
claim:named_eddy_state:eddy:published:cameron-2009-observed:state:SSTC,,,,,eddy:published:cameron-2009-observed,unresolved,,,named_eddy_state:eddy:published:cameron-2009-observed:state:SSTC,,unknown_no_dated_eddy_footprint,[],,source:7487b9a234864d2d,,published:cameron-2009-observed,state:SSTC
claim:named_eddy_state:eddy:published:cameron-2009-observed:state:SUND,,,,,eddy:published:cameron-2009-observed,unresolved,,,named_eddy_state:eddy:published:cameron-2009-observed:state:SUND,,unknown_no_dated_eddy_footprint,[],,source:7487b9a234864d2d,,published:cameron-2009-observed,state:SUND
claim:named_eddy_state:eddy:published:cameron-2009-observed:state:TASM,,,,,eddy:published:cameron-2009-observed,unresolved,,,named_eddy_state:eddy:published:cameron-2009-observed:state:TASM,,unknown_no_dated_eddy_footprint,[],,source:7487b9a234864d2d,,published:cameron-2009-observed,state:TASM
claim:named_eddy_state:eddy:published:cameron-2009-observed:state:WARM,,,,,eddy:published:cameron-2009-observed,unresolved,,,named_eddy_state:eddy:published:cameron-2009-observed:state:WARM,,unknown_no_dated_eddy_footprint,[],,source:7487b9a234864d2d,,published:cameron-2009-observed,state:WARM
claim:named_eddy_state:eddy:published:cameron-2009-observed:state:WTRA,,,,,eddy:published:cameron-2009-observed,unresolved,,,named_eddy_state:eddy:published:cameron-2009-observed:state:WTRA,,unknown_no_dated_eddy_footprint,[],,source:7487b9a234864d2d,,published:cameron-2009-observed,state:WTRA
claim:named_eddy_state:eddy:published:darwin-2009-observed:state:ALSK,,,,,eddy:published:darwin-2009-observed,unresolved,,,named_eddy_state:eddy:published:darwin-2009-observed:state:ALSK,,unknown_no_dated_eddy_footprint,[],,source:7487b9a234864d2d,,published:darwin-2009-observed,state:ALSK
claim:named_eddy_state:eddy:published:darwin-2009-observed:state:ANTA,,,,,eddy:published:darwin-2009-observed,unresolved,,,named_eddy_state:eddy:published:darwin-2009-observed:state:ANTA,,unknown_no_dated_eddy_footprint,[],,source:7487b9a234864d2d,,published:darwin-2009-observed,state:ANTA
claim:named_eddy_state:eddy:published:darwin-2009-observed:state:APLR,,,,,eddy:published:darwin-2009-observed,unresolved,,,named_eddy_state:eddy:published:darwin-2009-observed:state:APLR,,unknown_no_dated_eddy_footprint,[],,source:7487b9a234864d2d,,published:darwin-2009-observed,state:APLR
claim:named_eddy_state:eddy:published:darwin-2009-observed:state:ARAB,,,,,eddy:published:darwin-2009-observed,unresolved,,,named_eddy_state:eddy:published:darwin-2009-observed:state:ARAB,,unknown_no_dated_eddy_footprint,[],,source:7487b9a234864d2d,,published:darwin-2009-observed,state:ARAB
claim:named_eddy_state:eddy:published:darwin-2009-observed:state:ARCH,,,,,eddy:published:darwin-2009-observed,unresolved,,,named_eddy_state:eddy:published:darwin-2009-observed:state:ARCH,,unknown_no_dated_eddy_footprint,[],,source:7487b9a234864d2d,,published:darwin-2009-observed,state:ARCH
claim:named_eddy_state:eddy:published:darwin-2009-observed:state:ARCT,,,,,eddy:published:darwin-2009-observed,unresolved,,,named_eddy_state:eddy:published:darwin-2009-observed:state:ARCT,,unknown_no_dated_eddy_footprint,[],,source:7487b9a234864d2d,,published:darwin-2009-observed,state:ARCT
claim:named_eddy_state:eddy:published:darwin-2009-observed:state:AUSE,,,,,eddy:published:darwin-2009-observed,unresolved,,,named_eddy_state:eddy:published:darwin-2009-observed:state:AUSE,,unknown_no_dated_eddy_footprint,[],,source:7487b9a234864d2d,,published:darwin-2009-observed,state:AUSE
claim:named_eddy_state:eddy:published:darwin-2009-observed:state:AUSW,,,,,eddy:published:darwin-2009-observed,unresolved,,,named_eddy_state:eddy:published:darwin-2009-observed:state:AUSW,,unknown_no_dated_eddy_footprint,[],,source:7487b9a234864d2d,,published:darwin-2009-observed,state:AUSW
claim:named_eddy_state:eddy:published:darwin-2009-observed:state:BENG,,,,,eddy:published:darwin-2009-observed,unresolved,,,named_eddy_state:eddy:published:darwin-2009-observed:state:BENG,,unknown_no_dated_eddy_footprint,[],,source:7487b9a234864d2d,,published:darwin-2009-observed,state:BENG
claim:named_eddy_state:eddy:published:darwin-2009-observed:state:BERS,,,,,eddy:published:darwin-2009-observed,unresolved,,,named_eddy_state:eddy:published:darwin-2009-observed:state:BERS,,unknown_no_dated_eddy_footprint,[],,source:7487b9a234864d2d,,published:darwin-2009-observed,state:BERS
claim:named_eddy_state:eddy:published:darwin-2009-observed:state:BPLR,,,,,eddy:published:darwin-2009-observed,unresolved,,,named_eddy_state:eddy:published:darwin-2009-observed:state:BPLR,,unknown_no_dated_eddy_footprint,[],,source:7487b9a234864d2d,,published:darwin-2009-observed,state:BPLR
claim:named_eddy_state:eddy:published:darwin-2009-observed:state:BRAZ,,,,,eddy:published:darwin-2009-observed,unresolved,,,named_eddy_state:eddy:published:darwin-2009-observed:state:BRAZ,,unknown_no_dated_eddy_footprint,[],,source:7487b9a234864d2d,,published:darwin-2009-observed,state:BRAZ
claim:named_eddy_state:eddy:published:darwin-2009-observed:state:CAMR,,,,,eddy:published:darwin-2009-observed,unresolved,,,named_eddy_state:eddy:published:darwin-2009-observed:state:CAMR,,unknown_no_dated_eddy_footprint,[],,source:7487b9a234864d2d,,published:darwin-2009-observed,state:CAMR
claim:named_eddy_state:eddy:published:darwin-2009-observed:state:CARB,,,,,eddy:published:darwin-2009-observed,unresolved,,,named_eddy_state:eddy:published:darwin-2009-observed:state:CARB,,unknown_no_dated_eddy_footprint,[],,source:7487b9a234864d2d,,published:darwin-2009-observed,state:CARB
claim:named_eddy_state:eddy:published:darwin-2009-observed:state:CCAL,,,,,eddy:published:darwin-2009-observed,unresolved,,,named_eddy_state:eddy:published:darwin-2009-observed:state:CCAL,,unknown_no_dated_eddy_footprint,[],,source:7487b9a234864d2d,,published:darwin-2009-observed,state:CCAL
claim:named_eddy_state:eddy:published:darwin-2009-observed:state:CHIN,,,,,eddy:published:darwin-2009-observed,unresolved,,,named_eddy_state:eddy:published:darwin-2009-observed:state:CHIN,,unknown_no_dated_eddy_footprint,[],,source:7487b9a234864d2d,,published:darwin-2009-observed,state:CHIN
claim:named_eddy_state:eddy:published:darwin-2009-observed:state:CNRY,,,,,eddy:published:darwin-2009-observed,unresolved,,,named_eddy_state:eddy:published:darwin-2009-observed:state:CNRY,,unknown_no_dated_eddy_footprint,[],,source:7487b9a234864d2d,,published:darwin-2009-observed,state:CNRY
claim:named_eddy_state:eddy:published:darwin-2009-observed:state:EAFR,,,,,eddy:published:darwin-2009-observed,unresolved,,,named_eddy_state:eddy:published:darwin-2009-observed:state:EAFR,,unknown_no_dated_eddy_footprint,[],,source:7487b9a234864d2d,,published:darwin-2009-observed,state:EAFR
claim:named_eddy_state:eddy:published:darwin-2009-observed:state:ETRA,,,,,eddy:published:darwin-2009-observed,unresolved,,,named_eddy_state:eddy:published:darwin-2009-observed:state:ETRA,,unknown_no_dated_eddy_footprint,[],,source:7487b9a234864d2d,,published:darwin-2009-observed,state:ETRA
claim:named_eddy_state:eddy:published:darwin-2009-observed:state:FKLD,,,,,eddy:published:darwin-2009-observed,unresolved,,,named_eddy_state:eddy:published:darwin-2009-observed:state:FKLD,,unknown_no_dated_eddy_footprint,[],,source:7487b9a234864d2d,,published:darwin-2009-observed,state:FKLD
claim:named_eddy_state:eddy:published:darwin-2009-observed:state:GFST,,,,,eddy:published:darwin-2009-observed,unresolved,,,named_eddy_state:eddy:published:darwin-2009-observed:state:GFST,,unknown_no_dated_eddy_footprint,[],,source:7487b9a234864d2d,,published:darwin-2009-observed,state:GFST
claim:named_eddy_state:eddy:published:darwin-2009-observed:state:GUIA,,,,,eddy:published:darwin-2009-observed,unresolved,,,named_eddy_state:eddy:published:darwin-2009-observed:state:GUIA,,unknown_no_dated_eddy_footprint,[],,source:7487b9a234864d2d,,published:darwin-2009-observed,state:GUIA
claim:named_eddy_state:eddy:published:darwin-2009-observed:state:GUIN,,,,,eddy:published:darwin-2009-observed,unresolved,,,named_eddy_state:eddy:published:darwin-2009-observed:state:GUIN,,unknown_no_dated_eddy_footprint,[],,source:7487b9a234864d2d,,published:darwin-2009-observed,state:GUIN
claim:named_eddy_state:eddy:published:darwin-2009-observed:state:HUMB,,,,,eddy:published:darwin-2009-observed,unresolved,,,named_eddy_state:eddy:published:darwin-2009-observed:state:HUMB,,unknown_no_dated_eddy_footprint,[],,source:7487b9a234864d2d,,published:darwin-2009-observed,state:HUMB
claim:named_eddy_state:eddy:published:darwin-2009-observed:state:IND E,,,,,eddy:published:darwin-2009-observed,unresolved,,,named_eddy_state:eddy:published:darwin-2009-observed:state:IND E,,unknown_no_dated_eddy_footprint,[],,source:7487b9a234864d2d,,published:darwin-2009-observed,state:IND E
claim:named_eddy_state:eddy:published:darwin-2009-observed:state:IND W,,,,,eddy:published:darwin-2009-observed,unresolved,,,named_eddy_state:eddy:published:darwin-2009-observed:state:IND W,,unknown_no_dated_eddy_footprint,[],,source:7487b9a234864d2d,,published:darwin-2009-observed,state:IND W
claim:named_eddy_state:eddy:published:darwin-2009-observed:state:ISSG,,,,,eddy:published:darwin-2009-observed,unresolved,,,named_eddy_state:eddy:published:darwin-2009-observed:state:ISSG,,unknown_no_dated_eddy_footprint,[],,source:7487b9a234864d2d,,published:darwin-2009-observed,state:ISSG
claim:named_eddy_state:eddy:published:darwin-2009-observed:state:KURO,,,,,eddy:published:darwin-2009-observed,unresolved,,,named_eddy_state:eddy:published:darwin-2009-observed:state:KURO,,unknown_no_dated_eddy_footprint,[],,source:7487b9a234864d2d,,published:darwin-2009-observed,state:KURO
claim:named_eddy_state:eddy:published:darwin-2009-observed:state:MEDI,,,,,eddy:published:darwin-2009-observed,unresolved,,,named_eddy_state:eddy:published:darwin-2009-observed:state:MEDI,,unknown_no_dated_eddy_footprint,[],,source:7487b9a234864d2d,,published:darwin-2009-observed,state:MEDI
claim:named_eddy_state:eddy:published:darwin-2009-observed:state:MONS,,,,,eddy:published:darwin-2009-observed,unresolved,,,named_eddy_state:eddy:published:darwin-2009-observed:state:MONS,,unknown_no_dated_eddy_footprint,[],,source:7487b9a234864d2d,,published:darwin-2009-observed,state:MONS
claim:named_eddy_state:eddy:published:darwin-2009-observed:state:NADR,,,,,eddy:published:darwin-2009-observed,unresolved,,,named_eddy_state:eddy:published:darwin-2009-observed:state:NADR,,unknown_no_dated_eddy_footprint,[],,source:7487b9a234864d2d,,published:darwin-2009-observed,state:NADR
claim:named_eddy_state:eddy:published:darwin-2009-observed:state:NAST E,,,,,eddy:published:darwin-2009-observed,unresolved,,,named_eddy_state:eddy:published:darwin-2009-observed:state:NAST E,,unknown_no_dated_eddy_footprint,[],,source:7487b9a234864d2d,,published:darwin-2009-observed,state:NAST E
claim:named_eddy_state:eddy:published:darwin-2009-observed:state:NAST W,,,,,eddy:published:darwin-2009-observed,unresolved,,,named_eddy_state:eddy:published:darwin-2009-observed:state:NAST W,,unknown_no_dated_eddy_footprint,[],,source:7487b9a234864d2d,,published:darwin-2009-observed,state:NAST W
claim:named_eddy_state:eddy:published:darwin-2009-observed:state:NATR,,,,,eddy:published:darwin-2009-observed,unresolved,,,named_eddy_state:eddy:published:darwin-2009-observed:state:NATR,,unknown_no_dated_eddy_footprint,[],,source:7487b9a234864d2d,,published:darwin-2009-observed,state:NATR
claim:named_eddy_state:eddy:published:darwin-2009-observed:state:NECS,,,,,eddy:published:darwin-2009-observed,unresolved,,,named_eddy_state:eddy:published:darwin-2009-observed:state:NECS,,unknown_no_dated_eddy_footprint,[],,source:7487b9a234864d2d,,published:darwin-2009-observed,state:NECS
claim:named_eddy_state:eddy:published:darwin-2009-observed:state:NEWZ,,,,,eddy:published:darwin-2009-observed,unresolved,,,named_eddy_state:eddy:published:darwin-2009-observed:state:NEWZ,,unknown_no_dated_eddy_footprint,[],,source:7487b9a234864d2d,,published:darwin-2009-observed,state:NEWZ
claim:named_eddy_state:eddy:published:darwin-2009-observed:state:NPPF,,,,,eddy:published:darwin-2009-observed,unresolved,,,named_eddy_state:eddy:published:darwin-2009-observed:state:NPPF,,unknown_no_dated_eddy_footprint,[],,source:7487b9a234864d2d,,published:darwin-2009-observed,state:NPPF
claim:named_eddy_state:eddy:published:darwin-2009-observed:state:NPSE,,,,,eddy:published:darwin-2009-observed,unresolved,,,named_eddy_state:eddy:published:darwin-2009-observed:state:NPSE,,unknown_no_dated_eddy_footprint,[],,source:7487b9a234864d2d,,published:darwin-2009-observed,state:NPSE
claim:named_eddy_state:eddy:published:darwin-2009-observed:state:NPSW,,,,,eddy:published:darwin-2009-observed,unresolved,,,named_eddy_state:eddy:published:darwin-2009-observed:state:NPSW,,unknown_no_dated_eddy_footprint,[],,source:7487b9a234864d2d,,published:darwin-2009-observed,state:NPSW
claim:named_eddy_state:eddy:published:darwin-2009-observed:state:NPTG,,,,,eddy:published:darwin-2009-observed,unresolved,,,named_eddy_state:eddy:published:darwin-2009-observed:state:NPTG,,unknown_no_dated_eddy_footprint,[],,source:7487b9a234864d2d,,published:darwin-2009-observed,state:NPTG
claim:named_eddy_state:eddy:published:darwin-2009-observed:state:NWCS,,,,,eddy:published:darwin-2009-observed,unresolved,,,named_eddy_state:eddy:published:darwin-2009-observed:state:NWCS,,unknown_no_dated_eddy_footprint,[],,source:7487b9a234864d2d,,published:darwin-2009-observed,state:NWCS
claim:named_eddy_state:eddy:published:darwin-2009-observed:state:OCAL,,,,,eddy:published:darwin-2009-observed,unresolved,,,named_eddy_state:eddy:published:darwin-2009-observed:state:OCAL,,unknown_no_dated_eddy_footprint,[],,source:7487b9a234864d2d,,published:darwin-2009-observed,state:OCAL
claim:named_eddy_state:eddy:published:darwin-2009-observed:state:PEQD,,,,,eddy:published:darwin-2009-observed,unresolved,,,named_eddy_state:eddy:published:darwin-2009-observed:state:PEQD,,unknown_no_dated_eddy_footprint,[],,source:7487b9a234864d2d,,published:darwin-2009-observed,state:PEQD
claim:named_eddy_state:eddy:published:darwin-2009-observed:state:PNEC,,,,,eddy:published:darwin-2009-observed,unresolved,,,named_eddy_state:eddy:published:darwin-2009-observed:state:PNEC,,unknown_no_dated_eddy_footprint,[],,source:7487b9a234864d2d,,published:darwin-2009-observed,state:PNEC
claim:named_eddy_state:eddy:published:darwin-2009-observed:state:PSAE,,,,,eddy:published:darwin-2009-observed,unresolved,,,named_eddy_state:eddy:published:darwin-2009-observed:state:PSAE,,unknown_no_dated_eddy_footprint,[],,source:7487b9a234864d2d,,published:darwin-2009-observed,state:PSAE
claim:named_eddy_state:eddy:published:darwin-2009-observed:state:PSAW,,,,,eddy:published:darwin-2009-observed,unresolved,,,named_eddy_state:eddy:published:darwin-2009-observed:state:PSAW,,unknown_no_dated_eddy_footprint,[],,source:7487b9a234864d2d,,published:darwin-2009-observed,state:PSAW
claim:named_eddy_state:eddy:published:darwin-2009-observed:state:REDS,,,,,eddy:published:darwin-2009-observed,unresolved,,,named_eddy_state:eddy:published:darwin-2009-observed:state:REDS,,unknown_no_dated_eddy_footprint,[],,source:7487b9a234864d2d,,published:darwin-2009-observed,state:REDS
claim:named_eddy_state:eddy:published:darwin-2009-observed:state:SANT,,,,,eddy:published:darwin-2009-observed,unresolved,,,named_eddy_state:eddy:published:darwin-2009-observed:state:SANT,,unknown_no_dated_eddy_footprint,[],,source:7487b9a234864d2d,,published:darwin-2009-observed,state:SANT
claim:named_eddy_state:eddy:published:darwin-2009-observed:state:SARC,,,,,eddy:published:darwin-2009-observed,unresolved,,,named_eddy_state:eddy:published:darwin-2009-observed:state:SARC,,unknown_no_dated_eddy_footprint,[],,source:7487b9a234864d2d,,published:darwin-2009-observed,state:SARC
claim:named_eddy_state:eddy:published:darwin-2009-observed:state:SATL,,,,,eddy:published:darwin-2009-observed,unresolved,,,named_eddy_state:eddy:published:darwin-2009-observed:state:SATL,,unknown_no_dated_eddy_footprint,[],,source:7487b9a234864d2d,,published:darwin-2009-observed,state:SATL
claim:named_eddy_state:eddy:published:darwin-2009-observed:state:SPSG,,,,,eddy:published:darwin-2009-observed,unresolved,,,named_eddy_state:eddy:published:darwin-2009-observed:state:SPSG,,unknown_no_dated_eddy_footprint,[],,source:7487b9a234864d2d,,published:darwin-2009-observed,state:SPSG
claim:named_eddy_state:eddy:published:darwin-2009-observed:state:SSTC,,,,,eddy:published:darwin-2009-observed,unresolved,,,named_eddy_state:eddy:published:darwin-2009-observed:state:SSTC,,unknown_no_dated_eddy_footprint,[],,source:7487b9a234864d2d,,published:darwin-2009-observed,state:SSTC
claim:named_eddy_state:eddy:published:darwin-2009-observed:state:SUND,,,,,eddy:published:darwin-2009-observed,unresolved,,,named_eddy_state:eddy:published:darwin-2009-observed:state:SUND,,unknown_no_dated_eddy_footprint,[],,source:7487b9a234864d2d,,published:darwin-2009-observed,state:SUND
claim:named_eddy_state:eddy:published:darwin-2009-observed:state:TASM,,,,,eddy:published:darwin-2009-observed,unresolved,,,named_eddy_state:eddy:published:darwin-2009-observed:state:TASM,,unknown_no_dated_eddy_footprint,[],,source:7487b9a234864d2d,,published:darwin-2009-observed,state:TASM
claim:named_eddy_state:eddy:published:darwin-2009-observed:state:WARM,,,,,eddy:published:darwin-2009-observed,unresolved,,,named_eddy_state:eddy:published:darwin-2009-observed:state:WARM,,unknown_no_dated_eddy_footprint,[],,source:7487b9a234864d2d,,published:darwin-2009-observed,state:WARM
claim:named_eddy_state:eddy:published:darwin-2009-observed:state:WTRA,,,,,eddy:published:darwin-2009-observed,unresolved,,,named_eddy_state:eddy:published:darwin-2009-observed:state:WTRA,,unknown_no_dated_eddy_footprint,[],,source:7487b9a234864d2d,,published:darwin-2009-observed,state:WTRA
claim:named_eddy_state:eddy:geography:batumi-eddy-region:state:ALSK,,,,,eddy:geography:batumi-eddy-region,unresolved,,,named_eddy_state:eddy:geography:batumi-eddy-region:state:ALSK,,unknown_no_dated_eddy_footprint,[],,source:7487b9a234864d2d,,batumi-eddy-region,state:ALSK
claim:named_eddy_state:eddy:geography:batumi-eddy-region:state:ANTA,,,,,eddy:geography:batumi-eddy-region,unresolved,,,named_eddy_state:eddy:geography:batumi-eddy-region:state:ANTA,,unknown_no_dated_eddy_footprint,[],,source:7487b9a234864d2d,,batumi-eddy-region,state:ANTA
claim:named_eddy_state:eddy:geography:batumi-eddy-region:state:APLR,,,,,eddy:geography:batumi-eddy-region,unresolved,,,named_eddy_state:eddy:geography:batumi-eddy-region:state:APLR,,unknown_no_dated_eddy_footprint,[],,source:7487b9a234864d2d,,batumi-eddy-region,state:APLR
claim:named_eddy_state:eddy:geography:batumi-eddy-region:state:ARAB,,,,,eddy:geography:batumi-eddy-region,unresolved,,,named_eddy_state:eddy:geography:batumi-eddy-region:state:ARAB,,unknown_no_dated_eddy_footprint,[],,source:7487b9a234864d2d,,batumi-eddy-region,state:ARAB
claim:named_eddy_state:eddy:geography:batumi-eddy-region:state:ARCH,,,,,eddy:geography:batumi-eddy-region,unresolved,,,named_eddy_state:eddy:geography:batumi-eddy-region:state:ARCH,,unknown_no_dated_eddy_footprint,[],,source:7487b9a234864d2d,,batumi-eddy-region,state:ARCH
claim:named_eddy_state:eddy:geography:batumi-eddy-region:state:ARCT,,,,,eddy:geography:batumi-eddy-region,unresolved,,,named_eddy_state:eddy:geography:batumi-eddy-region:state:ARCT,,unknown_no_dated_eddy_footprint,[],,source:7487b9a234864d2d,,batumi-eddy-region,state:ARCT
claim:named_eddy_state:eddy:geography:batumi-eddy-region:state:AUSE,,,,,eddy:geography:batumi-eddy-region,unresolved,,,named_eddy_state:eddy:geography:batumi-eddy-region:state:AUSE,,unknown_no_dated_eddy_footprint,[],,source:7487b9a234864d2d,,batumi-eddy-region,state:AUSE
claim:named_eddy_state:eddy:geography:batumi-eddy-region:state:AUSW,,,,,eddy:geography:batumi-eddy-region,unresolved,,,named_eddy_state:eddy:geography:batumi-eddy-region:state:AUSW,,unknown_no_dated_eddy_footprint,[],,source:7487b9a234864d2d,,batumi-eddy-region,state:AUSW
claim:named_eddy_state:eddy:geography:batumi-eddy-region:state:BENG,,,,,eddy:geography:batumi-eddy-region,unresolved,,,named_eddy_state:eddy:geography:batumi-eddy-region:state:BENG,,unknown_no_dated_eddy_footprint,[],,source:7487b9a234864d2d,,batumi-eddy-region,state:BENG
claim:named_eddy_state:eddy:geography:batumi-eddy-region:state:BERS,,,,,eddy:geography:batumi-eddy-region,unresolved,,,named_eddy_state:eddy:geography:batumi-eddy-region:state:BERS,,unknown_no_dated_eddy_footprint,[],,source:7487b9a234864d2d,,batumi-eddy-region,state:BERS
claim:named_eddy_state:eddy:geography:batumi-eddy-region:state:BPLR,,,,,eddy:geography:batumi-eddy-region,unresolved,,,named_eddy_state:eddy:geography:batumi-eddy-region:state:BPLR,,unknown_no_dated_eddy_footprint,[],,source:7487b9a234864d2d,,batumi-eddy-region,state:BPLR
claim:named_eddy_state:eddy:geography:batumi-eddy-region:state:BRAZ,,,,,eddy:geography:batumi-eddy-region,unresolved,,,named_eddy_state:eddy:geography:batumi-eddy-region:state:BRAZ,,unknown_no_dated_eddy_footprint,[],,source:7487b9a234864d2d,,batumi-eddy-region,state:BRAZ
claim:named_eddy_state:eddy:geography:batumi-eddy-region:state:CAMR,,,,,eddy:geography:batumi-eddy-region,unresolved,,,named_eddy_state:eddy:geography:batumi-eddy-region:state:CAMR,,unknown_no_dated_eddy_footprint,[],,source:7487b9a234864d2d,,batumi-eddy-region,state:CAMR
claim:named_eddy_state:eddy:geography:batumi-eddy-region:state:CARB,,,,,eddy:geography:batumi-eddy-region,unresolved,,,named_eddy_state:eddy:geography:batumi-eddy-region:state:CARB,,unknown_no_dated_eddy_footprint,[],,source:7487b9a234864d2d,,batumi-eddy-region,state:CARB
claim:named_eddy_state:eddy:geography:batumi-eddy-region:state:CCAL,,,,,eddy:geography:batumi-eddy-region,unresolved,,,named_eddy_state:eddy:geography:batumi-eddy-region:state:CCAL,,unknown_no_dated_eddy_footprint,[],,source:7487b9a234864d2d,,batumi-eddy-region,state:CCAL
claim:named_eddy_state:eddy:geography:batumi-eddy-region:state:CHIN,,,,,eddy:geography:batumi-eddy-region,unresolved,,,named_eddy_state:eddy:geography:batumi-eddy-region:state:CHIN,,unknown_no_dated_eddy_footprint,[],,source:7487b9a234864d2d,,batumi-eddy-region,state:CHIN
claim:named_eddy_state:eddy:geography:batumi-eddy-region:state:CNRY,,,,,eddy:geography:batumi-eddy-region,unresolved,,,named_eddy_state:eddy:geography:batumi-eddy-region:state:CNRY,,unknown_no_dated_eddy_footprint,[],,source:7487b9a234864d2d,,batumi-eddy-region,state:CNRY
claim:named_eddy_state:eddy:geography:batumi-eddy-region:state:EAFR,,,,,eddy:geography:batumi-eddy-region,unresolved,,,named_eddy_state:eddy:geography:batumi-eddy-region:state:EAFR,,unknown_no_dated_eddy_footprint,[],,source:7487b9a234864d2d,,batumi-eddy-region,state:EAFR
claim:named_eddy_state:eddy:geography:batumi-eddy-region:state:ETRA,,,,,eddy:geography:batumi-eddy-region,unresolved,,,named_eddy_state:eddy:geography:batumi-eddy-region:state:ETRA,,unknown_no_dated_eddy_footprint,[],,source:7487b9a234864d2d,,batumi-eddy-region,state:ETRA
claim:named_eddy_state:eddy:geography:batumi-eddy-region:state:FKLD,,,,,eddy:geography:batumi-eddy-region,unresolved,,,named_eddy_state:eddy:geography:batumi-eddy-region:state:FKLD,,unknown_no_dated_eddy_footprint,[],,source:7487b9a234864d2d,,batumi-eddy-region,state:FKLD
claim:named_eddy_state:eddy:geography:batumi-eddy-region:state:GFST,,,,,eddy:geography:batumi-eddy-region,unresolved,,,named_eddy_state:eddy:geography:batumi-eddy-region:state:GFST,,unknown_no_dated_eddy_footprint,[],,source:7487b9a234864d2d,,batumi-eddy-region,state:GFST
claim:named_eddy_state:eddy:geography:batumi-eddy-region:state:GUIA,,,,,eddy:geography:batumi-eddy-region,unresolved,,,named_eddy_state:eddy:geography:batumi-eddy-region:state:GUIA,,unknown_no_dated_eddy_footprint,[],,source:7487b9a234864d2d,,batumi-eddy-region,state:GUIA
claim:named_eddy_state:eddy:geography:batumi-eddy-region:state:GUIN,,,,,eddy:geography:batumi-eddy-region,unresolved,,,named_eddy_state:eddy:geography:batumi-eddy-region:state:GUIN,,unknown_no_dated_eddy_footprint,[],,source:7487b9a234864d2d,,batumi-eddy-region,state:GUIN
claim:named_eddy_state:eddy:geography:batumi-eddy-region:state:HUMB,,,,,eddy:geography:batumi-eddy-region,unresolved,,,named_eddy_state:eddy:geography:batumi-eddy-region:state:HUMB,,unknown_no_dated_eddy_footprint,[],,source:7487b9a234864d2d,,batumi-eddy-region,state:HUMB
claim:named_eddy_state:eddy:geography:batumi-eddy-region:state:IND E,,,,,eddy:geography:batumi-eddy-region,unresolved,,,named_eddy_state:eddy:geography:batumi-eddy-region:state:IND E,,unknown_no_dated_eddy_footprint,[],,source:7487b9a234864d2d,,batumi-eddy-region,state:IND E
claim:named_eddy_state:eddy:geography:batumi-eddy-region:state:IND W,,,,,eddy:geography:batumi-eddy-region,unresolved,,,named_eddy_state:eddy:geography:batumi-eddy-region:state:IND W,,unknown_no_dated_eddy_footprint,[],,source:7487b9a234864d2d,,batumi-eddy-region,state:IND W
claim:named_eddy_state:eddy:geography:batumi-eddy-region:state:ISSG,,,,,eddy:geography:batumi-eddy-region,unresolved,,,named_eddy_state:eddy:geography:batumi-eddy-region:state:ISSG,,unknown_no_dated_eddy_footprint,[],,source:7487b9a234864d2d,,batumi-eddy-region,state:ISSG
claim:named_eddy_state:eddy:geography:batumi-eddy-region:state:KURO,,,,,eddy:geography:batumi-eddy-region,unresolved,,,named_eddy_state:eddy:geography:batumi-eddy-region:state:KURO,,unknown_no_dated_eddy_footprint,[],,source:7487b9a234864d2d,,batumi-eddy-region,state:KURO
claim:named_eddy_state:eddy:geography:batumi-eddy-region:state:MEDI,,,,,eddy:geography:batumi-eddy-region,unresolved,,,named_eddy_state:eddy:geography:batumi-eddy-region:state:MEDI,,unknown_no_dated_eddy_footprint,[],,source:7487b9a234864d2d,,batumi-eddy-region,state:MEDI
claim:named_eddy_state:eddy:geography:batumi-eddy-region:state:MONS,,,,,eddy:geography:batumi-eddy-region,unresolved,,,named_eddy_state:eddy:geography:batumi-eddy-region:state:MONS,,unknown_no_dated_eddy_footprint,[],,source:7487b9a234864d2d,,batumi-eddy-region,state:MONS
claim:named_eddy_state:eddy:geography:batumi-eddy-region:state:NADR,,,,,eddy:geography:batumi-eddy-region,unresolved,,,named_eddy_state:eddy:geography:batumi-eddy-region:state:NADR,,unknown_no_dated_eddy_footprint,[],,source:7487b9a234864d2d,,batumi-eddy-region,state:NADR
claim:named_eddy_state:eddy:geography:batumi-eddy-region:state:NAST E,,,,,eddy:geography:batumi-eddy-region,unresolved,,,named_eddy_state:eddy:geography:batumi-eddy-region:state:NAST E,,unknown_no_dated_eddy_footprint,[],,source:7487b9a234864d2d,,batumi-eddy-region,state:NAST E
claim:named_eddy_state:eddy:geography:batumi-eddy-region:state:NAST W,,,,,eddy:geography:batumi-eddy-region,unresolved,,,named_eddy_state:eddy:geography:batumi-eddy-region:state:NAST W,,unknown_no_dated_eddy_footprint,[],,source:7487b9a234864d2d,,batumi-eddy-region,state:NAST W
claim:named_eddy_state:eddy:geography:batumi-eddy-region:state:NATR,,,,,eddy:geography:batumi-eddy-region,unresolved,,,named_eddy_state:eddy:geography:batumi-eddy-region:state:NATR,,unknown_no_dated_eddy_footprint,[],,source:7487b9a234864d2d,,batumi-eddy-region,state:NATR
claim:named_eddy_state:eddy:geography:batumi-eddy-region:state:NECS,,,,,eddy:geography:batumi-eddy-region,unresolved,,,named_eddy_state:eddy:geography:batumi-eddy-region:state:NECS,,unknown_no_dated_eddy_footprint,[],,source:7487b9a234864d2d,,batumi-eddy-region,state:NECS
claim:named_eddy_state:eddy:geography:batumi-eddy-region:state:NEWZ,,,,,eddy:geography:batumi-eddy-region,unresolved,,,named_eddy_state:eddy:geography:batumi-eddy-region:state:NEWZ,,unknown_no_dated_eddy_footprint,[],,source:7487b9a234864d2d,,batumi-eddy-region,state:NEWZ
claim:named_eddy_state:eddy:geography:batumi-eddy-region:state:NPPF,,,,,eddy:geography:batumi-eddy-region,unresolved,,,named_eddy_state:eddy:geography:batumi-eddy-region:state:NPPF,,unknown_no_dated_eddy_footprint,[],,source:7487b9a234864d2d,,batumi-eddy-region,state:NPPF
claim:named_eddy_state:eddy:geography:batumi-eddy-region:state:NPSE,,,,,eddy:geography:batumi-eddy-region,unresolved,,,named_eddy_state:eddy:geography:batumi-eddy-region:state:NPSE,,unknown_no_dated_eddy_footprint,[],,source:7487b9a234864d2d,,batumi-eddy-region,state:NPSE
claim:named_eddy_state:eddy:geography:batumi-eddy-region:state:NPSW,,,,,eddy:geography:batumi-eddy-region,unresolved,,,named_eddy_state:eddy:geography:batumi-eddy-region:state:NPSW,,unknown_no_dated_eddy_footprint,[],,source:7487b9a234864d2d,,batumi-eddy-region,state:NPSW
claim:named_eddy_state:eddy:geography:batumi-eddy-region:state:NPTG,,,,,eddy:geography:batumi-eddy-region,unresolved,,,named_eddy_state:eddy:geography:batumi-eddy-region:state:NPTG,,unknown_no_dated_eddy_footprint,[],,source:7487b9a234864d2d,,batumi-eddy-region,state:NPTG
claim:named_eddy_state:eddy:geography:batumi-eddy-region:state:NWCS,,,,,eddy:geography:batumi-eddy-region,unresolved,,,named_eddy_state:eddy:geography:batumi-eddy-region:state:NWCS,,unknown_no_dated_eddy_footprint,[],,source:7487b9a234864d2d,,batumi-eddy-region,state:NWCS
claim:named_eddy_state:eddy:geography:batumi-eddy-region:state:OCAL,,,,,eddy:geography:batumi-eddy-region,unresolved,,,named_eddy_state:eddy:geography:batumi-eddy-region:state:OCAL,,unknown_no_dated_eddy_footprint,[],,source:7487b9a234864d2d,,batumi-eddy-region,state:OCAL
claim:named_eddy_state:eddy:geography:batumi-eddy-region:state:PEQD,,,,,eddy:geography:batumi-eddy-region,unresolved,,,named_eddy_state:eddy:geography:batumi-eddy-region:state:PEQD,,unknown_no_dated_eddy_footprint,[],,source:7487b9a234864d2d,,batumi-eddy-region,state:PEQD
claim:named_eddy_state:eddy:geography:batumi-eddy-region:state:PNEC,,,,,eddy:geography:batumi-eddy-region,unresolved,,,named_eddy_state:eddy:geography:batumi-eddy-region:state:PNEC,,unknown_no_dated_eddy_footprint,[],,source:7487b9a234864d2d,,batumi-eddy-region,state:PNEC
claim:named_eddy_state:eddy:geography:batumi-eddy-region:state:PSAE,,,,,eddy:geography:batumi-eddy-region,unresolved,,,named_eddy_state:eddy:geography:batumi-eddy-region:state:PSAE,,unknown_no_dated_eddy_footprint,[],,source:7487b9a234864d2d,,batumi-eddy-region,state:PSAE
claim:named_eddy_state:eddy:geography:batumi-eddy-region:state:PSAW,,,,,eddy:geography:batumi-eddy-region,unresolved,,,named_eddy_state:eddy:geography:batumi-eddy-region:state:PSAW,,unknown_no_dated_eddy_footprint,[],,source:7487b9a234864d2d,,batumi-eddy-region,state:PSAW
claim:named_eddy_state:eddy:geography:batumi-eddy-region:state:REDS,,,,,eddy:geography:batumi-eddy-region,unresolved,,,named_eddy_state:eddy:geography:batumi-eddy-region:state:REDS,,unknown_no_dated_eddy_footprint,[],,source:7487b9a234864d2d,,batumi-eddy-region,state:REDS
claim:named_eddy_state:eddy:geography:batumi-eddy-region:state:SANT,,,,,eddy:geography:batumi-eddy-region,unresolved,,,named_eddy_state:eddy:geography:batumi-eddy-region:state:SANT,,unknown_no_dated_eddy_footprint,[],,source:7487b9a234864d2d,,batumi-eddy-region,state:SANT
claim:named_eddy_state:eddy:geography:batumi-eddy-region:state:SARC,,,,,eddy:geography:batumi-eddy-region,unresolved,,,named_eddy_state:eddy:geography:batumi-eddy-region:state:SARC,,unknown_no_dated_eddy_footprint,[],,source:7487b9a234864d2d,,batumi-eddy-region,state:SARC
claim:named_eddy_state:eddy:geography:batumi-eddy-region:state:SATL,,,,,eddy:geography:batumi-eddy-region,unresolved,,,named_eddy_state:eddy:geography:batumi-eddy-region:state:SATL,,unknown_no_dated_eddy_footprint,[],,source:7487b9a234864d2d,,batumi-eddy-region,state:SATL
claim:named_eddy_state:eddy:geography:batumi-eddy-region:state:SPSG,,,,,eddy:geography:batumi-eddy-region,unresolved,,,named_eddy_state:eddy:geography:batumi-eddy-region:state:SPSG,,unknown_no_dated_eddy_footprint,[],,source:7487b9a234864d2d,,batumi-eddy-region,state:SPSG
claim:named_eddy_state:eddy:geography:batumi-eddy-region:state:SSTC,,,,,eddy:geography:batumi-eddy-region,unresolved,,,named_eddy_state:eddy:geography:batumi-eddy-region:state:SSTC,,unknown_no_dated_eddy_footprint,[],,source:7487b9a234864d2d,,batumi-eddy-region,state:SSTC
claim:named_eddy_state:eddy:geography:batumi-eddy-region:state:SUND,,,,,eddy:geography:batumi-eddy-region,unresolved,,,named_eddy_state:eddy:geography:batumi-eddy-region:state:SUND,,unknown_no_dated_eddy_footprint,[],,source:7487b9a234864d2d,,batumi-eddy-region,state:SUND
claim:named_eddy_state:eddy:geography:batumi-eddy-region:state:TASM,,,,,eddy:geography:batumi-eddy-region,unresolved,,,named_eddy_state:eddy:geography:batumi-eddy-region:state:TASM,,unknown_no_dated_eddy_footprint,[],,source:7487b9a234864d2d,,batumi-eddy-region,state:TASM
claim:named_eddy_state:eddy:geography:batumi-eddy-region:state:WARM,,,,,eddy:geography:batumi-eddy-region,unresolved,,,named_eddy_state:eddy:geography:batumi-eddy-region:state:WARM,,unknown_no_dated_eddy_footprint,[],,source:7487b9a234864d2d,,batumi-eddy-region,state:WARM
claim:named_eddy_state:eddy:geography:batumi-eddy-region:state:WTRA,,,,,eddy:geography:batumi-eddy-region,unresolved,,,named_eddy_state:eddy:geography:batumi-eddy-region:state:WTRA,,unknown_no_dated_eddy_footprint,[],,source:7487b9a234864d2d,,batumi-eddy-region,state:WTRA
claim:named_eddy_state:eddy:geography:bosphorus-eddy-region:state:ALSK,,,,,eddy:geography:bosphorus-eddy-region,unresolved,,,named_eddy_state:eddy:geography:bosphorus-eddy-region:state:ALSK,,unknown_no_dated_eddy_footprint,[],,source:7487b9a234864d2d,,bosphorus-eddy-region,state:ALSK
claim:named_eddy_state:eddy:geography:bosphorus-eddy-region:state:ANTA,,,,,eddy:geography:bosphorus-eddy-region,unresolved,,,named_eddy_state:eddy:geography:bosphorus-eddy-region:state:ANTA,,unknown_no_dated_eddy_footprint,[],,source:7487b9a234864d2d,,bosphorus-eddy-region,state:ANTA
claim:named_eddy_state:eddy:geography:bosphorus-eddy-region:state:APLR,,,,,eddy:geography:bosphorus-eddy-region,unresolved,,,named_eddy_state:eddy:geography:bosphorus-eddy-region:state:APLR,,unknown_no_dated_eddy_footprint,[],,source:7487b9a234864d2d,,bosphorus-eddy-region,state:APLR
claim:named_eddy_state:eddy:geography:bosphorus-eddy-region:state:ARAB,,,,,eddy:geography:bosphorus-eddy-region,unresolved,,,named_eddy_state:eddy:geography:bosphorus-eddy-region:state:ARAB,,unknown_no_dated_eddy_footprint,[],,source:7487b9a234864d2d,,bosphorus-eddy-region,state:ARAB
claim:named_eddy_state:eddy:geography:bosphorus-eddy-region:state:ARCH,,,,,eddy:geography:bosphorus-eddy-region,unresolved,,,named_eddy_state:eddy:geography:bosphorus-eddy-region:state:ARCH,,unknown_no_dated_eddy_footprint,[],,source:7487b9a234864d2d,,bosphorus-eddy-region,state:ARCH
claim:named_eddy_state:eddy:geography:bosphorus-eddy-region:state:ARCT,,,,,eddy:geography:bosphorus-eddy-region,unresolved,,,named_eddy_state:eddy:geography:bosphorus-eddy-region:state:ARCT,,unknown_no_dated_eddy_footprint,[],,source:7487b9a234864d2d,,bosphorus-eddy-region,state:ARCT
claim:named_eddy_state:eddy:geography:bosphorus-eddy-region:state:AUSE,,,,,eddy:geography:bosphorus-eddy-region,unresolved,,,named_eddy_state:eddy:geography:bosphorus-eddy-region:state:AUSE,,unknown_no_dated_eddy_footprint,[],,source:7487b9a234864d2d,,bosphorus-eddy-region,state:AUSE
claim:named_eddy_state:eddy:geography:bosphorus-eddy-region:state:AUSW,,,,,eddy:geography:bosphorus-eddy-region,unresolved,,,named_eddy_state:eddy:geography:bosphorus-eddy-region:state:AUSW,,unknown_no_dated_eddy_footprint,[],,source:7487b9a234864d2d,,bosphorus-eddy-region,state:AUSW
claim:named_eddy_state:eddy:geography:bosphorus-eddy-region:state:BENG,,,,,eddy:geography:bosphorus-eddy-region,unresolved,,,named_eddy_state:eddy:geography:bosphorus-eddy-region:state:BENG,,unknown_no_dated_eddy_footprint,[],,source:7487b9a234864d2d,,bosphorus-eddy-region,state:BENG
claim:named_eddy_state:eddy:geography:bosphorus-eddy-region:state:BERS,,,,,eddy:geography:bosphorus-eddy-region,unresolved,,,named_eddy_state:eddy:geography:bosphorus-eddy-region:state:BERS,,unknown_no_dated_eddy_footprint,[],,source:7487b9a234864d2d,,bosphorus-eddy-region,state:BERS
claim:named_eddy_state:eddy:geography:bosphorus-eddy-region:state:BPLR,,,,,eddy:geography:bosphorus-eddy-region,unresolved,,,named_eddy_state:eddy:geography:bosphorus-eddy-region:state:BPLR,,unknown_no_dated_eddy_footprint,[],,source:7487b9a234864d2d,,bosphorus-eddy-region,state:BPLR
claim:named_eddy_state:eddy:geography:bosphorus-eddy-region:state:BRAZ,,,,,eddy:geography:bosphorus-eddy-region,unresolved,,,named_eddy_state:eddy:geography:bosphorus-eddy-region:state:BRAZ,,unknown_no_dated_eddy_footprint,[],,source:7487b9a234864d2d,,bosphorus-eddy-region,state:BRAZ
claim:named_eddy_state:eddy:geography:bosphorus-eddy-region:state:CAMR,,,,,eddy:geography:bosphorus-eddy-region,unresolved,,,named_eddy_state:eddy:geography:bosphorus-eddy-region:state:CAMR,,unknown_no_dated_eddy_footprint,[],,source:7487b9a234864d2d,,bosphorus-eddy-region,state:CAMR
claim:named_eddy_state:eddy:geography:bosphorus-eddy-region:state:CARB,,,,,eddy:geography:bosphorus-eddy-region,unresolved,,,named_eddy_state:eddy:geography:bosphorus-eddy-region:state:CARB,,unknown_no_dated_eddy_footprint,[],,source:7487b9a234864d2d,,bosphorus-eddy-region,state:CARB
claim:named_eddy_state:eddy:geography:bosphorus-eddy-region:state:CCAL,,,,,eddy:geography:bosphorus-eddy-region,unresolved,,,named_eddy_state:eddy:geography:bosphorus-eddy-region:state:CCAL,,unknown_no_dated_eddy_footprint,[],,source:7487b9a234864d2d,,bosphorus-eddy-region,state:CCAL
claim:named_eddy_state:eddy:geography:bosphorus-eddy-region:state:CHIN,,,,,eddy:geography:bosphorus-eddy-region,unresolved,,,named_eddy_state:eddy:geography:bosphorus-eddy-region:state:CHIN,,unknown_no_dated_eddy_footprint,[],,source:7487b9a234864d2d,,bosphorus-eddy-region,state:CHIN
claim:named_eddy_state:eddy:geography:bosphorus-eddy-region:state:CNRY,,,,,eddy:geography:bosphorus-eddy-region,unresolved,,,named_eddy_state:eddy:geography:bosphorus-eddy-region:state:CNRY,,unknown_no_dated_eddy_footprint,[],,source:7487b9a234864d2d,,bosphorus-eddy-region,state:CNRY
claim:named_eddy_state:eddy:geography:bosphorus-eddy-region:state:EAFR,,,,,eddy:geography:bosphorus-eddy-region,unresolved,,,named_eddy_state:eddy:geography:bosphorus-eddy-region:state:EAFR,,unknown_no_dated_eddy_footprint,[],,source:7487b9a234864d2d,,bosphorus-eddy-region,state:EAFR
claim:named_eddy_state:eddy:geography:bosphorus-eddy-region:state:ETRA,,,,,eddy:geography:bosphorus-eddy-region,unresolved,,,named_eddy_state:eddy:geography:bosphorus-eddy-region:state:ETRA,,unknown_no_dated_eddy_footprint,[],,source:7487b9a234864d2d,,bosphorus-eddy-region,state:ETRA
claim:named_eddy_state:eddy:geography:bosphorus-eddy-region:state:FKLD,,,,,eddy:geography:bosphorus-eddy-region,unresolved,,,named_eddy_state:eddy:geography:bosphorus-eddy-region:state:FKLD,,unknown_no_dated_eddy_footprint,[],,source:7487b9a234864d2d,,bosphorus-eddy-region,state:FKLD
claim:named_eddy_state:eddy:geography:bosphorus-eddy-region:state:GFST,,,,,eddy:geography:bosphorus-eddy-region,unresolved,,,named_eddy_state:eddy:geography:bosphorus-eddy-region:state:GFST,,unknown_no_dated_eddy_footprint,[],,source:7487b9a234864d2d,,bosphorus-eddy-region,state:GFST
claim:named_eddy_state:eddy:geography:bosphorus-eddy-region:state:GUIA,,,,,eddy:geography:bosphorus-eddy-region,unresolved,,,named_eddy_state:eddy:geography:bosphorus-eddy-region:state:GUIA,,unknown_no_dated_eddy_footprint,[],,source:7487b9a234864d2d,,bosphorus-eddy-region,state:GUIA
claim:named_eddy_state:eddy:geography:bosphorus-eddy-region:state:GUIN,,,,,eddy:geography:bosphorus-eddy-region,unresolved,,,named_eddy_state:eddy:geography:bosphorus-eddy-region:state:GUIN,,unknown_no_dated_eddy_footprint,[],,source:7487b9a234864d2d,,bosphorus-eddy-region,state:GUIN
claim:named_eddy_state:eddy:geography:bosphorus-eddy-region:state:HUMB,,,,,eddy:geography:bosphorus-eddy-region,unresolved,,,named_eddy_state:eddy:geography:bosphorus-eddy-region:state:HUMB,,unknown_no_dated_eddy_footprint,[],,source:7487b9a234864d2d,,bosphorus-eddy-region,state:HUMB
claim:named_eddy_state:eddy:geography:bosphorus-eddy-region:state:IND E,,,,,eddy:geography:bosphorus-eddy-region,unresolved,,,named_eddy_state:eddy:geography:bosphorus-eddy-region:state:IND E,,unknown_no_dated_eddy_footprint,[],,source:7487b9a234864d2d,,bosphorus-eddy-region,state:IND E
claim:named_eddy_state:eddy:geography:bosphorus-eddy-region:state:IND W,,,,,eddy:geography:bosphorus-eddy-region,unresolved,,,named_eddy_state:eddy:geography:bosphorus-eddy-region:state:IND W,,unknown_no_dated_eddy_footprint,[],,source:7487b9a234864d2d,,bosphorus-eddy-region,state:IND W
claim:named_eddy_state:eddy:geography:bosphorus-eddy-region:state:ISSG,,,,,eddy:geography:bosphorus-eddy-region,unresolved,,,named_eddy_state:eddy:geography:bosphorus-eddy-region:state:ISSG,,unknown_no_dated_eddy_footprint,[],,source:7487b9a234864d2d,,bosphorus-eddy-region,state:ISSG
claim:named_eddy_state:eddy:geography:bosphorus-eddy-region:state:KURO,,,,,eddy:geography:bosphorus-eddy-region,unresolved,,,named_eddy_state:eddy:geography:bosphorus-eddy-region:state:KURO,,unknown_no_dated_eddy_footprint,[],,source:7487b9a234864d2d,,bosphorus-eddy-region,state:KURO
claim:named_eddy_state:eddy:geography:bosphorus-eddy-region:state:MEDI,,,,,eddy:geography:bosphorus-eddy-region,unresolved,,,named_eddy_state:eddy:geography:bosphorus-eddy-region:state:MEDI,,unknown_no_dated_eddy_footprint,[],,source:7487b9a234864d2d,,bosphorus-eddy-region,state:MEDI
claim:named_eddy_state:eddy:geography:bosphorus-eddy-region:state:MONS,,,,,eddy:geography:bosphorus-eddy-region,unresolved,,,named_eddy_state:eddy:geography:bosphorus-eddy-region:state:MONS,,unknown_no_dated_eddy_footprint,[],,source:7487b9a234864d2d,,bosphorus-eddy-region,state:MONS
claim:named_eddy_state:eddy:geography:bosphorus-eddy-region:state:NADR,,,,,eddy:geography:bosphorus-eddy-region,unresolved,,,named_eddy_state:eddy:geography:bosphorus-eddy-region:state:NADR,,unknown_no_dated_eddy_footprint,[],,source:7487b9a234864d2d,,bosphorus-eddy-region,state:NADR
claim:named_eddy_state:eddy:geography:bosphorus-eddy-region:state:NAST E,,,,,eddy:geography:bosphorus-eddy-region,unresolved,,,named_eddy_state:eddy:geography:bosphorus-eddy-region:state:NAST E,,unknown_no_dated_eddy_footprint,[],,source:7487b9a234864d2d,,bosphorus-eddy-region,state:NAST E
claim:named_eddy_state:eddy:geography:bosphorus-eddy-region:state:NAST W,,,,,eddy:geography:bosphorus-eddy-region,unresolved,,,named_eddy_state:eddy:geography:bosphorus-eddy-region:state:NAST W,,unknown_no_dated_eddy_footprint,[],,source:7487b9a234864d2d,,bosphorus-eddy-region,state:NAST W
claim:named_eddy_state:eddy:geography:bosphorus-eddy-region:state:NATR,,,,,eddy:geography:bosphorus-eddy-region,unresolved,,,named_eddy_state:eddy:geography:bosphorus-eddy-region:state:NATR,,unknown_no_dated_eddy_footprint,[],,source:7487b9a234864d2d,,bosphorus-eddy-region,state:NATR
claim:named_eddy_state:eddy:geography:bosphorus-eddy-region:state:NECS,,,,,eddy:geography:bosphorus-eddy-region,unresolved,,,named_eddy_state:eddy:geography:bosphorus-eddy-region:state:NECS,,unknown_no_dated_eddy_footprint,[],,source:7487b9a234864d2d,,bosphorus-eddy-region,state:NECS
claim:named_eddy_state:eddy:geography:bosphorus-eddy-region:state:NEWZ,,,,,eddy:geography:bosphorus-eddy-region,unresolved,,,named_eddy_state:eddy:geography:bosphorus-eddy-region:state:NEWZ,,unknown_no_dated_eddy_footprint,[],,source:7487b9a234864d2d,,bosphorus-eddy-region,state:NEWZ
claim:named_eddy_state:eddy:geography:bosphorus-eddy-region:state:NPPF,,,,,eddy:geography:bosphorus-eddy-region,unresolved,,,named_eddy_state:eddy:geography:bosphorus-eddy-region:state:NPPF,,unknown_no_dated_eddy_footprint,[],,source:7487b9a234864d2d,,bosphorus-eddy-region,state:NPPF
claim:named_eddy_state:eddy:geography:bosphorus-eddy-region:state:NPSE,,,,,eddy:geography:bosphorus-eddy-region,unresolved,,,named_eddy_state:eddy:geography:bosphorus-eddy-region:state:NPSE,,unknown_no_dated_eddy_footprint,[],,source:7487b9a234864d2d,,bosphorus-eddy-region,state:NPSE
claim:named_eddy_state:eddy:geography:bosphorus-eddy-region:state:NPSW,,,,,eddy:geography:bosphorus-eddy-region,unresolved,,,named_eddy_state:eddy:geography:bosphorus-eddy-region:state:NPSW,,unknown_no_dated_eddy_footprint,[],,source:7487b9a234864d2d,,bosphorus-eddy-region,state:NPSW
claim:named_eddy_state:eddy:geography:bosphorus-eddy-region:state:NPTG,,,,,eddy:geography:bosphorus-eddy-region,unresolved,,,named_eddy_state:eddy:geography:bosphorus-eddy-region:state:NPTG,,unknown_no_dated_eddy_footprint,[],,source:7487b9a234864d2d,,bosphorus-eddy-region,state:NPTG
claim:named_eddy_state:eddy:geography:bosphorus-eddy-region:state:NWCS,,,,,eddy:geography:bosphorus-eddy-region,unresolved,,,named_eddy_state:eddy:geography:bosphorus-eddy-region:state:NWCS,,unknown_no_dated_eddy_footprint,[],,source:7487b9a234864d2d,,bosphorus-eddy-region,state:NWCS
claim:named_eddy_state:eddy:geography:bosphorus-eddy-region:state:OCAL,,,,,eddy:geography:bosphorus-eddy-region,unresolved,,,named_eddy_state:eddy:geography:bosphorus-eddy-region:state:OCAL,,unknown_no_dated_eddy_footprint,[],,source:7487b9a234864d2d,,bosphorus-eddy-region,state:OCAL
claim:named_eddy_state:eddy:geography:bosphorus-eddy-region:state:PEQD,,,,,eddy:geography:bosphorus-eddy-region,unresolved,,,named_eddy_state:eddy:geography:bosphorus-eddy-region:state:PEQD,,unknown_no_dated_eddy_footprint,[],,source:7487b9a234864d2d,,bosphorus-eddy-region,state:PEQD
claim:named_eddy_state:eddy:geography:bosphorus-eddy-region:state:PNEC,,,,,eddy:geography:bosphorus-eddy-region,unresolved,,,named_eddy_state:eddy:geography:bosphorus-eddy-region:state:PNEC,,unknown_no_dated_eddy_footprint,[],,source:7487b9a234864d2d,,bosphorus-eddy-region,state:PNEC
claim:named_eddy_state:eddy:geography:bosphorus-eddy-region:state:PSAE,,,,,eddy:geography:bosphorus-eddy-region,unresolved,,,named_eddy_state:eddy:geography:bosphorus-eddy-region:state:PSAE,,unknown_no_dated_eddy_footprint,[],,source:7487b9a234864d2d,,bosphorus-eddy-region,state:PSAE
claim:named_eddy_state:eddy:geography:bosphorus-eddy-region:state:PSAW,,,,,eddy:geography:bosphorus-eddy-region,unresolved,,,named_eddy_state:eddy:geography:bosphorus-eddy-region:state:PSAW,,unknown_no_dated_eddy_footprint,[],,source:7487b9a234864d2d,,bosphorus-eddy-region,state:PSAW
claim:named_eddy_state:eddy:geography:bosphorus-eddy-region:state:REDS,,,,,eddy:geography:bosphorus-eddy-region,unresolved,,,named_eddy_state:eddy:geography:bosphorus-eddy-region:state:REDS,,unknown_no_dated_eddy_footprint,[],,source:7487b9a234864d2d,,bosphorus-eddy-region,state:REDS
claim:named_eddy_state:eddy:geography:bosphorus-eddy-region:state:SANT,,,,,eddy:geography:bosphorus-eddy-region,unresolved,,,named_eddy_state:eddy:geography:bosphorus-eddy-region:state:SANT,,unknown_no_dated_eddy_footprint,[],,source:7487b9a234864d2d,,bosphorus-eddy-region,state:SANT
claim:named_eddy_state:eddy:geography:bosphorus-eddy-region:state:SARC,,,,,eddy:geography:bosphorus-eddy-region,unresolved,,,named_eddy_state:eddy:geography:bosphorus-eddy-region:state:SARC,,unknown_no_dated_eddy_footprint,[],,source:7487b9a234864d2d,,bosphorus-eddy-region,state:SARC
claim:named_eddy_state:eddy:geography:bosphorus-eddy-region:state:SATL,,,,,eddy:geography:bosphorus-eddy-region,unresolved,,,named_eddy_state:eddy:geography:bosphorus-eddy-region:state:SATL,,unknown_no_dated_eddy_footprint,[],,source:7487b9a234864d2d,,bosphorus-eddy-region,state:SATL
claim:named_eddy_state:eddy:geography:bosphorus-eddy-region:state:SPSG,,,,,eddy:geography:bosphorus-eddy-region,unresolved,,,named_eddy_state:eddy:geography:bosphorus-eddy-region:state:SPSG,,unknown_no_dated_eddy_footprint,[],,source:7487b9a234864d2d,,bosphorus-eddy-region,state:SPSG
claim:named_eddy_state:eddy:geography:bosphorus-eddy-region:state:SSTC,,,,,eddy:geography:bosphorus-eddy-region,unresolved,,,named_eddy_state:eddy:geography:bosphorus-eddy-region:state:SSTC,,unknown_no_dated_eddy_footprint,[],,source:7487b9a234864d2d,,bosphorus-eddy-region,state:SSTC
claim:named_eddy_state:eddy:geography:bosphorus-eddy-region:state:SUND,,,,,eddy:geography:bosphorus-eddy-region,unresolved,,,named_eddy_state:eddy:geography:bosphorus-eddy-region:state:SUND,,unknown_no_dated_eddy_footprint,[],,source:7487b9a234864d2d,,bosphorus-eddy-region,state:SUND
claim:named_eddy_state:eddy:geography:bosphorus-eddy-region:state:TASM,,,,,eddy:geography:bosphorus-eddy-region,unresolved,,,named_eddy_state:eddy:geography:bosphorus-eddy-region:state:TASM,,unknown_no_dated_eddy_footprint,[],,source:7487b9a234864d2d,,bosphorus-eddy-region,state:TASM
claim:named_eddy_state:eddy:geography:bosphorus-eddy-region:state:WARM,,,,,eddy:geography:bosphorus-eddy-region,unresolved,,,named_eddy_state:eddy:geography:bosphorus-eddy-region:state:WARM,,unknown_no_dated_eddy_footprint,[],,source:7487b9a234864d2d,,bosphorus-eddy-region,state:WARM
claim:named_eddy_state:eddy:geography:bosphorus-eddy-region:state:WTRA,,,,,eddy:geography:bosphorus-eddy-region,unresolved,,,named_eddy_state:eddy:geography:bosphorus-eddy-region:state:WTRA,,unknown_no_dated_eddy_footprint,[],,source:7487b9a234864d2d,,bosphorus-eddy-region,state:WTRA
claim:named_eddy_state:eddy:geography:sukhumi-eddy-region:state:ALSK,,,,,eddy:geography:sukhumi-eddy-region,unresolved,,,named_eddy_state:eddy:geography:sukhumi-eddy-region:state:ALSK,,unknown_no_dated_eddy_footprint,[],,source:7487b9a234864d2d,,sukhumi-eddy-region,state:ALSK
claim:named_eddy_state:eddy:geography:sukhumi-eddy-region:state:ANTA,,,,,eddy:geography:sukhumi-eddy-region,unresolved,,,named_eddy_state:eddy:geography:sukhumi-eddy-region:state:ANTA,,unknown_no_dated_eddy_footprint,[],,source:7487b9a234864d2d,,sukhumi-eddy-region,state:ANTA
claim:named_eddy_state:eddy:geography:sukhumi-eddy-region:state:APLR,,,,,eddy:geography:sukhumi-eddy-region,unresolved,,,named_eddy_state:eddy:geography:sukhumi-eddy-region:state:APLR,,unknown_no_dated_eddy_footprint,[],,source:7487b9a234864d2d,,sukhumi-eddy-region,state:APLR
claim:named_eddy_state:eddy:geography:sukhumi-eddy-region:state:ARAB,,,,,eddy:geography:sukhumi-eddy-region,unresolved,,,named_eddy_state:eddy:geography:sukhumi-eddy-region:state:ARAB,,unknown_no_dated_eddy_footprint,[],,source:7487b9a234864d2d,,sukhumi-eddy-region,state:ARAB
claim:named_eddy_state:eddy:geography:sukhumi-eddy-region:state:ARCH,,,,,eddy:geography:sukhumi-eddy-region,unresolved,,,named_eddy_state:eddy:geography:sukhumi-eddy-region:state:ARCH,,unknown_no_dated_eddy_footprint,[],,source:7487b9a234864d2d,,sukhumi-eddy-region,state:ARCH
claim:named_eddy_state:eddy:geography:sukhumi-eddy-region:state:ARCT,,,,,eddy:geography:sukhumi-eddy-region,unresolved,,,named_eddy_state:eddy:geography:sukhumi-eddy-region:state:ARCT,,unknown_no_dated_eddy_footprint,[],,source:7487b9a234864d2d,,sukhumi-eddy-region,state:ARCT
claim:named_eddy_state:eddy:geography:sukhumi-eddy-region:state:AUSE,,,,,eddy:geography:sukhumi-eddy-region,unresolved,,,named_eddy_state:eddy:geography:sukhumi-eddy-region:state:AUSE,,unknown_no_dated_eddy_footprint,[],,source:7487b9a234864d2d,,sukhumi-eddy-region,state:AUSE
claim:named_eddy_state:eddy:geography:sukhumi-eddy-region:state:AUSW,,,,,eddy:geography:sukhumi-eddy-region,unresolved,,,named_eddy_state:eddy:geography:sukhumi-eddy-region:state:AUSW,,unknown_no_dated_eddy_footprint,[],,source:7487b9a234864d2d,,sukhumi-eddy-region,state:AUSW
claim:named_eddy_state:eddy:geography:sukhumi-eddy-region:state:BENG,,,,,eddy:geography:sukhumi-eddy-region,unresolved,,,named_eddy_state:eddy:geography:sukhumi-eddy-region:state:BENG,,unknown_no_dated_eddy_footprint,[],,source:7487b9a234864d2d,,sukhumi-eddy-region,state:BENG
claim:named_eddy_state:eddy:geography:sukhumi-eddy-region:state:BERS,,,,,eddy:geography:sukhumi-eddy-region,unresolved,,,named_eddy_state:eddy:geography:sukhumi-eddy-region:state:BERS,,unknown_no_dated_eddy_footprint,[],,source:7487b9a234864d2d,,sukhumi-eddy-region,state:BERS
claim:named_eddy_state:eddy:geography:sukhumi-eddy-region:state:BPLR,,,,,eddy:geography:sukhumi-eddy-region,unresolved,,,named_eddy_state:eddy:geography:sukhumi-eddy-region:state:BPLR,,unknown_no_dated_eddy_footprint,[],,source:7487b9a234864d2d,,sukhumi-eddy-region,state:BPLR
claim:named_eddy_state:eddy:geography:sukhumi-eddy-region:state:BRAZ,,,,,eddy:geography:sukhumi-eddy-region,unresolved,,,named_eddy_state:eddy:geography:sukhumi-eddy-region:state:BRAZ,,unknown_no_dated_eddy_footprint,[],,source:7487b9a234864d2d,,sukhumi-eddy-region,state:BRAZ
claim:named_eddy_state:eddy:geography:sukhumi-eddy-region:state:CAMR,,,,,eddy:geography:sukhumi-eddy-region,unresolved,,,named_eddy_state:eddy:geography:sukhumi-eddy-region:state:CAMR,,unknown_no_dated_eddy_footprint,[],,source:7487b9a234864d2d,,sukhumi-eddy-region,state:CAMR
claim:named_eddy_state:eddy:geography:sukhumi-eddy-region:state:CARB,,,,,eddy:geography:sukhumi-eddy-region,unresolved,,,named_eddy_state:eddy:geography:sukhumi-eddy-region:state:CARB,,unknown_no_dated_eddy_footprint,[],,source:7487b9a234864d2d,,sukhumi-eddy-region,state:CARB
claim:named_eddy_state:eddy:geography:sukhumi-eddy-region:state:CCAL,,,,,eddy:geography:sukhumi-eddy-region,unresolved,,,named_eddy_state:eddy:geography:sukhumi-eddy-region:state:CCAL,,unknown_no_dated_eddy_footprint,[],,source:7487b9a234864d2d,,sukhumi-eddy-region,state:CCAL
claim:named_eddy_state:eddy:geography:sukhumi-eddy-region:state:CHIN,,,,,eddy:geography:sukhumi-eddy-region,unresolved,,,named_eddy_state:eddy:geography:sukhumi-eddy-region:state:CHIN,,unknown_no_dated_eddy_footprint,[],,source:7487b9a234864d2d,,sukhumi-eddy-region,state:CHIN
claim:named_eddy_state:eddy:geography:sukhumi-eddy-region:state:CNRY,,,,,eddy:geography:sukhumi-eddy-region,unresolved,,,named_eddy_state:eddy:geography:sukhumi-eddy-region:state:CNRY,,unknown_no_dated_eddy_footprint,[],,source:7487b9a234864d2d,,sukhumi-eddy-region,state:CNRY
claim:named_eddy_state:eddy:geography:sukhumi-eddy-region:state:EAFR,,,,,eddy:geography:sukhumi-eddy-region,unresolved,,,named_eddy_state:eddy:geography:sukhumi-eddy-region:state:EAFR,,unknown_no_dated_eddy_footprint,[],,source:7487b9a234864d2d,,sukhumi-eddy-region,state:EAFR
claim:named_eddy_state:eddy:geography:sukhumi-eddy-region:state:ETRA,,,,,eddy:geography:sukhumi-eddy-region,unresolved,,,named_eddy_state:eddy:geography:sukhumi-eddy-region:state:ETRA,,unknown_no_dated_eddy_footprint,[],,source:7487b9a234864d2d,,sukhumi-eddy-region,state:ETRA
claim:named_eddy_state:eddy:geography:sukhumi-eddy-region:state:FKLD,,,,,eddy:geography:sukhumi-eddy-region,unresolved,,,named_eddy_state:eddy:geography:sukhumi-eddy-region:state:FKLD,,unknown_no_dated_eddy_footprint,[],,source:7487b9a234864d2d,,sukhumi-eddy-region,state:FKLD
claim:named_eddy_state:eddy:geography:sukhumi-eddy-region:state:GFST,,,,,eddy:geography:sukhumi-eddy-region,unresolved,,,named_eddy_state:eddy:geography:sukhumi-eddy-region:state:GFST,,unknown_no_dated_eddy_footprint,[],,source:7487b9a234864d2d,,sukhumi-eddy-region,state:GFST
claim:named_eddy_state:eddy:geography:sukhumi-eddy-region:state:GUIA,,,,,eddy:geography:sukhumi-eddy-region,unresolved,,,named_eddy_state:eddy:geography:sukhumi-eddy-region:state:GUIA,,unknown_no_dated_eddy_footprint,[],,source:7487b9a234864d2d,,sukhumi-eddy-region,state:GUIA
claim:named_eddy_state:eddy:geography:sukhumi-eddy-region:state:GUIN,,,,,eddy:geography:sukhumi-eddy-region,unresolved,,,named_eddy_state:eddy:geography:sukhumi-eddy-region:state:GUIN,,unknown_no_dated_eddy_footprint,[],,source:7487b9a234864d2d,,sukhumi-eddy-region,state:GUIN
claim:named_eddy_state:eddy:geography:sukhumi-eddy-region:state:HUMB,,,,,eddy:geography:sukhumi-eddy-region,unresolved,,,named_eddy_state:eddy:geography:sukhumi-eddy-region:state:HUMB,,unknown_no_dated_eddy_footprint,[],,source:7487b9a234864d2d,,sukhumi-eddy-region,state:HUMB
claim:named_eddy_state:eddy:geography:sukhumi-eddy-region:state:IND E,,,,,eddy:geography:sukhumi-eddy-region,unresolved,,,named_eddy_state:eddy:geography:sukhumi-eddy-region:state:IND E,,unknown_no_dated_eddy_footprint,[],,source:7487b9a234864d2d,,sukhumi-eddy-region,state:IND E
claim:named_eddy_state:eddy:geography:sukhumi-eddy-region:state:IND W,,,,,eddy:geography:sukhumi-eddy-region,unresolved,,,named_eddy_state:eddy:geography:sukhumi-eddy-region:state:IND W,,unknown_no_dated_eddy_footprint,[],,source:7487b9a234864d2d,,sukhumi-eddy-region,state:IND W
claim:named_eddy_state:eddy:geography:sukhumi-eddy-region:state:ISSG,,,,,eddy:geography:sukhumi-eddy-region,unresolved,,,named_eddy_state:eddy:geography:sukhumi-eddy-region:state:ISSG,,unknown_no_dated_eddy_footprint,[],,source:7487b9a234864d2d,,sukhumi-eddy-region,state:ISSG
claim:named_eddy_state:eddy:geography:sukhumi-eddy-region:state:KURO,,,,,eddy:geography:sukhumi-eddy-region,unresolved,,,named_eddy_state:eddy:geography:sukhumi-eddy-region:state:KURO,,unknown_no_dated_eddy_footprint,[],,source:7487b9a234864d2d,,sukhumi-eddy-region,state:KURO
claim:named_eddy_state:eddy:geography:sukhumi-eddy-region:state:MEDI,,,,,eddy:geography:sukhumi-eddy-region,unresolved,,,named_eddy_state:eddy:geography:sukhumi-eddy-region:state:MEDI,,unknown_no_dated_eddy_footprint,[],,source:7487b9a234864d2d,,sukhumi-eddy-region,state:MEDI
claim:named_eddy_state:eddy:geography:sukhumi-eddy-region:state:MONS,,,,,eddy:geography:sukhumi-eddy-region,unresolved,,,named_eddy_state:eddy:geography:sukhumi-eddy-region:state:MONS,,unknown_no_dated_eddy_footprint,[],,source:7487b9a234864d2d,,sukhumi-eddy-region,state:MONS
claim:named_eddy_state:eddy:geography:sukhumi-eddy-region:state:NADR,,,,,eddy:geography:sukhumi-eddy-region,unresolved,,,named_eddy_state:eddy:geography:sukhumi-eddy-region:state:NADR,,unknown_no_dated_eddy_footprint,[],,source:7487b9a234864d2d,,sukhumi-eddy-region,state:NADR
claim:named_eddy_state:eddy:geography:sukhumi-eddy-region:state:NAST E,,,,,eddy:geography:sukhumi-eddy-region,unresolved,,,named_eddy_state:eddy:geography:sukhumi-eddy-region:state:NAST E,,unknown_no_dated_eddy_footprint,[],,source:7487b9a234864d2d,,sukhumi-eddy-region,state:NAST E
claim:named_eddy_state:eddy:geography:sukhumi-eddy-region:state:NAST W,,,,,eddy:geography:sukhumi-eddy-region,unresolved,,,named_eddy_state:eddy:geography:sukhumi-eddy-region:state:NAST W,,unknown_no_dated_eddy_footprint,[],,source:7487b9a234864d2d,,sukhumi-eddy-region,state:NAST W
claim:named_eddy_state:eddy:geography:sukhumi-eddy-region:state:NATR,,,,,eddy:geography:sukhumi-eddy-region,unresolved,,,named_eddy_state:eddy:geography:sukhumi-eddy-region:state:NATR,,unknown_no_dated_eddy_footprint,[],,source:7487b9a234864d2d,,sukhumi-eddy-region,state:NATR
claim:named_eddy_state:eddy:geography:sukhumi-eddy-region:state:NECS,,,,,eddy:geography:sukhumi-eddy-region,unresolved,,,named_eddy_state:eddy:geography:sukhumi-eddy-region:state:NECS,,unknown_no_dated_eddy_footprint,[],,source:7487b9a234864d2d,,sukhumi-eddy-region,state:NECS
claim:named_eddy_state:eddy:geography:sukhumi-eddy-region:state:NEWZ,,,,,eddy:geography:sukhumi-eddy-region,unresolved,,,named_eddy_state:eddy:geography:sukhumi-eddy-region:state:NEWZ,,unknown_no_dated_eddy_footprint,[],,source:7487b9a234864d2d,,sukhumi-eddy-region,state:NEWZ
claim:named_eddy_state:eddy:geography:sukhumi-eddy-region:state:NPPF,,,,,eddy:geography:sukhumi-eddy-region,unresolved,,,named_eddy_state:eddy:geography:sukhumi-eddy-region:state:NPPF,,unknown_no_dated_eddy_footprint,[],,source:7487b9a234864d2d,,sukhumi-eddy-region,state:NPPF
claim:named_eddy_state:eddy:geography:sukhumi-eddy-region:state:NPSE,,,,,eddy:geography:sukhumi-eddy-region,unresolved,,,named_eddy_state:eddy:geography:sukhumi-eddy-region:state:NPSE,,unknown_no_dated_eddy_footprint,[],,source:7487b9a234864d2d,,sukhumi-eddy-region,state:NPSE
claim:named_eddy_state:eddy:geography:sukhumi-eddy-region:state:NPSW,,,,,eddy:geography:sukhumi-eddy-region,unresolved,,,named_eddy_state:eddy:geography:sukhumi-eddy-region:state:NPSW,,unknown_no_dated_eddy_footprint,[],,source:7487b9a234864d2d,,sukhumi-eddy-region,state:NPSW
claim:named_eddy_state:eddy:geography:sukhumi-eddy-region:state:NPTG,,,,,eddy:geography:sukhumi-eddy-region,unresolved,,,named_eddy_state:eddy:geography:sukhumi-eddy-region:state:NPTG,,unknown_no_dated_eddy_footprint,[],,source:7487b9a234864d2d,,sukhumi-eddy-region,state:NPTG
claim:named_eddy_state:eddy:geography:sukhumi-eddy-region:state:NWCS,,,,,eddy:geography:sukhumi-eddy-region,unresolved,,,named_eddy_state:eddy:geography:sukhumi-eddy-region:state:NWCS,,unknown_no_dated_eddy_footprint,[],,source:7487b9a234864d2d,,sukhumi-eddy-region,state:NWCS
claim:named_eddy_state:eddy:geography:sukhumi-eddy-region:state:OCAL,,,,,eddy:geography:sukhumi-eddy-region,unresolved,,,named_eddy_state:eddy:geography:sukhumi-eddy-region:state:OCAL,,unknown_no_dated_eddy_footprint,[],,source:7487b9a234864d2d,,sukhumi-eddy-region,state:OCAL
claim:named_eddy_state:eddy:geography:sukhumi-eddy-region:state:PEQD,,,,,eddy:geography:sukhumi-eddy-region,unresolved,,,named_eddy_state:eddy:geography:sukhumi-eddy-region:state:PEQD,,unknown_no_dated_eddy_footprint,[],,source:7487b9a234864d2d,,sukhumi-eddy-region,state:PEQD
claim:named_eddy_state:eddy:geography:sukhumi-eddy-region:state:PNEC,,,,,eddy:geography:sukhumi-eddy-region,unresolved,,,named_eddy_state:eddy:geography:sukhumi-eddy-region:state:PNEC,,unknown_no_dated_eddy_footprint,[],,source:7487b9a234864d2d,,sukhumi-eddy-region,state:PNEC
claim:named_eddy_state:eddy:geography:sukhumi-eddy-region:state:PSAE,,,,,eddy:geography:sukhumi-eddy-region,unresolved,,,named_eddy_state:eddy:geography:sukhumi-eddy-region:state:PSAE,,unknown_no_dated_eddy_footprint,[],,source:7487b9a234864d2d,,sukhumi-eddy-region,state:PSAE
claim:named_eddy_state:eddy:geography:sukhumi-eddy-region:state:PSAW,,,,,eddy:geography:sukhumi-eddy-region,unresolved,,,named_eddy_state:eddy:geography:sukhumi-eddy-region:state:PSAW,,unknown_no_dated_eddy_footprint,[],,source:7487b9a234864d2d,,sukhumi-eddy-region,state:PSAW
claim:named_eddy_state:eddy:geography:sukhumi-eddy-region:state:REDS,,,,,eddy:geography:sukhumi-eddy-region,unresolved,,,named_eddy_state:eddy:geography:sukhumi-eddy-region:state:REDS,,unknown_no_dated_eddy_footprint,[],,source:7487b9a234864d2d,,sukhumi-eddy-region,state:REDS
claim:named_eddy_state:eddy:geography:sukhumi-eddy-region:state:SANT,,,,,eddy:geography:sukhumi-eddy-region,unresolved,,,named_eddy_state:eddy:geography:sukhumi-eddy-region:state:SANT,,unknown_no_dated_eddy_footprint,[],,source:7487b9a234864d2d,,sukhumi-eddy-region,state:SANT
claim:named_eddy_state:eddy:geography:sukhumi-eddy-region:state:SARC,,,,,eddy:geography:sukhumi-eddy-region,unresolved,,,named_eddy_state:eddy:geography:sukhumi-eddy-region:state:SARC,,unknown_no_dated_eddy_footprint,[],,source:7487b9a234864d2d,,sukhumi-eddy-region,state:SARC
claim:named_eddy_state:eddy:geography:sukhumi-eddy-region:state:SATL,,,,,eddy:geography:sukhumi-eddy-region,unresolved,,,named_eddy_state:eddy:geography:sukhumi-eddy-region:state:SATL,,unknown_no_dated_eddy_footprint,[],,source:7487b9a234864d2d,,sukhumi-eddy-region,state:SATL
claim:named_eddy_state:eddy:geography:sukhumi-eddy-region:state:SPSG,,,,,eddy:geography:sukhumi-eddy-region,unresolved,,,named_eddy_state:eddy:geography:sukhumi-eddy-region:state:SPSG,,unknown_no_dated_eddy_footprint,[],,source:7487b9a234864d2d,,sukhumi-eddy-region,state:SPSG
claim:named_eddy_state:eddy:geography:sukhumi-eddy-region:state:SSTC,,,,,eddy:geography:sukhumi-eddy-region,unresolved,,,named_eddy_state:eddy:geography:sukhumi-eddy-region:state:SSTC,,unknown_no_dated_eddy_footprint,[],,source:7487b9a234864d2d,,sukhumi-eddy-region,state:SSTC
claim:named_eddy_state:eddy:geography:sukhumi-eddy-region:state:SUND,,,,,eddy:geography:sukhumi-eddy-region,unresolved,,,named_eddy_state:eddy:geography:sukhumi-eddy-region:state:SUND,,unknown_no_dated_eddy_footprint,[],,source:7487b9a234864d2d,,sukhumi-eddy-region,state:SUND
claim:named_eddy_state:eddy:geography:sukhumi-eddy-region:state:TASM,,,,,eddy:geography:sukhumi-eddy-region,unresolved,,,named_eddy_state:eddy:geography:sukhumi-eddy-region:state:TASM,,unknown_no_dated_eddy_footprint,[],,source:7487b9a234864d2d,,sukhumi-eddy-region,state:TASM
claim:named_eddy_state:eddy:geography:sukhumi-eddy-region:state:WARM,,,,,eddy:geography:sukhumi-eddy-region,unresolved,,,named_eddy_state:eddy:geography:sukhumi-eddy-region:state:WARM,,unknown_no_dated_eddy_footprint,[],,source:7487b9a234864d2d,,sukhumi-eddy-region,state:WARM
claim:named_eddy_state:eddy:geography:sukhumi-eddy-region:state:WTRA,,,,,eddy:geography:sukhumi-eddy-region,unresolved,,,named_eddy_state:eddy:geography:sukhumi-eddy-region:state:WTRA,,unknown_no_dated_eddy_footprint,[],,source:7487b9a234864d2d,,sukhumi-eddy-region,state:WTRA
claim:named_eddy_state:eddy:geography:caucasus-eddy-region:state:ALSK,,,,,eddy:geography:caucasus-eddy-region,unresolved,,,named_eddy_state:eddy:geography:caucasus-eddy-region:state:ALSK,,unknown_no_dated_eddy_footprint,[],,source:7487b9a234864d2d,,caucasus-eddy-region,state:ALSK
claim:named_eddy_state:eddy:geography:caucasus-eddy-region:state:ANTA,,,,,eddy:geography:caucasus-eddy-region,unresolved,,,named_eddy_state:eddy:geography:caucasus-eddy-region:state:ANTA,,unknown_no_dated_eddy_footprint,[],,source:7487b9a234864d2d,,caucasus-eddy-region,state:ANTA
claim:named_eddy_state:eddy:geography:caucasus-eddy-region:state:APLR,,,,,eddy:geography:caucasus-eddy-region,unresolved,,,named_eddy_state:eddy:geography:caucasus-eddy-region:state:APLR,,unknown_no_dated_eddy_footprint,[],,source:7487b9a234864d2d,,caucasus-eddy-region,state:APLR
claim:named_eddy_state:eddy:geography:caucasus-eddy-region:state:ARAB,,,,,eddy:geography:caucasus-eddy-region,unresolved,,,named_eddy_state:eddy:geography:caucasus-eddy-region:state:ARAB,,unknown_no_dated_eddy_footprint,[],,source:7487b9a234864d2d,,caucasus-eddy-region,state:ARAB
claim:named_eddy_state:eddy:geography:caucasus-eddy-region:state:ARCH,,,,,eddy:geography:caucasus-eddy-region,unresolved,,,named_eddy_state:eddy:geography:caucasus-eddy-region:state:ARCH,,unknown_no_dated_eddy_footprint,[],,source:7487b9a234864d2d,,caucasus-eddy-region,state:ARCH
claim:named_eddy_state:eddy:geography:caucasus-eddy-region:state:ARCT,,,,,eddy:geography:caucasus-eddy-region,unresolved,,,named_eddy_state:eddy:geography:caucasus-eddy-region:state:ARCT,,unknown_no_dated_eddy_footprint,[],,source:7487b9a234864d2d,,caucasus-eddy-region,state:ARCT
claim:named_eddy_state:eddy:geography:caucasus-eddy-region:state:AUSE,,,,,eddy:geography:caucasus-eddy-region,unresolved,,,named_eddy_state:eddy:geography:caucasus-eddy-region:state:AUSE,,unknown_no_dated_eddy_footprint,[],,source:7487b9a234864d2d,,caucasus-eddy-region,state:AUSE
claim:named_eddy_state:eddy:geography:caucasus-eddy-region:state:AUSW,,,,,eddy:geography:caucasus-eddy-region,unresolved,,,named_eddy_state:eddy:geography:caucasus-eddy-region:state:AUSW,,unknown_no_dated_eddy_footprint,[],,source:7487b9a234864d2d,,caucasus-eddy-region,state:AUSW
claim:named_eddy_state:eddy:geography:caucasus-eddy-region:state:BENG,,,,,eddy:geography:caucasus-eddy-region,unresolved,,,named_eddy_state:eddy:geography:caucasus-eddy-region:state:BENG,,unknown_no_dated_eddy_footprint,[],,source:7487b9a234864d2d,,caucasus-eddy-region,state:BENG
claim:named_eddy_state:eddy:geography:caucasus-eddy-region:state:BERS,,,,,eddy:geography:caucasus-eddy-region,unresolved,,,named_eddy_state:eddy:geography:caucasus-eddy-region:state:BERS,,unknown_no_dated_eddy_footprint,[],,source:7487b9a234864d2d,,caucasus-eddy-region,state:BERS
claim:named_eddy_state:eddy:geography:caucasus-eddy-region:state:BPLR,,,,,eddy:geography:caucasus-eddy-region,unresolved,,,named_eddy_state:eddy:geography:caucasus-eddy-region:state:BPLR,,unknown_no_dated_eddy_footprint,[],,source:7487b9a234864d2d,,caucasus-eddy-region,state:BPLR
claim:named_eddy_state:eddy:geography:caucasus-eddy-region:state:BRAZ,,,,,eddy:geography:caucasus-eddy-region,unresolved,,,named_eddy_state:eddy:geography:caucasus-eddy-region:state:BRAZ,,unknown_no_dated_eddy_footprint,[],,source:7487b9a234864d2d,,caucasus-eddy-region,state:BRAZ
claim:named_eddy_state:eddy:geography:caucasus-eddy-region:state:CAMR,,,,,eddy:geography:caucasus-eddy-region,unresolved,,,named_eddy_state:eddy:geography:caucasus-eddy-region:state:CAMR,,unknown_no_dated_eddy_footprint,[],,source:7487b9a234864d2d,,caucasus-eddy-region,state:CAMR
claim:named_eddy_state:eddy:geography:caucasus-eddy-region:state:CARB,,,,,eddy:geography:caucasus-eddy-region,unresolved,,,named_eddy_state:eddy:geography:caucasus-eddy-region:state:CARB,,unknown_no_dated_eddy_footprint,[],,source:7487b9a234864d2d,,caucasus-eddy-region,state:CARB
claim:named_eddy_state:eddy:geography:caucasus-eddy-region:state:CCAL,,,,,eddy:geography:caucasus-eddy-region,unresolved,,,named_eddy_state:eddy:geography:caucasus-eddy-region:state:CCAL,,unknown_no_dated_eddy_footprint,[],,source:7487b9a234864d2d,,caucasus-eddy-region,state:CCAL
claim:named_eddy_state:eddy:geography:caucasus-eddy-region:state:CHIN,,,,,eddy:geography:caucasus-eddy-region,unresolved,,,named_eddy_state:eddy:geography:caucasus-eddy-region:state:CHIN,,unknown_no_dated_eddy_footprint,[],,source:7487b9a234864d2d,,caucasus-eddy-region,state:CHIN
claim:named_eddy_state:eddy:geography:caucasus-eddy-region:state:CNRY,,,,,eddy:geography:caucasus-eddy-region,unresolved,,,named_eddy_state:eddy:geography:caucasus-eddy-region:state:CNRY,,unknown_no_dated_eddy_footprint,[],,source:7487b9a234864d2d,,caucasus-eddy-region,state:CNRY
claim:named_eddy_state:eddy:geography:caucasus-eddy-region:state:EAFR,,,,,eddy:geography:caucasus-eddy-region,unresolved,,,named_eddy_state:eddy:geography:caucasus-eddy-region:state:EAFR,,unknown_no_dated_eddy_footprint,[],,source:7487b9a234864d2d,,caucasus-eddy-region,state:EAFR
claim:named_eddy_state:eddy:geography:caucasus-eddy-region:state:ETRA,,,,,eddy:geography:caucasus-eddy-region,unresolved,,,named_eddy_state:eddy:geography:caucasus-eddy-region:state:ETRA,,unknown_no_dated_eddy_footprint,[],,source:7487b9a234864d2d,,caucasus-eddy-region,state:ETRA
claim:named_eddy_state:eddy:geography:caucasus-eddy-region:state:FKLD,,,,,eddy:geography:caucasus-eddy-region,unresolved,,,named_eddy_state:eddy:geography:caucasus-eddy-region:state:FKLD,,unknown_no_dated_eddy_footprint,[],,source:7487b9a234864d2d,,caucasus-eddy-region,state:FKLD
claim:named_eddy_state:eddy:geography:caucasus-eddy-region:state:GFST,,,,,eddy:geography:caucasus-eddy-region,unresolved,,,named_eddy_state:eddy:geography:caucasus-eddy-region:state:GFST,,unknown_no_dated_eddy_footprint,[],,source:7487b9a234864d2d,,caucasus-eddy-region,state:GFST
claim:named_eddy_state:eddy:geography:caucasus-eddy-region:state:GUIA,,,,,eddy:geography:caucasus-eddy-region,unresolved,,,named_eddy_state:eddy:geography:caucasus-eddy-region:state:GUIA,,unknown_no_dated_eddy_footprint,[],,source:7487b9a234864d2d,,caucasus-eddy-region,state:GUIA
claim:named_eddy_state:eddy:geography:caucasus-eddy-region:state:GUIN,,,,,eddy:geography:caucasus-eddy-region,unresolved,,,named_eddy_state:eddy:geography:caucasus-eddy-region:state:GUIN,,unknown_no_dated_eddy_footprint,[],,source:7487b9a234864d2d,,caucasus-eddy-region,state:GUIN
claim:named_eddy_state:eddy:geography:caucasus-eddy-region:state:HUMB,,,,,eddy:geography:caucasus-eddy-region,unresolved,,,named_eddy_state:eddy:geography:caucasus-eddy-region:state:HUMB,,unknown_no_dated_eddy_footprint,[],,source:7487b9a234864d2d,,caucasus-eddy-region,state:HUMB
claim:named_eddy_state:eddy:geography:caucasus-eddy-region:state:IND E,,,,,eddy:geography:caucasus-eddy-region,unresolved,,,named_eddy_state:eddy:geography:caucasus-eddy-region:state:IND E,,unknown_no_dated_eddy_footprint,[],,source:7487b9a234864d2d,,caucasus-eddy-region,state:IND E
claim:named_eddy_state:eddy:geography:caucasus-eddy-region:state:IND W,,,,,eddy:geography:caucasus-eddy-region,unresolved,,,named_eddy_state:eddy:geography:caucasus-eddy-region:state:IND W,,unknown_no_dated_eddy_footprint,[],,source:7487b9a234864d2d,,caucasus-eddy-region,state:IND W
claim:named_eddy_state:eddy:geography:caucasus-eddy-region:state:ISSG,,,,,eddy:geography:caucasus-eddy-region,unresolved,,,named_eddy_state:eddy:geography:caucasus-eddy-region:state:ISSG,,unknown_no_dated_eddy_footprint,[],,source:7487b9a234864d2d,,caucasus-eddy-region,state:ISSG
claim:named_eddy_state:eddy:geography:caucasus-eddy-region:state:KURO,,,,,eddy:geography:caucasus-eddy-region,unresolved,,,named_eddy_state:eddy:geography:caucasus-eddy-region:state:KURO,,unknown_no_dated_eddy_footprint,[],,source:7487b9a234864d2d,,caucasus-eddy-region,state:KURO
claim:named_eddy_state:eddy:geography:caucasus-eddy-region:state:MEDI,,,,,eddy:geography:caucasus-eddy-region,unresolved,,,named_eddy_state:eddy:geography:caucasus-eddy-region:state:MEDI,,unknown_no_dated_eddy_footprint,[],,source:7487b9a234864d2d,,caucasus-eddy-region,state:MEDI
claim:named_eddy_state:eddy:geography:caucasus-eddy-region:state:MONS,,,,,eddy:geography:caucasus-eddy-region,unresolved,,,named_eddy_state:eddy:geography:caucasus-eddy-region:state:MONS,,unknown_no_dated_eddy_footprint,[],,source:7487b9a234864d2d,,caucasus-eddy-region,state:MONS
claim:named_eddy_state:eddy:geography:caucasus-eddy-region:state:NADR,,,,,eddy:geography:caucasus-eddy-region,unresolved,,,named_eddy_state:eddy:geography:caucasus-eddy-region:state:NADR,,unknown_no_dated_eddy_footprint,[],,source:7487b9a234864d2d,,caucasus-eddy-region,state:NADR
claim:named_eddy_state:eddy:geography:caucasus-eddy-region:state:NAST E,,,,,eddy:geography:caucasus-eddy-region,unresolved,,,named_eddy_state:eddy:geography:caucasus-eddy-region:state:NAST E,,unknown_no_dated_eddy_footprint,[],,source:7487b9a234864d2d,,caucasus-eddy-region,state:NAST E
claim:named_eddy_state:eddy:geography:caucasus-eddy-region:state:NAST W,,,,,eddy:geography:caucasus-eddy-region,unresolved,,,named_eddy_state:eddy:geography:caucasus-eddy-region:state:NAST W,,unknown_no_dated_eddy_footprint,[],,source:7487b9a234864d2d,,caucasus-eddy-region,state:NAST W
claim:named_eddy_state:eddy:geography:caucasus-eddy-region:state:NATR,,,,,eddy:geography:caucasus-eddy-region,unresolved,,,named_eddy_state:eddy:geography:caucasus-eddy-region:state:NATR,,unknown_no_dated_eddy_footprint,[],,source:7487b9a234864d2d,,caucasus-eddy-region,state:NATR
claim:named_eddy_state:eddy:geography:caucasus-eddy-region:state:NECS,,,,,eddy:geography:caucasus-eddy-region,unresolved,,,named_eddy_state:eddy:geography:caucasus-eddy-region:state:NECS,,unknown_no_dated_eddy_footprint,[],,source:7487b9a234864d2d,,caucasus-eddy-region,state:NECS
claim:named_eddy_state:eddy:geography:caucasus-eddy-region:state:NEWZ,,,,,eddy:geography:caucasus-eddy-region,unresolved,,,named_eddy_state:eddy:geography:caucasus-eddy-region:state:NEWZ,,unknown_no_dated_eddy_footprint,[],,source:7487b9a234864d2d,,caucasus-eddy-region,state:NEWZ
claim:named_eddy_state:eddy:geography:caucasus-eddy-region:state:NPPF,,,,,eddy:geography:caucasus-eddy-region,unresolved,,,named_eddy_state:eddy:geography:caucasus-eddy-region:state:NPPF,,unknown_no_dated_eddy_footprint,[],,source:7487b9a234864d2d,,caucasus-eddy-region,state:NPPF
claim:named_eddy_state:eddy:geography:caucasus-eddy-region:state:NPSE,,,,,eddy:geography:caucasus-eddy-region,unresolved,,,named_eddy_state:eddy:geography:caucasus-eddy-region:state:NPSE,,unknown_no_dated_eddy_footprint,[],,source:7487b9a234864d2d,,caucasus-eddy-region,state:NPSE
claim:named_eddy_state:eddy:geography:caucasus-eddy-region:state:NPSW,,,,,eddy:geography:caucasus-eddy-region,unresolved,,,named_eddy_state:eddy:geography:caucasus-eddy-region:state:NPSW,,unknown_no_dated_eddy_footprint,[],,source:7487b9a234864d2d,,caucasus-eddy-region,state:NPSW
claim:named_eddy_state:eddy:geography:caucasus-eddy-region:state:NPTG,,,,,eddy:geography:caucasus-eddy-region,unresolved,,,named_eddy_state:eddy:geography:caucasus-eddy-region:state:NPTG,,unknown_no_dated_eddy_footprint,[],,source:7487b9a234864d2d,,caucasus-eddy-region,state:NPTG
claim:named_eddy_state:eddy:geography:caucasus-eddy-region:state:NWCS,,,,,eddy:geography:caucasus-eddy-region,unresolved,,,named_eddy_state:eddy:geography:caucasus-eddy-region:state:NWCS,,unknown_no_dated_eddy_footprint,[],,source:7487b9a234864d2d,,caucasus-eddy-region,state:NWCS
claim:named_eddy_state:eddy:geography:caucasus-eddy-region:state:OCAL,,,,,eddy:geography:caucasus-eddy-region,unresolved,,,named_eddy_state:eddy:geography:caucasus-eddy-region:state:OCAL,,unknown_no_dated_eddy_footprint,[],,source:7487b9a234864d2d,,caucasus-eddy-region,state:OCAL
claim:named_eddy_state:eddy:geography:caucasus-eddy-region:state:PEQD,,,,,eddy:geography:caucasus-eddy-region,unresolved,,,named_eddy_state:eddy:geography:caucasus-eddy-region:state:PEQD,,unknown_no_dated_eddy_footprint,[],,source:7487b9a234864d2d,,caucasus-eddy-region,state:PEQD
claim:named_eddy_state:eddy:geography:caucasus-eddy-region:state:PNEC,,,,,eddy:geography:caucasus-eddy-region,unresolved,,,named_eddy_state:eddy:geography:caucasus-eddy-region:state:PNEC,,unknown_no_dated_eddy_footprint,[],,source:7487b9a234864d2d,,caucasus-eddy-region,state:PNEC
claim:named_eddy_state:eddy:geography:caucasus-eddy-region:state:PSAE,,,,,eddy:geography:caucasus-eddy-region,unresolved,,,named_eddy_state:eddy:geography:caucasus-eddy-region:state:PSAE,,unknown_no_dated_eddy_footprint,[],,source:7487b9a234864d2d,,caucasus-eddy-region,state:PSAE
claim:named_eddy_state:eddy:geography:caucasus-eddy-region:state:PSAW,,,,,eddy:geography:caucasus-eddy-region,unresolved,,,named_eddy_state:eddy:geography:caucasus-eddy-region:state:PSAW,,unknown_no_dated_eddy_footprint,[],,source:7487b9a234864d2d,,caucasus-eddy-region,state:PSAW
claim:named_eddy_state:eddy:geography:caucasus-eddy-region:state:REDS,,,,,eddy:geography:caucasus-eddy-region,unresolved,,,named_eddy_state:eddy:geography:caucasus-eddy-region:state:REDS,,unknown_no_dated_eddy_footprint,[],,source:7487b9a234864d2d,,caucasus-eddy-region,state:REDS
claim:named_eddy_state:eddy:geography:caucasus-eddy-region:state:SANT,,,,,eddy:geography:caucasus-eddy-region,unresolved,,,named_eddy_state:eddy:geography:caucasus-eddy-region:state:SANT,,unknown_no_dated_eddy_footprint,[],,source:7487b9a234864d2d,,caucasus-eddy-region,state:SANT
claim:named_eddy_state:eddy:geography:caucasus-eddy-region:state:SARC,,,,,eddy:geography:caucasus-eddy-region,unresolved,,,named_eddy_state:eddy:geography:caucasus-eddy-region:state:SARC,,unknown_no_dated_eddy_footprint,[],,source:7487b9a234864d2d,,caucasus-eddy-region,state:SARC
claim:named_eddy_state:eddy:geography:caucasus-eddy-region:state:SATL,,,,,eddy:geography:caucasus-eddy-region,unresolved,,,named_eddy_state:eddy:geography:caucasus-eddy-region:state:SATL,,unknown_no_dated_eddy_footprint,[],,source:7487b9a234864d2d,,caucasus-eddy-region,state:SATL
claim:named_eddy_state:eddy:geography:caucasus-eddy-region:state:SPSG,,,,,eddy:geography:caucasus-eddy-region,unresolved,,,named_eddy_state:eddy:geography:caucasus-eddy-region:state:SPSG,,unknown_no_dated_eddy_footprint,[],,source:7487b9a234864d2d,,caucasus-eddy-region,state:SPSG
claim:named_eddy_state:eddy:geography:caucasus-eddy-region:state:SSTC,,,,,eddy:geography:caucasus-eddy-region,unresolved,,,named_eddy_state:eddy:geography:caucasus-eddy-region:state:SSTC,,unknown_no_dated_eddy_footprint,[],,source:7487b9a234864d2d,,caucasus-eddy-region,state:SSTC
claim:named_eddy_state:eddy:geography:caucasus-eddy-region:state:SUND,,,,,eddy:geography:caucasus-eddy-region,unresolved,,,named_eddy_state:eddy:geography:caucasus-eddy-region:state:SUND,,unknown_no_dated_eddy_footprint,[],,source:7487b9a234864d2d,,caucasus-eddy-region,state:SUND
claim:named_eddy_state:eddy:geography:caucasus-eddy-region:state:TASM,,,,,eddy:geography:caucasus-eddy-region,unresolved,,,named_eddy_state:eddy:geography:caucasus-eddy-region:state:TASM,,unknown_no_dated_eddy_footprint,[],,source:7487b9a234864d2d,,caucasus-eddy-region,state:TASM
claim:named_eddy_state:eddy:geography:caucasus-eddy-region:state:WARM,,,,,eddy:geography:caucasus-eddy-region,unresolved,,,named_eddy_state:eddy:geography:caucasus-eddy-region:state:WARM,,unknown_no_dated_eddy_footprint,[],,source:7487b9a234864d2d,,caucasus-eddy-region,state:WARM
claim:named_eddy_state:eddy:geography:caucasus-eddy-region:state:WTRA,,,,,eddy:geography:caucasus-eddy-region,unresolved,,,named_eddy_state:eddy:geography:caucasus-eddy-region:state:WTRA,,unknown_no_dated_eddy_footprint,[],,source:7487b9a234864d2d,,caucasus-eddy-region,state:WTRA
claim:named_eddy_state:eddy:geography:kerch-eddy-region:state:ALSK,,,,,eddy:geography:kerch-eddy-region,unresolved,,,named_eddy_state:eddy:geography:kerch-eddy-region:state:ALSK,,unknown_no_dated_eddy_footprint,[],,source:7487b9a234864d2d,,kerch-eddy-region,state:ALSK
claim:named_eddy_state:eddy:geography:kerch-eddy-region:state:ANTA,,,,,eddy:geography:kerch-eddy-region,unresolved,,,named_eddy_state:eddy:geography:kerch-eddy-region:state:ANTA,,unknown_no_dated_eddy_footprint,[],,source:7487b9a234864d2d,,kerch-eddy-region,state:ANTA
claim:named_eddy_state:eddy:geography:kerch-eddy-region:state:APLR,,,,,eddy:geography:kerch-eddy-region,unresolved,,,named_eddy_state:eddy:geography:kerch-eddy-region:state:APLR,,unknown_no_dated_eddy_footprint,[],,source:7487b9a234864d2d,,kerch-eddy-region,state:APLR
claim:named_eddy_state:eddy:geography:kerch-eddy-region:state:ARAB,,,,,eddy:geography:kerch-eddy-region,unresolved,,,named_eddy_state:eddy:geography:kerch-eddy-region:state:ARAB,,unknown_no_dated_eddy_footprint,[],,source:7487b9a234864d2d,,kerch-eddy-region,state:ARAB
claim:named_eddy_state:eddy:geography:kerch-eddy-region:state:ARCH,,,,,eddy:geography:kerch-eddy-region,unresolved,,,named_eddy_state:eddy:geography:kerch-eddy-region:state:ARCH,,unknown_no_dated_eddy_footprint,[],,source:7487b9a234864d2d,,kerch-eddy-region,state:ARCH
claim:named_eddy_state:eddy:geography:kerch-eddy-region:state:ARCT,,,,,eddy:geography:kerch-eddy-region,unresolved,,,named_eddy_state:eddy:geography:kerch-eddy-region:state:ARCT,,unknown_no_dated_eddy_footprint,[],,source:7487b9a234864d2d,,kerch-eddy-region,state:ARCT
claim:named_eddy_state:eddy:geography:kerch-eddy-region:state:AUSE,,,,,eddy:geography:kerch-eddy-region,unresolved,,,named_eddy_state:eddy:geography:kerch-eddy-region:state:AUSE,,unknown_no_dated_eddy_footprint,[],,source:7487b9a234864d2d,,kerch-eddy-region,state:AUSE
claim:named_eddy_state:eddy:geography:kerch-eddy-region:state:AUSW,,,,,eddy:geography:kerch-eddy-region,unresolved,,,named_eddy_state:eddy:geography:kerch-eddy-region:state:AUSW,,unknown_no_dated_eddy_footprint,[],,source:7487b9a234864d2d,,kerch-eddy-region,state:AUSW
claim:named_eddy_state:eddy:geography:kerch-eddy-region:state:BENG,,,,,eddy:geography:kerch-eddy-region,unresolved,,,named_eddy_state:eddy:geography:kerch-eddy-region:state:BENG,,unknown_no_dated_eddy_footprint,[],,source:7487b9a234864d2d,,kerch-eddy-region,state:BENG
claim:named_eddy_state:eddy:geography:kerch-eddy-region:state:BERS,,,,,eddy:geography:kerch-eddy-region,unresolved,,,named_eddy_state:eddy:geography:kerch-eddy-region:state:BERS,,unknown_no_dated_eddy_footprint,[],,source:7487b9a234864d2d,,kerch-eddy-region,state:BERS
claim:named_eddy_state:eddy:geography:kerch-eddy-region:state:BPLR,,,,,eddy:geography:kerch-eddy-region,unresolved,,,named_eddy_state:eddy:geography:kerch-eddy-region:state:BPLR,,unknown_no_dated_eddy_footprint,[],,source:7487b9a234864d2d,,kerch-eddy-region,state:BPLR
claim:named_eddy_state:eddy:geography:kerch-eddy-region:state:BRAZ,,,,,eddy:geography:kerch-eddy-region,unresolved,,,named_eddy_state:eddy:geography:kerch-eddy-region:state:BRAZ,,unknown_no_dated_eddy_footprint,[],,source:7487b9a234864d2d,,kerch-eddy-region,state:BRAZ
claim:named_eddy_state:eddy:geography:kerch-eddy-region:state:CAMR,,,,,eddy:geography:kerch-eddy-region,unresolved,,,named_eddy_state:eddy:geography:kerch-eddy-region:state:CAMR,,unknown_no_dated_eddy_footprint,[],,source:7487b9a234864d2d,,kerch-eddy-region,state:CAMR
claim:named_eddy_state:eddy:geography:kerch-eddy-region:state:CARB,,,,,eddy:geography:kerch-eddy-region,unresolved,,,named_eddy_state:eddy:geography:kerch-eddy-region:state:CARB,,unknown_no_dated_eddy_footprint,[],,source:7487b9a234864d2d,,kerch-eddy-region,state:CARB
claim:named_eddy_state:eddy:geography:kerch-eddy-region:state:CCAL,,,,,eddy:geography:kerch-eddy-region,unresolved,,,named_eddy_state:eddy:geography:kerch-eddy-region:state:CCAL,,unknown_no_dated_eddy_footprint,[],,source:7487b9a234864d2d,,kerch-eddy-region,state:CCAL
claim:named_eddy_state:eddy:geography:kerch-eddy-region:state:CHIN,,,,,eddy:geography:kerch-eddy-region,unresolved,,,named_eddy_state:eddy:geography:kerch-eddy-region:state:CHIN,,unknown_no_dated_eddy_footprint,[],,source:7487b9a234864d2d,,kerch-eddy-region,state:CHIN
claim:named_eddy_state:eddy:geography:kerch-eddy-region:state:CNRY,,,,,eddy:geography:kerch-eddy-region,unresolved,,,named_eddy_state:eddy:geography:kerch-eddy-region:state:CNRY,,unknown_no_dated_eddy_footprint,[],,source:7487b9a234864d2d,,kerch-eddy-region,state:CNRY
claim:named_eddy_state:eddy:geography:kerch-eddy-region:state:EAFR,,,,,eddy:geography:kerch-eddy-region,unresolved,,,named_eddy_state:eddy:geography:kerch-eddy-region:state:EAFR,,unknown_no_dated_eddy_footprint,[],,source:7487b9a234864d2d,,kerch-eddy-region,state:EAFR
claim:named_eddy_state:eddy:geography:kerch-eddy-region:state:ETRA,,,,,eddy:geography:kerch-eddy-region,unresolved,,,named_eddy_state:eddy:geography:kerch-eddy-region:state:ETRA,,unknown_no_dated_eddy_footprint,[],,source:7487b9a234864d2d,,kerch-eddy-region,state:ETRA
claim:named_eddy_state:eddy:geography:kerch-eddy-region:state:FKLD,,,,,eddy:geography:kerch-eddy-region,unresolved,,,named_eddy_state:eddy:geography:kerch-eddy-region:state:FKLD,,unknown_no_dated_eddy_footprint,[],,source:7487b9a234864d2d,,kerch-eddy-region,state:FKLD
claim:named_eddy_state:eddy:geography:kerch-eddy-region:state:GFST,,,,,eddy:geography:kerch-eddy-region,unresolved,,,named_eddy_state:eddy:geography:kerch-eddy-region:state:GFST,,unknown_no_dated_eddy_footprint,[],,source:7487b9a234864d2d,,kerch-eddy-region,state:GFST
claim:named_eddy_state:eddy:geography:kerch-eddy-region:state:GUIA,,,,,eddy:geography:kerch-eddy-region,unresolved,,,named_eddy_state:eddy:geography:kerch-eddy-region:state:GUIA,,unknown_no_dated_eddy_footprint,[],,source:7487b9a234864d2d,,kerch-eddy-region,state:GUIA
claim:named_eddy_state:eddy:geography:kerch-eddy-region:state:GUIN,,,,,eddy:geography:kerch-eddy-region,unresolved,,,named_eddy_state:eddy:geography:kerch-eddy-region:state:GUIN,,unknown_no_dated_eddy_footprint,[],,source:7487b9a234864d2d,,kerch-eddy-region,state:GUIN
claim:named_eddy_state:eddy:geography:kerch-eddy-region:state:HUMB,,,,,eddy:geography:kerch-eddy-region,unresolved,,,named_eddy_state:eddy:geography:kerch-eddy-region:state:HUMB,,unknown_no_dated_eddy_footprint,[],,source:7487b9a234864d2d,,kerch-eddy-region,state:HUMB
claim:named_eddy_state:eddy:geography:kerch-eddy-region:state:IND E,,,,,eddy:geography:kerch-eddy-region,unresolved,,,named_eddy_state:eddy:geography:kerch-eddy-region:state:IND E,,unknown_no_dated_eddy_footprint,[],,source:7487b9a234864d2d,,kerch-eddy-region,state:IND E
claim:named_eddy_state:eddy:geography:kerch-eddy-region:state:IND W,,,,,eddy:geography:kerch-eddy-region,unresolved,,,named_eddy_state:eddy:geography:kerch-eddy-region:state:IND W,,unknown_no_dated_eddy_footprint,[],,source:7487b9a234864d2d,,kerch-eddy-region,state:IND W
claim:named_eddy_state:eddy:geography:kerch-eddy-region:state:ISSG,,,,,eddy:geography:kerch-eddy-region,unresolved,,,named_eddy_state:eddy:geography:kerch-eddy-region:state:ISSG,,unknown_no_dated_eddy_footprint,[],,source:7487b9a234864d2d,,kerch-eddy-region,state:ISSG
claim:named_eddy_state:eddy:geography:kerch-eddy-region:state:KURO,,,,,eddy:geography:kerch-eddy-region,unresolved,,,named_eddy_state:eddy:geography:kerch-eddy-region:state:KURO,,unknown_no_dated_eddy_footprint,[],,source:7487b9a234864d2d,,kerch-eddy-region,state:KURO
claim:named_eddy_state:eddy:geography:kerch-eddy-region:state:MEDI,,,,,eddy:geography:kerch-eddy-region,unresolved,,,named_eddy_state:eddy:geography:kerch-eddy-region:state:MEDI,,unknown_no_dated_eddy_footprint,[],,source:7487b9a234864d2d,,kerch-eddy-region,state:MEDI
claim:named_eddy_state:eddy:geography:kerch-eddy-region:state:MONS,,,,,eddy:geography:kerch-eddy-region,unresolved,,,named_eddy_state:eddy:geography:kerch-eddy-region:state:MONS,,unknown_no_dated_eddy_footprint,[],,source:7487b9a234864d2d,,kerch-eddy-region,state:MONS
claim:named_eddy_state:eddy:geography:kerch-eddy-region:state:NADR,,,,,eddy:geography:kerch-eddy-region,unresolved,,,named_eddy_state:eddy:geography:kerch-eddy-region:state:NADR,,unknown_no_dated_eddy_footprint,[],,source:7487b9a234864d2d,,kerch-eddy-region,state:NADR
claim:named_eddy_state:eddy:geography:kerch-eddy-region:state:NAST E,,,,,eddy:geography:kerch-eddy-region,unresolved,,,named_eddy_state:eddy:geography:kerch-eddy-region:state:NAST E,,unknown_no_dated_eddy_footprint,[],,source:7487b9a234864d2d,,kerch-eddy-region,state:NAST E
claim:named_eddy_state:eddy:geography:kerch-eddy-region:state:NAST W,,,,,eddy:geography:kerch-eddy-region,unresolved,,,named_eddy_state:eddy:geography:kerch-eddy-region:state:NAST W,,unknown_no_dated_eddy_footprint,[],,source:7487b9a234864d2d,,kerch-eddy-region,state:NAST W
claim:named_eddy_state:eddy:geography:kerch-eddy-region:state:NATR,,,,,eddy:geography:kerch-eddy-region,unresolved,,,named_eddy_state:eddy:geography:kerch-eddy-region:state:NATR,,unknown_no_dated_eddy_footprint,[],,source:7487b9a234864d2d,,kerch-eddy-region,state:NATR
claim:named_eddy_state:eddy:geography:kerch-eddy-region:state:NECS,,,,,eddy:geography:kerch-eddy-region,unresolved,,,named_eddy_state:eddy:geography:kerch-eddy-region:state:NECS,,unknown_no_dated_eddy_footprint,[],,source:7487b9a234864d2d,,kerch-eddy-region,state:NECS
claim:named_eddy_state:eddy:geography:kerch-eddy-region:state:NEWZ,,,,,eddy:geography:kerch-eddy-region,unresolved,,,named_eddy_state:eddy:geography:kerch-eddy-region:state:NEWZ,,unknown_no_dated_eddy_footprint,[],,source:7487b9a234864d2d,,kerch-eddy-region,state:NEWZ
claim:named_eddy_state:eddy:geography:kerch-eddy-region:state:NPPF,,,,,eddy:geography:kerch-eddy-region,unresolved,,,named_eddy_state:eddy:geography:kerch-eddy-region:state:NPPF,,unknown_no_dated_eddy_footprint,[],,source:7487b9a234864d2d,,kerch-eddy-region,state:NPPF
claim:named_eddy_state:eddy:geography:kerch-eddy-region:state:NPSE,,,,,eddy:geography:kerch-eddy-region,unresolved,,,named_eddy_state:eddy:geography:kerch-eddy-region:state:NPSE,,unknown_no_dated_eddy_footprint,[],,source:7487b9a234864d2d,,kerch-eddy-region,state:NPSE
claim:named_eddy_state:eddy:geography:kerch-eddy-region:state:NPSW,,,,,eddy:geography:kerch-eddy-region,unresolved,,,named_eddy_state:eddy:geography:kerch-eddy-region:state:NPSW,,unknown_no_dated_eddy_footprint,[],,source:7487b9a234864d2d,,kerch-eddy-region,state:NPSW
claim:named_eddy_state:eddy:geography:kerch-eddy-region:state:NPTG,,,,,eddy:geography:kerch-eddy-region,unresolved,,,named_eddy_state:eddy:geography:kerch-eddy-region:state:NPTG,,unknown_no_dated_eddy_footprint,[],,source:7487b9a234864d2d,,kerch-eddy-region,state:NPTG
claim:named_eddy_state:eddy:geography:kerch-eddy-region:state:NWCS,,,,,eddy:geography:kerch-eddy-region,unresolved,,,named_eddy_state:eddy:geography:kerch-eddy-region:state:NWCS,,unknown_no_dated_eddy_footprint,[],,source:7487b9a234864d2d,,kerch-eddy-region,state:NWCS
claim:named_eddy_state:eddy:geography:kerch-eddy-region:state:OCAL,,,,,eddy:geography:kerch-eddy-region,unresolved,,,named_eddy_state:eddy:geography:kerch-eddy-region:state:OCAL,,unknown_no_dated_eddy_footprint,[],,source:7487b9a234864d2d,,kerch-eddy-region,state:OCAL
claim:named_eddy_state:eddy:geography:kerch-eddy-region:state:PEQD,,,,,eddy:geography:kerch-eddy-region,unresolved,,,named_eddy_state:eddy:geography:kerch-eddy-region:state:PEQD,,unknown_no_dated_eddy_footprint,[],,source:7487b9a234864d2d,,kerch-eddy-region,state:PEQD
claim:named_eddy_state:eddy:geography:kerch-eddy-region:state:PNEC,,,,,eddy:geography:kerch-eddy-region,unresolved,,,named_eddy_state:eddy:geography:kerch-eddy-region:state:PNEC,,unknown_no_dated_eddy_footprint,[],,source:7487b9a234864d2d,,kerch-eddy-region,state:PNEC
claim:named_eddy_state:eddy:geography:kerch-eddy-region:state:PSAE,,,,,eddy:geography:kerch-eddy-region,unresolved,,,named_eddy_state:eddy:geography:kerch-eddy-region:state:PSAE,,unknown_no_dated_eddy_footprint,[],,source:7487b9a234864d2d,,kerch-eddy-region,state:PSAE
claim:named_eddy_state:eddy:geography:kerch-eddy-region:state:PSAW,,,,,eddy:geography:kerch-eddy-region,unresolved,,,named_eddy_state:eddy:geography:kerch-eddy-region:state:PSAW,,unknown_no_dated_eddy_footprint,[],,source:7487b9a234864d2d,,kerch-eddy-region,state:PSAW
claim:named_eddy_state:eddy:geography:kerch-eddy-region:state:REDS,,,,,eddy:geography:kerch-eddy-region,unresolved,,,named_eddy_state:eddy:geography:kerch-eddy-region:state:REDS,,unknown_no_dated_eddy_footprint,[],,source:7487b9a234864d2d,,kerch-eddy-region,state:REDS
claim:named_eddy_state:eddy:geography:kerch-eddy-region:state:SANT,,,,,eddy:geography:kerch-eddy-region,unresolved,,,named_eddy_state:eddy:geography:kerch-eddy-region:state:SANT,,unknown_no_dated_eddy_footprint,[],,source:7487b9a234864d2d,,kerch-eddy-region,state:SANT
claim:named_eddy_state:eddy:geography:kerch-eddy-region:state:SARC,,,,,eddy:geography:kerch-eddy-region,unresolved,,,named_eddy_state:eddy:geography:kerch-eddy-region:state:SARC,,unknown_no_dated_eddy_footprint,[],,source:7487b9a234864d2d,,kerch-eddy-region,state:SARC
claim:named_eddy_state:eddy:geography:kerch-eddy-region:state:SATL,,,,,eddy:geography:kerch-eddy-region,unresolved,,,named_eddy_state:eddy:geography:kerch-eddy-region:state:SATL,,unknown_no_dated_eddy_footprint,[],,source:7487b9a234864d2d,,kerch-eddy-region,state:SATL
claim:named_eddy_state:eddy:geography:kerch-eddy-region:state:SPSG,,,,,eddy:geography:kerch-eddy-region,unresolved,,,named_eddy_state:eddy:geography:kerch-eddy-region:state:SPSG,,unknown_no_dated_eddy_footprint,[],,source:7487b9a234864d2d,,kerch-eddy-region,state:SPSG
claim:named_eddy_state:eddy:geography:kerch-eddy-region:state:SSTC,,,,,eddy:geography:kerch-eddy-region,unresolved,,,named_eddy_state:eddy:geography:kerch-eddy-region:state:SSTC,,unknown_no_dated_eddy_footprint,[],,source:7487b9a234864d2d,,kerch-eddy-region,state:SSTC
claim:named_eddy_state:eddy:geography:kerch-eddy-region:state:SUND,,,,,eddy:geography:kerch-eddy-region,unresolved,,,named_eddy_state:eddy:geography:kerch-eddy-region:state:SUND,,unknown_no_dated_eddy_footprint,[],,source:7487b9a234864d2d,,kerch-eddy-region,state:SUND
claim:named_eddy_state:eddy:geography:kerch-eddy-region:state:TASM,,,,,eddy:geography:kerch-eddy-region,unresolved,,,named_eddy_state:eddy:geography:kerch-eddy-region:state:TASM,,unknown_no_dated_eddy_footprint,[],,source:7487b9a234864d2d,,kerch-eddy-region,state:TASM
claim:named_eddy_state:eddy:geography:kerch-eddy-region:state:WARM,,,,,eddy:geography:kerch-eddy-region,unresolved,,,named_eddy_state:eddy:geography:kerch-eddy-region:state:WARM,,unknown_no_dated_eddy_footprint,[],,source:7487b9a234864d2d,,kerch-eddy-region,state:WARM
claim:named_eddy_state:eddy:geography:kerch-eddy-region:state:WTRA,,,,,eddy:geography:kerch-eddy-region,unresolved,,,named_eddy_state:eddy:geography:kerch-eddy-region:state:WTRA,,unknown_no_dated_eddy_footprint,[],,source:7487b9a234864d2d,,kerch-eddy-region,state:WTRA
claim:named_eddy_state:eddy:geography:crimea-eddy-region:state:ALSK,,,,,eddy:geography:crimea-eddy-region,unresolved,,,named_eddy_state:eddy:geography:crimea-eddy-region:state:ALSK,,unknown_no_dated_eddy_footprint,[],,source:7487b9a234864d2d,,crimea-eddy-region,state:ALSK
claim:named_eddy_state:eddy:geography:crimea-eddy-region:state:ANTA,,,,,eddy:geography:crimea-eddy-region,unresolved,,,named_eddy_state:eddy:geography:crimea-eddy-region:state:ANTA,,unknown_no_dated_eddy_footprint,[],,source:7487b9a234864d2d,,crimea-eddy-region,state:ANTA
claim:named_eddy_state:eddy:geography:crimea-eddy-region:state:APLR,,,,,eddy:geography:crimea-eddy-region,unresolved,,,named_eddy_state:eddy:geography:crimea-eddy-region:state:APLR,,unknown_no_dated_eddy_footprint,[],,source:7487b9a234864d2d,,crimea-eddy-region,state:APLR
claim:named_eddy_state:eddy:geography:crimea-eddy-region:state:ARAB,,,,,eddy:geography:crimea-eddy-region,unresolved,,,named_eddy_state:eddy:geography:crimea-eddy-region:state:ARAB,,unknown_no_dated_eddy_footprint,[],,source:7487b9a234864d2d,,crimea-eddy-region,state:ARAB
claim:named_eddy_state:eddy:geography:crimea-eddy-region:state:ARCH,,,,,eddy:geography:crimea-eddy-region,unresolved,,,named_eddy_state:eddy:geography:crimea-eddy-region:state:ARCH,,unknown_no_dated_eddy_footprint,[],,source:7487b9a234864d2d,,crimea-eddy-region,state:ARCH
claim:named_eddy_state:eddy:geography:crimea-eddy-region:state:ARCT,,,,,eddy:geography:crimea-eddy-region,unresolved,,,named_eddy_state:eddy:geography:crimea-eddy-region:state:ARCT,,unknown_no_dated_eddy_footprint,[],,source:7487b9a234864d2d,,crimea-eddy-region,state:ARCT
claim:named_eddy_state:eddy:geography:crimea-eddy-region:state:AUSE,,,,,eddy:geography:crimea-eddy-region,unresolved,,,named_eddy_state:eddy:geography:crimea-eddy-region:state:AUSE,,unknown_no_dated_eddy_footprint,[],,source:7487b9a234864d2d,,crimea-eddy-region,state:AUSE
claim:named_eddy_state:eddy:geography:crimea-eddy-region:state:AUSW,,,,,eddy:geography:crimea-eddy-region,unresolved,,,named_eddy_state:eddy:geography:crimea-eddy-region:state:AUSW,,unknown_no_dated_eddy_footprint,[],,source:7487b9a234864d2d,,crimea-eddy-region,state:AUSW
claim:named_eddy_state:eddy:geography:crimea-eddy-region:state:BENG,,,,,eddy:geography:crimea-eddy-region,unresolved,,,named_eddy_state:eddy:geography:crimea-eddy-region:state:BENG,,unknown_no_dated_eddy_footprint,[],,source:7487b9a234864d2d,,crimea-eddy-region,state:BENG
claim:named_eddy_state:eddy:geography:crimea-eddy-region:state:BERS,,,,,eddy:geography:crimea-eddy-region,unresolved,,,named_eddy_state:eddy:geography:crimea-eddy-region:state:BERS,,unknown_no_dated_eddy_footprint,[],,source:7487b9a234864d2d,,crimea-eddy-region,state:BERS
claim:named_eddy_state:eddy:geography:crimea-eddy-region:state:BPLR,,,,,eddy:geography:crimea-eddy-region,unresolved,,,named_eddy_state:eddy:geography:crimea-eddy-region:state:BPLR,,unknown_no_dated_eddy_footprint,[],,source:7487b9a234864d2d,,crimea-eddy-region,state:BPLR
claim:named_eddy_state:eddy:geography:crimea-eddy-region:state:BRAZ,,,,,eddy:geography:crimea-eddy-region,unresolved,,,named_eddy_state:eddy:geography:crimea-eddy-region:state:BRAZ,,unknown_no_dated_eddy_footprint,[],,source:7487b9a234864d2d,,crimea-eddy-region,state:BRAZ
claim:named_eddy_state:eddy:geography:crimea-eddy-region:state:CAMR,,,,,eddy:geography:crimea-eddy-region,unresolved,,,named_eddy_state:eddy:geography:crimea-eddy-region:state:CAMR,,unknown_no_dated_eddy_footprint,[],,source:7487b9a234864d2d,,crimea-eddy-region,state:CAMR
claim:named_eddy_state:eddy:geography:crimea-eddy-region:state:CARB,,,,,eddy:geography:crimea-eddy-region,unresolved,,,named_eddy_state:eddy:geography:crimea-eddy-region:state:CARB,,unknown_no_dated_eddy_footprint,[],,source:7487b9a234864d2d,,crimea-eddy-region,state:CARB
claim:named_eddy_state:eddy:geography:crimea-eddy-region:state:CCAL,,,,,eddy:geography:crimea-eddy-region,unresolved,,,named_eddy_state:eddy:geography:crimea-eddy-region:state:CCAL,,unknown_no_dated_eddy_footprint,[],,source:7487b9a234864d2d,,crimea-eddy-region,state:CCAL
claim:named_eddy_state:eddy:geography:crimea-eddy-region:state:CHIN,,,,,eddy:geography:crimea-eddy-region,unresolved,,,named_eddy_state:eddy:geography:crimea-eddy-region:state:CHIN,,unknown_no_dated_eddy_footprint,[],,source:7487b9a234864d2d,,crimea-eddy-region,state:CHIN
claim:named_eddy_state:eddy:geography:crimea-eddy-region:state:CNRY,,,,,eddy:geography:crimea-eddy-region,unresolved,,,named_eddy_state:eddy:geography:crimea-eddy-region:state:CNRY,,unknown_no_dated_eddy_footprint,[],,source:7487b9a234864d2d,,crimea-eddy-region,state:CNRY
claim:named_eddy_state:eddy:geography:crimea-eddy-region:state:EAFR,,,,,eddy:geography:crimea-eddy-region,unresolved,,,named_eddy_state:eddy:geography:crimea-eddy-region:state:EAFR,,unknown_no_dated_eddy_footprint,[],,source:7487b9a234864d2d,,crimea-eddy-region,state:EAFR
claim:named_eddy_state:eddy:geography:crimea-eddy-region:state:ETRA,,,,,eddy:geography:crimea-eddy-region,unresolved,,,named_eddy_state:eddy:geography:crimea-eddy-region:state:ETRA,,unknown_no_dated_eddy_footprint,[],,source:7487b9a234864d2d,,crimea-eddy-region,state:ETRA
claim:named_eddy_state:eddy:geography:crimea-eddy-region:state:FKLD,,,,,eddy:geography:crimea-eddy-region,unresolved,,,named_eddy_state:eddy:geography:crimea-eddy-region:state:FKLD,,unknown_no_dated_eddy_footprint,[],,source:7487b9a234864d2d,,crimea-eddy-region,state:FKLD
claim:named_eddy_state:eddy:geography:crimea-eddy-region:state:GFST,,,,,eddy:geography:crimea-eddy-region,unresolved,,,named_eddy_state:eddy:geography:crimea-eddy-region:state:GFST,,unknown_no_dated_eddy_footprint,[],,source:7487b9a234864d2d,,crimea-eddy-region,state:GFST
claim:named_eddy_state:eddy:geography:crimea-eddy-region:state:GUIA,,,,,eddy:geography:crimea-eddy-region,unresolved,,,named_eddy_state:eddy:geography:crimea-eddy-region:state:GUIA,,unknown_no_dated_eddy_footprint,[],,source:7487b9a234864d2d,,crimea-eddy-region,state:GUIA
claim:named_eddy_state:eddy:geography:crimea-eddy-region:state:GUIN,,,,,eddy:geography:crimea-eddy-region,unresolved,,,named_eddy_state:eddy:geography:crimea-eddy-region:state:GUIN,,unknown_no_dated_eddy_footprint,[],,source:7487b9a234864d2d,,crimea-eddy-region,state:GUIN
claim:named_eddy_state:eddy:geography:crimea-eddy-region:state:HUMB,,,,,eddy:geography:crimea-eddy-region,unresolved,,,named_eddy_state:eddy:geography:crimea-eddy-region:state:HUMB,,unknown_no_dated_eddy_footprint,[],,source:7487b9a234864d2d,,crimea-eddy-region,state:HUMB
claim:named_eddy_state:eddy:geography:crimea-eddy-region:state:IND E,,,,,eddy:geography:crimea-eddy-region,unresolved,,,named_eddy_state:eddy:geography:crimea-eddy-region:state:IND E,,unknown_no_dated_eddy_footprint,[],,source:7487b9a234864d2d,,crimea-eddy-region,state:IND E
claim:named_eddy_state:eddy:geography:crimea-eddy-region:state:IND W,,,,,eddy:geography:crimea-eddy-region,unresolved,,,named_eddy_state:eddy:geography:crimea-eddy-region:state:IND W,,unknown_no_dated_eddy_footprint,[],,source:7487b9a234864d2d,,crimea-eddy-region,state:IND W
claim:named_eddy_state:eddy:geography:crimea-eddy-region:state:ISSG,,,,,eddy:geography:crimea-eddy-region,unresolved,,,named_eddy_state:eddy:geography:crimea-eddy-region:state:ISSG,,unknown_no_dated_eddy_footprint,[],,source:7487b9a234864d2d,,crimea-eddy-region,state:ISSG
claim:named_eddy_state:eddy:geography:crimea-eddy-region:state:KURO,,,,,eddy:geography:crimea-eddy-region,unresolved,,,named_eddy_state:eddy:geography:crimea-eddy-region:state:KURO,,unknown_no_dated_eddy_footprint,[],,source:7487b9a234864d2d,,crimea-eddy-region,state:KURO
claim:named_eddy_state:eddy:geography:crimea-eddy-region:state:MEDI,,,,,eddy:geography:crimea-eddy-region,unresolved,,,named_eddy_state:eddy:geography:crimea-eddy-region:state:MEDI,,unknown_no_dated_eddy_footprint,[],,source:7487b9a234864d2d,,crimea-eddy-region,state:MEDI
claim:named_eddy_state:eddy:geography:crimea-eddy-region:state:MONS,,,,,eddy:geography:crimea-eddy-region,unresolved,,,named_eddy_state:eddy:geography:crimea-eddy-region:state:MONS,,unknown_no_dated_eddy_footprint,[],,source:7487b9a234864d2d,,crimea-eddy-region,state:MONS
claim:named_eddy_state:eddy:geography:crimea-eddy-region:state:NADR,,,,,eddy:geography:crimea-eddy-region,unresolved,,,named_eddy_state:eddy:geography:crimea-eddy-region:state:NADR,,unknown_no_dated_eddy_footprint,[],,source:7487b9a234864d2d,,crimea-eddy-region,state:NADR
claim:named_eddy_state:eddy:geography:crimea-eddy-region:state:NAST E,,,,,eddy:geography:crimea-eddy-region,unresolved,,,named_eddy_state:eddy:geography:crimea-eddy-region:state:NAST E,,unknown_no_dated_eddy_footprint,[],,source:7487b9a234864d2d,,crimea-eddy-region,state:NAST E
claim:named_eddy_state:eddy:geography:crimea-eddy-region:state:NAST W,,,,,eddy:geography:crimea-eddy-region,unresolved,,,named_eddy_state:eddy:geography:crimea-eddy-region:state:NAST W,,unknown_no_dated_eddy_footprint,[],,source:7487b9a234864d2d,,crimea-eddy-region,state:NAST W
claim:named_eddy_state:eddy:geography:crimea-eddy-region:state:NATR,,,,,eddy:geography:crimea-eddy-region,unresolved,,,named_eddy_state:eddy:geography:crimea-eddy-region:state:NATR,,unknown_no_dated_eddy_footprint,[],,source:7487b9a234864d2d,,crimea-eddy-region,state:NATR
claim:named_eddy_state:eddy:geography:crimea-eddy-region:state:NECS,,,,,eddy:geography:crimea-eddy-region,unresolved,,,named_eddy_state:eddy:geography:crimea-eddy-region:state:NECS,,unknown_no_dated_eddy_footprint,[],,source:7487b9a234864d2d,,crimea-eddy-region,state:NECS
claim:named_eddy_state:eddy:geography:crimea-eddy-region:state:NEWZ,,,,,eddy:geography:crimea-eddy-region,unresolved,,,named_eddy_state:eddy:geography:crimea-eddy-region:state:NEWZ,,unknown_no_dated_eddy_footprint,[],,source:7487b9a234864d2d,,crimea-eddy-region,state:NEWZ
claim:named_eddy_state:eddy:geography:crimea-eddy-region:state:NPPF,,,,,eddy:geography:crimea-eddy-region,unresolved,,,named_eddy_state:eddy:geography:crimea-eddy-region:state:NPPF,,unknown_no_dated_eddy_footprint,[],,source:7487b9a234864d2d,,crimea-eddy-region,state:NPPF
claim:named_eddy_state:eddy:geography:crimea-eddy-region:state:NPSE,,,,,eddy:geography:crimea-eddy-region,unresolved,,,named_eddy_state:eddy:geography:crimea-eddy-region:state:NPSE,,unknown_no_dated_eddy_footprint,[],,source:7487b9a234864d2d,,crimea-eddy-region,state:NPSE
claim:named_eddy_state:eddy:geography:crimea-eddy-region:state:NPSW,,,,,eddy:geography:crimea-eddy-region,unresolved,,,named_eddy_state:eddy:geography:crimea-eddy-region:state:NPSW,,unknown_no_dated_eddy_footprint,[],,source:7487b9a234864d2d,,crimea-eddy-region,state:NPSW
claim:named_eddy_state:eddy:geography:crimea-eddy-region:state:NPTG,,,,,eddy:geography:crimea-eddy-region,unresolved,,,named_eddy_state:eddy:geography:crimea-eddy-region:state:NPTG,,unknown_no_dated_eddy_footprint,[],,source:7487b9a234864d2d,,crimea-eddy-region,state:NPTG
claim:named_eddy_state:eddy:geography:crimea-eddy-region:state:NWCS,,,,,eddy:geography:crimea-eddy-region,unresolved,,,named_eddy_state:eddy:geography:crimea-eddy-region:state:NWCS,,unknown_no_dated_eddy_footprint,[],,source:7487b9a234864d2d,,crimea-eddy-region,state:NWCS
claim:named_eddy_state:eddy:geography:crimea-eddy-region:state:OCAL,,,,,eddy:geography:crimea-eddy-region,unresolved,,,named_eddy_state:eddy:geography:crimea-eddy-region:state:OCAL,,unknown_no_dated_eddy_footprint,[],,source:7487b9a234864d2d,,crimea-eddy-region,state:OCAL
claim:named_eddy_state:eddy:geography:crimea-eddy-region:state:PEQD,,,,,eddy:geography:crimea-eddy-region,unresolved,,,named_eddy_state:eddy:geography:crimea-eddy-region:state:PEQD,,unknown_no_dated_eddy_footprint,[],,source:7487b9a234864d2d,,crimea-eddy-region,state:PEQD
claim:named_eddy_state:eddy:geography:crimea-eddy-region:state:PNEC,,,,,eddy:geography:crimea-eddy-region,unresolved,,,named_eddy_state:eddy:geography:crimea-eddy-region:state:PNEC,,unknown_no_dated_eddy_footprint,[],,source:7487b9a234864d2d,,crimea-eddy-region,state:PNEC
claim:named_eddy_state:eddy:geography:crimea-eddy-region:state:PSAE,,,,,eddy:geography:crimea-eddy-region,unresolved,,,named_eddy_state:eddy:geography:crimea-eddy-region:state:PSAE,,unknown_no_dated_eddy_footprint,[],,source:7487b9a234864d2d,,crimea-eddy-region,state:PSAE
claim:named_eddy_state:eddy:geography:crimea-eddy-region:state:PSAW,,,,,eddy:geography:crimea-eddy-region,unresolved,,,named_eddy_state:eddy:geography:crimea-eddy-region:state:PSAW,,unknown_no_dated_eddy_footprint,[],,source:7487b9a234864d2d,,crimea-eddy-region,state:PSAW
claim:named_eddy_state:eddy:geography:crimea-eddy-region:state:REDS,,,,,eddy:geography:crimea-eddy-region,unresolved,,,named_eddy_state:eddy:geography:crimea-eddy-region:state:REDS,,unknown_no_dated_eddy_footprint,[],,source:7487b9a234864d2d,,crimea-eddy-region,state:REDS
claim:named_eddy_state:eddy:geography:crimea-eddy-region:state:SANT,,,,,eddy:geography:crimea-eddy-region,unresolved,,,named_eddy_state:eddy:geography:crimea-eddy-region:state:SANT,,unknown_no_dated_eddy_footprint,[],,source:7487b9a234864d2d,,crimea-eddy-region,state:SANT
claim:named_eddy_state:eddy:geography:crimea-eddy-region:state:SARC,,,,,eddy:geography:crimea-eddy-region,unresolved,,,named_eddy_state:eddy:geography:crimea-eddy-region:state:SARC,,unknown_no_dated_eddy_footprint,[],,source:7487b9a234864d2d,,crimea-eddy-region,state:SARC
claim:named_eddy_state:eddy:geography:crimea-eddy-region:state:SATL,,,,,eddy:geography:crimea-eddy-region,unresolved,,,named_eddy_state:eddy:geography:crimea-eddy-region:state:SATL,,unknown_no_dated_eddy_footprint,[],,source:7487b9a234864d2d,,crimea-eddy-region,state:SATL
claim:named_eddy_state:eddy:geography:crimea-eddy-region:state:SPSG,,,,,eddy:geography:crimea-eddy-region,unresolved,,,named_eddy_state:eddy:geography:crimea-eddy-region:state:SPSG,,unknown_no_dated_eddy_footprint,[],,source:7487b9a234864d2d,,crimea-eddy-region,state:SPSG
claim:named_eddy_state:eddy:geography:crimea-eddy-region:state:SSTC,,,,,eddy:geography:crimea-eddy-region,unresolved,,,named_eddy_state:eddy:geography:crimea-eddy-region:state:SSTC,,unknown_no_dated_eddy_footprint,[],,source:7487b9a234864d2d,,crimea-eddy-region,state:SSTC
claim:named_eddy_state:eddy:geography:crimea-eddy-region:state:SUND,,,,,eddy:geography:crimea-eddy-region,unresolved,,,named_eddy_state:eddy:geography:crimea-eddy-region:state:SUND,,unknown_no_dated_eddy_footprint,[],,source:7487b9a234864d2d,,crimea-eddy-region,state:SUND
claim:named_eddy_state:eddy:geography:crimea-eddy-region:state:TASM,,,,,eddy:geography:crimea-eddy-region,unresolved,,,named_eddy_state:eddy:geography:crimea-eddy-region:state:TASM,,unknown_no_dated_eddy_footprint,[],,source:7487b9a234864d2d,,crimea-eddy-region,state:TASM
claim:named_eddy_state:eddy:geography:crimea-eddy-region:state:WARM,,,,,eddy:geography:crimea-eddy-region,unresolved,,,named_eddy_state:eddy:geography:crimea-eddy-region:state:WARM,,unknown_no_dated_eddy_footprint,[],,source:7487b9a234864d2d,,crimea-eddy-region,state:WARM
claim:named_eddy_state:eddy:geography:crimea-eddy-region:state:WTRA,,,,,eddy:geography:crimea-eddy-region,unresolved,,,named_eddy_state:eddy:geography:crimea-eddy-region:state:WTRA,,unknown_no_dated_eddy_footprint,[],,source:7487b9a234864d2d,,crimea-eddy-region,state:WTRA
claim:named_eddy_state:eddy:geography:sevastopol-eddy-region:state:ALSK,,,,,eddy:geography:sevastopol-eddy-region,unresolved,,,named_eddy_state:eddy:geography:sevastopol-eddy-region:state:ALSK,,unknown_no_dated_eddy_footprint,[],,source:7487b9a234864d2d,,sevastopol-eddy-region,state:ALSK
claim:named_eddy_state:eddy:geography:sevastopol-eddy-region:state:ANTA,,,,,eddy:geography:sevastopol-eddy-region,unresolved,,,named_eddy_state:eddy:geography:sevastopol-eddy-region:state:ANTA,,unknown_no_dated_eddy_footprint,[],,source:7487b9a234864d2d,,sevastopol-eddy-region,state:ANTA
claim:named_eddy_state:eddy:geography:sevastopol-eddy-region:state:APLR,,,,,eddy:geography:sevastopol-eddy-region,unresolved,,,named_eddy_state:eddy:geography:sevastopol-eddy-region:state:APLR,,unknown_no_dated_eddy_footprint,[],,source:7487b9a234864d2d,,sevastopol-eddy-region,state:APLR
claim:named_eddy_state:eddy:geography:sevastopol-eddy-region:state:ARAB,,,,,eddy:geography:sevastopol-eddy-region,unresolved,,,named_eddy_state:eddy:geography:sevastopol-eddy-region:state:ARAB,,unknown_no_dated_eddy_footprint,[],,source:7487b9a234864d2d,,sevastopol-eddy-region,state:ARAB
claim:named_eddy_state:eddy:geography:sevastopol-eddy-region:state:ARCH,,,,,eddy:geography:sevastopol-eddy-region,unresolved,,,named_eddy_state:eddy:geography:sevastopol-eddy-region:state:ARCH,,unknown_no_dated_eddy_footprint,[],,source:7487b9a234864d2d,,sevastopol-eddy-region,state:ARCH
claim:named_eddy_state:eddy:geography:sevastopol-eddy-region:state:ARCT,,,,,eddy:geography:sevastopol-eddy-region,unresolved,,,named_eddy_state:eddy:geography:sevastopol-eddy-region:state:ARCT,,unknown_no_dated_eddy_footprint,[],,source:7487b9a234864d2d,,sevastopol-eddy-region,state:ARCT
claim:named_eddy_state:eddy:geography:sevastopol-eddy-region:state:AUSE,,,,,eddy:geography:sevastopol-eddy-region,unresolved,,,named_eddy_state:eddy:geography:sevastopol-eddy-region:state:AUSE,,unknown_no_dated_eddy_footprint,[],,source:7487b9a234864d2d,,sevastopol-eddy-region,state:AUSE
claim:named_eddy_state:eddy:geography:sevastopol-eddy-region:state:AUSW,,,,,eddy:geography:sevastopol-eddy-region,unresolved,,,named_eddy_state:eddy:geography:sevastopol-eddy-region:state:AUSW,,unknown_no_dated_eddy_footprint,[],,source:7487b9a234864d2d,,sevastopol-eddy-region,state:AUSW
claim:named_eddy_state:eddy:geography:sevastopol-eddy-region:state:BENG,,,,,eddy:geography:sevastopol-eddy-region,unresolved,,,named_eddy_state:eddy:geography:sevastopol-eddy-region:state:BENG,,unknown_no_dated_eddy_footprint,[],,source:7487b9a234864d2d,,sevastopol-eddy-region,state:BENG
claim:named_eddy_state:eddy:geography:sevastopol-eddy-region:state:BERS,,,,,eddy:geography:sevastopol-eddy-region,unresolved,,,named_eddy_state:eddy:geography:sevastopol-eddy-region:state:BERS,,unknown_no_dated_eddy_footprint,[],,source:7487b9a234864d2d,,sevastopol-eddy-region,state:BERS
claim:named_eddy_state:eddy:geography:sevastopol-eddy-region:state:BPLR,,,,,eddy:geography:sevastopol-eddy-region,unresolved,,,named_eddy_state:eddy:geography:sevastopol-eddy-region:state:BPLR,,unknown_no_dated_eddy_footprint,[],,source:7487b9a234864d2d,,sevastopol-eddy-region,state:BPLR
claim:named_eddy_state:eddy:geography:sevastopol-eddy-region:state:BRAZ,,,,,eddy:geography:sevastopol-eddy-region,unresolved,,,named_eddy_state:eddy:geography:sevastopol-eddy-region:state:BRAZ,,unknown_no_dated_eddy_footprint,[],,source:7487b9a234864d2d,,sevastopol-eddy-region,state:BRAZ
claim:named_eddy_state:eddy:geography:sevastopol-eddy-region:state:CAMR,,,,,eddy:geography:sevastopol-eddy-region,unresolved,,,named_eddy_state:eddy:geography:sevastopol-eddy-region:state:CAMR,,unknown_no_dated_eddy_footprint,[],,source:7487b9a234864d2d,,sevastopol-eddy-region,state:CAMR
claim:named_eddy_state:eddy:geography:sevastopol-eddy-region:state:CARB,,,,,eddy:geography:sevastopol-eddy-region,unresolved,,,named_eddy_state:eddy:geography:sevastopol-eddy-region:state:CARB,,unknown_no_dated_eddy_footprint,[],,source:7487b9a234864d2d,,sevastopol-eddy-region,state:CARB
claim:named_eddy_state:eddy:geography:sevastopol-eddy-region:state:CCAL,,,,,eddy:geography:sevastopol-eddy-region,unresolved,,,named_eddy_state:eddy:geography:sevastopol-eddy-region:state:CCAL,,unknown_no_dated_eddy_footprint,[],,source:7487b9a234864d2d,,sevastopol-eddy-region,state:CCAL
claim:named_eddy_state:eddy:geography:sevastopol-eddy-region:state:CHIN,,,,,eddy:geography:sevastopol-eddy-region,unresolved,,,named_eddy_state:eddy:geography:sevastopol-eddy-region:state:CHIN,,unknown_no_dated_eddy_footprint,[],,source:7487b9a234864d2d,,sevastopol-eddy-region,state:CHIN
claim:named_eddy_state:eddy:geography:sevastopol-eddy-region:state:CNRY,,,,,eddy:geography:sevastopol-eddy-region,unresolved,,,named_eddy_state:eddy:geography:sevastopol-eddy-region:state:CNRY,,unknown_no_dated_eddy_footprint,[],,source:7487b9a234864d2d,,sevastopol-eddy-region,state:CNRY
claim:named_eddy_state:eddy:geography:sevastopol-eddy-region:state:EAFR,,,,,eddy:geography:sevastopol-eddy-region,unresolved,,,named_eddy_state:eddy:geography:sevastopol-eddy-region:state:EAFR,,unknown_no_dated_eddy_footprint,[],,source:7487b9a234864d2d,,sevastopol-eddy-region,state:EAFR
claim:named_eddy_state:eddy:geography:sevastopol-eddy-region:state:ETRA,,,,,eddy:geography:sevastopol-eddy-region,unresolved,,,named_eddy_state:eddy:geography:sevastopol-eddy-region:state:ETRA,,unknown_no_dated_eddy_footprint,[],,source:7487b9a234864d2d,,sevastopol-eddy-region,state:ETRA
claim:named_eddy_state:eddy:geography:sevastopol-eddy-region:state:FKLD,,,,,eddy:geography:sevastopol-eddy-region,unresolved,,,named_eddy_state:eddy:geography:sevastopol-eddy-region:state:FKLD,,unknown_no_dated_eddy_footprint,[],,source:7487b9a234864d2d,,sevastopol-eddy-region,state:FKLD
claim:named_eddy_state:eddy:geography:sevastopol-eddy-region:state:GFST,,,,,eddy:geography:sevastopol-eddy-region,unresolved,,,named_eddy_state:eddy:geography:sevastopol-eddy-region:state:GFST,,unknown_no_dated_eddy_footprint,[],,source:7487b9a234864d2d,,sevastopol-eddy-region,state:GFST
claim:named_eddy_state:eddy:geography:sevastopol-eddy-region:state:GUIA,,,,,eddy:geography:sevastopol-eddy-region,unresolved,,,named_eddy_state:eddy:geography:sevastopol-eddy-region:state:GUIA,,unknown_no_dated_eddy_footprint,[],,source:7487b9a234864d2d,,sevastopol-eddy-region,state:GUIA
claim:named_eddy_state:eddy:geography:sevastopol-eddy-region:state:GUIN,,,,,eddy:geography:sevastopol-eddy-region,unresolved,,,named_eddy_state:eddy:geography:sevastopol-eddy-region:state:GUIN,,unknown_no_dated_eddy_footprint,[],,source:7487b9a234864d2d,,sevastopol-eddy-region,state:GUIN
claim:named_eddy_state:eddy:geography:sevastopol-eddy-region:state:HUMB,,,,,eddy:geography:sevastopol-eddy-region,unresolved,,,named_eddy_state:eddy:geography:sevastopol-eddy-region:state:HUMB,,unknown_no_dated_eddy_footprint,[],,source:7487b9a234864d2d,,sevastopol-eddy-region,state:HUMB
claim:named_eddy_state:eddy:geography:sevastopol-eddy-region:state:IND E,,,,,eddy:geography:sevastopol-eddy-region,unresolved,,,named_eddy_state:eddy:geography:sevastopol-eddy-region:state:IND E,,unknown_no_dated_eddy_footprint,[],,source:7487b9a234864d2d,,sevastopol-eddy-region,state:IND E
claim:named_eddy_state:eddy:geography:sevastopol-eddy-region:state:IND W,,,,,eddy:geography:sevastopol-eddy-region,unresolved,,,named_eddy_state:eddy:geography:sevastopol-eddy-region:state:IND W,,unknown_no_dated_eddy_footprint,[],,source:7487b9a234864d2d,,sevastopol-eddy-region,state:IND W
claim:named_eddy_state:eddy:geography:sevastopol-eddy-region:state:ISSG,,,,,eddy:geography:sevastopol-eddy-region,unresolved,,,named_eddy_state:eddy:geography:sevastopol-eddy-region:state:ISSG,,unknown_no_dated_eddy_footprint,[],,source:7487b9a234864d2d,,sevastopol-eddy-region,state:ISSG
claim:named_eddy_state:eddy:geography:sevastopol-eddy-region:state:KURO,,,,,eddy:geography:sevastopol-eddy-region,unresolved,,,named_eddy_state:eddy:geography:sevastopol-eddy-region:state:KURO,,unknown_no_dated_eddy_footprint,[],,source:7487b9a234864d2d,,sevastopol-eddy-region,state:KURO
claim:named_eddy_state:eddy:geography:sevastopol-eddy-region:state:MEDI,,,,,eddy:geography:sevastopol-eddy-region,unresolved,,,named_eddy_state:eddy:geography:sevastopol-eddy-region:state:MEDI,,unknown_no_dated_eddy_footprint,[],,source:7487b9a234864d2d,,sevastopol-eddy-region,state:MEDI
claim:named_eddy_state:eddy:geography:sevastopol-eddy-region:state:MONS,,,,,eddy:geography:sevastopol-eddy-region,unresolved,,,named_eddy_state:eddy:geography:sevastopol-eddy-region:state:MONS,,unknown_no_dated_eddy_footprint,[],,source:7487b9a234864d2d,,sevastopol-eddy-region,state:MONS
claim:named_eddy_state:eddy:geography:sevastopol-eddy-region:state:NADR,,,,,eddy:geography:sevastopol-eddy-region,unresolved,,,named_eddy_state:eddy:geography:sevastopol-eddy-region:state:NADR,,unknown_no_dated_eddy_footprint,[],,source:7487b9a234864d2d,,sevastopol-eddy-region,state:NADR
claim:named_eddy_state:eddy:geography:sevastopol-eddy-region:state:NAST E,,,,,eddy:geography:sevastopol-eddy-region,unresolved,,,named_eddy_state:eddy:geography:sevastopol-eddy-region:state:NAST E,,unknown_no_dated_eddy_footprint,[],,source:7487b9a234864d2d,,sevastopol-eddy-region,state:NAST E
claim:named_eddy_state:eddy:geography:sevastopol-eddy-region:state:NAST W,,,,,eddy:geography:sevastopol-eddy-region,unresolved,,,named_eddy_state:eddy:geography:sevastopol-eddy-region:state:NAST W,,unknown_no_dated_eddy_footprint,[],,source:7487b9a234864d2d,,sevastopol-eddy-region,state:NAST W
claim:named_eddy_state:eddy:geography:sevastopol-eddy-region:state:NATR,,,,,eddy:geography:sevastopol-eddy-region,unresolved,,,named_eddy_state:eddy:geography:sevastopol-eddy-region:state:NATR,,unknown_no_dated_eddy_footprint,[],,source:7487b9a234864d2d,,sevastopol-eddy-region,state:NATR
claim:named_eddy_state:eddy:geography:sevastopol-eddy-region:state:NECS,,,,,eddy:geography:sevastopol-eddy-region,unresolved,,,named_eddy_state:eddy:geography:sevastopol-eddy-region:state:NECS,,unknown_no_dated_eddy_footprint,[],,source:7487b9a234864d2d,,sevastopol-eddy-region,state:NECS
claim:named_eddy_state:eddy:geography:sevastopol-eddy-region:state:NEWZ,,,,,eddy:geography:sevastopol-eddy-region,unresolved,,,named_eddy_state:eddy:geography:sevastopol-eddy-region:state:NEWZ,,unknown_no_dated_eddy_footprint,[],,source:7487b9a234864d2d,,sevastopol-eddy-region,state:NEWZ
claim:named_eddy_state:eddy:geography:sevastopol-eddy-region:state:NPPF,,,,,eddy:geography:sevastopol-eddy-region,unresolved,,,named_eddy_state:eddy:geography:sevastopol-eddy-region:state:NPPF,,unknown_no_dated_eddy_footprint,[],,source:7487b9a234864d2d,,sevastopol-eddy-region,state:NPPF
claim:named_eddy_state:eddy:geography:sevastopol-eddy-region:state:NPSE,,,,,eddy:geography:sevastopol-eddy-region,unresolved,,,named_eddy_state:eddy:geography:sevastopol-eddy-region:state:NPSE,,unknown_no_dated_eddy_footprint,[],,source:7487b9a234864d2d,,sevastopol-eddy-region,state:NPSE
claim:named_eddy_state:eddy:geography:sevastopol-eddy-region:state:NPSW,,,,,eddy:geography:sevastopol-eddy-region,unresolved,,,named_eddy_state:eddy:geography:sevastopol-eddy-region:state:NPSW,,unknown_no_dated_eddy_footprint,[],,source:7487b9a234864d2d,,sevastopol-eddy-region,state:NPSW
claim:named_eddy_state:eddy:geography:sevastopol-eddy-region:state:NPTG,,,,,eddy:geography:sevastopol-eddy-region,unresolved,,,named_eddy_state:eddy:geography:sevastopol-eddy-region:state:NPTG,,unknown_no_dated_eddy_footprint,[],,source:7487b9a234864d2d,,sevastopol-eddy-region,state:NPTG
claim:named_eddy_state:eddy:geography:sevastopol-eddy-region:state:NWCS,,,,,eddy:geography:sevastopol-eddy-region,unresolved,,,named_eddy_state:eddy:geography:sevastopol-eddy-region:state:NWCS,,unknown_no_dated_eddy_footprint,[],,source:7487b9a234864d2d,,sevastopol-eddy-region,state:NWCS
claim:named_eddy_state:eddy:geography:sevastopol-eddy-region:state:OCAL,,,,,eddy:geography:sevastopol-eddy-region,unresolved,,,named_eddy_state:eddy:geography:sevastopol-eddy-region:state:OCAL,,unknown_no_dated_eddy_footprint,[],,source:7487b9a234864d2d,,sevastopol-eddy-region,state:OCAL
claim:named_eddy_state:eddy:geography:sevastopol-eddy-region:state:PEQD,,,,,eddy:geography:sevastopol-eddy-region,unresolved,,,named_eddy_state:eddy:geography:sevastopol-eddy-region:state:PEQD,,unknown_no_dated_eddy_footprint,[],,source:7487b9a234864d2d,,sevastopol-eddy-region,state:PEQD
claim:named_eddy_state:eddy:geography:sevastopol-eddy-region:state:PNEC,,,,,eddy:geography:sevastopol-eddy-region,unresolved,,,named_eddy_state:eddy:geography:sevastopol-eddy-region:state:PNEC,,unknown_no_dated_eddy_footprint,[],,source:7487b9a234864d2d,,sevastopol-eddy-region,state:PNEC
claim:named_eddy_state:eddy:geography:sevastopol-eddy-region:state:PSAE,,,,,eddy:geography:sevastopol-eddy-region,unresolved,,,named_eddy_state:eddy:geography:sevastopol-eddy-region:state:PSAE,,unknown_no_dated_eddy_footprint,[],,source:7487b9a234864d2d,,sevastopol-eddy-region,state:PSAE
claim:named_eddy_state:eddy:geography:sevastopol-eddy-region:state:PSAW,,,,,eddy:geography:sevastopol-eddy-region,unresolved,,,named_eddy_state:eddy:geography:sevastopol-eddy-region:state:PSAW,,unknown_no_dated_eddy_footprint,[],,source:7487b9a234864d2d,,sevastopol-eddy-region,state:PSAW
claim:named_eddy_state:eddy:geography:sevastopol-eddy-region:state:REDS,,,,,eddy:geography:sevastopol-eddy-region,unresolved,,,named_eddy_state:eddy:geography:sevastopol-eddy-region:state:REDS,,unknown_no_dated_eddy_footprint,[],,source:7487b9a234864d2d,,sevastopol-eddy-region,state:REDS
claim:named_eddy_state:eddy:geography:sevastopol-eddy-region:state:SANT,,,,,eddy:geography:sevastopol-eddy-region,unresolved,,,named_eddy_state:eddy:geography:sevastopol-eddy-region:state:SANT,,unknown_no_dated_eddy_footprint,[],,source:7487b9a234864d2d,,sevastopol-eddy-region,state:SANT
claim:named_eddy_state:eddy:geography:sevastopol-eddy-region:state:SARC,,,,,eddy:geography:sevastopol-eddy-region,unresolved,,,named_eddy_state:eddy:geography:sevastopol-eddy-region:state:SARC,,unknown_no_dated_eddy_footprint,[],,source:7487b9a234864d2d,,sevastopol-eddy-region,state:SARC
claim:named_eddy_state:eddy:geography:sevastopol-eddy-region:state:SATL,,,,,eddy:geography:sevastopol-eddy-region,unresolved,,,named_eddy_state:eddy:geography:sevastopol-eddy-region:state:SATL,,unknown_no_dated_eddy_footprint,[],,source:7487b9a234864d2d,,sevastopol-eddy-region,state:SATL
claim:named_eddy_state:eddy:geography:sevastopol-eddy-region:state:SPSG,,,,,eddy:geography:sevastopol-eddy-region,unresolved,,,named_eddy_state:eddy:geography:sevastopol-eddy-region:state:SPSG,,unknown_no_dated_eddy_footprint,[],,source:7487b9a234864d2d,,sevastopol-eddy-region,state:SPSG
claim:named_eddy_state:eddy:geography:sevastopol-eddy-region:state:SSTC,,,,,eddy:geography:sevastopol-eddy-region,unresolved,,,named_eddy_state:eddy:geography:sevastopol-eddy-region:state:SSTC,,unknown_no_dated_eddy_footprint,[],,source:7487b9a234864d2d,,sevastopol-eddy-region,state:SSTC
claim:named_eddy_state:eddy:geography:sevastopol-eddy-region:state:SUND,,,,,eddy:geography:sevastopol-eddy-region,unresolved,,,named_eddy_state:eddy:geography:sevastopol-eddy-region:state:SUND,,unknown_no_dated_eddy_footprint,[],,source:7487b9a234864d2d,,sevastopol-eddy-region,state:SUND
claim:named_eddy_state:eddy:geography:sevastopol-eddy-region:state:TASM,,,,,eddy:geography:sevastopol-eddy-region,unresolved,,,named_eddy_state:eddy:geography:sevastopol-eddy-region:state:TASM,,unknown_no_dated_eddy_footprint,[],,source:7487b9a234864d2d,,sevastopol-eddy-region,state:TASM
claim:named_eddy_state:eddy:geography:sevastopol-eddy-region:state:WARM,,,,,eddy:geography:sevastopol-eddy-region,unresolved,,,named_eddy_state:eddy:geography:sevastopol-eddy-region:state:WARM,,unknown_no_dated_eddy_footprint,[],,source:7487b9a234864d2d,,sevastopol-eddy-region,state:WARM
claim:named_eddy_state:eddy:geography:sevastopol-eddy-region:state:WTRA,,,,,eddy:geography:sevastopol-eddy-region,unresolved,,,named_eddy_state:eddy:geography:sevastopol-eddy-region:state:WTRA,,unknown_no_dated_eddy_footprint,[],,source:7487b9a234864d2d,,sevastopol-eddy-region,state:WTRA
claim:named_eddy_state:eddy:geography:danube-eddy-region:state:ALSK,,,,,eddy:geography:danube-eddy-region,unresolved,,,named_eddy_state:eddy:geography:danube-eddy-region:state:ALSK,,unknown_no_dated_eddy_footprint,[],,source:7487b9a234864d2d,,danube-eddy-region,state:ALSK
claim:named_eddy_state:eddy:geography:danube-eddy-region:state:ANTA,,,,,eddy:geography:danube-eddy-region,unresolved,,,named_eddy_state:eddy:geography:danube-eddy-region:state:ANTA,,unknown_no_dated_eddy_footprint,[],,source:7487b9a234864d2d,,danube-eddy-region,state:ANTA
claim:named_eddy_state:eddy:geography:danube-eddy-region:state:APLR,,,,,eddy:geography:danube-eddy-region,unresolved,,,named_eddy_state:eddy:geography:danube-eddy-region:state:APLR,,unknown_no_dated_eddy_footprint,[],,source:7487b9a234864d2d,,danube-eddy-region,state:APLR
claim:named_eddy_state:eddy:geography:danube-eddy-region:state:ARAB,,,,,eddy:geography:danube-eddy-region,unresolved,,,named_eddy_state:eddy:geography:danube-eddy-region:state:ARAB,,unknown_no_dated_eddy_footprint,[],,source:7487b9a234864d2d,,danube-eddy-region,state:ARAB
claim:named_eddy_state:eddy:geography:danube-eddy-region:state:ARCH,,,,,eddy:geography:danube-eddy-region,unresolved,,,named_eddy_state:eddy:geography:danube-eddy-region:state:ARCH,,unknown_no_dated_eddy_footprint,[],,source:7487b9a234864d2d,,danube-eddy-region,state:ARCH
claim:named_eddy_state:eddy:geography:danube-eddy-region:state:ARCT,,,,,eddy:geography:danube-eddy-region,unresolved,,,named_eddy_state:eddy:geography:danube-eddy-region:state:ARCT,,unknown_no_dated_eddy_footprint,[],,source:7487b9a234864d2d,,danube-eddy-region,state:ARCT
claim:named_eddy_state:eddy:geography:danube-eddy-region:state:AUSE,,,,,eddy:geography:danube-eddy-region,unresolved,,,named_eddy_state:eddy:geography:danube-eddy-region:state:AUSE,,unknown_no_dated_eddy_footprint,[],,source:7487b9a234864d2d,,danube-eddy-region,state:AUSE
claim:named_eddy_state:eddy:geography:danube-eddy-region:state:AUSW,,,,,eddy:geography:danube-eddy-region,unresolved,,,named_eddy_state:eddy:geography:danube-eddy-region:state:AUSW,,unknown_no_dated_eddy_footprint,[],,source:7487b9a234864d2d,,danube-eddy-region,state:AUSW
claim:named_eddy_state:eddy:geography:danube-eddy-region:state:BENG,,,,,eddy:geography:danube-eddy-region,unresolved,,,named_eddy_state:eddy:geography:danube-eddy-region:state:BENG,,unknown_no_dated_eddy_footprint,[],,source:7487b9a234864d2d,,danube-eddy-region,state:BENG
claim:named_eddy_state:eddy:geography:danube-eddy-region:state:BERS,,,,,eddy:geography:danube-eddy-region,unresolved,,,named_eddy_state:eddy:geography:danube-eddy-region:state:BERS,,unknown_no_dated_eddy_footprint,[],,source:7487b9a234864d2d,,danube-eddy-region,state:BERS
claim:named_eddy_state:eddy:geography:danube-eddy-region:state:BPLR,,,,,eddy:geography:danube-eddy-region,unresolved,,,named_eddy_state:eddy:geography:danube-eddy-region:state:BPLR,,unknown_no_dated_eddy_footprint,[],,source:7487b9a234864d2d,,danube-eddy-region,state:BPLR
claim:named_eddy_state:eddy:geography:danube-eddy-region:state:BRAZ,,,,,eddy:geography:danube-eddy-region,unresolved,,,named_eddy_state:eddy:geography:danube-eddy-region:state:BRAZ,,unknown_no_dated_eddy_footprint,[],,source:7487b9a234864d2d,,danube-eddy-region,state:BRAZ
claim:named_eddy_state:eddy:geography:danube-eddy-region:state:CAMR,,,,,eddy:geography:danube-eddy-region,unresolved,,,named_eddy_state:eddy:geography:danube-eddy-region:state:CAMR,,unknown_no_dated_eddy_footprint,[],,source:7487b9a234864d2d,,danube-eddy-region,state:CAMR
claim:named_eddy_state:eddy:geography:danube-eddy-region:state:CARB,,,,,eddy:geography:danube-eddy-region,unresolved,,,named_eddy_state:eddy:geography:danube-eddy-region:state:CARB,,unknown_no_dated_eddy_footprint,[],,source:7487b9a234864d2d,,danube-eddy-region,state:CARB
claim:named_eddy_state:eddy:geography:danube-eddy-region:state:CCAL,,,,,eddy:geography:danube-eddy-region,unresolved,,,named_eddy_state:eddy:geography:danube-eddy-region:state:CCAL,,unknown_no_dated_eddy_footprint,[],,source:7487b9a234864d2d,,danube-eddy-region,state:CCAL
claim:named_eddy_state:eddy:geography:danube-eddy-region:state:CHIN,,,,,eddy:geography:danube-eddy-region,unresolved,,,named_eddy_state:eddy:geography:danube-eddy-region:state:CHIN,,unknown_no_dated_eddy_footprint,[],,source:7487b9a234864d2d,,danube-eddy-region,state:CHIN
claim:named_eddy_state:eddy:geography:danube-eddy-region:state:CNRY,,,,,eddy:geography:danube-eddy-region,unresolved,,,named_eddy_state:eddy:geography:danube-eddy-region:state:CNRY,,unknown_no_dated_eddy_footprint,[],,source:7487b9a234864d2d,,danube-eddy-region,state:CNRY
claim:named_eddy_state:eddy:geography:danube-eddy-region:state:EAFR,,,,,eddy:geography:danube-eddy-region,unresolved,,,named_eddy_state:eddy:geography:danube-eddy-region:state:EAFR,,unknown_no_dated_eddy_footprint,[],,source:7487b9a234864d2d,,danube-eddy-region,state:EAFR
claim:named_eddy_state:eddy:geography:danube-eddy-region:state:ETRA,,,,,eddy:geography:danube-eddy-region,unresolved,,,named_eddy_state:eddy:geography:danube-eddy-region:state:ETRA,,unknown_no_dated_eddy_footprint,[],,source:7487b9a234864d2d,,danube-eddy-region,state:ETRA
claim:named_eddy_state:eddy:geography:danube-eddy-region:state:FKLD,,,,,eddy:geography:danube-eddy-region,unresolved,,,named_eddy_state:eddy:geography:danube-eddy-region:state:FKLD,,unknown_no_dated_eddy_footprint,[],,source:7487b9a234864d2d,,danube-eddy-region,state:FKLD
claim:named_eddy_state:eddy:geography:danube-eddy-region:state:GFST,,,,,eddy:geography:danube-eddy-region,unresolved,,,named_eddy_state:eddy:geography:danube-eddy-region:state:GFST,,unknown_no_dated_eddy_footprint,[],,source:7487b9a234864d2d,,danube-eddy-region,state:GFST
claim:named_eddy_state:eddy:geography:danube-eddy-region:state:GUIA,,,,,eddy:geography:danube-eddy-region,unresolved,,,named_eddy_state:eddy:geography:danube-eddy-region:state:GUIA,,unknown_no_dated_eddy_footprint,[],,source:7487b9a234864d2d,,danube-eddy-region,state:GUIA
claim:named_eddy_state:eddy:geography:danube-eddy-region:state:GUIN,,,,,eddy:geography:danube-eddy-region,unresolved,,,named_eddy_state:eddy:geography:danube-eddy-region:state:GUIN,,unknown_no_dated_eddy_footprint,[],,source:7487b9a234864d2d,,danube-eddy-region,state:GUIN
claim:named_eddy_state:eddy:geography:danube-eddy-region:state:HUMB,,,,,eddy:geography:danube-eddy-region,unresolved,,,named_eddy_state:eddy:geography:danube-eddy-region:state:HUMB,,unknown_no_dated_eddy_footprint,[],,source:7487b9a234864d2d,,danube-eddy-region,state:HUMB
claim:named_eddy_state:eddy:geography:danube-eddy-region:state:IND E,,,,,eddy:geography:danube-eddy-region,unresolved,,,named_eddy_state:eddy:geography:danube-eddy-region:state:IND E,,unknown_no_dated_eddy_footprint,[],,source:7487b9a234864d2d,,danube-eddy-region,state:IND E
claim:named_eddy_state:eddy:geography:danube-eddy-region:state:IND W,,,,,eddy:geography:danube-eddy-region,unresolved,,,named_eddy_state:eddy:geography:danube-eddy-region:state:IND W,,unknown_no_dated_eddy_footprint,[],,source:7487b9a234864d2d,,danube-eddy-region,state:IND W
claim:named_eddy_state:eddy:geography:danube-eddy-region:state:ISSG,,,,,eddy:geography:danube-eddy-region,unresolved,,,named_eddy_state:eddy:geography:danube-eddy-region:state:ISSG,,unknown_no_dated_eddy_footprint,[],,source:7487b9a234864d2d,,danube-eddy-region,state:ISSG
claim:named_eddy_state:eddy:geography:danube-eddy-region:state:KURO,,,,,eddy:geography:danube-eddy-region,unresolved,,,named_eddy_state:eddy:geography:danube-eddy-region:state:KURO,,unknown_no_dated_eddy_footprint,[],,source:7487b9a234864d2d,,danube-eddy-region,state:KURO
claim:named_eddy_state:eddy:geography:danube-eddy-region:state:MEDI,,,,,eddy:geography:danube-eddy-region,unresolved,,,named_eddy_state:eddy:geography:danube-eddy-region:state:MEDI,,unknown_no_dated_eddy_footprint,[],,source:7487b9a234864d2d,,danube-eddy-region,state:MEDI
claim:named_eddy_state:eddy:geography:danube-eddy-region:state:MONS,,,,,eddy:geography:danube-eddy-region,unresolved,,,named_eddy_state:eddy:geography:danube-eddy-region:state:MONS,,unknown_no_dated_eddy_footprint,[],,source:7487b9a234864d2d,,danube-eddy-region,state:MONS
claim:named_eddy_state:eddy:geography:danube-eddy-region:state:NADR,,,,,eddy:geography:danube-eddy-region,unresolved,,,named_eddy_state:eddy:geography:danube-eddy-region:state:NADR,,unknown_no_dated_eddy_footprint,[],,source:7487b9a234864d2d,,danube-eddy-region,state:NADR
claim:named_eddy_state:eddy:geography:danube-eddy-region:state:NAST E,,,,,eddy:geography:danube-eddy-region,unresolved,,,named_eddy_state:eddy:geography:danube-eddy-region:state:NAST E,,unknown_no_dated_eddy_footprint,[],,source:7487b9a234864d2d,,danube-eddy-region,state:NAST E
claim:named_eddy_state:eddy:geography:danube-eddy-region:state:NAST W,,,,,eddy:geography:danube-eddy-region,unresolved,,,named_eddy_state:eddy:geography:danube-eddy-region:state:NAST W,,unknown_no_dated_eddy_footprint,[],,source:7487b9a234864d2d,,danube-eddy-region,state:NAST W
claim:named_eddy_state:eddy:geography:danube-eddy-region:state:NATR,,,,,eddy:geography:danube-eddy-region,unresolved,,,named_eddy_state:eddy:geography:danube-eddy-region:state:NATR,,unknown_no_dated_eddy_footprint,[],,source:7487b9a234864d2d,,danube-eddy-region,state:NATR
claim:named_eddy_state:eddy:geography:danube-eddy-region:state:NECS,,,,,eddy:geography:danube-eddy-region,unresolved,,,named_eddy_state:eddy:geography:danube-eddy-region:state:NECS,,unknown_no_dated_eddy_footprint,[],,source:7487b9a234864d2d,,danube-eddy-region,state:NECS
claim:named_eddy_state:eddy:geography:danube-eddy-region:state:NEWZ,,,,,eddy:geography:danube-eddy-region,unresolved,,,named_eddy_state:eddy:geography:danube-eddy-region:state:NEWZ,,unknown_no_dated_eddy_footprint,[],,source:7487b9a234864d2d,,danube-eddy-region,state:NEWZ
claim:named_eddy_state:eddy:geography:danube-eddy-region:state:NPPF,,,,,eddy:geography:danube-eddy-region,unresolved,,,named_eddy_state:eddy:geography:danube-eddy-region:state:NPPF,,unknown_no_dated_eddy_footprint,[],,source:7487b9a234864d2d,,danube-eddy-region,state:NPPF
claim:named_eddy_state:eddy:geography:danube-eddy-region:state:NPSE,,,,,eddy:geography:danube-eddy-region,unresolved,,,named_eddy_state:eddy:geography:danube-eddy-region:state:NPSE,,unknown_no_dated_eddy_footprint,[],,source:7487b9a234864d2d,,danube-eddy-region,state:NPSE
claim:named_eddy_state:eddy:geography:danube-eddy-region:state:NPSW,,,,,eddy:geography:danube-eddy-region,unresolved,,,named_eddy_state:eddy:geography:danube-eddy-region:state:NPSW,,unknown_no_dated_eddy_footprint,[],,source:7487b9a234864d2d,,danube-eddy-region,state:NPSW
claim:named_eddy_state:eddy:geography:danube-eddy-region:state:NPTG,,,,,eddy:geography:danube-eddy-region,unresolved,,,named_eddy_state:eddy:geography:danube-eddy-region:state:NPTG,,unknown_no_dated_eddy_footprint,[],,source:7487b9a234864d2d,,danube-eddy-region,state:NPTG
claim:named_eddy_state:eddy:geography:danube-eddy-region:state:NWCS,,,,,eddy:geography:danube-eddy-region,unresolved,,,named_eddy_state:eddy:geography:danube-eddy-region:state:NWCS,,unknown_no_dated_eddy_footprint,[],,source:7487b9a234864d2d,,danube-eddy-region,state:NWCS
claim:named_eddy_state:eddy:geography:danube-eddy-region:state:OCAL,,,,,eddy:geography:danube-eddy-region,unresolved,,,named_eddy_state:eddy:geography:danube-eddy-region:state:OCAL,,unknown_no_dated_eddy_footprint,[],,source:7487b9a234864d2d,,danube-eddy-region,state:OCAL
claim:named_eddy_state:eddy:geography:danube-eddy-region:state:PEQD,,,,,eddy:geography:danube-eddy-region,unresolved,,,named_eddy_state:eddy:geography:danube-eddy-region:state:PEQD,,unknown_no_dated_eddy_footprint,[],,source:7487b9a234864d2d,,danube-eddy-region,state:PEQD
claim:named_eddy_state:eddy:geography:danube-eddy-region:state:PNEC,,,,,eddy:geography:danube-eddy-region,unresolved,,,named_eddy_state:eddy:geography:danube-eddy-region:state:PNEC,,unknown_no_dated_eddy_footprint,[],,source:7487b9a234864d2d,,danube-eddy-region,state:PNEC
claim:named_eddy_state:eddy:geography:danube-eddy-region:state:PSAE,,,,,eddy:geography:danube-eddy-region,unresolved,,,named_eddy_state:eddy:geography:danube-eddy-region:state:PSAE,,unknown_no_dated_eddy_footprint,[],,source:7487b9a234864d2d,,danube-eddy-region,state:PSAE
claim:named_eddy_state:eddy:geography:danube-eddy-region:state:PSAW,,,,,eddy:geography:danube-eddy-region,unresolved,,,named_eddy_state:eddy:geography:danube-eddy-region:state:PSAW,,unknown_no_dated_eddy_footprint,[],,source:7487b9a234864d2d,,danube-eddy-region,state:PSAW
claim:named_eddy_state:eddy:geography:danube-eddy-region:state:REDS,,,,,eddy:geography:danube-eddy-region,unresolved,,,named_eddy_state:eddy:geography:danube-eddy-region:state:REDS,,unknown_no_dated_eddy_footprint,[],,source:7487b9a234864d2d,,danube-eddy-region,state:REDS
claim:named_eddy_state:eddy:geography:danube-eddy-region:state:SANT,,,,,eddy:geography:danube-eddy-region,unresolved,,,named_eddy_state:eddy:geography:danube-eddy-region:state:SANT,,unknown_no_dated_eddy_footprint,[],,source:7487b9a234864d2d,,danube-eddy-region,state:SANT
claim:named_eddy_state:eddy:geography:danube-eddy-region:state:SARC,,,,,eddy:geography:danube-eddy-region,unresolved,,,named_eddy_state:eddy:geography:danube-eddy-region:state:SARC,,unknown_no_dated_eddy_footprint,[],,source:7487b9a234864d2d,,danube-eddy-region,state:SARC
claim:named_eddy_state:eddy:geography:danube-eddy-region:state:SATL,,,,,eddy:geography:danube-eddy-region,unresolved,,,named_eddy_state:eddy:geography:danube-eddy-region:state:SATL,,unknown_no_dated_eddy_footprint,[],,source:7487b9a234864d2d,,danube-eddy-region,state:SATL
claim:named_eddy_state:eddy:geography:danube-eddy-region:state:SPSG,,,,,eddy:geography:danube-eddy-region,unresolved,,,named_eddy_state:eddy:geography:danube-eddy-region:state:SPSG,,unknown_no_dated_eddy_footprint,[],,source:7487b9a234864d2d,,danube-eddy-region,state:SPSG
claim:named_eddy_state:eddy:geography:danube-eddy-region:state:SSTC,,,,,eddy:geography:danube-eddy-region,unresolved,,,named_eddy_state:eddy:geography:danube-eddy-region:state:SSTC,,unknown_no_dated_eddy_footprint,[],,source:7487b9a234864d2d,,danube-eddy-region,state:SSTC
claim:named_eddy_state:eddy:geography:danube-eddy-region:state:SUND,,,,,eddy:geography:danube-eddy-region,unresolved,,,named_eddy_state:eddy:geography:danube-eddy-region:state:SUND,,unknown_no_dated_eddy_footprint,[],,source:7487b9a234864d2d,,danube-eddy-region,state:SUND
claim:named_eddy_state:eddy:geography:danube-eddy-region:state:TASM,,,,,eddy:geography:danube-eddy-region,unresolved,,,named_eddy_state:eddy:geography:danube-eddy-region:state:TASM,,unknown_no_dated_eddy_footprint,[],,source:7487b9a234864d2d,,danube-eddy-region,state:TASM
claim:named_eddy_state:eddy:geography:danube-eddy-region:state:WARM,,,,,eddy:geography:danube-eddy-region,unresolved,,,named_eddy_state:eddy:geography:danube-eddy-region:state:WARM,,unknown_no_dated_eddy_footprint,[],,source:7487b9a234864d2d,,danube-eddy-region,state:WARM
claim:named_eddy_state:eddy:geography:danube-eddy-region:state:WTRA,,,,,eddy:geography:danube-eddy-region,unresolved,,,named_eddy_state:eddy:geography:danube-eddy-region:state:WTRA,,unknown_no_dated_eddy_footprint,[],,source:7487b9a234864d2d,,danube-eddy-region,state:WTRA
claim:named_eddy_state:eddy:geography:constantsa-eddy-region:state:ALSK,,,,,eddy:geography:constantsa-eddy-region,unresolved,,,named_eddy_state:eddy:geography:constantsa-eddy-region:state:ALSK,,unknown_no_dated_eddy_footprint,[],,source:7487b9a234864d2d,,constantsa-eddy-region,state:ALSK
claim:named_eddy_state:eddy:geography:constantsa-eddy-region:state:ANTA,,,,,eddy:geography:constantsa-eddy-region,unresolved,,,named_eddy_state:eddy:geography:constantsa-eddy-region:state:ANTA,,unknown_no_dated_eddy_footprint,[],,source:7487b9a234864d2d,,constantsa-eddy-region,state:ANTA
claim:named_eddy_state:eddy:geography:constantsa-eddy-region:state:APLR,,,,,eddy:geography:constantsa-eddy-region,unresolved,,,named_eddy_state:eddy:geography:constantsa-eddy-region:state:APLR,,unknown_no_dated_eddy_footprint,[],,source:7487b9a234864d2d,,constantsa-eddy-region,state:APLR
claim:named_eddy_state:eddy:geography:constantsa-eddy-region:state:ARAB,,,,,eddy:geography:constantsa-eddy-region,unresolved,,,named_eddy_state:eddy:geography:constantsa-eddy-region:state:ARAB,,unknown_no_dated_eddy_footprint,[],,source:7487b9a234864d2d,,constantsa-eddy-region,state:ARAB
claim:named_eddy_state:eddy:geography:constantsa-eddy-region:state:ARCH,,,,,eddy:geography:constantsa-eddy-region,unresolved,,,named_eddy_state:eddy:geography:constantsa-eddy-region:state:ARCH,,unknown_no_dated_eddy_footprint,[],,source:7487b9a234864d2d,,constantsa-eddy-region,state:ARCH
claim:named_eddy_state:eddy:geography:constantsa-eddy-region:state:ARCT,,,,,eddy:geography:constantsa-eddy-region,unresolved,,,named_eddy_state:eddy:geography:constantsa-eddy-region:state:ARCT,,unknown_no_dated_eddy_footprint,[],,source:7487b9a234864d2d,,constantsa-eddy-region,state:ARCT
claim:named_eddy_state:eddy:geography:constantsa-eddy-region:state:AUSE,,,,,eddy:geography:constantsa-eddy-region,unresolved,,,named_eddy_state:eddy:geography:constantsa-eddy-region:state:AUSE,,unknown_no_dated_eddy_footprint,[],,source:7487b9a234864d2d,,constantsa-eddy-region,state:AUSE
claim:named_eddy_state:eddy:geography:constantsa-eddy-region:state:AUSW,,,,,eddy:geography:constantsa-eddy-region,unresolved,,,named_eddy_state:eddy:geography:constantsa-eddy-region:state:AUSW,,unknown_no_dated_eddy_footprint,[],,source:7487b9a234864d2d,,constantsa-eddy-region,state:AUSW
claim:named_eddy_state:eddy:geography:constantsa-eddy-region:state:BENG,,,,,eddy:geography:constantsa-eddy-region,unresolved,,,named_eddy_state:eddy:geography:constantsa-eddy-region:state:BENG,,unknown_no_dated_eddy_footprint,[],,source:7487b9a234864d2d,,constantsa-eddy-region,state:BENG
claim:named_eddy_state:eddy:geography:constantsa-eddy-region:state:BERS,,,,,eddy:geography:constantsa-eddy-region,unresolved,,,named_eddy_state:eddy:geography:constantsa-eddy-region:state:BERS,,unknown_no_dated_eddy_footprint,[],,source:7487b9a234864d2d,,constantsa-eddy-region,state:BERS
claim:named_eddy_state:eddy:geography:constantsa-eddy-region:state:BPLR,,,,,eddy:geography:constantsa-eddy-region,unresolved,,,named_eddy_state:eddy:geography:constantsa-eddy-region:state:BPLR,,unknown_no_dated_eddy_footprint,[],,source:7487b9a234864d2d,,constantsa-eddy-region,state:BPLR
claim:named_eddy_state:eddy:geography:constantsa-eddy-region:state:BRAZ,,,,,eddy:geography:constantsa-eddy-region,unresolved,,,named_eddy_state:eddy:geography:constantsa-eddy-region:state:BRAZ,,unknown_no_dated_eddy_footprint,[],,source:7487b9a234864d2d,,constantsa-eddy-region,state:BRAZ
claim:named_eddy_state:eddy:geography:constantsa-eddy-region:state:CAMR,,,,,eddy:geography:constantsa-eddy-region,unresolved,,,named_eddy_state:eddy:geography:constantsa-eddy-region:state:CAMR,,unknown_no_dated_eddy_footprint,[],,source:7487b9a234864d2d,,constantsa-eddy-region,state:CAMR
claim:named_eddy_state:eddy:geography:constantsa-eddy-region:state:CARB,,,,,eddy:geography:constantsa-eddy-region,unresolved,,,named_eddy_state:eddy:geography:constantsa-eddy-region:state:CARB,,unknown_no_dated_eddy_footprint,[],,source:7487b9a234864d2d,,constantsa-eddy-region,state:CARB
claim:named_eddy_state:eddy:geography:constantsa-eddy-region:state:CCAL,,,,,eddy:geography:constantsa-eddy-region,unresolved,,,named_eddy_state:eddy:geography:constantsa-eddy-region:state:CCAL,,unknown_no_dated_eddy_footprint,[],,source:7487b9a234864d2d,,constantsa-eddy-region,state:CCAL
claim:named_eddy_state:eddy:geography:constantsa-eddy-region:state:CHIN,,,,,eddy:geography:constantsa-eddy-region,unresolved,,,named_eddy_state:eddy:geography:constantsa-eddy-region:state:CHIN,,unknown_no_dated_eddy_footprint,[],,source:7487b9a234864d2d,,constantsa-eddy-region,state:CHIN
claim:named_eddy_state:eddy:geography:constantsa-eddy-region:state:CNRY,,,,,eddy:geography:constantsa-eddy-region,unresolved,,,named_eddy_state:eddy:geography:constantsa-eddy-region:state:CNRY,,unknown_no_dated_eddy_footprint,[],,source:7487b9a234864d2d,,constantsa-eddy-region,state:CNRY
claim:named_eddy_state:eddy:geography:constantsa-eddy-region:state:EAFR,,,,,eddy:geography:constantsa-eddy-region,unresolved,,,named_eddy_state:eddy:geography:constantsa-eddy-region:state:EAFR,,unknown_no_dated_eddy_footprint,[],,source:7487b9a234864d2d,,constantsa-eddy-region,state:EAFR
claim:named_eddy_state:eddy:geography:constantsa-eddy-region:state:ETRA,,,,,eddy:geography:constantsa-eddy-region,unresolved,,,named_eddy_state:eddy:geography:constantsa-eddy-region:state:ETRA,,unknown_no_dated_eddy_footprint,[],,source:7487b9a234864d2d,,constantsa-eddy-region,state:ETRA
claim:named_eddy_state:eddy:geography:constantsa-eddy-region:state:FKLD,,,,,eddy:geography:constantsa-eddy-region,unresolved,,,named_eddy_state:eddy:geography:constantsa-eddy-region:state:FKLD,,unknown_no_dated_eddy_footprint,[],,source:7487b9a234864d2d,,constantsa-eddy-region,state:FKLD
claim:named_eddy_state:eddy:geography:constantsa-eddy-region:state:GFST,,,,,eddy:geography:constantsa-eddy-region,unresolved,,,named_eddy_state:eddy:geography:constantsa-eddy-region:state:GFST,,unknown_no_dated_eddy_footprint,[],,source:7487b9a234864d2d,,constantsa-eddy-region,state:GFST
claim:named_eddy_state:eddy:geography:constantsa-eddy-region:state:GUIA,,,,,eddy:geography:constantsa-eddy-region,unresolved,,,named_eddy_state:eddy:geography:constantsa-eddy-region:state:GUIA,,unknown_no_dated_eddy_footprint,[],,source:7487b9a234864d2d,,constantsa-eddy-region,state:GUIA
claim:named_eddy_state:eddy:geography:constantsa-eddy-region:state:GUIN,,,,,eddy:geography:constantsa-eddy-region,unresolved,,,named_eddy_state:eddy:geography:constantsa-eddy-region:state:GUIN,,unknown_no_dated_eddy_footprint,[],,source:7487b9a234864d2d,,constantsa-eddy-region,state:GUIN
claim:named_eddy_state:eddy:geography:constantsa-eddy-region:state:HUMB,,,,,eddy:geography:constantsa-eddy-region,unresolved,,,named_eddy_state:eddy:geography:constantsa-eddy-region:state:HUMB,,unknown_no_dated_eddy_footprint,[],,source:7487b9a234864d2d,,constantsa-eddy-region,state:HUMB
claim:named_eddy_state:eddy:geography:constantsa-eddy-region:state:IND E,,,,,eddy:geography:constantsa-eddy-region,unresolved,,,named_eddy_state:eddy:geography:constantsa-eddy-region:state:IND E,,unknown_no_dated_eddy_footprint,[],,source:7487b9a234864d2d,,constantsa-eddy-region,state:IND E
claim:named_eddy_state:eddy:geography:constantsa-eddy-region:state:IND W,,,,,eddy:geography:constantsa-eddy-region,unresolved,,,named_eddy_state:eddy:geography:constantsa-eddy-region:state:IND W,,unknown_no_dated_eddy_footprint,[],,source:7487b9a234864d2d,,constantsa-eddy-region,state:IND W
claim:named_eddy_state:eddy:geography:constantsa-eddy-region:state:ISSG,,,,,eddy:geography:constantsa-eddy-region,unresolved,,,named_eddy_state:eddy:geography:constantsa-eddy-region:state:ISSG,,unknown_no_dated_eddy_footprint,[],,source:7487b9a234864d2d,,constantsa-eddy-region,state:ISSG
claim:named_eddy_state:eddy:geography:constantsa-eddy-region:state:KURO,,,,,eddy:geography:constantsa-eddy-region,unresolved,,,named_eddy_state:eddy:geography:constantsa-eddy-region:state:KURO,,unknown_no_dated_eddy_footprint,[],,source:7487b9a234864d2d,,constantsa-eddy-region,state:KURO
claim:named_eddy_state:eddy:geography:constantsa-eddy-region:state:MEDI,,,,,eddy:geography:constantsa-eddy-region,unresolved,,,named_eddy_state:eddy:geography:constantsa-eddy-region:state:MEDI,,unknown_no_dated_eddy_footprint,[],,source:7487b9a234864d2d,,constantsa-eddy-region,state:MEDI
claim:named_eddy_state:eddy:geography:constantsa-eddy-region:state:MONS,,,,,eddy:geography:constantsa-eddy-region,unresolved,,,named_eddy_state:eddy:geography:constantsa-eddy-region:state:MONS,,unknown_no_dated_eddy_footprint,[],,source:7487b9a234864d2d,,constantsa-eddy-region,state:MONS
claim:named_eddy_state:eddy:geography:constantsa-eddy-region:state:NADR,,,,,eddy:geography:constantsa-eddy-region,unresolved,,,named_eddy_state:eddy:geography:constantsa-eddy-region:state:NADR,,unknown_no_dated_eddy_footprint,[],,source:7487b9a234864d2d,,constantsa-eddy-region,state:NADR
claim:named_eddy_state:eddy:geography:constantsa-eddy-region:state:NAST E,,,,,eddy:geography:constantsa-eddy-region,unresolved,,,named_eddy_state:eddy:geography:constantsa-eddy-region:state:NAST E,,unknown_no_dated_eddy_footprint,[],,source:7487b9a234864d2d,,constantsa-eddy-region,state:NAST E
claim:named_eddy_state:eddy:geography:constantsa-eddy-region:state:NAST W,,,,,eddy:geography:constantsa-eddy-region,unresolved,,,named_eddy_state:eddy:geography:constantsa-eddy-region:state:NAST W,,unknown_no_dated_eddy_footprint,[],,source:7487b9a234864d2d,,constantsa-eddy-region,state:NAST W
claim:named_eddy_state:eddy:geography:constantsa-eddy-region:state:NATR,,,,,eddy:geography:constantsa-eddy-region,unresolved,,,named_eddy_state:eddy:geography:constantsa-eddy-region:state:NATR,,unknown_no_dated_eddy_footprint,[],,source:7487b9a234864d2d,,constantsa-eddy-region,state:NATR
claim:named_eddy_state:eddy:geography:constantsa-eddy-region:state:NECS,,,,,eddy:geography:constantsa-eddy-region,unresolved,,,named_eddy_state:eddy:geography:constantsa-eddy-region:state:NECS,,unknown_no_dated_eddy_footprint,[],,source:7487b9a234864d2d,,constantsa-eddy-region,state:NECS
claim:named_eddy_state:eddy:geography:constantsa-eddy-region:state:NEWZ,,,,,eddy:geography:constantsa-eddy-region,unresolved,,,named_eddy_state:eddy:geography:constantsa-eddy-region:state:NEWZ,,unknown_no_dated_eddy_footprint,[],,source:7487b9a234864d2d,,constantsa-eddy-region,state:NEWZ
claim:named_eddy_state:eddy:geography:constantsa-eddy-region:state:NPPF,,,,,eddy:geography:constantsa-eddy-region,unresolved,,,named_eddy_state:eddy:geography:constantsa-eddy-region:state:NPPF,,unknown_no_dated_eddy_footprint,[],,source:7487b9a234864d2d,,constantsa-eddy-region,state:NPPF
claim:named_eddy_state:eddy:geography:constantsa-eddy-region:state:NPSE,,,,,eddy:geography:constantsa-eddy-region,unresolved,,,named_eddy_state:eddy:geography:constantsa-eddy-region:state:NPSE,,unknown_no_dated_eddy_footprint,[],,source:7487b9a234864d2d,,constantsa-eddy-region,state:NPSE
claim:named_eddy_state:eddy:geography:constantsa-eddy-region:state:NPSW,,,,,eddy:geography:constantsa-eddy-region,unresolved,,,named_eddy_state:eddy:geography:constantsa-eddy-region:state:NPSW,,unknown_no_dated_eddy_footprint,[],,source:7487b9a234864d2d,,constantsa-eddy-region,state:NPSW
claim:named_eddy_state:eddy:geography:constantsa-eddy-region:state:NPTG,,,,,eddy:geography:constantsa-eddy-region,unresolved,,,named_eddy_state:eddy:geography:constantsa-eddy-region:state:NPTG,,unknown_no_dated_eddy_footprint,[],,source:7487b9a234864d2d,,constantsa-eddy-region,state:NPTG
claim:named_eddy_state:eddy:geography:constantsa-eddy-region:state:NWCS,,,,,eddy:geography:constantsa-eddy-region,unresolved,,,named_eddy_state:eddy:geography:constantsa-eddy-region:state:NWCS,,unknown_no_dated_eddy_footprint,[],,source:7487b9a234864d2d,,constantsa-eddy-region,state:NWCS
claim:named_eddy_state:eddy:geography:constantsa-eddy-region:state:OCAL,,,,,eddy:geography:constantsa-eddy-region,unresolved,,,named_eddy_state:eddy:geography:constantsa-eddy-region:state:OCAL,,unknown_no_dated_eddy_footprint,[],,source:7487b9a234864d2d,,constantsa-eddy-region,state:OCAL
claim:named_eddy_state:eddy:geography:constantsa-eddy-region:state:PEQD,,,,,eddy:geography:constantsa-eddy-region,unresolved,,,named_eddy_state:eddy:geography:constantsa-eddy-region:state:PEQD,,unknown_no_dated_eddy_footprint,[],,source:7487b9a234864d2d,,constantsa-eddy-region,state:PEQD
claim:named_eddy_state:eddy:geography:constantsa-eddy-region:state:PNEC,,,,,eddy:geography:constantsa-eddy-region,unresolved,,,named_eddy_state:eddy:geography:constantsa-eddy-region:state:PNEC,,unknown_no_dated_eddy_footprint,[],,source:7487b9a234864d2d,,constantsa-eddy-region,state:PNEC
claim:named_eddy_state:eddy:geography:constantsa-eddy-region:state:PSAE,,,,,eddy:geography:constantsa-eddy-region,unresolved,,,named_eddy_state:eddy:geography:constantsa-eddy-region:state:PSAE,,unknown_no_dated_eddy_footprint,[],,source:7487b9a234864d2d,,constantsa-eddy-region,state:PSAE
claim:named_eddy_state:eddy:geography:constantsa-eddy-region:state:PSAW,,,,,eddy:geography:constantsa-eddy-region,unresolved,,,named_eddy_state:eddy:geography:constantsa-eddy-region:state:PSAW,,unknown_no_dated_eddy_footprint,[],,source:7487b9a234864d2d,,constantsa-eddy-region,state:PSAW
claim:named_eddy_state:eddy:geography:constantsa-eddy-region:state:REDS,,,,,eddy:geography:constantsa-eddy-region,unresolved,,,named_eddy_state:eddy:geography:constantsa-eddy-region:state:REDS,,unknown_no_dated_eddy_footprint,[],,source:7487b9a234864d2d,,constantsa-eddy-region,state:REDS
claim:named_eddy_state:eddy:geography:constantsa-eddy-region:state:SANT,,,,,eddy:geography:constantsa-eddy-region,unresolved,,,named_eddy_state:eddy:geography:constantsa-eddy-region:state:SANT,,unknown_no_dated_eddy_footprint,[],,source:7487b9a234864d2d,,constantsa-eddy-region,state:SANT
claim:named_eddy_state:eddy:geography:constantsa-eddy-region:state:SARC,,,,,eddy:geography:constantsa-eddy-region,unresolved,,,named_eddy_state:eddy:geography:constantsa-eddy-region:state:SARC,,unknown_no_dated_eddy_footprint,[],,source:7487b9a234864d2d,,constantsa-eddy-region,state:SARC
claim:named_eddy_state:eddy:geography:constantsa-eddy-region:state:SATL,,,,,eddy:geography:constantsa-eddy-region,unresolved,,,named_eddy_state:eddy:geography:constantsa-eddy-region:state:SATL,,unknown_no_dated_eddy_footprint,[],,source:7487b9a234864d2d,,constantsa-eddy-region,state:SATL
claim:named_eddy_state:eddy:geography:constantsa-eddy-region:state:SPSG,,,,,eddy:geography:constantsa-eddy-region,unresolved,,,named_eddy_state:eddy:geography:constantsa-eddy-region:state:SPSG,,unknown_no_dated_eddy_footprint,[],,source:7487b9a234864d2d,,constantsa-eddy-region,state:SPSG
claim:named_eddy_state:eddy:geography:constantsa-eddy-region:state:SSTC,,,,,eddy:geography:constantsa-eddy-region,unresolved,,,named_eddy_state:eddy:geography:constantsa-eddy-region:state:SSTC,,unknown_no_dated_eddy_footprint,[],,source:7487b9a234864d2d,,constantsa-eddy-region,state:SSTC
claim:named_eddy_state:eddy:geography:constantsa-eddy-region:state:SUND,,,,,eddy:geography:constantsa-eddy-region,unresolved,,,named_eddy_state:eddy:geography:constantsa-eddy-region:state:SUND,,unknown_no_dated_eddy_footprint,[],,source:7487b9a234864d2d,,constantsa-eddy-region,state:SUND
claim:named_eddy_state:eddy:geography:constantsa-eddy-region:state:TASM,,,,,eddy:geography:constantsa-eddy-region,unresolved,,,named_eddy_state:eddy:geography:constantsa-eddy-region:state:TASM,,unknown_no_dated_eddy_footprint,[],,source:7487b9a234864d2d,,constantsa-eddy-region,state:TASM
claim:named_eddy_state:eddy:geography:constantsa-eddy-region:state:WARM,,,,,eddy:geography:constantsa-eddy-region,unresolved,,,named_eddy_state:eddy:geography:constantsa-eddy-region:state:WARM,,unknown_no_dated_eddy_footprint,[],,source:7487b9a234864d2d,,constantsa-eddy-region,state:WARM
claim:named_eddy_state:eddy:geography:constantsa-eddy-region:state:WTRA,,,,,eddy:geography:constantsa-eddy-region,unresolved,,,named_eddy_state:eddy:geography:constantsa-eddy-region:state:WTRA,,unknown_no_dated_eddy_footprint,[],,source:7487b9a234864d2d,,constantsa-eddy-region,state:WTRA
claim:named_eddy_state:eddy:geography:kaliakra-eddy-region:state:ALSK,,,,,eddy:geography:kaliakra-eddy-region,unresolved,,,named_eddy_state:eddy:geography:kaliakra-eddy-region:state:ALSK,,unknown_no_dated_eddy_footprint,[],,source:7487b9a234864d2d,,kaliakra-eddy-region,state:ALSK
claim:named_eddy_state:eddy:geography:kaliakra-eddy-region:state:ANTA,,,,,eddy:geography:kaliakra-eddy-region,unresolved,,,named_eddy_state:eddy:geography:kaliakra-eddy-region:state:ANTA,,unknown_no_dated_eddy_footprint,[],,source:7487b9a234864d2d,,kaliakra-eddy-region,state:ANTA
claim:named_eddy_state:eddy:geography:kaliakra-eddy-region:state:APLR,,,,,eddy:geography:kaliakra-eddy-region,unresolved,,,named_eddy_state:eddy:geography:kaliakra-eddy-region:state:APLR,,unknown_no_dated_eddy_footprint,[],,source:7487b9a234864d2d,,kaliakra-eddy-region,state:APLR
claim:named_eddy_state:eddy:geography:kaliakra-eddy-region:state:ARAB,,,,,eddy:geography:kaliakra-eddy-region,unresolved,,,named_eddy_state:eddy:geography:kaliakra-eddy-region:state:ARAB,,unknown_no_dated_eddy_footprint,[],,source:7487b9a234864d2d,,kaliakra-eddy-region,state:ARAB
claim:named_eddy_state:eddy:geography:kaliakra-eddy-region:state:ARCH,,,,,eddy:geography:kaliakra-eddy-region,unresolved,,,named_eddy_state:eddy:geography:kaliakra-eddy-region:state:ARCH,,unknown_no_dated_eddy_footprint,[],,source:7487b9a234864d2d,,kaliakra-eddy-region,state:ARCH
claim:named_eddy_state:eddy:geography:kaliakra-eddy-region:state:ARCT,,,,,eddy:geography:kaliakra-eddy-region,unresolved,,,named_eddy_state:eddy:geography:kaliakra-eddy-region:state:ARCT,,unknown_no_dated_eddy_footprint,[],,source:7487b9a234864d2d,,kaliakra-eddy-region,state:ARCT
claim:named_eddy_state:eddy:geography:kaliakra-eddy-region:state:AUSE,,,,,eddy:geography:kaliakra-eddy-region,unresolved,,,named_eddy_state:eddy:geography:kaliakra-eddy-region:state:AUSE,,unknown_no_dated_eddy_footprint,[],,source:7487b9a234864d2d,,kaliakra-eddy-region,state:AUSE
claim:named_eddy_state:eddy:geography:kaliakra-eddy-region:state:AUSW,,,,,eddy:geography:kaliakra-eddy-region,unresolved,,,named_eddy_state:eddy:geography:kaliakra-eddy-region:state:AUSW,,unknown_no_dated_eddy_footprint,[],,source:7487b9a234864d2d,,kaliakra-eddy-region,state:AUSW
claim:named_eddy_state:eddy:geography:kaliakra-eddy-region:state:BENG,,,,,eddy:geography:kaliakra-eddy-region,unresolved,,,named_eddy_state:eddy:geography:kaliakra-eddy-region:state:BENG,,unknown_no_dated_eddy_footprint,[],,source:7487b9a234864d2d,,kaliakra-eddy-region,state:BENG
claim:named_eddy_state:eddy:geography:kaliakra-eddy-region:state:BERS,,,,,eddy:geography:kaliakra-eddy-region,unresolved,,,named_eddy_state:eddy:geography:kaliakra-eddy-region:state:BERS,,unknown_no_dated_eddy_footprint,[],,source:7487b9a234864d2d,,kaliakra-eddy-region,state:BERS
claim:named_eddy_state:eddy:geography:kaliakra-eddy-region:state:BPLR,,,,,eddy:geography:kaliakra-eddy-region,unresolved,,,named_eddy_state:eddy:geography:kaliakra-eddy-region:state:BPLR,,unknown_no_dated_eddy_footprint,[],,source:7487b9a234864d2d,,kaliakra-eddy-region,state:BPLR
claim:named_eddy_state:eddy:geography:kaliakra-eddy-region:state:BRAZ,,,,,eddy:geography:kaliakra-eddy-region,unresolved,,,named_eddy_state:eddy:geography:kaliakra-eddy-region:state:BRAZ,,unknown_no_dated_eddy_footprint,[],,source:7487b9a234864d2d,,kaliakra-eddy-region,state:BRAZ
claim:named_eddy_state:eddy:geography:kaliakra-eddy-region:state:CAMR,,,,,eddy:geography:kaliakra-eddy-region,unresolved,,,named_eddy_state:eddy:geography:kaliakra-eddy-region:state:CAMR,,unknown_no_dated_eddy_footprint,[],,source:7487b9a234864d2d,,kaliakra-eddy-region,state:CAMR
claim:named_eddy_state:eddy:geography:kaliakra-eddy-region:state:CARB,,,,,eddy:geography:kaliakra-eddy-region,unresolved,,,named_eddy_state:eddy:geography:kaliakra-eddy-region:state:CARB,,unknown_no_dated_eddy_footprint,[],,source:7487b9a234864d2d,,kaliakra-eddy-region,state:CARB
claim:named_eddy_state:eddy:geography:kaliakra-eddy-region:state:CCAL,,,,,eddy:geography:kaliakra-eddy-region,unresolved,,,named_eddy_state:eddy:geography:kaliakra-eddy-region:state:CCAL,,unknown_no_dated_eddy_footprint,[],,source:7487b9a234864d2d,,kaliakra-eddy-region,state:CCAL
claim:named_eddy_state:eddy:geography:kaliakra-eddy-region:state:CHIN,,,,,eddy:geography:kaliakra-eddy-region,unresolved,,,named_eddy_state:eddy:geography:kaliakra-eddy-region:state:CHIN,,unknown_no_dated_eddy_footprint,[],,source:7487b9a234864d2d,,kaliakra-eddy-region,state:CHIN
claim:named_eddy_state:eddy:geography:kaliakra-eddy-region:state:CNRY,,,,,eddy:geography:kaliakra-eddy-region,unresolved,,,named_eddy_state:eddy:geography:kaliakra-eddy-region:state:CNRY,,unknown_no_dated_eddy_footprint,[],,source:7487b9a234864d2d,,kaliakra-eddy-region,state:CNRY
claim:named_eddy_state:eddy:geography:kaliakra-eddy-region:state:EAFR,,,,,eddy:geography:kaliakra-eddy-region,unresolved,,,named_eddy_state:eddy:geography:kaliakra-eddy-region:state:EAFR,,unknown_no_dated_eddy_footprint,[],,source:7487b9a234864d2d,,kaliakra-eddy-region,state:EAFR
claim:named_eddy_state:eddy:geography:kaliakra-eddy-region:state:ETRA,,,,,eddy:geography:kaliakra-eddy-region,unresolved,,,named_eddy_state:eddy:geography:kaliakra-eddy-region:state:ETRA,,unknown_no_dated_eddy_footprint,[],,source:7487b9a234864d2d,,kaliakra-eddy-region,state:ETRA
claim:named_eddy_state:eddy:geography:kaliakra-eddy-region:state:FKLD,,,,,eddy:geography:kaliakra-eddy-region,unresolved,,,named_eddy_state:eddy:geography:kaliakra-eddy-region:state:FKLD,,unknown_no_dated_eddy_footprint,[],,source:7487b9a234864d2d,,kaliakra-eddy-region,state:FKLD
claim:named_eddy_state:eddy:geography:kaliakra-eddy-region:state:GFST,,,,,eddy:geography:kaliakra-eddy-region,unresolved,,,named_eddy_state:eddy:geography:kaliakra-eddy-region:state:GFST,,unknown_no_dated_eddy_footprint,[],,source:7487b9a234864d2d,,kaliakra-eddy-region,state:GFST
claim:named_eddy_state:eddy:geography:kaliakra-eddy-region:state:GUIA,,,,,eddy:geography:kaliakra-eddy-region,unresolved,,,named_eddy_state:eddy:geography:kaliakra-eddy-region:state:GUIA,,unknown_no_dated_eddy_footprint,[],,source:7487b9a234864d2d,,kaliakra-eddy-region,state:GUIA
claim:named_eddy_state:eddy:geography:kaliakra-eddy-region:state:GUIN,,,,,eddy:geography:kaliakra-eddy-region,unresolved,,,named_eddy_state:eddy:geography:kaliakra-eddy-region:state:GUIN,,unknown_no_dated_eddy_footprint,[],,source:7487b9a234864d2d,,kaliakra-eddy-region,state:GUIN
claim:named_eddy_state:eddy:geography:kaliakra-eddy-region:state:HUMB,,,,,eddy:geography:kaliakra-eddy-region,unresolved,,,named_eddy_state:eddy:geography:kaliakra-eddy-region:state:HUMB,,unknown_no_dated_eddy_footprint,[],,source:7487b9a234864d2d,,kaliakra-eddy-region,state:HUMB
claim:named_eddy_state:eddy:geography:kaliakra-eddy-region:state:IND E,,,,,eddy:geography:kaliakra-eddy-region,unresolved,,,named_eddy_state:eddy:geography:kaliakra-eddy-region:state:IND E,,unknown_no_dated_eddy_footprint,[],,source:7487b9a234864d2d,,kaliakra-eddy-region,state:IND E
claim:named_eddy_state:eddy:geography:kaliakra-eddy-region:state:IND W,,,,,eddy:geography:kaliakra-eddy-region,unresolved,,,named_eddy_state:eddy:geography:kaliakra-eddy-region:state:IND W,,unknown_no_dated_eddy_footprint,[],,source:7487b9a234864d2d,,kaliakra-eddy-region,state:IND W
claim:named_eddy_state:eddy:geography:kaliakra-eddy-region:state:ISSG,,,,,eddy:geography:kaliakra-eddy-region,unresolved,,,named_eddy_state:eddy:geography:kaliakra-eddy-region:state:ISSG,,unknown_no_dated_eddy_footprint,[],,source:7487b9a234864d2d,,kaliakra-eddy-region,state:ISSG
claim:named_eddy_state:eddy:geography:kaliakra-eddy-region:state:KURO,,,,,eddy:geography:kaliakra-eddy-region,unresolved,,,named_eddy_state:eddy:geography:kaliakra-eddy-region:state:KURO,,unknown_no_dated_eddy_footprint,[],,source:7487b9a234864d2d,,kaliakra-eddy-region,state:KURO
claim:named_eddy_state:eddy:geography:kaliakra-eddy-region:state:MEDI,,,,,eddy:geography:kaliakra-eddy-region,unresolved,,,named_eddy_state:eddy:geography:kaliakra-eddy-region:state:MEDI,,unknown_no_dated_eddy_footprint,[],,source:7487b9a234864d2d,,kaliakra-eddy-region,state:MEDI
claim:named_eddy_state:eddy:geography:kaliakra-eddy-region:state:MONS,,,,,eddy:geography:kaliakra-eddy-region,unresolved,,,named_eddy_state:eddy:geography:kaliakra-eddy-region:state:MONS,,unknown_no_dated_eddy_footprint,[],,source:7487b9a234864d2d,,kaliakra-eddy-region,state:MONS
claim:named_eddy_state:eddy:geography:kaliakra-eddy-region:state:NADR,,,,,eddy:geography:kaliakra-eddy-region,unresolved,,,named_eddy_state:eddy:geography:kaliakra-eddy-region:state:NADR,,unknown_no_dated_eddy_footprint,[],,source:7487b9a234864d2d,,kaliakra-eddy-region,state:NADR
claim:named_eddy_state:eddy:geography:kaliakra-eddy-region:state:NAST E,,,,,eddy:geography:kaliakra-eddy-region,unresolved,,,named_eddy_state:eddy:geography:kaliakra-eddy-region:state:NAST E,,unknown_no_dated_eddy_footprint,[],,source:7487b9a234864d2d,,kaliakra-eddy-region,state:NAST E
claim:named_eddy_state:eddy:geography:kaliakra-eddy-region:state:NAST W,,,,,eddy:geography:kaliakra-eddy-region,unresolved,,,named_eddy_state:eddy:geography:kaliakra-eddy-region:state:NAST W,,unknown_no_dated_eddy_footprint,[],,source:7487b9a234864d2d,,kaliakra-eddy-region,state:NAST W
claim:named_eddy_state:eddy:geography:kaliakra-eddy-region:state:NATR,,,,,eddy:geography:kaliakra-eddy-region,unresolved,,,named_eddy_state:eddy:geography:kaliakra-eddy-region:state:NATR,,unknown_no_dated_eddy_footprint,[],,source:7487b9a234864d2d,,kaliakra-eddy-region,state:NATR
claim:named_eddy_state:eddy:geography:kaliakra-eddy-region:state:NECS,,,,,eddy:geography:kaliakra-eddy-region,unresolved,,,named_eddy_state:eddy:geography:kaliakra-eddy-region:state:NECS,,unknown_no_dated_eddy_footprint,[],,source:7487b9a234864d2d,,kaliakra-eddy-region,state:NECS
claim:named_eddy_state:eddy:geography:kaliakra-eddy-region:state:NEWZ,,,,,eddy:geography:kaliakra-eddy-region,unresolved,,,named_eddy_state:eddy:geography:kaliakra-eddy-region:state:NEWZ,,unknown_no_dated_eddy_footprint,[],,source:7487b9a234864d2d,,kaliakra-eddy-region,state:NEWZ
claim:named_eddy_state:eddy:geography:kaliakra-eddy-region:state:NPPF,,,,,eddy:geography:kaliakra-eddy-region,unresolved,,,named_eddy_state:eddy:geography:kaliakra-eddy-region:state:NPPF,,unknown_no_dated_eddy_footprint,[],,source:7487b9a234864d2d,,kaliakra-eddy-region,state:NPPF
claim:named_eddy_state:eddy:geography:kaliakra-eddy-region:state:NPSE,,,,,eddy:geography:kaliakra-eddy-region,unresolved,,,named_eddy_state:eddy:geography:kaliakra-eddy-region:state:NPSE,,unknown_no_dated_eddy_footprint,[],,source:7487b9a234864d2d,,kaliakra-eddy-region,state:NPSE
claim:named_eddy_state:eddy:geography:kaliakra-eddy-region:state:NPSW,,,,,eddy:geography:kaliakra-eddy-region,unresolved,,,named_eddy_state:eddy:geography:kaliakra-eddy-region:state:NPSW,,unknown_no_dated_eddy_footprint,[],,source:7487b9a234864d2d,,kaliakra-eddy-region,state:NPSW
claim:named_eddy_state:eddy:geography:kaliakra-eddy-region:state:NPTG,,,,,eddy:geography:kaliakra-eddy-region,unresolved,,,named_eddy_state:eddy:geography:kaliakra-eddy-region:state:NPTG,,unknown_no_dated_eddy_footprint,[],,source:7487b9a234864d2d,,kaliakra-eddy-region,state:NPTG
claim:named_eddy_state:eddy:geography:kaliakra-eddy-region:state:NWCS,,,,,eddy:geography:kaliakra-eddy-region,unresolved,,,named_eddy_state:eddy:geography:kaliakra-eddy-region:state:NWCS,,unknown_no_dated_eddy_footprint,[],,source:7487b9a234864d2d,,kaliakra-eddy-region,state:NWCS
claim:named_eddy_state:eddy:geography:kaliakra-eddy-region:state:OCAL,,,,,eddy:geography:kaliakra-eddy-region,unresolved,,,named_eddy_state:eddy:geography:kaliakra-eddy-region:state:OCAL,,unknown_no_dated_eddy_footprint,[],,source:7487b9a234864d2d,,kaliakra-eddy-region,state:OCAL
claim:named_eddy_state:eddy:geography:kaliakra-eddy-region:state:PEQD,,,,,eddy:geography:kaliakra-eddy-region,unresolved,,,named_eddy_state:eddy:geography:kaliakra-eddy-region:state:PEQD,,unknown_no_dated_eddy_footprint,[],,source:7487b9a234864d2d,,kaliakra-eddy-region,state:PEQD
claim:named_eddy_state:eddy:geography:kaliakra-eddy-region:state:PNEC,,,,,eddy:geography:kaliakra-eddy-region,unresolved,,,named_eddy_state:eddy:geography:kaliakra-eddy-region:state:PNEC,,unknown_no_dated_eddy_footprint,[],,source:7487b9a234864d2d,,kaliakra-eddy-region,state:PNEC
claim:named_eddy_state:eddy:geography:kaliakra-eddy-region:state:PSAE,,,,,eddy:geography:kaliakra-eddy-region,unresolved,,,named_eddy_state:eddy:geography:kaliakra-eddy-region:state:PSAE,,unknown_no_dated_eddy_footprint,[],,source:7487b9a234864d2d,,kaliakra-eddy-region,state:PSAE
claim:named_eddy_state:eddy:geography:kaliakra-eddy-region:state:PSAW,,,,,eddy:geography:kaliakra-eddy-region,unresolved,,,named_eddy_state:eddy:geography:kaliakra-eddy-region:state:PSAW,,unknown_no_dated_eddy_footprint,[],,source:7487b9a234864d2d,,kaliakra-eddy-region,state:PSAW
claim:named_eddy_state:eddy:geography:kaliakra-eddy-region:state:REDS,,,,,eddy:geography:kaliakra-eddy-region,unresolved,,,named_eddy_state:eddy:geography:kaliakra-eddy-region:state:REDS,,unknown_no_dated_eddy_footprint,[],,source:7487b9a234864d2d,,kaliakra-eddy-region,state:REDS
claim:named_eddy_state:eddy:geography:kaliakra-eddy-region:state:SANT,,,,,eddy:geography:kaliakra-eddy-region,unresolved,,,named_eddy_state:eddy:geography:kaliakra-eddy-region:state:SANT,,unknown_no_dated_eddy_footprint,[],,source:7487b9a234864d2d,,kaliakra-eddy-region,state:SANT
claim:named_eddy_state:eddy:geography:kaliakra-eddy-region:state:SARC,,,,,eddy:geography:kaliakra-eddy-region,unresolved,,,named_eddy_state:eddy:geography:kaliakra-eddy-region:state:SARC,,unknown_no_dated_eddy_footprint,[],,source:7487b9a234864d2d,,kaliakra-eddy-region,state:SARC
claim:named_eddy_state:eddy:geography:kaliakra-eddy-region:state:SATL,,,,,eddy:geography:kaliakra-eddy-region,unresolved,,,named_eddy_state:eddy:geography:kaliakra-eddy-region:state:SATL,,unknown_no_dated_eddy_footprint,[],,source:7487b9a234864d2d,,kaliakra-eddy-region,state:SATL
claim:named_eddy_state:eddy:geography:kaliakra-eddy-region:state:SPSG,,,,,eddy:geography:kaliakra-eddy-region,unresolved,,,named_eddy_state:eddy:geography:kaliakra-eddy-region:state:SPSG,,unknown_no_dated_eddy_footprint,[],,source:7487b9a234864d2d,,kaliakra-eddy-region,state:SPSG
claim:named_eddy_state:eddy:geography:kaliakra-eddy-region:state:SSTC,,,,,eddy:geography:kaliakra-eddy-region,unresolved,,,named_eddy_state:eddy:geography:kaliakra-eddy-region:state:SSTC,,unknown_no_dated_eddy_footprint,[],,source:7487b9a234864d2d,,kaliakra-eddy-region,state:SSTC
claim:named_eddy_state:eddy:geography:kaliakra-eddy-region:state:SUND,,,,,eddy:geography:kaliakra-eddy-region,unresolved,,,named_eddy_state:eddy:geography:kaliakra-eddy-region:state:SUND,,unknown_no_dated_eddy_footprint,[],,source:7487b9a234864d2d,,kaliakra-eddy-region,state:SUND
claim:named_eddy_state:eddy:geography:kaliakra-eddy-region:state:TASM,,,,,eddy:geography:kaliakra-eddy-region,unresolved,,,named_eddy_state:eddy:geography:kaliakra-eddy-region:state:TASM,,unknown_no_dated_eddy_footprint,[],,source:7487b9a234864d2d,,kaliakra-eddy-region,state:TASM
claim:named_eddy_state:eddy:geography:kaliakra-eddy-region:state:WARM,,,,,eddy:geography:kaliakra-eddy-region,unresolved,,,named_eddy_state:eddy:geography:kaliakra-eddy-region:state:WARM,,unknown_no_dated_eddy_footprint,[],,source:7487b9a234864d2d,,kaliakra-eddy-region,state:WARM
claim:named_eddy_state:eddy:geography:kaliakra-eddy-region:state:WTRA,,,,,eddy:geography:kaliakra-eddy-region,unresolved,,,named_eddy_state:eddy:geography:kaliakra-eddy-region:state:WTRA,,unknown_no_dated_eddy_footprint,[],,source:7487b9a234864d2d,,kaliakra-eddy-region,state:WTRA
claim:named_eddy_state:eddy:geography:haida-eddy-region:state:ALSK,,,,,eddy:geography:haida-eddy-region,unresolved,,,named_eddy_state:eddy:geography:haida-eddy-region:state:ALSK,,unknown_no_dated_eddy_footprint,[],,source:7487b9a234864d2d,,haida-eddy-region,state:ALSK
claim:named_eddy_state:eddy:geography:haida-eddy-region:state:ANTA,,,,,eddy:geography:haida-eddy-region,unresolved,,,named_eddy_state:eddy:geography:haida-eddy-region:state:ANTA,,unknown_no_dated_eddy_footprint,[],,source:7487b9a234864d2d,,haida-eddy-region,state:ANTA
claim:named_eddy_state:eddy:geography:haida-eddy-region:state:APLR,,,,,eddy:geography:haida-eddy-region,unresolved,,,named_eddy_state:eddy:geography:haida-eddy-region:state:APLR,,unknown_no_dated_eddy_footprint,[],,source:7487b9a234864d2d,,haida-eddy-region,state:APLR
claim:named_eddy_state:eddy:geography:haida-eddy-region:state:ARAB,,,,,eddy:geography:haida-eddy-region,unresolved,,,named_eddy_state:eddy:geography:haida-eddy-region:state:ARAB,,unknown_no_dated_eddy_footprint,[],,source:7487b9a234864d2d,,haida-eddy-region,state:ARAB
claim:named_eddy_state:eddy:geography:haida-eddy-region:state:ARCH,,,,,eddy:geography:haida-eddy-region,unresolved,,,named_eddy_state:eddy:geography:haida-eddy-region:state:ARCH,,unknown_no_dated_eddy_footprint,[],,source:7487b9a234864d2d,,haida-eddy-region,state:ARCH
claim:named_eddy_state:eddy:geography:haida-eddy-region:state:ARCT,,,,,eddy:geography:haida-eddy-region,unresolved,,,named_eddy_state:eddy:geography:haida-eddy-region:state:ARCT,,unknown_no_dated_eddy_footprint,[],,source:7487b9a234864d2d,,haida-eddy-region,state:ARCT
claim:named_eddy_state:eddy:geography:haida-eddy-region:state:AUSE,,,,,eddy:geography:haida-eddy-region,unresolved,,,named_eddy_state:eddy:geography:haida-eddy-region:state:AUSE,,unknown_no_dated_eddy_footprint,[],,source:7487b9a234864d2d,,haida-eddy-region,state:AUSE
claim:named_eddy_state:eddy:geography:haida-eddy-region:state:AUSW,,,,,eddy:geography:haida-eddy-region,unresolved,,,named_eddy_state:eddy:geography:haida-eddy-region:state:AUSW,,unknown_no_dated_eddy_footprint,[],,source:7487b9a234864d2d,,haida-eddy-region,state:AUSW
claim:named_eddy_state:eddy:geography:haida-eddy-region:state:BENG,,,,,eddy:geography:haida-eddy-region,unresolved,,,named_eddy_state:eddy:geography:haida-eddy-region:state:BENG,,unknown_no_dated_eddy_footprint,[],,source:7487b9a234864d2d,,haida-eddy-region,state:BENG
claim:named_eddy_state:eddy:geography:haida-eddy-region:state:BERS,,,,,eddy:geography:haida-eddy-region,unresolved,,,named_eddy_state:eddy:geography:haida-eddy-region:state:BERS,,unknown_no_dated_eddy_footprint,[],,source:7487b9a234864d2d,,haida-eddy-region,state:BERS
claim:named_eddy_state:eddy:geography:haida-eddy-region:state:BPLR,,,,,eddy:geography:haida-eddy-region,unresolved,,,named_eddy_state:eddy:geography:haida-eddy-region:state:BPLR,,unknown_no_dated_eddy_footprint,[],,source:7487b9a234864d2d,,haida-eddy-region,state:BPLR
claim:named_eddy_state:eddy:geography:haida-eddy-region:state:BRAZ,,,,,eddy:geography:haida-eddy-region,unresolved,,,named_eddy_state:eddy:geography:haida-eddy-region:state:BRAZ,,unknown_no_dated_eddy_footprint,[],,source:7487b9a234864d2d,,haida-eddy-region,state:BRAZ
claim:named_eddy_state:eddy:geography:haida-eddy-region:state:CAMR,,,,,eddy:geography:haida-eddy-region,unresolved,,,named_eddy_state:eddy:geography:haida-eddy-region:state:CAMR,,unknown_no_dated_eddy_footprint,[],,source:7487b9a234864d2d,,haida-eddy-region,state:CAMR
claim:named_eddy_state:eddy:geography:haida-eddy-region:state:CARB,,,,,eddy:geography:haida-eddy-region,unresolved,,,named_eddy_state:eddy:geography:haida-eddy-region:state:CARB,,unknown_no_dated_eddy_footprint,[],,source:7487b9a234864d2d,,haida-eddy-region,state:CARB
claim:named_eddy_state:eddy:geography:haida-eddy-region:state:CCAL,,,,,eddy:geography:haida-eddy-region,unresolved,,,named_eddy_state:eddy:geography:haida-eddy-region:state:CCAL,,unknown_no_dated_eddy_footprint,[],,source:7487b9a234864d2d,,haida-eddy-region,state:CCAL
claim:named_eddy_state:eddy:geography:haida-eddy-region:state:CHIN,,,,,eddy:geography:haida-eddy-region,unresolved,,,named_eddy_state:eddy:geography:haida-eddy-region:state:CHIN,,unknown_no_dated_eddy_footprint,[],,source:7487b9a234864d2d,,haida-eddy-region,state:CHIN
claim:named_eddy_state:eddy:geography:haida-eddy-region:state:CNRY,,,,,eddy:geography:haida-eddy-region,unresolved,,,named_eddy_state:eddy:geography:haida-eddy-region:state:CNRY,,unknown_no_dated_eddy_footprint,[],,source:7487b9a234864d2d,,haida-eddy-region,state:CNRY
claim:named_eddy_state:eddy:geography:haida-eddy-region:state:EAFR,,,,,eddy:geography:haida-eddy-region,unresolved,,,named_eddy_state:eddy:geography:haida-eddy-region:state:EAFR,,unknown_no_dated_eddy_footprint,[],,source:7487b9a234864d2d,,haida-eddy-region,state:EAFR
claim:named_eddy_state:eddy:geography:haida-eddy-region:state:ETRA,,,,,eddy:geography:haida-eddy-region,unresolved,,,named_eddy_state:eddy:geography:haida-eddy-region:state:ETRA,,unknown_no_dated_eddy_footprint,[],,source:7487b9a234864d2d,,haida-eddy-region,state:ETRA
claim:named_eddy_state:eddy:geography:haida-eddy-region:state:FKLD,,,,,eddy:geography:haida-eddy-region,unresolved,,,named_eddy_state:eddy:geography:haida-eddy-region:state:FKLD,,unknown_no_dated_eddy_footprint,[],,source:7487b9a234864d2d,,haida-eddy-region,state:FKLD
claim:named_eddy_state:eddy:geography:haida-eddy-region:state:GFST,,,,,eddy:geography:haida-eddy-region,unresolved,,,named_eddy_state:eddy:geography:haida-eddy-region:state:GFST,,unknown_no_dated_eddy_footprint,[],,source:7487b9a234864d2d,,haida-eddy-region,state:GFST
claim:named_eddy_state:eddy:geography:haida-eddy-region:state:GUIA,,,,,eddy:geography:haida-eddy-region,unresolved,,,named_eddy_state:eddy:geography:haida-eddy-region:state:GUIA,,unknown_no_dated_eddy_footprint,[],,source:7487b9a234864d2d,,haida-eddy-region,state:GUIA
claim:named_eddy_state:eddy:geography:haida-eddy-region:state:GUIN,,,,,eddy:geography:haida-eddy-region,unresolved,,,named_eddy_state:eddy:geography:haida-eddy-region:state:GUIN,,unknown_no_dated_eddy_footprint,[],,source:7487b9a234864d2d,,haida-eddy-region,state:GUIN
claim:named_eddy_state:eddy:geography:haida-eddy-region:state:HUMB,,,,,eddy:geography:haida-eddy-region,unresolved,,,named_eddy_state:eddy:geography:haida-eddy-region:state:HUMB,,unknown_no_dated_eddy_footprint,[],,source:7487b9a234864d2d,,haida-eddy-region,state:HUMB
claim:named_eddy_state:eddy:geography:haida-eddy-region:state:IND E,,,,,eddy:geography:haida-eddy-region,unresolved,,,named_eddy_state:eddy:geography:haida-eddy-region:state:IND E,,unknown_no_dated_eddy_footprint,[],,source:7487b9a234864d2d,,haida-eddy-region,state:IND E
claim:named_eddy_state:eddy:geography:haida-eddy-region:state:IND W,,,,,eddy:geography:haida-eddy-region,unresolved,,,named_eddy_state:eddy:geography:haida-eddy-region:state:IND W,,unknown_no_dated_eddy_footprint,[],,source:7487b9a234864d2d,,haida-eddy-region,state:IND W
claim:named_eddy_state:eddy:geography:haida-eddy-region:state:ISSG,,,,,eddy:geography:haida-eddy-region,unresolved,,,named_eddy_state:eddy:geography:haida-eddy-region:state:ISSG,,unknown_no_dated_eddy_footprint,[],,source:7487b9a234864d2d,,haida-eddy-region,state:ISSG
claim:named_eddy_state:eddy:geography:haida-eddy-region:state:KURO,,,,,eddy:geography:haida-eddy-region,unresolved,,,named_eddy_state:eddy:geography:haida-eddy-region:state:KURO,,unknown_no_dated_eddy_footprint,[],,source:7487b9a234864d2d,,haida-eddy-region,state:KURO
claim:named_eddy_state:eddy:geography:haida-eddy-region:state:MEDI,,,,,eddy:geography:haida-eddy-region,unresolved,,,named_eddy_state:eddy:geography:haida-eddy-region:state:MEDI,,unknown_no_dated_eddy_footprint,[],,source:7487b9a234864d2d,,haida-eddy-region,state:MEDI
claim:named_eddy_state:eddy:geography:haida-eddy-region:state:MONS,,,,,eddy:geography:haida-eddy-region,unresolved,,,named_eddy_state:eddy:geography:haida-eddy-region:state:MONS,,unknown_no_dated_eddy_footprint,[],,source:7487b9a234864d2d,,haida-eddy-region,state:MONS
claim:named_eddy_state:eddy:geography:haida-eddy-region:state:NADR,,,,,eddy:geography:haida-eddy-region,unresolved,,,named_eddy_state:eddy:geography:haida-eddy-region:state:NADR,,unknown_no_dated_eddy_footprint,[],,source:7487b9a234864d2d,,haida-eddy-region,state:NADR
claim:named_eddy_state:eddy:geography:haida-eddy-region:state:NAST E,,,,,eddy:geography:haida-eddy-region,unresolved,,,named_eddy_state:eddy:geography:haida-eddy-region:state:NAST E,,unknown_no_dated_eddy_footprint,[],,source:7487b9a234864d2d,,haida-eddy-region,state:NAST E
claim:named_eddy_state:eddy:geography:haida-eddy-region:state:NAST W,,,,,eddy:geography:haida-eddy-region,unresolved,,,named_eddy_state:eddy:geography:haida-eddy-region:state:NAST W,,unknown_no_dated_eddy_footprint,[],,source:7487b9a234864d2d,,haida-eddy-region,state:NAST W
claim:named_eddy_state:eddy:geography:haida-eddy-region:state:NATR,,,,,eddy:geography:haida-eddy-region,unresolved,,,named_eddy_state:eddy:geography:haida-eddy-region:state:NATR,,unknown_no_dated_eddy_footprint,[],,source:7487b9a234864d2d,,haida-eddy-region,state:NATR
claim:named_eddy_state:eddy:geography:haida-eddy-region:state:NECS,,,,,eddy:geography:haida-eddy-region,unresolved,,,named_eddy_state:eddy:geography:haida-eddy-region:state:NECS,,unknown_no_dated_eddy_footprint,[],,source:7487b9a234864d2d,,haida-eddy-region,state:NECS
claim:named_eddy_state:eddy:geography:haida-eddy-region:state:NEWZ,,,,,eddy:geography:haida-eddy-region,unresolved,,,named_eddy_state:eddy:geography:haida-eddy-region:state:NEWZ,,unknown_no_dated_eddy_footprint,[],,source:7487b9a234864d2d,,haida-eddy-region,state:NEWZ
claim:named_eddy_state:eddy:geography:haida-eddy-region:state:NPPF,,,,,eddy:geography:haida-eddy-region,unresolved,,,named_eddy_state:eddy:geography:haida-eddy-region:state:NPPF,,unknown_no_dated_eddy_footprint,[],,source:7487b9a234864d2d,,haida-eddy-region,state:NPPF
claim:named_eddy_state:eddy:geography:haida-eddy-region:state:NPSE,,,,,eddy:geography:haida-eddy-region,unresolved,,,named_eddy_state:eddy:geography:haida-eddy-region:state:NPSE,,unknown_no_dated_eddy_footprint,[],,source:7487b9a234864d2d,,haida-eddy-region,state:NPSE
claim:named_eddy_state:eddy:geography:haida-eddy-region:state:NPSW,,,,,eddy:geography:haida-eddy-region,unresolved,,,named_eddy_state:eddy:geography:haida-eddy-region:state:NPSW,,unknown_no_dated_eddy_footprint,[],,source:7487b9a234864d2d,,haida-eddy-region,state:NPSW
claim:named_eddy_state:eddy:geography:haida-eddy-region:state:NPTG,,,,,eddy:geography:haida-eddy-region,unresolved,,,named_eddy_state:eddy:geography:haida-eddy-region:state:NPTG,,unknown_no_dated_eddy_footprint,[],,source:7487b9a234864d2d,,haida-eddy-region,state:NPTG
claim:named_eddy_state:eddy:geography:haida-eddy-region:state:NWCS,,,,,eddy:geography:haida-eddy-region,unresolved,,,named_eddy_state:eddy:geography:haida-eddy-region:state:NWCS,,unknown_no_dated_eddy_footprint,[],,source:7487b9a234864d2d,,haida-eddy-region,state:NWCS
claim:named_eddy_state:eddy:geography:haida-eddy-region:state:OCAL,,,,,eddy:geography:haida-eddy-region,unresolved,,,named_eddy_state:eddy:geography:haida-eddy-region:state:OCAL,,unknown_no_dated_eddy_footprint,[],,source:7487b9a234864d2d,,haida-eddy-region,state:OCAL
claim:named_eddy_state:eddy:geography:haida-eddy-region:state:PEQD,,,,,eddy:geography:haida-eddy-region,unresolved,,,named_eddy_state:eddy:geography:haida-eddy-region:state:PEQD,,unknown_no_dated_eddy_footprint,[],,source:7487b9a234864d2d,,haida-eddy-region,state:PEQD
claim:named_eddy_state:eddy:geography:haida-eddy-region:state:PNEC,,,,,eddy:geography:haida-eddy-region,unresolved,,,named_eddy_state:eddy:geography:haida-eddy-region:state:PNEC,,unknown_no_dated_eddy_footprint,[],,source:7487b9a234864d2d,,haida-eddy-region,state:PNEC
claim:named_eddy_state:eddy:geography:haida-eddy-region:state:PSAE,,,,,eddy:geography:haida-eddy-region,point_or_region_locator,,,named_eddy_state:eddy:geography:haida-eddy-region:state:PSAE,,unknown_no_dated_eddy_footprint,"[""editorial_region""]",,source:7487b9a234864d2d,,haida-eddy-region,state:PSAE
claim:named_eddy_state:eddy:geography:haida-eddy-region:state:PSAW,,,,,eddy:geography:haida-eddy-region,unresolved,,,named_eddy_state:eddy:geography:haida-eddy-region:state:PSAW,,unknown_no_dated_eddy_footprint,[],,source:7487b9a234864d2d,,haida-eddy-region,state:PSAW
claim:named_eddy_state:eddy:geography:haida-eddy-region:state:REDS,,,,,eddy:geography:haida-eddy-region,unresolved,,,named_eddy_state:eddy:geography:haida-eddy-region:state:REDS,,unknown_no_dated_eddy_footprint,[],,source:7487b9a234864d2d,,haida-eddy-region,state:REDS
claim:named_eddy_state:eddy:geography:haida-eddy-region:state:SANT,,,,,eddy:geography:haida-eddy-region,unresolved,,,named_eddy_state:eddy:geography:haida-eddy-region:state:SANT,,unknown_no_dated_eddy_footprint,[],,source:7487b9a234864d2d,,haida-eddy-region,state:SANT
claim:named_eddy_state:eddy:geography:haida-eddy-region:state:SARC,,,,,eddy:geography:haida-eddy-region,unresolved,,,named_eddy_state:eddy:geography:haida-eddy-region:state:SARC,,unknown_no_dated_eddy_footprint,[],,source:7487b9a234864d2d,,haida-eddy-region,state:SARC
claim:named_eddy_state:eddy:geography:haida-eddy-region:state:SATL,,,,,eddy:geography:haida-eddy-region,unresolved,,,named_eddy_state:eddy:geography:haida-eddy-region:state:SATL,,unknown_no_dated_eddy_footprint,[],,source:7487b9a234864d2d,,haida-eddy-region,state:SATL
claim:named_eddy_state:eddy:geography:haida-eddy-region:state:SPSG,,,,,eddy:geography:haida-eddy-region,unresolved,,,named_eddy_state:eddy:geography:haida-eddy-region:state:SPSG,,unknown_no_dated_eddy_footprint,[],,source:7487b9a234864d2d,,haida-eddy-region,state:SPSG
claim:named_eddy_state:eddy:geography:haida-eddy-region:state:SSTC,,,,,eddy:geography:haida-eddy-region,unresolved,,,named_eddy_state:eddy:geography:haida-eddy-region:state:SSTC,,unknown_no_dated_eddy_footprint,[],,source:7487b9a234864d2d,,haida-eddy-region,state:SSTC
claim:named_eddy_state:eddy:geography:haida-eddy-region:state:SUND,,,,,eddy:geography:haida-eddy-region,unresolved,,,named_eddy_state:eddy:geography:haida-eddy-region:state:SUND,,unknown_no_dated_eddy_footprint,[],,source:7487b9a234864d2d,,haida-eddy-region,state:SUND
claim:named_eddy_state:eddy:geography:haida-eddy-region:state:TASM,,,,,eddy:geography:haida-eddy-region,unresolved,,,named_eddy_state:eddy:geography:haida-eddy-region:state:TASM,,unknown_no_dated_eddy_footprint,[],,source:7487b9a234864d2d,,haida-eddy-region,state:TASM
claim:named_eddy_state:eddy:geography:haida-eddy-region:state:WARM,,,,,eddy:geography:haida-eddy-region,unresolved,,,named_eddy_state:eddy:geography:haida-eddy-region:state:WARM,,unknown_no_dated_eddy_footprint,[],,source:7487b9a234864d2d,,haida-eddy-region,state:WARM
claim:named_eddy_state:eddy:geography:haida-eddy-region:state:WTRA,,,,,eddy:geography:haida-eddy-region,unresolved,,,named_eddy_state:eddy:geography:haida-eddy-region:state:WTRA,,unknown_no_dated_eddy_footprint,[],,source:7487b9a234864d2d,,haida-eddy-region,state:WTRA
claim:named_eddy_state:eddy:geography:sitka-eddy-region:state:ALSK,,,,,eddy:geography:sitka-eddy-region,unresolved,,,named_eddy_state:eddy:geography:sitka-eddy-region:state:ALSK,,unknown_no_dated_eddy_footprint,[],,source:7487b9a234864d2d,,sitka-eddy-region,state:ALSK
claim:named_eddy_state:eddy:geography:sitka-eddy-region:state:ANTA,,,,,eddy:geography:sitka-eddy-region,unresolved,,,named_eddy_state:eddy:geography:sitka-eddy-region:state:ANTA,,unknown_no_dated_eddy_footprint,[],,source:7487b9a234864d2d,,sitka-eddy-region,state:ANTA
claim:named_eddy_state:eddy:geography:sitka-eddy-region:state:APLR,,,,,eddy:geography:sitka-eddy-region,unresolved,,,named_eddy_state:eddy:geography:sitka-eddy-region:state:APLR,,unknown_no_dated_eddy_footprint,[],,source:7487b9a234864d2d,,sitka-eddy-region,state:APLR
claim:named_eddy_state:eddy:geography:sitka-eddy-region:state:ARAB,,,,,eddy:geography:sitka-eddy-region,unresolved,,,named_eddy_state:eddy:geography:sitka-eddy-region:state:ARAB,,unknown_no_dated_eddy_footprint,[],,source:7487b9a234864d2d,,sitka-eddy-region,state:ARAB
claim:named_eddy_state:eddy:geography:sitka-eddy-region:state:ARCH,,,,,eddy:geography:sitka-eddy-region,unresolved,,,named_eddy_state:eddy:geography:sitka-eddy-region:state:ARCH,,unknown_no_dated_eddy_footprint,[],,source:7487b9a234864d2d,,sitka-eddy-region,state:ARCH
claim:named_eddy_state:eddy:geography:sitka-eddy-region:state:ARCT,,,,,eddy:geography:sitka-eddy-region,unresolved,,,named_eddy_state:eddy:geography:sitka-eddy-region:state:ARCT,,unknown_no_dated_eddy_footprint,[],,source:7487b9a234864d2d,,sitka-eddy-region,state:ARCT
claim:named_eddy_state:eddy:geography:sitka-eddy-region:state:AUSE,,,,,eddy:geography:sitka-eddy-region,unresolved,,,named_eddy_state:eddy:geography:sitka-eddy-region:state:AUSE,,unknown_no_dated_eddy_footprint,[],,source:7487b9a234864d2d,,sitka-eddy-region,state:AUSE
claim:named_eddy_state:eddy:geography:sitka-eddy-region:state:AUSW,,,,,eddy:geography:sitka-eddy-region,unresolved,,,named_eddy_state:eddy:geography:sitka-eddy-region:state:AUSW,,unknown_no_dated_eddy_footprint,[],,source:7487b9a234864d2d,,sitka-eddy-region,state:AUSW
claim:named_eddy_state:eddy:geography:sitka-eddy-region:state:BENG,,,,,eddy:geography:sitka-eddy-region,unresolved,,,named_eddy_state:eddy:geography:sitka-eddy-region:state:BENG,,unknown_no_dated_eddy_footprint,[],,source:7487b9a234864d2d,,sitka-eddy-region,state:BENG
claim:named_eddy_state:eddy:geography:sitka-eddy-region:state:BERS,,,,,eddy:geography:sitka-eddy-region,unresolved,,,named_eddy_state:eddy:geography:sitka-eddy-region:state:BERS,,unknown_no_dated_eddy_footprint,[],,source:7487b9a234864d2d,,sitka-eddy-region,state:BERS
claim:named_eddy_state:eddy:geography:sitka-eddy-region:state:BPLR,,,,,eddy:geography:sitka-eddy-region,unresolved,,,named_eddy_state:eddy:geography:sitka-eddy-region:state:BPLR,,unknown_no_dated_eddy_footprint,[],,source:7487b9a234864d2d,,sitka-eddy-region,state:BPLR
claim:named_eddy_state:eddy:geography:sitka-eddy-region:state:BRAZ,,,,,eddy:geography:sitka-eddy-region,unresolved,,,named_eddy_state:eddy:geography:sitka-eddy-region:state:BRAZ,,unknown_no_dated_eddy_footprint,[],,source:7487b9a234864d2d,,sitka-eddy-region,state:BRAZ
claim:named_eddy_state:eddy:geography:sitka-eddy-region:state:CAMR,,,,,eddy:geography:sitka-eddy-region,unresolved,,,named_eddy_state:eddy:geography:sitka-eddy-region:state:CAMR,,unknown_no_dated_eddy_footprint,[],,source:7487b9a234864d2d,,sitka-eddy-region,state:CAMR
claim:named_eddy_state:eddy:geography:sitka-eddy-region:state:CARB,,,,,eddy:geography:sitka-eddy-region,unresolved,,,named_eddy_state:eddy:geography:sitka-eddy-region:state:CARB,,unknown_no_dated_eddy_footprint,[],,source:7487b9a234864d2d,,sitka-eddy-region,state:CARB
claim:named_eddy_state:eddy:geography:sitka-eddy-region:state:CCAL,,,,,eddy:geography:sitka-eddy-region,unresolved,,,named_eddy_state:eddy:geography:sitka-eddy-region:state:CCAL,,unknown_no_dated_eddy_footprint,[],,source:7487b9a234864d2d,,sitka-eddy-region,state:CCAL
claim:named_eddy_state:eddy:geography:sitka-eddy-region:state:CHIN,,,,,eddy:geography:sitka-eddy-region,unresolved,,,named_eddy_state:eddy:geography:sitka-eddy-region:state:CHIN,,unknown_no_dated_eddy_footprint,[],,source:7487b9a234864d2d,,sitka-eddy-region,state:CHIN
claim:named_eddy_state:eddy:geography:sitka-eddy-region:state:CNRY,,,,,eddy:geography:sitka-eddy-region,unresolved,,,named_eddy_state:eddy:geography:sitka-eddy-region:state:CNRY,,unknown_no_dated_eddy_footprint,[],,source:7487b9a234864d2d,,sitka-eddy-region,state:CNRY
claim:named_eddy_state:eddy:geography:sitka-eddy-region:state:EAFR,,,,,eddy:geography:sitka-eddy-region,unresolved,,,named_eddy_state:eddy:geography:sitka-eddy-region:state:EAFR,,unknown_no_dated_eddy_footprint,[],,source:7487b9a234864d2d,,sitka-eddy-region,state:EAFR
claim:named_eddy_state:eddy:geography:sitka-eddy-region:state:ETRA,,,,,eddy:geography:sitka-eddy-region,unresolved,,,named_eddy_state:eddy:geography:sitka-eddy-region:state:ETRA,,unknown_no_dated_eddy_footprint,[],,source:7487b9a234864d2d,,sitka-eddy-region,state:ETRA
claim:named_eddy_state:eddy:geography:sitka-eddy-region:state:FKLD,,,,,eddy:geography:sitka-eddy-region,unresolved,,,named_eddy_state:eddy:geography:sitka-eddy-region:state:FKLD,,unknown_no_dated_eddy_footprint,[],,source:7487b9a234864d2d,,sitka-eddy-region,state:FKLD
claim:named_eddy_state:eddy:geography:sitka-eddy-region:state:GFST,,,,,eddy:geography:sitka-eddy-region,unresolved,,,named_eddy_state:eddy:geography:sitka-eddy-region:state:GFST,,unknown_no_dated_eddy_footprint,[],,source:7487b9a234864d2d,,sitka-eddy-region,state:GFST
claim:named_eddy_state:eddy:geography:sitka-eddy-region:state:GUIA,,,,,eddy:geography:sitka-eddy-region,unresolved,,,named_eddy_state:eddy:geography:sitka-eddy-region:state:GUIA,,unknown_no_dated_eddy_footprint,[],,source:7487b9a234864d2d,,sitka-eddy-region,state:GUIA
claim:named_eddy_state:eddy:geography:sitka-eddy-region:state:GUIN,,,,,eddy:geography:sitka-eddy-region,unresolved,,,named_eddy_state:eddy:geography:sitka-eddy-region:state:GUIN,,unknown_no_dated_eddy_footprint,[],,source:7487b9a234864d2d,,sitka-eddy-region,state:GUIN
claim:named_eddy_state:eddy:geography:sitka-eddy-region:state:HUMB,,,,,eddy:geography:sitka-eddy-region,unresolved,,,named_eddy_state:eddy:geography:sitka-eddy-region:state:HUMB,,unknown_no_dated_eddy_footprint,[],,source:7487b9a234864d2d,,sitka-eddy-region,state:HUMB
claim:named_eddy_state:eddy:geography:sitka-eddy-region:state:IND E,,,,,eddy:geography:sitka-eddy-region,unresolved,,,named_eddy_state:eddy:geography:sitka-eddy-region:state:IND E,,unknown_no_dated_eddy_footprint,[],,source:7487b9a234864d2d,,sitka-eddy-region,state:IND E
claim:named_eddy_state:eddy:geography:sitka-eddy-region:state:IND W,,,,,eddy:geography:sitka-eddy-region,unresolved,,,named_eddy_state:eddy:geography:sitka-eddy-region:state:IND W,,unknown_no_dated_eddy_footprint,[],,source:7487b9a234864d2d,,sitka-eddy-region,state:IND W
claim:named_eddy_state:eddy:geography:sitka-eddy-region:state:ISSG,,,,,eddy:geography:sitka-eddy-region,unresolved,,,named_eddy_state:eddy:geography:sitka-eddy-region:state:ISSG,,unknown_no_dated_eddy_footprint,[],,source:7487b9a234864d2d,,sitka-eddy-region,state:ISSG
claim:named_eddy_state:eddy:geography:sitka-eddy-region:state:KURO,,,,,eddy:geography:sitka-eddy-region,unresolved,,,named_eddy_state:eddy:geography:sitka-eddy-region:state:KURO,,unknown_no_dated_eddy_footprint,[],,source:7487b9a234864d2d,,sitka-eddy-region,state:KURO
claim:named_eddy_state:eddy:geography:sitka-eddy-region:state:MEDI,,,,,eddy:geography:sitka-eddy-region,unresolved,,,named_eddy_state:eddy:geography:sitka-eddy-region:state:MEDI,,unknown_no_dated_eddy_footprint,[],,source:7487b9a234864d2d,,sitka-eddy-region,state:MEDI
claim:named_eddy_state:eddy:geography:sitka-eddy-region:state:MONS,,,,,eddy:geography:sitka-eddy-region,unresolved,,,named_eddy_state:eddy:geography:sitka-eddy-region:state:MONS,,unknown_no_dated_eddy_footprint,[],,source:7487b9a234864d2d,,sitka-eddy-region,state:MONS
claim:named_eddy_state:eddy:geography:sitka-eddy-region:state:NADR,,,,,eddy:geography:sitka-eddy-region,unresolved,,,named_eddy_state:eddy:geography:sitka-eddy-region:state:NADR,,unknown_no_dated_eddy_footprint,[],,source:7487b9a234864d2d,,sitka-eddy-region,state:NADR
claim:named_eddy_state:eddy:geography:sitka-eddy-region:state:NAST E,,,,,eddy:geography:sitka-eddy-region,unresolved,,,named_eddy_state:eddy:geography:sitka-eddy-region:state:NAST E,,unknown_no_dated_eddy_footprint,[],,source:7487b9a234864d2d,,sitka-eddy-region,state:NAST E
claim:named_eddy_state:eddy:geography:sitka-eddy-region:state:NAST W,,,,,eddy:geography:sitka-eddy-region,unresolved,,,named_eddy_state:eddy:geography:sitka-eddy-region:state:NAST W,,unknown_no_dated_eddy_footprint,[],,source:7487b9a234864d2d,,sitka-eddy-region,state:NAST W
claim:named_eddy_state:eddy:geography:sitka-eddy-region:state:NATR,,,,,eddy:geography:sitka-eddy-region,unresolved,,,named_eddy_state:eddy:geography:sitka-eddy-region:state:NATR,,unknown_no_dated_eddy_footprint,[],,source:7487b9a234864d2d,,sitka-eddy-region,state:NATR
claim:named_eddy_state:eddy:geography:sitka-eddy-region:state:NECS,,,,,eddy:geography:sitka-eddy-region,unresolved,,,named_eddy_state:eddy:geography:sitka-eddy-region:state:NECS,,unknown_no_dated_eddy_footprint,[],,source:7487b9a234864d2d,,sitka-eddy-region,state:NECS
claim:named_eddy_state:eddy:geography:sitka-eddy-region:state:NEWZ,,,,,eddy:geography:sitka-eddy-region,unresolved,,,named_eddy_state:eddy:geography:sitka-eddy-region:state:NEWZ,,unknown_no_dated_eddy_footprint,[],,source:7487b9a234864d2d,,sitka-eddy-region,state:NEWZ
claim:named_eddy_state:eddy:geography:sitka-eddy-region:state:NPPF,,,,,eddy:geography:sitka-eddy-region,unresolved,,,named_eddy_state:eddy:geography:sitka-eddy-region:state:NPPF,,unknown_no_dated_eddy_footprint,[],,source:7487b9a234864d2d,,sitka-eddy-region,state:NPPF
claim:named_eddy_state:eddy:geography:sitka-eddy-region:state:NPSE,,,,,eddy:geography:sitka-eddy-region,unresolved,,,named_eddy_state:eddy:geography:sitka-eddy-region:state:NPSE,,unknown_no_dated_eddy_footprint,[],,source:7487b9a234864d2d,,sitka-eddy-region,state:NPSE
claim:named_eddy_state:eddy:geography:sitka-eddy-region:state:NPSW,,,,,eddy:geography:sitka-eddy-region,unresolved,,,named_eddy_state:eddy:geography:sitka-eddy-region:state:NPSW,,unknown_no_dated_eddy_footprint,[],,source:7487b9a234864d2d,,sitka-eddy-region,state:NPSW
claim:named_eddy_state:eddy:geography:sitka-eddy-region:state:NPTG,,,,,eddy:geography:sitka-eddy-region,unresolved,,,named_eddy_state:eddy:geography:sitka-eddy-region:state:NPTG,,unknown_no_dated_eddy_footprint,[],,source:7487b9a234864d2d,,sitka-eddy-region,state:NPTG
claim:named_eddy_state:eddy:geography:sitka-eddy-region:state:NWCS,,,,,eddy:geography:sitka-eddy-region,unresolved,,,named_eddy_state:eddy:geography:sitka-eddy-region:state:NWCS,,unknown_no_dated_eddy_footprint,[],,source:7487b9a234864d2d,,sitka-eddy-region,state:NWCS
claim:named_eddy_state:eddy:geography:sitka-eddy-region:state:OCAL,,,,,eddy:geography:sitka-eddy-region,unresolved,,,named_eddy_state:eddy:geography:sitka-eddy-region:state:OCAL,,unknown_no_dated_eddy_footprint,[],,source:7487b9a234864d2d,,sitka-eddy-region,state:OCAL
claim:named_eddy_state:eddy:geography:sitka-eddy-region:state:PEQD,,,,,eddy:geography:sitka-eddy-region,unresolved,,,named_eddy_state:eddy:geography:sitka-eddy-region:state:PEQD,,unknown_no_dated_eddy_footprint,[],,source:7487b9a234864d2d,,sitka-eddy-region,state:PEQD
claim:named_eddy_state:eddy:geography:sitka-eddy-region:state:PNEC,,,,,eddy:geography:sitka-eddy-region,unresolved,,,named_eddy_state:eddy:geography:sitka-eddy-region:state:PNEC,,unknown_no_dated_eddy_footprint,[],,source:7487b9a234864d2d,,sitka-eddy-region,state:PNEC
claim:named_eddy_state:eddy:geography:sitka-eddy-region:state:PSAE,,,,,eddy:geography:sitka-eddy-region,point_or_region_locator,,,named_eddy_state:eddy:geography:sitka-eddy-region:state:PSAE,,unknown_no_dated_eddy_footprint,"[""editorial_region""]",,source:7487b9a234864d2d,,sitka-eddy-region,state:PSAE
claim:named_eddy_state:eddy:geography:sitka-eddy-region:state:PSAW,,,,,eddy:geography:sitka-eddy-region,unresolved,,,named_eddy_state:eddy:geography:sitka-eddy-region:state:PSAW,,unknown_no_dated_eddy_footprint,[],,source:7487b9a234864d2d,,sitka-eddy-region,state:PSAW
claim:named_eddy_state:eddy:geography:sitka-eddy-region:state:REDS,,,,,eddy:geography:sitka-eddy-region,unresolved,,,named_eddy_state:eddy:geography:sitka-eddy-region:state:REDS,,unknown_no_dated_eddy_footprint,[],,source:7487b9a234864d2d,,sitka-eddy-region,state:REDS
claim:named_eddy_state:eddy:geography:sitka-eddy-region:state:SANT,,,,,eddy:geography:sitka-eddy-region,unresolved,,,named_eddy_state:eddy:geography:sitka-eddy-region:state:SANT,,unknown_no_dated_eddy_footprint,[],,source:7487b9a234864d2d,,sitka-eddy-region,state:SANT
claim:named_eddy_state:eddy:geography:sitka-eddy-region:state:SARC,,,,,eddy:geography:sitka-eddy-region,unresolved,,,named_eddy_state:eddy:geography:sitka-eddy-region:state:SARC,,unknown_no_dated_eddy_footprint,[],,source:7487b9a234864d2d,,sitka-eddy-region,state:SARC
claim:named_eddy_state:eddy:geography:sitka-eddy-region:state:SATL,,,,,eddy:geography:sitka-eddy-region,unresolved,,,named_eddy_state:eddy:geography:sitka-eddy-region:state:SATL,,unknown_no_dated_eddy_footprint,[],,source:7487b9a234864d2d,,sitka-eddy-region,state:SATL
claim:named_eddy_state:eddy:geography:sitka-eddy-region:state:SPSG,,,,,eddy:geography:sitka-eddy-region,unresolved,,,named_eddy_state:eddy:geography:sitka-eddy-region:state:SPSG,,unknown_no_dated_eddy_footprint,[],,source:7487b9a234864d2d,,sitka-eddy-region,state:SPSG
claim:named_eddy_state:eddy:geography:sitka-eddy-region:state:SSTC,,,,,eddy:geography:sitka-eddy-region,unresolved,,,named_eddy_state:eddy:geography:sitka-eddy-region:state:SSTC,,unknown_no_dated_eddy_footprint,[],,source:7487b9a234864d2d,,sitka-eddy-region,state:SSTC
claim:named_eddy_state:eddy:geography:sitka-eddy-region:state:SUND,,,,,eddy:geography:sitka-eddy-region,unresolved,,,named_eddy_state:eddy:geography:sitka-eddy-region:state:SUND,,unknown_no_dated_eddy_footprint,[],,source:7487b9a234864d2d,,sitka-eddy-region,state:SUND
claim:named_eddy_state:eddy:geography:sitka-eddy-region:state:TASM,,,,,eddy:geography:sitka-eddy-region,unresolved,,,named_eddy_state:eddy:geography:sitka-eddy-region:state:TASM,,unknown_no_dated_eddy_footprint,[],,source:7487b9a234864d2d,,sitka-eddy-region,state:TASM
claim:named_eddy_state:eddy:geography:sitka-eddy-region:state:WARM,,,,,eddy:geography:sitka-eddy-region,unresolved,,,named_eddy_state:eddy:geography:sitka-eddy-region:state:WARM,,unknown_no_dated_eddy_footprint,[],,source:7487b9a234864d2d,,sitka-eddy-region,state:WARM
claim:named_eddy_state:eddy:geography:sitka-eddy-region:state:WTRA,,,,,eddy:geography:sitka-eddy-region,unresolved,,,named_eddy_state:eddy:geography:sitka-eddy-region:state:WTRA,,unknown_no_dated_eddy_footprint,[],,source:7487b9a234864d2d,,sitka-eddy-region,state:WTRA
claim:named_eddy_state:eddy:geography:yakutat-eddy-region:state:ALSK,,,,,eddy:geography:yakutat-eddy-region,point_or_region_locator,,,named_eddy_state:eddy:geography:yakutat-eddy-region:state:ALSK,,unknown_no_dated_eddy_footprint,"[""editorial_region""]",,source:7487b9a234864d2d,,yakutat-eddy-region,state:ALSK
claim:named_eddy_state:eddy:geography:yakutat-eddy-region:state:ANTA,,,,,eddy:geography:yakutat-eddy-region,unresolved,,,named_eddy_state:eddy:geography:yakutat-eddy-region:state:ANTA,,unknown_no_dated_eddy_footprint,[],,source:7487b9a234864d2d,,yakutat-eddy-region,state:ANTA
claim:named_eddy_state:eddy:geography:yakutat-eddy-region:state:APLR,,,,,eddy:geography:yakutat-eddy-region,unresolved,,,named_eddy_state:eddy:geography:yakutat-eddy-region:state:APLR,,unknown_no_dated_eddy_footprint,[],,source:7487b9a234864d2d,,yakutat-eddy-region,state:APLR
claim:named_eddy_state:eddy:geography:yakutat-eddy-region:state:ARAB,,,,,eddy:geography:yakutat-eddy-region,unresolved,,,named_eddy_state:eddy:geography:yakutat-eddy-region:state:ARAB,,unknown_no_dated_eddy_footprint,[],,source:7487b9a234864d2d,,yakutat-eddy-region,state:ARAB
claim:named_eddy_state:eddy:geography:yakutat-eddy-region:state:ARCH,,,,,eddy:geography:yakutat-eddy-region,unresolved,,,named_eddy_state:eddy:geography:yakutat-eddy-region:state:ARCH,,unknown_no_dated_eddy_footprint,[],,source:7487b9a234864d2d,,yakutat-eddy-region,state:ARCH
claim:named_eddy_state:eddy:geography:yakutat-eddy-region:state:ARCT,,,,,eddy:geography:yakutat-eddy-region,unresolved,,,named_eddy_state:eddy:geography:yakutat-eddy-region:state:ARCT,,unknown_no_dated_eddy_footprint,[],,source:7487b9a234864d2d,,yakutat-eddy-region,state:ARCT
claim:named_eddy_state:eddy:geography:yakutat-eddy-region:state:AUSE,,,,,eddy:geography:yakutat-eddy-region,unresolved,,,named_eddy_state:eddy:geography:yakutat-eddy-region:state:AUSE,,unknown_no_dated_eddy_footprint,[],,source:7487b9a234864d2d,,yakutat-eddy-region,state:AUSE
claim:named_eddy_state:eddy:geography:yakutat-eddy-region:state:AUSW,,,,,eddy:geography:yakutat-eddy-region,unresolved,,,named_eddy_state:eddy:geography:yakutat-eddy-region:state:AUSW,,unknown_no_dated_eddy_footprint,[],,source:7487b9a234864d2d,,yakutat-eddy-region,state:AUSW
claim:named_eddy_state:eddy:geography:yakutat-eddy-region:state:BENG,,,,,eddy:geography:yakutat-eddy-region,unresolved,,,named_eddy_state:eddy:geography:yakutat-eddy-region:state:BENG,,unknown_no_dated_eddy_footprint,[],,source:7487b9a234864d2d,,yakutat-eddy-region,state:BENG
claim:named_eddy_state:eddy:geography:yakutat-eddy-region:state:BERS,,,,,eddy:geography:yakutat-eddy-region,unresolved,,,named_eddy_state:eddy:geography:yakutat-eddy-region:state:BERS,,unknown_no_dated_eddy_footprint,[],,source:7487b9a234864d2d,,yakutat-eddy-region,state:BERS
claim:named_eddy_state:eddy:geography:yakutat-eddy-region:state:BPLR,,,,,eddy:geography:yakutat-eddy-region,unresolved,,,named_eddy_state:eddy:geography:yakutat-eddy-region:state:BPLR,,unknown_no_dated_eddy_footprint,[],,source:7487b9a234864d2d,,yakutat-eddy-region,state:BPLR
claim:named_eddy_state:eddy:geography:yakutat-eddy-region:state:BRAZ,,,,,eddy:geography:yakutat-eddy-region,unresolved,,,named_eddy_state:eddy:geography:yakutat-eddy-region:state:BRAZ,,unknown_no_dated_eddy_footprint,[],,source:7487b9a234864d2d,,yakutat-eddy-region,state:BRAZ
claim:named_eddy_state:eddy:geography:yakutat-eddy-region:state:CAMR,,,,,eddy:geography:yakutat-eddy-region,unresolved,,,named_eddy_state:eddy:geography:yakutat-eddy-region:state:CAMR,,unknown_no_dated_eddy_footprint,[],,source:7487b9a234864d2d,,yakutat-eddy-region,state:CAMR
claim:named_eddy_state:eddy:geography:yakutat-eddy-region:state:CARB,,,,,eddy:geography:yakutat-eddy-region,unresolved,,,named_eddy_state:eddy:geography:yakutat-eddy-region:state:CARB,,unknown_no_dated_eddy_footprint,[],,source:7487b9a234864d2d,,yakutat-eddy-region,state:CARB
claim:named_eddy_state:eddy:geography:yakutat-eddy-region:state:CCAL,,,,,eddy:geography:yakutat-eddy-region,unresolved,,,named_eddy_state:eddy:geography:yakutat-eddy-region:state:CCAL,,unknown_no_dated_eddy_footprint,[],,source:7487b9a234864d2d,,yakutat-eddy-region,state:CCAL
claim:named_eddy_state:eddy:geography:yakutat-eddy-region:state:CHIN,,,,,eddy:geography:yakutat-eddy-region,unresolved,,,named_eddy_state:eddy:geography:yakutat-eddy-region:state:CHIN,,unknown_no_dated_eddy_footprint,[],,source:7487b9a234864d2d,,yakutat-eddy-region,state:CHIN
claim:named_eddy_state:eddy:geography:yakutat-eddy-region:state:CNRY,,,,,eddy:geography:yakutat-eddy-region,unresolved,,,named_eddy_state:eddy:geography:yakutat-eddy-region:state:CNRY,,unknown_no_dated_eddy_footprint,[],,source:7487b9a234864d2d,,yakutat-eddy-region,state:CNRY
claim:named_eddy_state:eddy:geography:yakutat-eddy-region:state:EAFR,,,,,eddy:geography:yakutat-eddy-region,unresolved,,,named_eddy_state:eddy:geography:yakutat-eddy-region:state:EAFR,,unknown_no_dated_eddy_footprint,[],,source:7487b9a234864d2d,,yakutat-eddy-region,state:EAFR
claim:named_eddy_state:eddy:geography:yakutat-eddy-region:state:ETRA,,,,,eddy:geography:yakutat-eddy-region,unresolved,,,named_eddy_state:eddy:geography:yakutat-eddy-region:state:ETRA,,unknown_no_dated_eddy_footprint,[],,source:7487b9a234864d2d,,yakutat-eddy-region,state:ETRA
claim:named_eddy_state:eddy:geography:yakutat-eddy-region:state:FKLD,,,,,eddy:geography:yakutat-eddy-region,unresolved,,,named_eddy_state:eddy:geography:yakutat-eddy-region:state:FKLD,,unknown_no_dated_eddy_footprint,[],,source:7487b9a234864d2d,,yakutat-eddy-region,state:FKLD
claim:named_eddy_state:eddy:geography:yakutat-eddy-region:state:GFST,,,,,eddy:geography:yakutat-eddy-region,unresolved,,,named_eddy_state:eddy:geography:yakutat-eddy-region:state:GFST,,unknown_no_dated_eddy_footprint,[],,source:7487b9a234864d2d,,yakutat-eddy-region,state:GFST
claim:named_eddy_state:eddy:geography:yakutat-eddy-region:state:GUIA,,,,,eddy:geography:yakutat-eddy-region,unresolved,,,named_eddy_state:eddy:geography:yakutat-eddy-region:state:GUIA,,unknown_no_dated_eddy_footprint,[],,source:7487b9a234864d2d,,yakutat-eddy-region,state:GUIA
claim:named_eddy_state:eddy:geography:yakutat-eddy-region:state:GUIN,,,,,eddy:geography:yakutat-eddy-region,unresolved,,,named_eddy_state:eddy:geography:yakutat-eddy-region:state:GUIN,,unknown_no_dated_eddy_footprint,[],,source:7487b9a234864d2d,,yakutat-eddy-region,state:GUIN
claim:named_eddy_state:eddy:geography:yakutat-eddy-region:state:HUMB,,,,,eddy:geography:yakutat-eddy-region,unresolved,,,named_eddy_state:eddy:geography:yakutat-eddy-region:state:HUMB,,unknown_no_dated_eddy_footprint,[],,source:7487b9a234864d2d,,yakutat-eddy-region,state:HUMB
claim:named_eddy_state:eddy:geography:yakutat-eddy-region:state:IND E,,,,,eddy:geography:yakutat-eddy-region,unresolved,,,named_eddy_state:eddy:geography:yakutat-eddy-region:state:IND E,,unknown_no_dated_eddy_footprint,[],,source:7487b9a234864d2d,,yakutat-eddy-region,state:IND E
claim:named_eddy_state:eddy:geography:yakutat-eddy-region:state:IND W,,,,,eddy:geography:yakutat-eddy-region,unresolved,,,named_eddy_state:eddy:geography:yakutat-eddy-region:state:IND W,,unknown_no_dated_eddy_footprint,[],,source:7487b9a234864d2d,,yakutat-eddy-region,state:IND W
claim:named_eddy_state:eddy:geography:yakutat-eddy-region:state:ISSG,,,,,eddy:geography:yakutat-eddy-region,unresolved,,,named_eddy_state:eddy:geography:yakutat-eddy-region:state:ISSG,,unknown_no_dated_eddy_footprint,[],,source:7487b9a234864d2d,,yakutat-eddy-region,state:ISSG
claim:named_eddy_state:eddy:geography:yakutat-eddy-region:state:KURO,,,,,eddy:geography:yakutat-eddy-region,unresolved,,,named_eddy_state:eddy:geography:yakutat-eddy-region:state:KURO,,unknown_no_dated_eddy_footprint,[],,source:7487b9a234864d2d,,yakutat-eddy-region,state:KURO
claim:named_eddy_state:eddy:geography:yakutat-eddy-region:state:MEDI,,,,,eddy:geography:yakutat-eddy-region,unresolved,,,named_eddy_state:eddy:geography:yakutat-eddy-region:state:MEDI,,unknown_no_dated_eddy_footprint,[],,source:7487b9a234864d2d,,yakutat-eddy-region,state:MEDI
claim:named_eddy_state:eddy:geography:yakutat-eddy-region:state:MONS,,,,,eddy:geography:yakutat-eddy-region,unresolved,,,named_eddy_state:eddy:geography:yakutat-eddy-region:state:MONS,,unknown_no_dated_eddy_footprint,[],,source:7487b9a234864d2d,,yakutat-eddy-region,state:MONS
claim:named_eddy_state:eddy:geography:yakutat-eddy-region:state:NADR,,,,,eddy:geography:yakutat-eddy-region,unresolved,,,named_eddy_state:eddy:geography:yakutat-eddy-region:state:NADR,,unknown_no_dated_eddy_footprint,[],,source:7487b9a234864d2d,,yakutat-eddy-region,state:NADR
claim:named_eddy_state:eddy:geography:yakutat-eddy-region:state:NAST E,,,,,eddy:geography:yakutat-eddy-region,unresolved,,,named_eddy_state:eddy:geography:yakutat-eddy-region:state:NAST E,,unknown_no_dated_eddy_footprint,[],,source:7487b9a234864d2d,,yakutat-eddy-region,state:NAST E
claim:named_eddy_state:eddy:geography:yakutat-eddy-region:state:NAST W,,,,,eddy:geography:yakutat-eddy-region,unresolved,,,named_eddy_state:eddy:geography:yakutat-eddy-region:state:NAST W,,unknown_no_dated_eddy_footprint,[],,source:7487b9a234864d2d,,yakutat-eddy-region,state:NAST W
claim:named_eddy_state:eddy:geography:yakutat-eddy-region:state:NATR,,,,,eddy:geography:yakutat-eddy-region,unresolved,,,named_eddy_state:eddy:geography:yakutat-eddy-region:state:NATR,,unknown_no_dated_eddy_footprint,[],,source:7487b9a234864d2d,,yakutat-eddy-region,state:NATR
claim:named_eddy_state:eddy:geography:yakutat-eddy-region:state:NECS,,,,,eddy:geography:yakutat-eddy-region,unresolved,,,named_eddy_state:eddy:geography:yakutat-eddy-region:state:NECS,,unknown_no_dated_eddy_footprint,[],,source:7487b9a234864d2d,,yakutat-eddy-region,state:NECS
claim:named_eddy_state:eddy:geography:yakutat-eddy-region:state:NEWZ,,,,,eddy:geography:yakutat-eddy-region,unresolved,,,named_eddy_state:eddy:geography:yakutat-eddy-region:state:NEWZ,,unknown_no_dated_eddy_footprint,[],,source:7487b9a234864d2d,,yakutat-eddy-region,state:NEWZ
claim:named_eddy_state:eddy:geography:yakutat-eddy-region:state:NPPF,,,,,eddy:geography:yakutat-eddy-region,unresolved,,,named_eddy_state:eddy:geography:yakutat-eddy-region:state:NPPF,,unknown_no_dated_eddy_footprint,[],,source:7487b9a234864d2d,,yakutat-eddy-region,state:NPPF
claim:named_eddy_state:eddy:geography:yakutat-eddy-region:state:NPSE,,,,,eddy:geography:yakutat-eddy-region,unresolved,,,named_eddy_state:eddy:geography:yakutat-eddy-region:state:NPSE,,unknown_no_dated_eddy_footprint,[],,source:7487b9a234864d2d,,yakutat-eddy-region,state:NPSE
claim:named_eddy_state:eddy:geography:yakutat-eddy-region:state:NPSW,,,,,eddy:geography:yakutat-eddy-region,unresolved,,,named_eddy_state:eddy:geography:yakutat-eddy-region:state:NPSW,,unknown_no_dated_eddy_footprint,[],,source:7487b9a234864d2d,,yakutat-eddy-region,state:NPSW
claim:named_eddy_state:eddy:geography:yakutat-eddy-region:state:NPTG,,,,,eddy:geography:yakutat-eddy-region,unresolved,,,named_eddy_state:eddy:geography:yakutat-eddy-region:state:NPTG,,unknown_no_dated_eddy_footprint,[],,source:7487b9a234864d2d,,yakutat-eddy-region,state:NPTG
claim:named_eddy_state:eddy:geography:yakutat-eddy-region:state:NWCS,,,,,eddy:geography:yakutat-eddy-region,unresolved,,,named_eddy_state:eddy:geography:yakutat-eddy-region:state:NWCS,,unknown_no_dated_eddy_footprint,[],,source:7487b9a234864d2d,,yakutat-eddy-region,state:NWCS
claim:named_eddy_state:eddy:geography:yakutat-eddy-region:state:OCAL,,,,,eddy:geography:yakutat-eddy-region,unresolved,,,named_eddy_state:eddy:geography:yakutat-eddy-region:state:OCAL,,unknown_no_dated_eddy_footprint,[],,source:7487b9a234864d2d,,yakutat-eddy-region,state:OCAL
claim:named_eddy_state:eddy:geography:yakutat-eddy-region:state:PEQD,,,,,eddy:geography:yakutat-eddy-region,unresolved,,,named_eddy_state:eddy:geography:yakutat-eddy-region:state:PEQD,,unknown_no_dated_eddy_footprint,[],,source:7487b9a234864d2d,,yakutat-eddy-region,state:PEQD
claim:named_eddy_state:eddy:geography:yakutat-eddy-region:state:PNEC,,,,,eddy:geography:yakutat-eddy-region,unresolved,,,named_eddy_state:eddy:geography:yakutat-eddy-region:state:PNEC,,unknown_no_dated_eddy_footprint,[],,source:7487b9a234864d2d,,yakutat-eddy-region,state:PNEC
claim:named_eddy_state:eddy:geography:yakutat-eddy-region:state:PSAE,,,,,eddy:geography:yakutat-eddy-region,unresolved,,,named_eddy_state:eddy:geography:yakutat-eddy-region:state:PSAE,,unknown_no_dated_eddy_footprint,[],,source:7487b9a234864d2d,,yakutat-eddy-region,state:PSAE
claim:named_eddy_state:eddy:geography:yakutat-eddy-region:state:PSAW,,,,,eddy:geography:yakutat-eddy-region,unresolved,,,named_eddy_state:eddy:geography:yakutat-eddy-region:state:PSAW,,unknown_no_dated_eddy_footprint,[],,source:7487b9a234864d2d,,yakutat-eddy-region,state:PSAW
claim:named_eddy_state:eddy:geography:yakutat-eddy-region:state:REDS,,,,,eddy:geography:yakutat-eddy-region,unresolved,,,named_eddy_state:eddy:geography:yakutat-eddy-region:state:REDS,,unknown_no_dated_eddy_footprint,[],,source:7487b9a234864d2d,,yakutat-eddy-region,state:REDS
claim:named_eddy_state:eddy:geography:yakutat-eddy-region:state:SANT,,,,,eddy:geography:yakutat-eddy-region,unresolved,,,named_eddy_state:eddy:geography:yakutat-eddy-region:state:SANT,,unknown_no_dated_eddy_footprint,[],,source:7487b9a234864d2d,,yakutat-eddy-region,state:SANT
claim:named_eddy_state:eddy:geography:yakutat-eddy-region:state:SARC,,,,,eddy:geography:yakutat-eddy-region,unresolved,,,named_eddy_state:eddy:geography:yakutat-eddy-region:state:SARC,,unknown_no_dated_eddy_footprint,[],,source:7487b9a234864d2d,,yakutat-eddy-region,state:SARC
claim:named_eddy_state:eddy:geography:yakutat-eddy-region:state:SATL,,,,,eddy:geography:yakutat-eddy-region,unresolved,,,named_eddy_state:eddy:geography:yakutat-eddy-region:state:SATL,,unknown_no_dated_eddy_footprint,[],,source:7487b9a234864d2d,,yakutat-eddy-region,state:SATL
claim:named_eddy_state:eddy:geography:yakutat-eddy-region:state:SPSG,,,,,eddy:geography:yakutat-eddy-region,unresolved,,,named_eddy_state:eddy:geography:yakutat-eddy-region:state:SPSG,,unknown_no_dated_eddy_footprint,[],,source:7487b9a234864d2d,,yakutat-eddy-region,state:SPSG
claim:named_eddy_state:eddy:geography:yakutat-eddy-region:state:SSTC,,,,,eddy:geography:yakutat-eddy-region,unresolved,,,named_eddy_state:eddy:geography:yakutat-eddy-region:state:SSTC,,unknown_no_dated_eddy_footprint,[],,source:7487b9a234864d2d,,yakutat-eddy-region,state:SSTC
claim:named_eddy_state:eddy:geography:yakutat-eddy-region:state:SUND,,,,,eddy:geography:yakutat-eddy-region,unresolved,,,named_eddy_state:eddy:geography:yakutat-eddy-region:state:SUND,,unknown_no_dated_eddy_footprint,[],,source:7487b9a234864d2d,,yakutat-eddy-region,state:SUND
claim:named_eddy_state:eddy:geography:yakutat-eddy-region:state:TASM,,,,,eddy:geography:yakutat-eddy-region,unresolved,,,named_eddy_state:eddy:geography:yakutat-eddy-region:state:TASM,,unknown_no_dated_eddy_footprint,[],,source:7487b9a234864d2d,,yakutat-eddy-region,state:TASM
claim:named_eddy_state:eddy:geography:yakutat-eddy-region:state:WARM,,,,,eddy:geography:yakutat-eddy-region,unresolved,,,named_eddy_state:eddy:geography:yakutat-eddy-region:state:WARM,,unknown_no_dated_eddy_footprint,[],,source:7487b9a234864d2d,,yakutat-eddy-region,state:WARM
claim:named_eddy_state:eddy:geography:yakutat-eddy-region:state:WTRA,,,,,eddy:geography:yakutat-eddy-region,unresolved,,,named_eddy_state:eddy:geography:yakutat-eddy-region:state:WTRA,,unknown_no_dated_eddy_footprint,[],,source:7487b9a234864d2d,,yakutat-eddy-region,state:WTRA
claim:named_eddy_state:eddy:geography:kenai-eddy-region:state:ALSK,,,,,eddy:geography:kenai-eddy-region,point_or_region_locator,,,named_eddy_state:eddy:geography:kenai-eddy-region:state:ALSK,,unknown_no_dated_eddy_footprint,"[""editorial_region""]",,source:7487b9a234864d2d,,kenai-eddy-region,state:ALSK
claim:named_eddy_state:eddy:geography:kenai-eddy-region:state:ANTA,,,,,eddy:geography:kenai-eddy-region,unresolved,,,named_eddy_state:eddy:geography:kenai-eddy-region:state:ANTA,,unknown_no_dated_eddy_footprint,[],,source:7487b9a234864d2d,,kenai-eddy-region,state:ANTA
claim:named_eddy_state:eddy:geography:kenai-eddy-region:state:APLR,,,,,eddy:geography:kenai-eddy-region,unresolved,,,named_eddy_state:eddy:geography:kenai-eddy-region:state:APLR,,unknown_no_dated_eddy_footprint,[],,source:7487b9a234864d2d,,kenai-eddy-region,state:APLR
claim:named_eddy_state:eddy:geography:kenai-eddy-region:state:ARAB,,,,,eddy:geography:kenai-eddy-region,unresolved,,,named_eddy_state:eddy:geography:kenai-eddy-region:state:ARAB,,unknown_no_dated_eddy_footprint,[],,source:7487b9a234864d2d,,kenai-eddy-region,state:ARAB
claim:named_eddy_state:eddy:geography:kenai-eddy-region:state:ARCH,,,,,eddy:geography:kenai-eddy-region,unresolved,,,named_eddy_state:eddy:geography:kenai-eddy-region:state:ARCH,,unknown_no_dated_eddy_footprint,[],,source:7487b9a234864d2d,,kenai-eddy-region,state:ARCH
claim:named_eddy_state:eddy:geography:kenai-eddy-region:state:ARCT,,,,,eddy:geography:kenai-eddy-region,unresolved,,,named_eddy_state:eddy:geography:kenai-eddy-region:state:ARCT,,unknown_no_dated_eddy_footprint,[],,source:7487b9a234864d2d,,kenai-eddy-region,state:ARCT
claim:named_eddy_state:eddy:geography:kenai-eddy-region:state:AUSE,,,,,eddy:geography:kenai-eddy-region,unresolved,,,named_eddy_state:eddy:geography:kenai-eddy-region:state:AUSE,,unknown_no_dated_eddy_footprint,[],,source:7487b9a234864d2d,,kenai-eddy-region,state:AUSE
claim:named_eddy_state:eddy:geography:kenai-eddy-region:state:AUSW,,,,,eddy:geography:kenai-eddy-region,unresolved,,,named_eddy_state:eddy:geography:kenai-eddy-region:state:AUSW,,unknown_no_dated_eddy_footprint,[],,source:7487b9a234864d2d,,kenai-eddy-region,state:AUSW
claim:named_eddy_state:eddy:geography:kenai-eddy-region:state:BENG,,,,,eddy:geography:kenai-eddy-region,unresolved,,,named_eddy_state:eddy:geography:kenai-eddy-region:state:BENG,,unknown_no_dated_eddy_footprint,[],,source:7487b9a234864d2d,,kenai-eddy-region,state:BENG
claim:named_eddy_state:eddy:geography:kenai-eddy-region:state:BERS,,,,,eddy:geography:kenai-eddy-region,unresolved,,,named_eddy_state:eddy:geography:kenai-eddy-region:state:BERS,,unknown_no_dated_eddy_footprint,[],,source:7487b9a234864d2d,,kenai-eddy-region,state:BERS
claim:named_eddy_state:eddy:geography:kenai-eddy-region:state:BPLR,,,,,eddy:geography:kenai-eddy-region,unresolved,,,named_eddy_state:eddy:geography:kenai-eddy-region:state:BPLR,,unknown_no_dated_eddy_footprint,[],,source:7487b9a234864d2d,,kenai-eddy-region,state:BPLR
claim:named_eddy_state:eddy:geography:kenai-eddy-region:state:BRAZ,,,,,eddy:geography:kenai-eddy-region,unresolved,,,named_eddy_state:eddy:geography:kenai-eddy-region:state:BRAZ,,unknown_no_dated_eddy_footprint,[],,source:7487b9a234864d2d,,kenai-eddy-region,state:BRAZ
claim:named_eddy_state:eddy:geography:kenai-eddy-region:state:CAMR,,,,,eddy:geography:kenai-eddy-region,unresolved,,,named_eddy_state:eddy:geography:kenai-eddy-region:state:CAMR,,unknown_no_dated_eddy_footprint,[],,source:7487b9a234864d2d,,kenai-eddy-region,state:CAMR
claim:named_eddy_state:eddy:geography:kenai-eddy-region:state:CARB,,,,,eddy:geography:kenai-eddy-region,unresolved,,,named_eddy_state:eddy:geography:kenai-eddy-region:state:CARB,,unknown_no_dated_eddy_footprint,[],,source:7487b9a234864d2d,,kenai-eddy-region,state:CARB
claim:named_eddy_state:eddy:geography:kenai-eddy-region:state:CCAL,,,,,eddy:geography:kenai-eddy-region,unresolved,,,named_eddy_state:eddy:geography:kenai-eddy-region:state:CCAL,,unknown_no_dated_eddy_footprint,[],,source:7487b9a234864d2d,,kenai-eddy-region,state:CCAL
claim:named_eddy_state:eddy:geography:kenai-eddy-region:state:CHIN,,,,,eddy:geography:kenai-eddy-region,unresolved,,,named_eddy_state:eddy:geography:kenai-eddy-region:state:CHIN,,unknown_no_dated_eddy_footprint,[],,source:7487b9a234864d2d,,kenai-eddy-region,state:CHIN
claim:named_eddy_state:eddy:geography:kenai-eddy-region:state:CNRY,,,,,eddy:geography:kenai-eddy-region,unresolved,,,named_eddy_state:eddy:geography:kenai-eddy-region:state:CNRY,,unknown_no_dated_eddy_footprint,[],,source:7487b9a234864d2d,,kenai-eddy-region,state:CNRY
claim:named_eddy_state:eddy:geography:kenai-eddy-region:state:EAFR,,,,,eddy:geography:kenai-eddy-region,unresolved,,,named_eddy_state:eddy:geography:kenai-eddy-region:state:EAFR,,unknown_no_dated_eddy_footprint,[],,source:7487b9a234864d2d,,kenai-eddy-region,state:EAFR
claim:named_eddy_state:eddy:geography:kenai-eddy-region:state:ETRA,,,,,eddy:geography:kenai-eddy-region,unresolved,,,named_eddy_state:eddy:geography:kenai-eddy-region:state:ETRA,,unknown_no_dated_eddy_footprint,[],,source:7487b9a234864d2d,,kenai-eddy-region,state:ETRA
claim:named_eddy_state:eddy:geography:kenai-eddy-region:state:FKLD,,,,,eddy:geography:kenai-eddy-region,unresolved,,,named_eddy_state:eddy:geography:kenai-eddy-region:state:FKLD,,unknown_no_dated_eddy_footprint,[],,source:7487b9a234864d2d,,kenai-eddy-region,state:FKLD
claim:named_eddy_state:eddy:geography:kenai-eddy-region:state:GFST,,,,,eddy:geography:kenai-eddy-region,unresolved,,,named_eddy_state:eddy:geography:kenai-eddy-region:state:GFST,,unknown_no_dated_eddy_footprint,[],,source:7487b9a234864d2d,,kenai-eddy-region,state:GFST
claim:named_eddy_state:eddy:geography:kenai-eddy-region:state:GUIA,,,,,eddy:geography:kenai-eddy-region,unresolved,,,named_eddy_state:eddy:geography:kenai-eddy-region:state:GUIA,,unknown_no_dated_eddy_footprint,[],,source:7487b9a234864d2d,,kenai-eddy-region,state:GUIA
claim:named_eddy_state:eddy:geography:kenai-eddy-region:state:GUIN,,,,,eddy:geography:kenai-eddy-region,unresolved,,,named_eddy_state:eddy:geography:kenai-eddy-region:state:GUIN,,unknown_no_dated_eddy_footprint,[],,source:7487b9a234864d2d,,kenai-eddy-region,state:GUIN
claim:named_eddy_state:eddy:geography:kenai-eddy-region:state:HUMB,,,,,eddy:geography:kenai-eddy-region,unresolved,,,named_eddy_state:eddy:geography:kenai-eddy-region:state:HUMB,,unknown_no_dated_eddy_footprint,[],,source:7487b9a234864d2d,,kenai-eddy-region,state:HUMB
claim:named_eddy_state:eddy:geography:kenai-eddy-region:state:IND E,,,,,eddy:geography:kenai-eddy-region,unresolved,,,named_eddy_state:eddy:geography:kenai-eddy-region:state:IND E,,unknown_no_dated_eddy_footprint,[],,source:7487b9a234864d2d,,kenai-eddy-region,state:IND E
claim:named_eddy_state:eddy:geography:kenai-eddy-region:state:IND W,,,,,eddy:geography:kenai-eddy-region,unresolved,,,named_eddy_state:eddy:geography:kenai-eddy-region:state:IND W,,unknown_no_dated_eddy_footprint,[],,source:7487b9a234864d2d,,kenai-eddy-region,state:IND W
claim:named_eddy_state:eddy:geography:kenai-eddy-region:state:ISSG,,,,,eddy:geography:kenai-eddy-region,unresolved,,,named_eddy_state:eddy:geography:kenai-eddy-region:state:ISSG,,unknown_no_dated_eddy_footprint,[],,source:7487b9a234864d2d,,kenai-eddy-region,state:ISSG
claim:named_eddy_state:eddy:geography:kenai-eddy-region:state:KURO,,,,,eddy:geography:kenai-eddy-region,unresolved,,,named_eddy_state:eddy:geography:kenai-eddy-region:state:KURO,,unknown_no_dated_eddy_footprint,[],,source:7487b9a234864d2d,,kenai-eddy-region,state:KURO
claim:named_eddy_state:eddy:geography:kenai-eddy-region:state:MEDI,,,,,eddy:geography:kenai-eddy-region,unresolved,,,named_eddy_state:eddy:geography:kenai-eddy-region:state:MEDI,,unknown_no_dated_eddy_footprint,[],,source:7487b9a234864d2d,,kenai-eddy-region,state:MEDI
claim:named_eddy_state:eddy:geography:kenai-eddy-region:state:MONS,,,,,eddy:geography:kenai-eddy-region,unresolved,,,named_eddy_state:eddy:geography:kenai-eddy-region:state:MONS,,unknown_no_dated_eddy_footprint,[],,source:7487b9a234864d2d,,kenai-eddy-region,state:MONS
claim:named_eddy_state:eddy:geography:kenai-eddy-region:state:NADR,,,,,eddy:geography:kenai-eddy-region,unresolved,,,named_eddy_state:eddy:geography:kenai-eddy-region:state:NADR,,unknown_no_dated_eddy_footprint,[],,source:7487b9a234864d2d,,kenai-eddy-region,state:NADR
claim:named_eddy_state:eddy:geography:kenai-eddy-region:state:NAST E,,,,,eddy:geography:kenai-eddy-region,unresolved,,,named_eddy_state:eddy:geography:kenai-eddy-region:state:NAST E,,unknown_no_dated_eddy_footprint,[],,source:7487b9a234864d2d,,kenai-eddy-region,state:NAST E
claim:named_eddy_state:eddy:geography:kenai-eddy-region:state:NAST W,,,,,eddy:geography:kenai-eddy-region,unresolved,,,named_eddy_state:eddy:geography:kenai-eddy-region:state:NAST W,,unknown_no_dated_eddy_footprint,[],,source:7487b9a234864d2d,,kenai-eddy-region,state:NAST W
claim:named_eddy_state:eddy:geography:kenai-eddy-region:state:NATR,,,,,eddy:geography:kenai-eddy-region,unresolved,,,named_eddy_state:eddy:geography:kenai-eddy-region:state:NATR,,unknown_no_dated_eddy_footprint,[],,source:7487b9a234864d2d,,kenai-eddy-region,state:NATR
claim:named_eddy_state:eddy:geography:kenai-eddy-region:state:NECS,,,,,eddy:geography:kenai-eddy-region,unresolved,,,named_eddy_state:eddy:geography:kenai-eddy-region:state:NECS,,unknown_no_dated_eddy_footprint,[],,source:7487b9a234864d2d,,kenai-eddy-region,state:NECS
claim:named_eddy_state:eddy:geography:kenai-eddy-region:state:NEWZ,,,,,eddy:geography:kenai-eddy-region,unresolved,,,named_eddy_state:eddy:geography:kenai-eddy-region:state:NEWZ,,unknown_no_dated_eddy_footprint,[],,source:7487b9a234864d2d,,kenai-eddy-region,state:NEWZ
claim:named_eddy_state:eddy:geography:kenai-eddy-region:state:NPPF,,,,,eddy:geography:kenai-eddy-region,unresolved,,,named_eddy_state:eddy:geography:kenai-eddy-region:state:NPPF,,unknown_no_dated_eddy_footprint,[],,source:7487b9a234864d2d,,kenai-eddy-region,state:NPPF
claim:named_eddy_state:eddy:geography:kenai-eddy-region:state:NPSE,,,,,eddy:geography:kenai-eddy-region,unresolved,,,named_eddy_state:eddy:geography:kenai-eddy-region:state:NPSE,,unknown_no_dated_eddy_footprint,[],,source:7487b9a234864d2d,,kenai-eddy-region,state:NPSE
claim:named_eddy_state:eddy:geography:kenai-eddy-region:state:NPSW,,,,,eddy:geography:kenai-eddy-region,unresolved,,,named_eddy_state:eddy:geography:kenai-eddy-region:state:NPSW,,unknown_no_dated_eddy_footprint,[],,source:7487b9a234864d2d,,kenai-eddy-region,state:NPSW
claim:named_eddy_state:eddy:geography:kenai-eddy-region:state:NPTG,,,,,eddy:geography:kenai-eddy-region,unresolved,,,named_eddy_state:eddy:geography:kenai-eddy-region:state:NPTG,,unknown_no_dated_eddy_footprint,[],,source:7487b9a234864d2d,,kenai-eddy-region,state:NPTG
claim:named_eddy_state:eddy:geography:kenai-eddy-region:state:NWCS,,,,,eddy:geography:kenai-eddy-region,unresolved,,,named_eddy_state:eddy:geography:kenai-eddy-region:state:NWCS,,unknown_no_dated_eddy_footprint,[],,source:7487b9a234864d2d,,kenai-eddy-region,state:NWCS
claim:named_eddy_state:eddy:geography:kenai-eddy-region:state:OCAL,,,,,eddy:geography:kenai-eddy-region,unresolved,,,named_eddy_state:eddy:geography:kenai-eddy-region:state:OCAL,,unknown_no_dated_eddy_footprint,[],,source:7487b9a234864d2d,,kenai-eddy-region,state:OCAL
claim:named_eddy_state:eddy:geography:kenai-eddy-region:state:PEQD,,,,,eddy:geography:kenai-eddy-region,unresolved,,,named_eddy_state:eddy:geography:kenai-eddy-region:state:PEQD,,unknown_no_dated_eddy_footprint,[],,source:7487b9a234864d2d,,kenai-eddy-region,state:PEQD
claim:named_eddy_state:eddy:geography:kenai-eddy-region:state:PNEC,,,,,eddy:geography:kenai-eddy-region,unresolved,,,named_eddy_state:eddy:geography:kenai-eddy-region:state:PNEC,,unknown_no_dated_eddy_footprint,[],,source:7487b9a234864d2d,,kenai-eddy-region,state:PNEC
claim:named_eddy_state:eddy:geography:kenai-eddy-region:state:PSAE,,,,,eddy:geography:kenai-eddy-region,unresolved,,,named_eddy_state:eddy:geography:kenai-eddy-region:state:PSAE,,unknown_no_dated_eddy_footprint,[],,source:7487b9a234864d2d,,kenai-eddy-region,state:PSAE
claim:named_eddy_state:eddy:geography:kenai-eddy-region:state:PSAW,,,,,eddy:geography:kenai-eddy-region,unresolved,,,named_eddy_state:eddy:geography:kenai-eddy-region:state:PSAW,,unknown_no_dated_eddy_footprint,[],,source:7487b9a234864d2d,,kenai-eddy-region,state:PSAW
claim:named_eddy_state:eddy:geography:kenai-eddy-region:state:REDS,,,,,eddy:geography:kenai-eddy-region,unresolved,,,named_eddy_state:eddy:geography:kenai-eddy-region:state:REDS,,unknown_no_dated_eddy_footprint,[],,source:7487b9a234864d2d,,kenai-eddy-region,state:REDS
claim:named_eddy_state:eddy:geography:kenai-eddy-region:state:SANT,,,,,eddy:geography:kenai-eddy-region,unresolved,,,named_eddy_state:eddy:geography:kenai-eddy-region:state:SANT,,unknown_no_dated_eddy_footprint,[],,source:7487b9a234864d2d,,kenai-eddy-region,state:SANT
claim:named_eddy_state:eddy:geography:kenai-eddy-region:state:SARC,,,,,eddy:geography:kenai-eddy-region,unresolved,,,named_eddy_state:eddy:geography:kenai-eddy-region:state:SARC,,unknown_no_dated_eddy_footprint,[],,source:7487b9a234864d2d,,kenai-eddy-region,state:SARC
claim:named_eddy_state:eddy:geography:kenai-eddy-region:state:SATL,,,,,eddy:geography:kenai-eddy-region,unresolved,,,named_eddy_state:eddy:geography:kenai-eddy-region:state:SATL,,unknown_no_dated_eddy_footprint,[],,source:7487b9a234864d2d,,kenai-eddy-region,state:SATL
claim:named_eddy_state:eddy:geography:kenai-eddy-region:state:SPSG,,,,,eddy:geography:kenai-eddy-region,unresolved,,,named_eddy_state:eddy:geography:kenai-eddy-region:state:SPSG,,unknown_no_dated_eddy_footprint,[],,source:7487b9a234864d2d,,kenai-eddy-region,state:SPSG
claim:named_eddy_state:eddy:geography:kenai-eddy-region:state:SSTC,,,,,eddy:geography:kenai-eddy-region,unresolved,,,named_eddy_state:eddy:geography:kenai-eddy-region:state:SSTC,,unknown_no_dated_eddy_footprint,[],,source:7487b9a234864d2d,,kenai-eddy-region,state:SSTC
claim:named_eddy_state:eddy:geography:kenai-eddy-region:state:SUND,,,,,eddy:geography:kenai-eddy-region,unresolved,,,named_eddy_state:eddy:geography:kenai-eddy-region:state:SUND,,unknown_no_dated_eddy_footprint,[],,source:7487b9a234864d2d,,kenai-eddy-region,state:SUND
claim:named_eddy_state:eddy:geography:kenai-eddy-region:state:TASM,,,,,eddy:geography:kenai-eddy-region,unresolved,,,named_eddy_state:eddy:geography:kenai-eddy-region:state:TASM,,unknown_no_dated_eddy_footprint,[],,source:7487b9a234864d2d,,kenai-eddy-region,state:TASM
claim:named_eddy_state:eddy:geography:kenai-eddy-region:state:WARM,,,,,eddy:geography:kenai-eddy-region,unresolved,,,named_eddy_state:eddy:geography:kenai-eddy-region:state:WARM,,unknown_no_dated_eddy_footprint,[],,source:7487b9a234864d2d,,kenai-eddy-region,state:WARM
claim:named_eddy_state:eddy:geography:kenai-eddy-region:state:WTRA,,,,,eddy:geography:kenai-eddy-region,unresolved,,,named_eddy_state:eddy:geography:kenai-eddy-region:state:WTRA,,unknown_no_dated_eddy_footprint,[],,source:7487b9a234864d2d,,kenai-eddy-region,state:WTRA
claim:named_eddy_state:eddy:geography:agulhas-rings-family:state:ALSK,,,,,eddy:geography:agulhas-rings-family,unresolved,,,named_eddy_state:eddy:geography:agulhas-rings-family:state:ALSK,,unknown_no_dated_eddy_footprint,[],,source:7487b9a234864d2d,,agulhas-rings-family,state:ALSK
claim:named_eddy_state:eddy:geography:agulhas-rings-family:state:ANTA,,,,,eddy:geography:agulhas-rings-family,unresolved,,,named_eddy_state:eddy:geography:agulhas-rings-family:state:ANTA,,unknown_no_dated_eddy_footprint,[],,source:7487b9a234864d2d,,agulhas-rings-family,state:ANTA
claim:named_eddy_state:eddy:geography:agulhas-rings-family:state:APLR,,,,,eddy:geography:agulhas-rings-family,unresolved,,,named_eddy_state:eddy:geography:agulhas-rings-family:state:APLR,,unknown_no_dated_eddy_footprint,[],,source:7487b9a234864d2d,,agulhas-rings-family,state:APLR
claim:named_eddy_state:eddy:geography:agulhas-rings-family:state:ARAB,,,,,eddy:geography:agulhas-rings-family,unresolved,,,named_eddy_state:eddy:geography:agulhas-rings-family:state:ARAB,,unknown_no_dated_eddy_footprint,[],,source:7487b9a234864d2d,,agulhas-rings-family,state:ARAB
claim:named_eddy_state:eddy:geography:agulhas-rings-family:state:ARCH,,,,,eddy:geography:agulhas-rings-family,unresolved,,,named_eddy_state:eddy:geography:agulhas-rings-family:state:ARCH,,unknown_no_dated_eddy_footprint,[],,source:7487b9a234864d2d,,agulhas-rings-family,state:ARCH
claim:named_eddy_state:eddy:geography:agulhas-rings-family:state:ARCT,,,,,eddy:geography:agulhas-rings-family,unresolved,,,named_eddy_state:eddy:geography:agulhas-rings-family:state:ARCT,,unknown_no_dated_eddy_footprint,[],,source:7487b9a234864d2d,,agulhas-rings-family,state:ARCT
claim:named_eddy_state:eddy:geography:agulhas-rings-family:state:AUSE,,,,,eddy:geography:agulhas-rings-family,unresolved,,,named_eddy_state:eddy:geography:agulhas-rings-family:state:AUSE,,unknown_no_dated_eddy_footprint,[],,source:7487b9a234864d2d,,agulhas-rings-family,state:AUSE
claim:named_eddy_state:eddy:geography:agulhas-rings-family:state:AUSW,,,,,eddy:geography:agulhas-rings-family,unresolved,,,named_eddy_state:eddy:geography:agulhas-rings-family:state:AUSW,,unknown_no_dated_eddy_footprint,[],,source:7487b9a234864d2d,,agulhas-rings-family,state:AUSW
claim:named_eddy_state:eddy:geography:agulhas-rings-family:state:BENG,,,,,eddy:geography:agulhas-rings-family,unresolved,,,named_eddy_state:eddy:geography:agulhas-rings-family:state:BENG,,unknown_no_dated_eddy_footprint,[],,source:7487b9a234864d2d,,agulhas-rings-family,state:BENG
claim:named_eddy_state:eddy:geography:agulhas-rings-family:state:BERS,,,,,eddy:geography:agulhas-rings-family,unresolved,,,named_eddy_state:eddy:geography:agulhas-rings-family:state:BERS,,unknown_no_dated_eddy_footprint,[],,source:7487b9a234864d2d,,agulhas-rings-family,state:BERS
claim:named_eddy_state:eddy:geography:agulhas-rings-family:state:BPLR,,,,,eddy:geography:agulhas-rings-family,unresolved,,,named_eddy_state:eddy:geography:agulhas-rings-family:state:BPLR,,unknown_no_dated_eddy_footprint,[],,source:7487b9a234864d2d,,agulhas-rings-family,state:BPLR
claim:named_eddy_state:eddy:geography:agulhas-rings-family:state:BRAZ,,,,,eddy:geography:agulhas-rings-family,unresolved,,,named_eddy_state:eddy:geography:agulhas-rings-family:state:BRAZ,,unknown_no_dated_eddy_footprint,[],,source:7487b9a234864d2d,,agulhas-rings-family,state:BRAZ
claim:named_eddy_state:eddy:geography:agulhas-rings-family:state:CAMR,,,,,eddy:geography:agulhas-rings-family,unresolved,,,named_eddy_state:eddy:geography:agulhas-rings-family:state:CAMR,,unknown_no_dated_eddy_footprint,[],,source:7487b9a234864d2d,,agulhas-rings-family,state:CAMR
claim:named_eddy_state:eddy:geography:agulhas-rings-family:state:CARB,,,,,eddy:geography:agulhas-rings-family,unresolved,,,named_eddy_state:eddy:geography:agulhas-rings-family:state:CARB,,unknown_no_dated_eddy_footprint,[],,source:7487b9a234864d2d,,agulhas-rings-family,state:CARB
claim:named_eddy_state:eddy:geography:agulhas-rings-family:state:CCAL,,,,,eddy:geography:agulhas-rings-family,unresolved,,,named_eddy_state:eddy:geography:agulhas-rings-family:state:CCAL,,unknown_no_dated_eddy_footprint,[],,source:7487b9a234864d2d,,agulhas-rings-family,state:CCAL
claim:named_eddy_state:eddy:geography:agulhas-rings-family:state:CHIN,,,,,eddy:geography:agulhas-rings-family,unresolved,,,named_eddy_state:eddy:geography:agulhas-rings-family:state:CHIN,,unknown_no_dated_eddy_footprint,[],,source:7487b9a234864d2d,,agulhas-rings-family,state:CHIN
claim:named_eddy_state:eddy:geography:agulhas-rings-family:state:CNRY,,,,,eddy:geography:agulhas-rings-family,unresolved,,,named_eddy_state:eddy:geography:agulhas-rings-family:state:CNRY,,unknown_no_dated_eddy_footprint,[],,source:7487b9a234864d2d,,agulhas-rings-family,state:CNRY
claim:named_eddy_state:eddy:geography:agulhas-rings-family:state:EAFR,,,,,eddy:geography:agulhas-rings-family,unresolved,,,named_eddy_state:eddy:geography:agulhas-rings-family:state:EAFR,,unknown_no_dated_eddy_footprint,[],,source:7487b9a234864d2d,,agulhas-rings-family,state:EAFR
claim:named_eddy_state:eddy:geography:agulhas-rings-family:state:ETRA,,,,,eddy:geography:agulhas-rings-family,unresolved,,,named_eddy_state:eddy:geography:agulhas-rings-family:state:ETRA,,unknown_no_dated_eddy_footprint,[],,source:7487b9a234864d2d,,agulhas-rings-family,state:ETRA
claim:named_eddy_state:eddy:geography:agulhas-rings-family:state:FKLD,,,,,eddy:geography:agulhas-rings-family,unresolved,,,named_eddy_state:eddy:geography:agulhas-rings-family:state:FKLD,,unknown_no_dated_eddy_footprint,[],,source:7487b9a234864d2d,,agulhas-rings-family,state:FKLD
claim:named_eddy_state:eddy:geography:agulhas-rings-family:state:GFST,,,,,eddy:geography:agulhas-rings-family,unresolved,,,named_eddy_state:eddy:geography:agulhas-rings-family:state:GFST,,unknown_no_dated_eddy_footprint,[],,source:7487b9a234864d2d,,agulhas-rings-family,state:GFST
claim:named_eddy_state:eddy:geography:agulhas-rings-family:state:GUIA,,,,,eddy:geography:agulhas-rings-family,unresolved,,,named_eddy_state:eddy:geography:agulhas-rings-family:state:GUIA,,unknown_no_dated_eddy_footprint,[],,source:7487b9a234864d2d,,agulhas-rings-family,state:GUIA
claim:named_eddy_state:eddy:geography:agulhas-rings-family:state:GUIN,,,,,eddy:geography:agulhas-rings-family,unresolved,,,named_eddy_state:eddy:geography:agulhas-rings-family:state:GUIN,,unknown_no_dated_eddy_footprint,[],,source:7487b9a234864d2d,,agulhas-rings-family,state:GUIN
claim:named_eddy_state:eddy:geography:agulhas-rings-family:state:HUMB,,,,,eddy:geography:agulhas-rings-family,unresolved,,,named_eddy_state:eddy:geography:agulhas-rings-family:state:HUMB,,unknown_no_dated_eddy_footprint,[],,source:7487b9a234864d2d,,agulhas-rings-family,state:HUMB
claim:named_eddy_state:eddy:geography:agulhas-rings-family:state:IND E,,,,,eddy:geography:agulhas-rings-family,unresolved,,,named_eddy_state:eddy:geography:agulhas-rings-family:state:IND E,,unknown_no_dated_eddy_footprint,[],,source:7487b9a234864d2d,,agulhas-rings-family,state:IND E
claim:named_eddy_state:eddy:geography:agulhas-rings-family:state:IND W,,,,,eddy:geography:agulhas-rings-family,unresolved,,,named_eddy_state:eddy:geography:agulhas-rings-family:state:IND W,,unknown_no_dated_eddy_footprint,[],,source:7487b9a234864d2d,,agulhas-rings-family,state:IND W
claim:named_eddy_state:eddy:geography:agulhas-rings-family:state:ISSG,,,,,eddy:geography:agulhas-rings-family,unresolved,,,named_eddy_state:eddy:geography:agulhas-rings-family:state:ISSG,,unknown_no_dated_eddy_footprint,[],,source:7487b9a234864d2d,,agulhas-rings-family,state:ISSG
claim:named_eddy_state:eddy:geography:agulhas-rings-family:state:KURO,,,,,eddy:geography:agulhas-rings-family,unresolved,,,named_eddy_state:eddy:geography:agulhas-rings-family:state:KURO,,unknown_no_dated_eddy_footprint,[],,source:7487b9a234864d2d,,agulhas-rings-family,state:KURO
claim:named_eddy_state:eddy:geography:agulhas-rings-family:state:MEDI,,,,,eddy:geography:agulhas-rings-family,unresolved,,,named_eddy_state:eddy:geography:agulhas-rings-family:state:MEDI,,unknown_no_dated_eddy_footprint,[],,source:7487b9a234864d2d,,agulhas-rings-family,state:MEDI
claim:named_eddy_state:eddy:geography:agulhas-rings-family:state:MONS,,,,,eddy:geography:agulhas-rings-family,unresolved,,,named_eddy_state:eddy:geography:agulhas-rings-family:state:MONS,,unknown_no_dated_eddy_footprint,[],,source:7487b9a234864d2d,,agulhas-rings-family,state:MONS
claim:named_eddy_state:eddy:geography:agulhas-rings-family:state:NADR,,,,,eddy:geography:agulhas-rings-family,unresolved,,,named_eddy_state:eddy:geography:agulhas-rings-family:state:NADR,,unknown_no_dated_eddy_footprint,[],,source:7487b9a234864d2d,,agulhas-rings-family,state:NADR
claim:named_eddy_state:eddy:geography:agulhas-rings-family:state:NAST E,,,,,eddy:geography:agulhas-rings-family,unresolved,,,named_eddy_state:eddy:geography:agulhas-rings-family:state:NAST E,,unknown_no_dated_eddy_footprint,[],,source:7487b9a234864d2d,,agulhas-rings-family,state:NAST E
claim:named_eddy_state:eddy:geography:agulhas-rings-family:state:NAST W,,,,,eddy:geography:agulhas-rings-family,unresolved,,,named_eddy_state:eddy:geography:agulhas-rings-family:state:NAST W,,unknown_no_dated_eddy_footprint,[],,source:7487b9a234864d2d,,agulhas-rings-family,state:NAST W
claim:named_eddy_state:eddy:geography:agulhas-rings-family:state:NATR,,,,,eddy:geography:agulhas-rings-family,unresolved,,,named_eddy_state:eddy:geography:agulhas-rings-family:state:NATR,,unknown_no_dated_eddy_footprint,[],,source:7487b9a234864d2d,,agulhas-rings-family,state:NATR
claim:named_eddy_state:eddy:geography:agulhas-rings-family:state:NECS,,,,,eddy:geography:agulhas-rings-family,unresolved,,,named_eddy_state:eddy:geography:agulhas-rings-family:state:NECS,,unknown_no_dated_eddy_footprint,[],,source:7487b9a234864d2d,,agulhas-rings-family,state:NECS
claim:named_eddy_state:eddy:geography:agulhas-rings-family:state:NEWZ,,,,,eddy:geography:agulhas-rings-family,unresolved,,,named_eddy_state:eddy:geography:agulhas-rings-family:state:NEWZ,,unknown_no_dated_eddy_footprint,[],,source:7487b9a234864d2d,,agulhas-rings-family,state:NEWZ
claim:named_eddy_state:eddy:geography:agulhas-rings-family:state:NPPF,,,,,eddy:geography:agulhas-rings-family,unresolved,,,named_eddy_state:eddy:geography:agulhas-rings-family:state:NPPF,,unknown_no_dated_eddy_footprint,[],,source:7487b9a234864d2d,,agulhas-rings-family,state:NPPF
claim:named_eddy_state:eddy:geography:agulhas-rings-family:state:NPSE,,,,,eddy:geography:agulhas-rings-family,unresolved,,,named_eddy_state:eddy:geography:agulhas-rings-family:state:NPSE,,unknown_no_dated_eddy_footprint,[],,source:7487b9a234864d2d,,agulhas-rings-family,state:NPSE
claim:named_eddy_state:eddy:geography:agulhas-rings-family:state:NPSW,,,,,eddy:geography:agulhas-rings-family,unresolved,,,named_eddy_state:eddy:geography:agulhas-rings-family:state:NPSW,,unknown_no_dated_eddy_footprint,[],,source:7487b9a234864d2d,,agulhas-rings-family,state:NPSW
claim:named_eddy_state:eddy:geography:agulhas-rings-family:state:NPTG,,,,,eddy:geography:agulhas-rings-family,unresolved,,,named_eddy_state:eddy:geography:agulhas-rings-family:state:NPTG,,unknown_no_dated_eddy_footprint,[],,source:7487b9a234864d2d,,agulhas-rings-family,state:NPTG
claim:named_eddy_state:eddy:geography:agulhas-rings-family:state:NWCS,,,,,eddy:geography:agulhas-rings-family,unresolved,,,named_eddy_state:eddy:geography:agulhas-rings-family:state:NWCS,,unknown_no_dated_eddy_footprint,[],,source:7487b9a234864d2d,,agulhas-rings-family,state:NWCS
claim:named_eddy_state:eddy:geography:agulhas-rings-family:state:OCAL,,,,,eddy:geography:agulhas-rings-family,unresolved,,,named_eddy_state:eddy:geography:agulhas-rings-family:state:OCAL,,unknown_no_dated_eddy_footprint,[],,source:7487b9a234864d2d,,agulhas-rings-family,state:OCAL
claim:named_eddy_state:eddy:geography:agulhas-rings-family:state:PEQD,,,,,eddy:geography:agulhas-rings-family,unresolved,,,named_eddy_state:eddy:geography:agulhas-rings-family:state:PEQD,,unknown_no_dated_eddy_footprint,[],,source:7487b9a234864d2d,,agulhas-rings-family,state:PEQD
claim:named_eddy_state:eddy:geography:agulhas-rings-family:state:PNEC,,,,,eddy:geography:agulhas-rings-family,unresolved,,,named_eddy_state:eddy:geography:agulhas-rings-family:state:PNEC,,unknown_no_dated_eddy_footprint,[],,source:7487b9a234864d2d,,agulhas-rings-family,state:PNEC
claim:named_eddy_state:eddy:geography:agulhas-rings-family:state:PSAE,,,,,eddy:geography:agulhas-rings-family,unresolved,,,named_eddy_state:eddy:geography:agulhas-rings-family:state:PSAE,,unknown_no_dated_eddy_footprint,[],,source:7487b9a234864d2d,,agulhas-rings-family,state:PSAE
claim:named_eddy_state:eddy:geography:agulhas-rings-family:state:PSAW,,,,,eddy:geography:agulhas-rings-family,unresolved,,,named_eddy_state:eddy:geography:agulhas-rings-family:state:PSAW,,unknown_no_dated_eddy_footprint,[],,source:7487b9a234864d2d,,agulhas-rings-family,state:PSAW
claim:named_eddy_state:eddy:geography:agulhas-rings-family:state:REDS,,,,,eddy:geography:agulhas-rings-family,unresolved,,,named_eddy_state:eddy:geography:agulhas-rings-family:state:REDS,,unknown_no_dated_eddy_footprint,[],,source:7487b9a234864d2d,,agulhas-rings-family,state:REDS
claim:named_eddy_state:eddy:geography:agulhas-rings-family:state:SANT,,,,,eddy:geography:agulhas-rings-family,unresolved,,,named_eddy_state:eddy:geography:agulhas-rings-family:state:SANT,,unknown_no_dated_eddy_footprint,[],,source:7487b9a234864d2d,,agulhas-rings-family,state:SANT
claim:named_eddy_state:eddy:geography:agulhas-rings-family:state:SARC,,,,,eddy:geography:agulhas-rings-family,unresolved,,,named_eddy_state:eddy:geography:agulhas-rings-family:state:SARC,,unknown_no_dated_eddy_footprint,[],,source:7487b9a234864d2d,,agulhas-rings-family,state:SARC
claim:named_eddy_state:eddy:geography:agulhas-rings-family:state:SATL,,,,,eddy:geography:agulhas-rings-family,unresolved,,,named_eddy_state:eddy:geography:agulhas-rings-family:state:SATL,,unknown_no_dated_eddy_footprint,[],,source:7487b9a234864d2d,,agulhas-rings-family,state:SATL
claim:named_eddy_state:eddy:geography:agulhas-rings-family:state:SPSG,,,,,eddy:geography:agulhas-rings-family,unresolved,,,named_eddy_state:eddy:geography:agulhas-rings-family:state:SPSG,,unknown_no_dated_eddy_footprint,[],,source:7487b9a234864d2d,,agulhas-rings-family,state:SPSG
claim:named_eddy_state:eddy:geography:agulhas-rings-family:state:SSTC,,,,,eddy:geography:agulhas-rings-family,point_or_region_locator,,,named_eddy_state:eddy:geography:agulhas-rings-family:state:SSTC,,unknown_no_dated_eddy_footprint,"[""editorial_region""]",,source:7487b9a234864d2d,,agulhas-rings-family,state:SSTC
claim:named_eddy_state:eddy:geography:agulhas-rings-family:state:SUND,,,,,eddy:geography:agulhas-rings-family,unresolved,,,named_eddy_state:eddy:geography:agulhas-rings-family:state:SUND,,unknown_no_dated_eddy_footprint,[],,source:7487b9a234864d2d,,agulhas-rings-family,state:SUND
claim:named_eddy_state:eddy:geography:agulhas-rings-family:state:TASM,,,,,eddy:geography:agulhas-rings-family,unresolved,,,named_eddy_state:eddy:geography:agulhas-rings-family:state:TASM,,unknown_no_dated_eddy_footprint,[],,source:7487b9a234864d2d,,agulhas-rings-family,state:TASM
claim:named_eddy_state:eddy:geography:agulhas-rings-family:state:WARM,,,,,eddy:geography:agulhas-rings-family,unresolved,,,named_eddy_state:eddy:geography:agulhas-rings-family:state:WARM,,unknown_no_dated_eddy_footprint,[],,source:7487b9a234864d2d,,agulhas-rings-family,state:WARM
claim:named_eddy_state:eddy:geography:agulhas-rings-family:state:WTRA,,,,,eddy:geography:agulhas-rings-family,unresolved,,,named_eddy_state:eddy:geography:agulhas-rings-family:state:WTRA,,unknown_no_dated_eddy_footprint,[],,source:7487b9a234864d2d,,agulhas-rings-family,state:WTRA
claim:named_eddy_state:eddy:geography:astrid-2000:state:ALSK,,,,,eddy:geography:astrid-2000,unresolved,,,named_eddy_state:eddy:geography:astrid-2000:state:ALSK,,unknown_no_dated_eddy_footprint,[],,source:7487b9a234864d2d,,astrid-2000,state:ALSK
claim:named_eddy_state:eddy:geography:astrid-2000:state:ANTA,,,,,eddy:geography:astrid-2000,unresolved,,,named_eddy_state:eddy:geography:astrid-2000:state:ANTA,,unknown_no_dated_eddy_footprint,[],,source:7487b9a234864d2d,,astrid-2000,state:ANTA
claim:named_eddy_state:eddy:geography:astrid-2000:state:APLR,,,,,eddy:geography:astrid-2000,unresolved,,,named_eddy_state:eddy:geography:astrid-2000:state:APLR,,unknown_no_dated_eddy_footprint,[],,source:7487b9a234864d2d,,astrid-2000,state:APLR
claim:named_eddy_state:eddy:geography:astrid-2000:state:ARAB,,,,,eddy:geography:astrid-2000,unresolved,,,named_eddy_state:eddy:geography:astrid-2000:state:ARAB,,unknown_no_dated_eddy_footprint,[],,source:7487b9a234864d2d,,astrid-2000,state:ARAB
claim:named_eddy_state:eddy:geography:astrid-2000:state:ARCH,,,,,eddy:geography:astrid-2000,unresolved,,,named_eddy_state:eddy:geography:astrid-2000:state:ARCH,,unknown_no_dated_eddy_footprint,[],,source:7487b9a234864d2d,,astrid-2000,state:ARCH
claim:named_eddy_state:eddy:geography:astrid-2000:state:ARCT,,,,,eddy:geography:astrid-2000,unresolved,,,named_eddy_state:eddy:geography:astrid-2000:state:ARCT,,unknown_no_dated_eddy_footprint,[],,source:7487b9a234864d2d,,astrid-2000,state:ARCT
claim:named_eddy_state:eddy:geography:astrid-2000:state:AUSE,,,,,eddy:geography:astrid-2000,unresolved,,,named_eddy_state:eddy:geography:astrid-2000:state:AUSE,,unknown_no_dated_eddy_footprint,[],,source:7487b9a234864d2d,,astrid-2000,state:AUSE
claim:named_eddy_state:eddy:geography:astrid-2000:state:AUSW,,,,,eddy:geography:astrid-2000,unresolved,,,named_eddy_state:eddy:geography:astrid-2000:state:AUSW,,unknown_no_dated_eddy_footprint,[],,source:7487b9a234864d2d,,astrid-2000,state:AUSW
claim:named_eddy_state:eddy:geography:astrid-2000:state:BENG,,,,,eddy:geography:astrid-2000,unresolved,,,named_eddy_state:eddy:geography:astrid-2000:state:BENG,,unknown_no_dated_eddy_footprint,[],,source:7487b9a234864d2d,,astrid-2000,state:BENG
claim:named_eddy_state:eddy:geography:astrid-2000:state:BERS,,,,,eddy:geography:astrid-2000,unresolved,,,named_eddy_state:eddy:geography:astrid-2000:state:BERS,,unknown_no_dated_eddy_footprint,[],,source:7487b9a234864d2d,,astrid-2000,state:BERS
claim:named_eddy_state:eddy:geography:astrid-2000:state:BPLR,,,,,eddy:geography:astrid-2000,unresolved,,,named_eddy_state:eddy:geography:astrid-2000:state:BPLR,,unknown_no_dated_eddy_footprint,[],,source:7487b9a234864d2d,,astrid-2000,state:BPLR
claim:named_eddy_state:eddy:geography:astrid-2000:state:BRAZ,,,,,eddy:geography:astrid-2000,unresolved,,,named_eddy_state:eddy:geography:astrid-2000:state:BRAZ,,unknown_no_dated_eddy_footprint,[],,source:7487b9a234864d2d,,astrid-2000,state:BRAZ
claim:named_eddy_state:eddy:geography:astrid-2000:state:CAMR,,,,,eddy:geography:astrid-2000,unresolved,,,named_eddy_state:eddy:geography:astrid-2000:state:CAMR,,unknown_no_dated_eddy_footprint,[],,source:7487b9a234864d2d,,astrid-2000,state:CAMR
claim:named_eddy_state:eddy:geography:astrid-2000:state:CARB,,,,,eddy:geography:astrid-2000,unresolved,,,named_eddy_state:eddy:geography:astrid-2000:state:CARB,,unknown_no_dated_eddy_footprint,[],,source:7487b9a234864d2d,,astrid-2000,state:CARB
claim:named_eddy_state:eddy:geography:astrid-2000:state:CCAL,,,,,eddy:geography:astrid-2000,unresolved,,,named_eddy_state:eddy:geography:astrid-2000:state:CCAL,,unknown_no_dated_eddy_footprint,[],,source:7487b9a234864d2d,,astrid-2000,state:CCAL
claim:named_eddy_state:eddy:geography:astrid-2000:state:CHIN,,,,,eddy:geography:astrid-2000,unresolved,,,named_eddy_state:eddy:geography:astrid-2000:state:CHIN,,unknown_no_dated_eddy_footprint,[],,source:7487b9a234864d2d,,astrid-2000,state:CHIN
claim:named_eddy_state:eddy:geography:astrid-2000:state:CNRY,,,,,eddy:geography:astrid-2000,unresolved,,,named_eddy_state:eddy:geography:astrid-2000:state:CNRY,,unknown_no_dated_eddy_footprint,[],,source:7487b9a234864d2d,,astrid-2000,state:CNRY
claim:named_eddy_state:eddy:geography:astrid-2000:state:EAFR,,,,,eddy:geography:astrid-2000,unresolved,,,named_eddy_state:eddy:geography:astrid-2000:state:EAFR,,unknown_no_dated_eddy_footprint,[],,source:7487b9a234864d2d,,astrid-2000,state:EAFR
claim:named_eddy_state:eddy:geography:astrid-2000:state:ETRA,,,,,eddy:geography:astrid-2000,unresolved,,,named_eddy_state:eddy:geography:astrid-2000:state:ETRA,,unknown_no_dated_eddy_footprint,[],,source:7487b9a234864d2d,,astrid-2000,state:ETRA
claim:named_eddy_state:eddy:geography:astrid-2000:state:FKLD,,,,,eddy:geography:astrid-2000,unresolved,,,named_eddy_state:eddy:geography:astrid-2000:state:FKLD,,unknown_no_dated_eddy_footprint,[],,source:7487b9a234864d2d,,astrid-2000,state:FKLD
claim:named_eddy_state:eddy:geography:astrid-2000:state:GFST,,,,,eddy:geography:astrid-2000,unresolved,,,named_eddy_state:eddy:geography:astrid-2000:state:GFST,,unknown_no_dated_eddy_footprint,[],,source:7487b9a234864d2d,,astrid-2000,state:GFST
claim:named_eddy_state:eddy:geography:astrid-2000:state:GUIA,,,,,eddy:geography:astrid-2000,unresolved,,,named_eddy_state:eddy:geography:astrid-2000:state:GUIA,,unknown_no_dated_eddy_footprint,[],,source:7487b9a234864d2d,,astrid-2000,state:GUIA
claim:named_eddy_state:eddy:geography:astrid-2000:state:GUIN,,,,,eddy:geography:astrid-2000,unresolved,,,named_eddy_state:eddy:geography:astrid-2000:state:GUIN,,unknown_no_dated_eddy_footprint,[],,source:7487b9a234864d2d,,astrid-2000,state:GUIN
claim:named_eddy_state:eddy:geography:astrid-2000:state:HUMB,,,,,eddy:geography:astrid-2000,unresolved,,,named_eddy_state:eddy:geography:astrid-2000:state:HUMB,,unknown_no_dated_eddy_footprint,[],,source:7487b9a234864d2d,,astrid-2000,state:HUMB
claim:named_eddy_state:eddy:geography:astrid-2000:state:IND E,,,,,eddy:geography:astrid-2000,unresolved,,,named_eddy_state:eddy:geography:astrid-2000:state:IND E,,unknown_no_dated_eddy_footprint,[],,source:7487b9a234864d2d,,astrid-2000,state:IND E
claim:named_eddy_state:eddy:geography:astrid-2000:state:IND W,,,,,eddy:geography:astrid-2000,unresolved,,,named_eddy_state:eddy:geography:astrid-2000:state:IND W,,unknown_no_dated_eddy_footprint,[],,source:7487b9a234864d2d,,astrid-2000,state:IND W
claim:named_eddy_state:eddy:geography:astrid-2000:state:ISSG,,,,,eddy:geography:astrid-2000,unresolved,,,named_eddy_state:eddy:geography:astrid-2000:state:ISSG,,unknown_no_dated_eddy_footprint,[],,source:7487b9a234864d2d,,astrid-2000,state:ISSG
claim:named_eddy_state:eddy:geography:astrid-2000:state:KURO,,,,,eddy:geography:astrid-2000,unresolved,,,named_eddy_state:eddy:geography:astrid-2000:state:KURO,,unknown_no_dated_eddy_footprint,[],,source:7487b9a234864d2d,,astrid-2000,state:KURO
claim:named_eddy_state:eddy:geography:astrid-2000:state:MEDI,,,,,eddy:geography:astrid-2000,unresolved,,,named_eddy_state:eddy:geography:astrid-2000:state:MEDI,,unknown_no_dated_eddy_footprint,[],,source:7487b9a234864d2d,,astrid-2000,state:MEDI
claim:named_eddy_state:eddy:geography:astrid-2000:state:MONS,,,,,eddy:geography:astrid-2000,unresolved,,,named_eddy_state:eddy:geography:astrid-2000:state:MONS,,unknown_no_dated_eddy_footprint,[],,source:7487b9a234864d2d,,astrid-2000,state:MONS
claim:named_eddy_state:eddy:geography:astrid-2000:state:NADR,,,,,eddy:geography:astrid-2000,unresolved,,,named_eddy_state:eddy:geography:astrid-2000:state:NADR,,unknown_no_dated_eddy_footprint,[],,source:7487b9a234864d2d,,astrid-2000,state:NADR
claim:named_eddy_state:eddy:geography:astrid-2000:state:NAST E,,,,,eddy:geography:astrid-2000,unresolved,,,named_eddy_state:eddy:geography:astrid-2000:state:NAST E,,unknown_no_dated_eddy_footprint,[],,source:7487b9a234864d2d,,astrid-2000,state:NAST E
claim:named_eddy_state:eddy:geography:astrid-2000:state:NAST W,,,,,eddy:geography:astrid-2000,unresolved,,,named_eddy_state:eddy:geography:astrid-2000:state:NAST W,,unknown_no_dated_eddy_footprint,[],,source:7487b9a234864d2d,,astrid-2000,state:NAST W
claim:named_eddy_state:eddy:geography:astrid-2000:state:NATR,,,,,eddy:geography:astrid-2000,unresolved,,,named_eddy_state:eddy:geography:astrid-2000:state:NATR,,unknown_no_dated_eddy_footprint,[],,source:7487b9a234864d2d,,astrid-2000,state:NATR
claim:named_eddy_state:eddy:geography:astrid-2000:state:NECS,,,,,eddy:geography:astrid-2000,unresolved,,,named_eddy_state:eddy:geography:astrid-2000:state:NECS,,unknown_no_dated_eddy_footprint,[],,source:7487b9a234864d2d,,astrid-2000,state:NECS
claim:named_eddy_state:eddy:geography:astrid-2000:state:NEWZ,,,,,eddy:geography:astrid-2000,unresolved,,,named_eddy_state:eddy:geography:astrid-2000:state:NEWZ,,unknown_no_dated_eddy_footprint,[],,source:7487b9a234864d2d,,astrid-2000,state:NEWZ
claim:named_eddy_state:eddy:geography:astrid-2000:state:NPPF,,,,,eddy:geography:astrid-2000,unresolved,,,named_eddy_state:eddy:geography:astrid-2000:state:NPPF,,unknown_no_dated_eddy_footprint,[],,source:7487b9a234864d2d,,astrid-2000,state:NPPF
claim:named_eddy_state:eddy:geography:astrid-2000:state:NPSE,,,,,eddy:geography:astrid-2000,unresolved,,,named_eddy_state:eddy:geography:astrid-2000:state:NPSE,,unknown_no_dated_eddy_footprint,[],,source:7487b9a234864d2d,,astrid-2000,state:NPSE
claim:named_eddy_state:eddy:geography:astrid-2000:state:NPSW,,,,,eddy:geography:astrid-2000,unresolved,,,named_eddy_state:eddy:geography:astrid-2000:state:NPSW,,unknown_no_dated_eddy_footprint,[],,source:7487b9a234864d2d,,astrid-2000,state:NPSW
claim:named_eddy_state:eddy:geography:astrid-2000:state:NPTG,,,,,eddy:geography:astrid-2000,unresolved,,,named_eddy_state:eddy:geography:astrid-2000:state:NPTG,,unknown_no_dated_eddy_footprint,[],,source:7487b9a234864d2d,,astrid-2000,state:NPTG
claim:named_eddy_state:eddy:geography:astrid-2000:state:NWCS,,,,,eddy:geography:astrid-2000,unresolved,,,named_eddy_state:eddy:geography:astrid-2000:state:NWCS,,unknown_no_dated_eddy_footprint,[],,source:7487b9a234864d2d,,astrid-2000,state:NWCS
claim:named_eddy_state:eddy:geography:astrid-2000:state:OCAL,,,,,eddy:geography:astrid-2000,unresolved,,,named_eddy_state:eddy:geography:astrid-2000:state:OCAL,,unknown_no_dated_eddy_footprint,[],,source:7487b9a234864d2d,,astrid-2000,state:OCAL
claim:named_eddy_state:eddy:geography:astrid-2000:state:PEQD,,,,,eddy:geography:astrid-2000,unresolved,,,named_eddy_state:eddy:geography:astrid-2000:state:PEQD,,unknown_no_dated_eddy_footprint,[],,source:7487b9a234864d2d,,astrid-2000,state:PEQD
claim:named_eddy_state:eddy:geography:astrid-2000:state:PNEC,,,,,eddy:geography:astrid-2000,unresolved,,,named_eddy_state:eddy:geography:astrid-2000:state:PNEC,,unknown_no_dated_eddy_footprint,[],,source:7487b9a234864d2d,,astrid-2000,state:PNEC
claim:named_eddy_state:eddy:geography:astrid-2000:state:PSAE,,,,,eddy:geography:astrid-2000,unresolved,,,named_eddy_state:eddy:geography:astrid-2000:state:PSAE,,unknown_no_dated_eddy_footprint,[],,source:7487b9a234864d2d,,astrid-2000,state:PSAE
claim:named_eddy_state:eddy:geography:astrid-2000:state:PSAW,,,,,eddy:geography:astrid-2000,unresolved,,,named_eddy_state:eddy:geography:astrid-2000:state:PSAW,,unknown_no_dated_eddy_footprint,[],,source:7487b9a234864d2d,,astrid-2000,state:PSAW
claim:named_eddy_state:eddy:geography:astrid-2000:state:REDS,,,,,eddy:geography:astrid-2000,unresolved,,,named_eddy_state:eddy:geography:astrid-2000:state:REDS,,unknown_no_dated_eddy_footprint,[],,source:7487b9a234864d2d,,astrid-2000,state:REDS
claim:named_eddy_state:eddy:geography:astrid-2000:state:SANT,,,,,eddy:geography:astrid-2000,unresolved,,,named_eddy_state:eddy:geography:astrid-2000:state:SANT,,unknown_no_dated_eddy_footprint,[],,source:7487b9a234864d2d,,astrid-2000,state:SANT
claim:named_eddy_state:eddy:geography:astrid-2000:state:SARC,,,,,eddy:geography:astrid-2000,unresolved,,,named_eddy_state:eddy:geography:astrid-2000:state:SARC,,unknown_no_dated_eddy_footprint,[],,source:7487b9a234864d2d,,astrid-2000,state:SARC
claim:named_eddy_state:eddy:geography:astrid-2000:state:SATL,,,,,eddy:geography:astrid-2000,unresolved,,,named_eddy_state:eddy:geography:astrid-2000:state:SATL,,unknown_no_dated_eddy_footprint,[],,source:7487b9a234864d2d,,astrid-2000,state:SATL
claim:named_eddy_state:eddy:geography:astrid-2000:state:SPSG,,,,,eddy:geography:astrid-2000,unresolved,,,named_eddy_state:eddy:geography:astrid-2000:state:SPSG,,unknown_no_dated_eddy_footprint,[],,source:7487b9a234864d2d,,astrid-2000,state:SPSG
claim:named_eddy_state:eddy:geography:astrid-2000:state:SSTC,,,,,eddy:geography:astrid-2000,point_or_region_locator,,,named_eddy_state:eddy:geography:astrid-2000:state:SSTC,,unknown_no_dated_eddy_footprint,"[""observed_center""]",,source:7487b9a234864d2d,,astrid-2000,state:SSTC
claim:named_eddy_state:eddy:geography:astrid-2000:state:SUND,,,,,eddy:geography:astrid-2000,unresolved,,,named_eddy_state:eddy:geography:astrid-2000:state:SUND,,unknown_no_dated_eddy_footprint,[],,source:7487b9a234864d2d,,astrid-2000,state:SUND
claim:named_eddy_state:eddy:geography:astrid-2000:state:TASM,,,,,eddy:geography:astrid-2000,unresolved,,,named_eddy_state:eddy:geography:astrid-2000:state:TASM,,unknown_no_dated_eddy_footprint,[],,source:7487b9a234864d2d,,astrid-2000,state:TASM
claim:named_eddy_state:eddy:geography:astrid-2000:state:WARM,,,,,eddy:geography:astrid-2000,unresolved,,,named_eddy_state:eddy:geography:astrid-2000:state:WARM,,unknown_no_dated_eddy_footprint,[],,source:7487b9a234864d2d,,astrid-2000,state:WARM
claim:named_eddy_state:eddy:geography:astrid-2000:state:WTRA,,,,,eddy:geography:astrid-2000,unresolved,,,named_eddy_state:eddy:geography:astrid-2000:state:WTRA,,unknown_no_dated_eddy_footprint,[],,source:7487b9a234864d2d,,astrid-2000,state:WTRA
claim:named_eddy_state:eddy:geography:laura-1999:state:ALSK,,,,,eddy:geography:laura-1999,unresolved,,,named_eddy_state:eddy:geography:laura-1999:state:ALSK,,unknown_no_dated_eddy_footprint,[],,source:7487b9a234864d2d,,laura-1999,state:ALSK
claim:named_eddy_state:eddy:geography:laura-1999:state:ANTA,,,,,eddy:geography:laura-1999,unresolved,,,named_eddy_state:eddy:geography:laura-1999:state:ANTA,,unknown_no_dated_eddy_footprint,[],,source:7487b9a234864d2d,,laura-1999,state:ANTA
claim:named_eddy_state:eddy:geography:laura-1999:state:APLR,,,,,eddy:geography:laura-1999,unresolved,,,named_eddy_state:eddy:geography:laura-1999:state:APLR,,unknown_no_dated_eddy_footprint,[],,source:7487b9a234864d2d,,laura-1999,state:APLR
claim:named_eddy_state:eddy:geography:laura-1999:state:ARAB,,,,,eddy:geography:laura-1999,unresolved,,,named_eddy_state:eddy:geography:laura-1999:state:ARAB,,unknown_no_dated_eddy_footprint,[],,source:7487b9a234864d2d,,laura-1999,state:ARAB
claim:named_eddy_state:eddy:geography:laura-1999:state:ARCH,,,,,eddy:geography:laura-1999,unresolved,,,named_eddy_state:eddy:geography:laura-1999:state:ARCH,,unknown_no_dated_eddy_footprint,[],,source:7487b9a234864d2d,,laura-1999,state:ARCH
claim:named_eddy_state:eddy:geography:laura-1999:state:ARCT,,,,,eddy:geography:laura-1999,unresolved,,,named_eddy_state:eddy:geography:laura-1999:state:ARCT,,unknown_no_dated_eddy_footprint,[],,source:7487b9a234864d2d,,laura-1999,state:ARCT
claim:named_eddy_state:eddy:geography:laura-1999:state:AUSE,,,,,eddy:geography:laura-1999,unresolved,,,named_eddy_state:eddy:geography:laura-1999:state:AUSE,,unknown_no_dated_eddy_footprint,[],,source:7487b9a234864d2d,,laura-1999,state:AUSE
claim:named_eddy_state:eddy:geography:laura-1999:state:AUSW,,,,,eddy:geography:laura-1999,unresolved,,,named_eddy_state:eddy:geography:laura-1999:state:AUSW,,unknown_no_dated_eddy_footprint,[],,source:7487b9a234864d2d,,laura-1999,state:AUSW
claim:named_eddy_state:eddy:geography:laura-1999:state:BENG,,,,,eddy:geography:laura-1999,unresolved,,,named_eddy_state:eddy:geography:laura-1999:state:BENG,,unknown_no_dated_eddy_footprint,[],,source:7487b9a234864d2d,,laura-1999,state:BENG
claim:named_eddy_state:eddy:geography:laura-1999:state:BERS,,,,,eddy:geography:laura-1999,unresolved,,,named_eddy_state:eddy:geography:laura-1999:state:BERS,,unknown_no_dated_eddy_footprint,[],,source:7487b9a234864d2d,,laura-1999,state:BERS
claim:named_eddy_state:eddy:geography:laura-1999:state:BPLR,,,,,eddy:geography:laura-1999,unresolved,,,named_eddy_state:eddy:geography:laura-1999:state:BPLR,,unknown_no_dated_eddy_footprint,[],,source:7487b9a234864d2d,,laura-1999,state:BPLR
claim:named_eddy_state:eddy:geography:laura-1999:state:BRAZ,,,,,eddy:geography:laura-1999,unresolved,,,named_eddy_state:eddy:geography:laura-1999:state:BRAZ,,unknown_no_dated_eddy_footprint,[],,source:7487b9a234864d2d,,laura-1999,state:BRAZ
claim:named_eddy_state:eddy:geography:laura-1999:state:CAMR,,,,,eddy:geography:laura-1999,unresolved,,,named_eddy_state:eddy:geography:laura-1999:state:CAMR,,unknown_no_dated_eddy_footprint,[],,source:7487b9a234864d2d,,laura-1999,state:CAMR
claim:named_eddy_state:eddy:geography:laura-1999:state:CARB,,,,,eddy:geography:laura-1999,unresolved,,,named_eddy_state:eddy:geography:laura-1999:state:CARB,,unknown_no_dated_eddy_footprint,[],,source:7487b9a234864d2d,,laura-1999,state:CARB
claim:named_eddy_state:eddy:geography:laura-1999:state:CCAL,,,,,eddy:geography:laura-1999,unresolved,,,named_eddy_state:eddy:geography:laura-1999:state:CCAL,,unknown_no_dated_eddy_footprint,[],,source:7487b9a234864d2d,,laura-1999,state:CCAL
claim:named_eddy_state:eddy:geography:laura-1999:state:CHIN,,,,,eddy:geography:laura-1999,unresolved,,,named_eddy_state:eddy:geography:laura-1999:state:CHIN,,unknown_no_dated_eddy_footprint,[],,source:7487b9a234864d2d,,laura-1999,state:CHIN
claim:named_eddy_state:eddy:geography:laura-1999:state:CNRY,,,,,eddy:geography:laura-1999,unresolved,,,named_eddy_state:eddy:geography:laura-1999:state:CNRY,,unknown_no_dated_eddy_footprint,[],,source:7487b9a234864d2d,,laura-1999,state:CNRY
claim:named_eddy_state:eddy:geography:laura-1999:state:EAFR,,,,,eddy:geography:laura-1999,unresolved,,,named_eddy_state:eddy:geography:laura-1999:state:EAFR,,unknown_no_dated_eddy_footprint,[],,source:7487b9a234864d2d,,laura-1999,state:EAFR
claim:named_eddy_state:eddy:geography:laura-1999:state:ETRA,,,,,eddy:geography:laura-1999,unresolved,,,named_eddy_state:eddy:geography:laura-1999:state:ETRA,,unknown_no_dated_eddy_footprint,[],,source:7487b9a234864d2d,,laura-1999,state:ETRA
claim:named_eddy_state:eddy:geography:laura-1999:state:FKLD,,,,,eddy:geography:laura-1999,unresolved,,,named_eddy_state:eddy:geography:laura-1999:state:FKLD,,unknown_no_dated_eddy_footprint,[],,source:7487b9a234864d2d,,laura-1999,state:FKLD
claim:named_eddy_state:eddy:geography:laura-1999:state:GFST,,,,,eddy:geography:laura-1999,unresolved,,,named_eddy_state:eddy:geography:laura-1999:state:GFST,,unknown_no_dated_eddy_footprint,[],,source:7487b9a234864d2d,,laura-1999,state:GFST
claim:named_eddy_state:eddy:geography:laura-1999:state:GUIA,,,,,eddy:geography:laura-1999,unresolved,,,named_eddy_state:eddy:geography:laura-1999:state:GUIA,,unknown_no_dated_eddy_footprint,[],,source:7487b9a234864d2d,,laura-1999,state:GUIA
claim:named_eddy_state:eddy:geography:laura-1999:state:GUIN,,,,,eddy:geography:laura-1999,unresolved,,,named_eddy_state:eddy:geography:laura-1999:state:GUIN,,unknown_no_dated_eddy_footprint,[],,source:7487b9a234864d2d,,laura-1999,state:GUIN
claim:named_eddy_state:eddy:geography:laura-1999:state:HUMB,,,,,eddy:geography:laura-1999,unresolved,,,named_eddy_state:eddy:geography:laura-1999:state:HUMB,,unknown_no_dated_eddy_footprint,[],,source:7487b9a234864d2d,,laura-1999,state:HUMB
claim:named_eddy_state:eddy:geography:laura-1999:state:IND E,,,,,eddy:geography:laura-1999,unresolved,,,named_eddy_state:eddy:geography:laura-1999:state:IND E,,unknown_no_dated_eddy_footprint,[],,source:7487b9a234864d2d,,laura-1999,state:IND E
claim:named_eddy_state:eddy:geography:laura-1999:state:IND W,,,,,eddy:geography:laura-1999,unresolved,,,named_eddy_state:eddy:geography:laura-1999:state:IND W,,unknown_no_dated_eddy_footprint,[],,source:7487b9a234864d2d,,laura-1999,state:IND W
claim:named_eddy_state:eddy:geography:laura-1999:state:ISSG,,,,,eddy:geography:laura-1999,unresolved,,,named_eddy_state:eddy:geography:laura-1999:state:ISSG,,unknown_no_dated_eddy_footprint,[],,source:7487b9a234864d2d,,laura-1999,state:ISSG
claim:named_eddy_state:eddy:geography:laura-1999:state:KURO,,,,,eddy:geography:laura-1999,unresolved,,,named_eddy_state:eddy:geography:laura-1999:state:KURO,,unknown_no_dated_eddy_footprint,[],,source:7487b9a234864d2d,,laura-1999,state:KURO
claim:named_eddy_state:eddy:geography:laura-1999:state:MEDI,,,,,eddy:geography:laura-1999,unresolved,,,named_eddy_state:eddy:geography:laura-1999:state:MEDI,,unknown_no_dated_eddy_footprint,[],,source:7487b9a234864d2d,,laura-1999,state:MEDI
claim:named_eddy_state:eddy:geography:laura-1999:state:MONS,,,,,eddy:geography:laura-1999,unresolved,,,named_eddy_state:eddy:geography:laura-1999:state:MONS,,unknown_no_dated_eddy_footprint,[],,source:7487b9a234864d2d,,laura-1999,state:MONS
claim:named_eddy_state:eddy:geography:laura-1999:state:NADR,,,,,eddy:geography:laura-1999,unresolved,,,named_eddy_state:eddy:geography:laura-1999:state:NADR,,unknown_no_dated_eddy_footprint,[],,source:7487b9a234864d2d,,laura-1999,state:NADR
claim:named_eddy_state:eddy:geography:laura-1999:state:NAST E,,,,,eddy:geography:laura-1999,unresolved,,,named_eddy_state:eddy:geography:laura-1999:state:NAST E,,unknown_no_dated_eddy_footprint,[],,source:7487b9a234864d2d,,laura-1999,state:NAST E
claim:named_eddy_state:eddy:geography:laura-1999:state:NAST W,,,,,eddy:geography:laura-1999,unresolved,,,named_eddy_state:eddy:geography:laura-1999:state:NAST W,,unknown_no_dated_eddy_footprint,[],,source:7487b9a234864d2d,,laura-1999,state:NAST W
claim:named_eddy_state:eddy:geography:laura-1999:state:NATR,,,,,eddy:geography:laura-1999,unresolved,,,named_eddy_state:eddy:geography:laura-1999:state:NATR,,unknown_no_dated_eddy_footprint,[],,source:7487b9a234864d2d,,laura-1999,state:NATR
claim:named_eddy_state:eddy:geography:laura-1999:state:NECS,,,,,eddy:geography:laura-1999,unresolved,,,named_eddy_state:eddy:geography:laura-1999:state:NECS,,unknown_no_dated_eddy_footprint,[],,source:7487b9a234864d2d,,laura-1999,state:NECS
claim:named_eddy_state:eddy:geography:laura-1999:state:NEWZ,,,,,eddy:geography:laura-1999,unresolved,,,named_eddy_state:eddy:geography:laura-1999:state:NEWZ,,unknown_no_dated_eddy_footprint,[],,source:7487b9a234864d2d,,laura-1999,state:NEWZ
claim:named_eddy_state:eddy:geography:laura-1999:state:NPPF,,,,,eddy:geography:laura-1999,unresolved,,,named_eddy_state:eddy:geography:laura-1999:state:NPPF,,unknown_no_dated_eddy_footprint,[],,source:7487b9a234864d2d,,laura-1999,state:NPPF
claim:named_eddy_state:eddy:geography:laura-1999:state:NPSE,,,,,eddy:geography:laura-1999,unresolved,,,named_eddy_state:eddy:geography:laura-1999:state:NPSE,,unknown_no_dated_eddy_footprint,[],,source:7487b9a234864d2d,,laura-1999,state:NPSE
claim:named_eddy_state:eddy:geography:laura-1999:state:NPSW,,,,,eddy:geography:laura-1999,unresolved,,,named_eddy_state:eddy:geography:laura-1999:state:NPSW,,unknown_no_dated_eddy_footprint,[],,source:7487b9a234864d2d,,laura-1999,state:NPSW
claim:named_eddy_state:eddy:geography:laura-1999:state:NPTG,,,,,eddy:geography:laura-1999,unresolved,,,named_eddy_state:eddy:geography:laura-1999:state:NPTG,,unknown_no_dated_eddy_footprint,[],,source:7487b9a234864d2d,,laura-1999,state:NPTG
claim:named_eddy_state:eddy:geography:laura-1999:state:NWCS,,,,,eddy:geography:laura-1999,unresolved,,,named_eddy_state:eddy:geography:laura-1999:state:NWCS,,unknown_no_dated_eddy_footprint,[],,source:7487b9a234864d2d,,laura-1999,state:NWCS
claim:named_eddy_state:eddy:geography:laura-1999:state:OCAL,,,,,eddy:geography:laura-1999,unresolved,,,named_eddy_state:eddy:geography:laura-1999:state:OCAL,,unknown_no_dated_eddy_footprint,[],,source:7487b9a234864d2d,,laura-1999,state:OCAL
claim:named_eddy_state:eddy:geography:laura-1999:state:PEQD,,,,,eddy:geography:laura-1999,unresolved,,,named_eddy_state:eddy:geography:laura-1999:state:PEQD,,unknown_no_dated_eddy_footprint,[],,source:7487b9a234864d2d,,laura-1999,state:PEQD
claim:named_eddy_state:eddy:geography:laura-1999:state:PNEC,,,,,eddy:geography:laura-1999,unresolved,,,named_eddy_state:eddy:geography:laura-1999:state:PNEC,,unknown_no_dated_eddy_footprint,[],,source:7487b9a234864d2d,,laura-1999,state:PNEC
claim:named_eddy_state:eddy:geography:laura-1999:state:PSAE,,,,,eddy:geography:laura-1999,unresolved,,,named_eddy_state:eddy:geography:laura-1999:state:PSAE,,unknown_no_dated_eddy_footprint,[],,source:7487b9a234864d2d,,laura-1999,state:PSAE
claim:named_eddy_state:eddy:geography:laura-1999:state:PSAW,,,,,eddy:geography:laura-1999,unresolved,,,named_eddy_state:eddy:geography:laura-1999:state:PSAW,,unknown_no_dated_eddy_footprint,[],,source:7487b9a234864d2d,,laura-1999,state:PSAW
claim:named_eddy_state:eddy:geography:laura-1999:state:REDS,,,,,eddy:geography:laura-1999,unresolved,,,named_eddy_state:eddy:geography:laura-1999:state:REDS,,unknown_no_dated_eddy_footprint,[],,source:7487b9a234864d2d,,laura-1999,state:REDS
claim:named_eddy_state:eddy:geography:laura-1999:state:SANT,,,,,eddy:geography:laura-1999,unresolved,,,named_eddy_state:eddy:geography:laura-1999:state:SANT,,unknown_no_dated_eddy_footprint,[],,source:7487b9a234864d2d,,laura-1999,state:SANT
claim:named_eddy_state:eddy:geography:laura-1999:state:SARC,,,,,eddy:geography:laura-1999,unresolved,,,named_eddy_state:eddy:geography:laura-1999:state:SARC,,unknown_no_dated_eddy_footprint,[],,source:7487b9a234864d2d,,laura-1999,state:SARC
claim:named_eddy_state:eddy:geography:laura-1999:state:SATL,,,,,eddy:geography:laura-1999,unresolved,,,named_eddy_state:eddy:geography:laura-1999:state:SATL,,unknown_no_dated_eddy_footprint,[],,source:7487b9a234864d2d,,laura-1999,state:SATL
claim:named_eddy_state:eddy:geography:laura-1999:state:SPSG,,,,,eddy:geography:laura-1999,unresolved,,,named_eddy_state:eddy:geography:laura-1999:state:SPSG,,unknown_no_dated_eddy_footprint,[],,source:7487b9a234864d2d,,laura-1999,state:SPSG
claim:named_eddy_state:eddy:geography:laura-1999:state:SSTC,,,,,eddy:geography:laura-1999,point_or_region_locator,,,named_eddy_state:eddy:geography:laura-1999:state:SSTC,,unknown_no_dated_eddy_footprint,"[""observed_center""]",,source:7487b9a234864d2d,,laura-1999,state:SSTC
claim:named_eddy_state:eddy:geography:laura-1999:state:SUND,,,,,eddy:geography:laura-1999,unresolved,,,named_eddy_state:eddy:geography:laura-1999:state:SUND,,unknown_no_dated_eddy_footprint,[],,source:7487b9a234864d2d,,laura-1999,state:SUND
claim:named_eddy_state:eddy:geography:laura-1999:state:TASM,,,,,eddy:geography:laura-1999,unresolved,,,named_eddy_state:eddy:geography:laura-1999:state:TASM,,unknown_no_dated_eddy_footprint,[],,source:7487b9a234864d2d,,laura-1999,state:TASM
claim:named_eddy_state:eddy:geography:laura-1999:state:WARM,,,,,eddy:geography:laura-1999,unresolved,,,named_eddy_state:eddy:geography:laura-1999:state:WARM,,unknown_no_dated_eddy_footprint,[],,source:7487b9a234864d2d,,laura-1999,state:WARM
claim:named_eddy_state:eddy:geography:laura-1999:state:WTRA,,,,,eddy:geography:laura-1999,unresolved,,,named_eddy_state:eddy:geography:laura-1999:state:WTRA,,unknown_no_dated_eddy_footprint,[],,source:7487b9a234864d2d,,laura-1999,state:WTRA
claim:named_eddy_state:eddy:geography:ana-2004:state:ALSK,,,,,eddy:geography:ana-2004,unresolved,,,named_eddy_state:eddy:geography:ana-2004:state:ALSK,,unknown_no_dated_eddy_footprint,[],,source:7487b9a234864d2d,,ana-2004,state:ALSK
claim:named_eddy_state:eddy:geography:ana-2004:state:ANTA,,,,,eddy:geography:ana-2004,unresolved,,,named_eddy_state:eddy:geography:ana-2004:state:ANTA,,unknown_no_dated_eddy_footprint,[],,source:7487b9a234864d2d,,ana-2004,state:ANTA
claim:named_eddy_state:eddy:geography:ana-2004:state:APLR,,,,,eddy:geography:ana-2004,unresolved,,,named_eddy_state:eddy:geography:ana-2004:state:APLR,,unknown_no_dated_eddy_footprint,[],,source:7487b9a234864d2d,,ana-2004,state:APLR
claim:named_eddy_state:eddy:geography:ana-2004:state:ARAB,,,,,eddy:geography:ana-2004,unresolved,,,named_eddy_state:eddy:geography:ana-2004:state:ARAB,,unknown_no_dated_eddy_footprint,[],,source:7487b9a234864d2d,,ana-2004,state:ARAB
claim:named_eddy_state:eddy:geography:ana-2004:state:ARCH,,,,,eddy:geography:ana-2004,unresolved,,,named_eddy_state:eddy:geography:ana-2004:state:ARCH,,unknown_no_dated_eddy_footprint,[],,source:7487b9a234864d2d,,ana-2004,state:ARCH
claim:named_eddy_state:eddy:geography:ana-2004:state:ARCT,,,,,eddy:geography:ana-2004,unresolved,,,named_eddy_state:eddy:geography:ana-2004:state:ARCT,,unknown_no_dated_eddy_footprint,[],,source:7487b9a234864d2d,,ana-2004,state:ARCT
claim:named_eddy_state:eddy:geography:ana-2004:state:AUSE,,,,,eddy:geography:ana-2004,unresolved,,,named_eddy_state:eddy:geography:ana-2004:state:AUSE,,unknown_no_dated_eddy_footprint,[],,source:7487b9a234864d2d,,ana-2004,state:AUSE
claim:named_eddy_state:eddy:geography:ana-2004:state:AUSW,,,,,eddy:geography:ana-2004,unresolved,,,named_eddy_state:eddy:geography:ana-2004:state:AUSW,,unknown_no_dated_eddy_footprint,[],,source:7487b9a234864d2d,,ana-2004,state:AUSW
claim:named_eddy_state:eddy:geography:ana-2004:state:BENG,,,,,eddy:geography:ana-2004,unresolved,,,named_eddy_state:eddy:geography:ana-2004:state:BENG,,unknown_no_dated_eddy_footprint,[],,source:7487b9a234864d2d,,ana-2004,state:BENG
claim:named_eddy_state:eddy:geography:ana-2004:state:BERS,,,,,eddy:geography:ana-2004,unresolved,,,named_eddy_state:eddy:geography:ana-2004:state:BERS,,unknown_no_dated_eddy_footprint,[],,source:7487b9a234864d2d,,ana-2004,state:BERS
claim:named_eddy_state:eddy:geography:ana-2004:state:BPLR,,,,,eddy:geography:ana-2004,unresolved,,,named_eddy_state:eddy:geography:ana-2004:state:BPLR,,unknown_no_dated_eddy_footprint,[],,source:7487b9a234864d2d,,ana-2004,state:BPLR
claim:named_eddy_state:eddy:geography:ana-2004:state:BRAZ,,,,,eddy:geography:ana-2004,unresolved,,,named_eddy_state:eddy:geography:ana-2004:state:BRAZ,,unknown_no_dated_eddy_footprint,[],,source:7487b9a234864d2d,,ana-2004,state:BRAZ
claim:named_eddy_state:eddy:geography:ana-2004:state:CAMR,,,,,eddy:geography:ana-2004,unresolved,,,named_eddy_state:eddy:geography:ana-2004:state:CAMR,,unknown_no_dated_eddy_footprint,[],,source:7487b9a234864d2d,,ana-2004,state:CAMR
claim:named_eddy_state:eddy:geography:ana-2004:state:CARB,,,,,eddy:geography:ana-2004,unresolved,,,named_eddy_state:eddy:geography:ana-2004:state:CARB,,unknown_no_dated_eddy_footprint,[],,source:7487b9a234864d2d,,ana-2004,state:CARB
claim:named_eddy_state:eddy:geography:ana-2004:state:CCAL,,,,,eddy:geography:ana-2004,unresolved,,,named_eddy_state:eddy:geography:ana-2004:state:CCAL,,unknown_no_dated_eddy_footprint,[],,source:7487b9a234864d2d,,ana-2004,state:CCAL
claim:named_eddy_state:eddy:geography:ana-2004:state:CHIN,,,,,eddy:geography:ana-2004,unresolved,,,named_eddy_state:eddy:geography:ana-2004:state:CHIN,,unknown_no_dated_eddy_footprint,[],,source:7487b9a234864d2d,,ana-2004,state:CHIN
claim:named_eddy_state:eddy:geography:ana-2004:state:CNRY,,,,,eddy:geography:ana-2004,unresolved,,,named_eddy_state:eddy:geography:ana-2004:state:CNRY,,unknown_no_dated_eddy_footprint,[],,source:7487b9a234864d2d,,ana-2004,state:CNRY
claim:named_eddy_state:eddy:geography:ana-2004:state:EAFR,,,,,eddy:geography:ana-2004,unresolved,,,named_eddy_state:eddy:geography:ana-2004:state:EAFR,,unknown_no_dated_eddy_footprint,[],,source:7487b9a234864d2d,,ana-2004,state:EAFR
claim:named_eddy_state:eddy:geography:ana-2004:state:ETRA,,,,,eddy:geography:ana-2004,unresolved,,,named_eddy_state:eddy:geography:ana-2004:state:ETRA,,unknown_no_dated_eddy_footprint,[],,source:7487b9a234864d2d,,ana-2004,state:ETRA
claim:named_eddy_state:eddy:geography:ana-2004:state:FKLD,,,,,eddy:geography:ana-2004,unresolved,,,named_eddy_state:eddy:geography:ana-2004:state:FKLD,,unknown_no_dated_eddy_footprint,[],,source:7487b9a234864d2d,,ana-2004,state:FKLD
claim:named_eddy_state:eddy:geography:ana-2004:state:GFST,,,,,eddy:geography:ana-2004,unresolved,,,named_eddy_state:eddy:geography:ana-2004:state:GFST,,unknown_no_dated_eddy_footprint,[],,source:7487b9a234864d2d,,ana-2004,state:GFST
claim:named_eddy_state:eddy:geography:ana-2004:state:GUIA,,,,,eddy:geography:ana-2004,unresolved,,,named_eddy_state:eddy:geography:ana-2004:state:GUIA,,unknown_no_dated_eddy_footprint,[],,source:7487b9a234864d2d,,ana-2004,state:GUIA
claim:named_eddy_state:eddy:geography:ana-2004:state:GUIN,,,,,eddy:geography:ana-2004,unresolved,,,named_eddy_state:eddy:geography:ana-2004:state:GUIN,,unknown_no_dated_eddy_footprint,[],,source:7487b9a234864d2d,,ana-2004,state:GUIN
claim:named_eddy_state:eddy:geography:ana-2004:state:HUMB,,,,,eddy:geography:ana-2004,unresolved,,,named_eddy_state:eddy:geography:ana-2004:state:HUMB,,unknown_no_dated_eddy_footprint,[],,source:7487b9a234864d2d,,ana-2004,state:HUMB
claim:named_eddy_state:eddy:geography:ana-2004:state:IND E,,,,,eddy:geography:ana-2004,unresolved,,,named_eddy_state:eddy:geography:ana-2004:state:IND E,,unknown_no_dated_eddy_footprint,[],,source:7487b9a234864d2d,,ana-2004,state:IND E
claim:named_eddy_state:eddy:geography:ana-2004:state:IND W,,,,,eddy:geography:ana-2004,unresolved,,,named_eddy_state:eddy:geography:ana-2004:state:IND W,,unknown_no_dated_eddy_footprint,[],,source:7487b9a234864d2d,,ana-2004,state:IND W
claim:named_eddy_state:eddy:geography:ana-2004:state:ISSG,,,,,eddy:geography:ana-2004,unresolved,,,named_eddy_state:eddy:geography:ana-2004:state:ISSG,,unknown_no_dated_eddy_footprint,[],,source:7487b9a234864d2d,,ana-2004,state:ISSG
claim:named_eddy_state:eddy:geography:ana-2004:state:KURO,,,,,eddy:geography:ana-2004,unresolved,,,named_eddy_state:eddy:geography:ana-2004:state:KURO,,unknown_no_dated_eddy_footprint,[],,source:7487b9a234864d2d,,ana-2004,state:KURO
claim:named_eddy_state:eddy:geography:ana-2004:state:MEDI,,,,,eddy:geography:ana-2004,unresolved,,,named_eddy_state:eddy:geography:ana-2004:state:MEDI,,unknown_no_dated_eddy_footprint,[],,source:7487b9a234864d2d,,ana-2004,state:MEDI
claim:named_eddy_state:eddy:geography:ana-2004:state:MONS,,,,,eddy:geography:ana-2004,unresolved,,,named_eddy_state:eddy:geography:ana-2004:state:MONS,,unknown_no_dated_eddy_footprint,[],,source:7487b9a234864d2d,,ana-2004,state:MONS
claim:named_eddy_state:eddy:geography:ana-2004:state:NADR,,,,,eddy:geography:ana-2004,unresolved,,,named_eddy_state:eddy:geography:ana-2004:state:NADR,,unknown_no_dated_eddy_footprint,[],,source:7487b9a234864d2d,,ana-2004,state:NADR
claim:named_eddy_state:eddy:geography:ana-2004:state:NAST E,,,,,eddy:geography:ana-2004,unresolved,,,named_eddy_state:eddy:geography:ana-2004:state:NAST E,,unknown_no_dated_eddy_footprint,[],,source:7487b9a234864d2d,,ana-2004,state:NAST E
claim:named_eddy_state:eddy:geography:ana-2004:state:NAST W,,,,,eddy:geography:ana-2004,unresolved,,,named_eddy_state:eddy:geography:ana-2004:state:NAST W,,unknown_no_dated_eddy_footprint,[],,source:7487b9a234864d2d,,ana-2004,state:NAST W
claim:named_eddy_state:eddy:geography:ana-2004:state:NATR,,,,,eddy:geography:ana-2004,unresolved,,,named_eddy_state:eddy:geography:ana-2004:state:NATR,,unknown_no_dated_eddy_footprint,[],,source:7487b9a234864d2d,,ana-2004,state:NATR
claim:named_eddy_state:eddy:geography:ana-2004:state:NECS,,,,,eddy:geography:ana-2004,unresolved,,,named_eddy_state:eddy:geography:ana-2004:state:NECS,,unknown_no_dated_eddy_footprint,[],,source:7487b9a234864d2d,,ana-2004,state:NECS
claim:named_eddy_state:eddy:geography:ana-2004:state:NEWZ,,,,,eddy:geography:ana-2004,unresolved,,,named_eddy_state:eddy:geography:ana-2004:state:NEWZ,,unknown_no_dated_eddy_footprint,[],,source:7487b9a234864d2d,,ana-2004,state:NEWZ
claim:named_eddy_state:eddy:geography:ana-2004:state:NPPF,,,,,eddy:geography:ana-2004,unresolved,,,named_eddy_state:eddy:geography:ana-2004:state:NPPF,,unknown_no_dated_eddy_footprint,[],,source:7487b9a234864d2d,,ana-2004,state:NPPF
claim:named_eddy_state:eddy:geography:ana-2004:state:NPSE,,,,,eddy:geography:ana-2004,unresolved,,,named_eddy_state:eddy:geography:ana-2004:state:NPSE,,unknown_no_dated_eddy_footprint,[],,source:7487b9a234864d2d,,ana-2004,state:NPSE
claim:named_eddy_state:eddy:geography:ana-2004:state:NPSW,,,,,eddy:geography:ana-2004,unresolved,,,named_eddy_state:eddy:geography:ana-2004:state:NPSW,,unknown_no_dated_eddy_footprint,[],,source:7487b9a234864d2d,,ana-2004,state:NPSW
claim:named_eddy_state:eddy:geography:ana-2004:state:NPTG,,,,,eddy:geography:ana-2004,unresolved,,,named_eddy_state:eddy:geography:ana-2004:state:NPTG,,unknown_no_dated_eddy_footprint,[],,source:7487b9a234864d2d,,ana-2004,state:NPTG
claim:named_eddy_state:eddy:geography:ana-2004:state:NWCS,,,,,eddy:geography:ana-2004,unresolved,,,named_eddy_state:eddy:geography:ana-2004:state:NWCS,,unknown_no_dated_eddy_footprint,[],,source:7487b9a234864d2d,,ana-2004,state:NWCS
claim:named_eddy_state:eddy:geography:ana-2004:state:OCAL,,,,,eddy:geography:ana-2004,unresolved,,,named_eddy_state:eddy:geography:ana-2004:state:OCAL,,unknown_no_dated_eddy_footprint,[],,source:7487b9a234864d2d,,ana-2004,state:OCAL
claim:named_eddy_state:eddy:geography:ana-2004:state:PEQD,,,,,eddy:geography:ana-2004,unresolved,,,named_eddy_state:eddy:geography:ana-2004:state:PEQD,,unknown_no_dated_eddy_footprint,[],,source:7487b9a234864d2d,,ana-2004,state:PEQD
claim:named_eddy_state:eddy:geography:ana-2004:state:PNEC,,,,,eddy:geography:ana-2004,unresolved,,,named_eddy_state:eddy:geography:ana-2004:state:PNEC,,unknown_no_dated_eddy_footprint,[],,source:7487b9a234864d2d,,ana-2004,state:PNEC
claim:named_eddy_state:eddy:geography:ana-2004:state:PSAE,,,,,eddy:geography:ana-2004,unresolved,,,named_eddy_state:eddy:geography:ana-2004:state:PSAE,,unknown_no_dated_eddy_footprint,[],,source:7487b9a234864d2d,,ana-2004,state:PSAE
claim:named_eddy_state:eddy:geography:ana-2004:state:PSAW,,,,,eddy:geography:ana-2004,unresolved,,,named_eddy_state:eddy:geography:ana-2004:state:PSAW,,unknown_no_dated_eddy_footprint,[],,source:7487b9a234864d2d,,ana-2004,state:PSAW
claim:named_eddy_state:eddy:geography:ana-2004:state:REDS,,,,,eddy:geography:ana-2004,unresolved,,,named_eddy_state:eddy:geography:ana-2004:state:REDS,,unknown_no_dated_eddy_footprint,[],,source:7487b9a234864d2d,,ana-2004,state:REDS
claim:named_eddy_state:eddy:geography:ana-2004:state:SANT,,,,,eddy:geography:ana-2004,unresolved,,,named_eddy_state:eddy:geography:ana-2004:state:SANT,,unknown_no_dated_eddy_footprint,[],,source:7487b9a234864d2d,,ana-2004,state:SANT
claim:named_eddy_state:eddy:geography:ana-2004:state:SARC,,,,,eddy:geography:ana-2004,unresolved,,,named_eddy_state:eddy:geography:ana-2004:state:SARC,,unknown_no_dated_eddy_footprint,[],,source:7487b9a234864d2d,,ana-2004,state:SARC
claim:named_eddy_state:eddy:geography:ana-2004:state:SATL,,,,,eddy:geography:ana-2004,unresolved,,,named_eddy_state:eddy:geography:ana-2004:state:SATL,,unknown_no_dated_eddy_footprint,[],,source:7487b9a234864d2d,,ana-2004,state:SATL
claim:named_eddy_state:eddy:geography:ana-2004:state:SPSG,,,,,eddy:geography:ana-2004,unresolved,,,named_eddy_state:eddy:geography:ana-2004:state:SPSG,,unknown_no_dated_eddy_footprint,[],,source:7487b9a234864d2d,,ana-2004,state:SPSG
claim:named_eddy_state:eddy:geography:ana-2004:state:SSTC,,,,,eddy:geography:ana-2004,point_or_region_locator,,,named_eddy_state:eddy:geography:ana-2004:state:SSTC,,unknown_no_dated_eddy_footprint,"[""observed_center""]",,source:7487b9a234864d2d,,ana-2004,state:SSTC
claim:named_eddy_state:eddy:geography:ana-2004:state:SUND,,,,,eddy:geography:ana-2004,unresolved,,,named_eddy_state:eddy:geography:ana-2004:state:SUND,,unknown_no_dated_eddy_footprint,[],,source:7487b9a234864d2d,,ana-2004,state:SUND
claim:named_eddy_state:eddy:geography:ana-2004:state:TASM,,,,,eddy:geography:ana-2004,unresolved,,,named_eddy_state:eddy:geography:ana-2004:state:TASM,,unknown_no_dated_eddy_footprint,[],,source:7487b9a234864d2d,,ana-2004,state:TASM
claim:named_eddy_state:eddy:geography:ana-2004:state:WARM,,,,,eddy:geography:ana-2004,unresolved,,,named_eddy_state:eddy:geography:ana-2004:state:WARM,,unknown_no_dated_eddy_footprint,[],,source:7487b9a234864d2d,,ana-2004,state:WARM
claim:named_eddy_state:eddy:geography:ana-2004:state:WTRA,,,,,eddy:geography:ana-2004,unresolved,,,named_eddy_state:eddy:geography:ana-2004:state:WTRA,,unknown_no_dated_eddy_footprint,[],,source:7487b9a234864d2d,,ana-2004,state:WTRA
claim:named_eddy_state:eddy:geography:eliza-2007:state:ALSK,,,,,eddy:geography:eliza-2007,unresolved,,,named_eddy_state:eddy:geography:eliza-2007:state:ALSK,,unknown_no_dated_eddy_footprint,[],,source:7487b9a234864d2d,,eliza-2007,state:ALSK
claim:named_eddy_state:eddy:geography:eliza-2007:state:ANTA,,,,,eddy:geography:eliza-2007,unresolved,,,named_eddy_state:eddy:geography:eliza-2007:state:ANTA,,unknown_no_dated_eddy_footprint,[],,source:7487b9a234864d2d,,eliza-2007,state:ANTA
claim:named_eddy_state:eddy:geography:eliza-2007:state:APLR,,,,,eddy:geography:eliza-2007,unresolved,,,named_eddy_state:eddy:geography:eliza-2007:state:APLR,,unknown_no_dated_eddy_footprint,[],,source:7487b9a234864d2d,,eliza-2007,state:APLR
claim:named_eddy_state:eddy:geography:eliza-2007:state:ARAB,,,,,eddy:geography:eliza-2007,unresolved,,,named_eddy_state:eddy:geography:eliza-2007:state:ARAB,,unknown_no_dated_eddy_footprint,[],,source:7487b9a234864d2d,,eliza-2007,state:ARAB
claim:named_eddy_state:eddy:geography:eliza-2007:state:ARCH,,,,,eddy:geography:eliza-2007,unresolved,,,named_eddy_state:eddy:geography:eliza-2007:state:ARCH,,unknown_no_dated_eddy_footprint,[],,source:7487b9a234864d2d,,eliza-2007,state:ARCH
claim:named_eddy_state:eddy:geography:eliza-2007:state:ARCT,,,,,eddy:geography:eliza-2007,unresolved,,,named_eddy_state:eddy:geography:eliza-2007:state:ARCT,,unknown_no_dated_eddy_footprint,[],,source:7487b9a234864d2d,,eliza-2007,state:ARCT
claim:named_eddy_state:eddy:geography:eliza-2007:state:AUSE,,,,,eddy:geography:eliza-2007,unresolved,,,named_eddy_state:eddy:geography:eliza-2007:state:AUSE,,unknown_no_dated_eddy_footprint,[],,source:7487b9a234864d2d,,eliza-2007,state:AUSE
claim:named_eddy_state:eddy:geography:eliza-2007:state:AUSW,,,,,eddy:geography:eliza-2007,unresolved,,,named_eddy_state:eddy:geography:eliza-2007:state:AUSW,,unknown_no_dated_eddy_footprint,[],,source:7487b9a234864d2d,,eliza-2007,state:AUSW
claim:named_eddy_state:eddy:geography:eliza-2007:state:BENG,,,,,eddy:geography:eliza-2007,unresolved,,,named_eddy_state:eddy:geography:eliza-2007:state:BENG,,unknown_no_dated_eddy_footprint,[],,source:7487b9a234864d2d,,eliza-2007,state:BENG
claim:named_eddy_state:eddy:geography:eliza-2007:state:BERS,,,,,eddy:geography:eliza-2007,unresolved,,,named_eddy_state:eddy:geography:eliza-2007:state:BERS,,unknown_no_dated_eddy_footprint,[],,source:7487b9a234864d2d,,eliza-2007,state:BERS
claim:named_eddy_state:eddy:geography:eliza-2007:state:BPLR,,,,,eddy:geography:eliza-2007,unresolved,,,named_eddy_state:eddy:geography:eliza-2007:state:BPLR,,unknown_no_dated_eddy_footprint,[],,source:7487b9a234864d2d,,eliza-2007,state:BPLR
claim:named_eddy_state:eddy:geography:eliza-2007:state:BRAZ,,,,,eddy:geography:eliza-2007,unresolved,,,named_eddy_state:eddy:geography:eliza-2007:state:BRAZ,,unknown_no_dated_eddy_footprint,[],,source:7487b9a234864d2d,,eliza-2007,state:BRAZ
claim:named_eddy_state:eddy:geography:eliza-2007:state:CAMR,,,,,eddy:geography:eliza-2007,unresolved,,,named_eddy_state:eddy:geography:eliza-2007:state:CAMR,,unknown_no_dated_eddy_footprint,[],,source:7487b9a234864d2d,,eliza-2007,state:CAMR
claim:named_eddy_state:eddy:geography:eliza-2007:state:CARB,,,,,eddy:geography:eliza-2007,unresolved,,,named_eddy_state:eddy:geography:eliza-2007:state:CARB,,unknown_no_dated_eddy_footprint,[],,source:7487b9a234864d2d,,eliza-2007,state:CARB
claim:named_eddy_state:eddy:geography:eliza-2007:state:CCAL,,,,,eddy:geography:eliza-2007,unresolved,,,named_eddy_state:eddy:geography:eliza-2007:state:CCAL,,unknown_no_dated_eddy_footprint,[],,source:7487b9a234864d2d,,eliza-2007,state:CCAL
claim:named_eddy_state:eddy:geography:eliza-2007:state:CHIN,,,,,eddy:geography:eliza-2007,unresolved,,,named_eddy_state:eddy:geography:eliza-2007:state:CHIN,,unknown_no_dated_eddy_footprint,[],,source:7487b9a234864d2d,,eliza-2007,state:CHIN
claim:named_eddy_state:eddy:geography:eliza-2007:state:CNRY,,,,,eddy:geography:eliza-2007,unresolved,,,named_eddy_state:eddy:geography:eliza-2007:state:CNRY,,unknown_no_dated_eddy_footprint,[],,source:7487b9a234864d2d,,eliza-2007,state:CNRY
claim:named_eddy_state:eddy:geography:eliza-2007:state:EAFR,,,,,eddy:geography:eliza-2007,unresolved,,,named_eddy_state:eddy:geography:eliza-2007:state:EAFR,,unknown_no_dated_eddy_footprint,[],,source:7487b9a234864d2d,,eliza-2007,state:EAFR
claim:named_eddy_state:eddy:geography:eliza-2007:state:ETRA,,,,,eddy:geography:eliza-2007,unresolved,,,named_eddy_state:eddy:geography:eliza-2007:state:ETRA,,unknown_no_dated_eddy_footprint,[],,source:7487b9a234864d2d,,eliza-2007,state:ETRA
claim:named_eddy_state:eddy:geography:eliza-2007:state:FKLD,,,,,eddy:geography:eliza-2007,unresolved,,,named_eddy_state:eddy:geography:eliza-2007:state:FKLD,,unknown_no_dated_eddy_footprint,[],,source:7487b9a234864d2d,,eliza-2007,state:FKLD
claim:named_eddy_state:eddy:geography:eliza-2007:state:GFST,,,,,eddy:geography:eliza-2007,unresolved,,,named_eddy_state:eddy:geography:eliza-2007:state:GFST,,unknown_no_dated_eddy_footprint,[],,source:7487b9a234864d2d,,eliza-2007,state:GFST
claim:named_eddy_state:eddy:geography:eliza-2007:state:GUIA,,,,,eddy:geography:eliza-2007,unresolved,,,named_eddy_state:eddy:geography:eliza-2007:state:GUIA,,unknown_no_dated_eddy_footprint,[],,source:7487b9a234864d2d,,eliza-2007,state:GUIA
claim:named_eddy_state:eddy:geography:eliza-2007:state:GUIN,,,,,eddy:geography:eliza-2007,unresolved,,,named_eddy_state:eddy:geography:eliza-2007:state:GUIN,,unknown_no_dated_eddy_footprint,[],,source:7487b9a234864d2d,,eliza-2007,state:GUIN
claim:named_eddy_state:eddy:geography:eliza-2007:state:HUMB,,,,,eddy:geography:eliza-2007,unresolved,,,named_eddy_state:eddy:geography:eliza-2007:state:HUMB,,unknown_no_dated_eddy_footprint,[],,source:7487b9a234864d2d,,eliza-2007,state:HUMB
claim:named_eddy_state:eddy:geography:eliza-2007:state:IND E,,,,,eddy:geography:eliza-2007,unresolved,,,named_eddy_state:eddy:geography:eliza-2007:state:IND E,,unknown_no_dated_eddy_footprint,[],,source:7487b9a234864d2d,,eliza-2007,state:IND E
claim:named_eddy_state:eddy:geography:eliza-2007:state:IND W,,,,,eddy:geography:eliza-2007,unresolved,,,named_eddy_state:eddy:geography:eliza-2007:state:IND W,,unknown_no_dated_eddy_footprint,[],,source:7487b9a234864d2d,,eliza-2007,state:IND W
claim:named_eddy_state:eddy:geography:eliza-2007:state:ISSG,,,,,eddy:geography:eliza-2007,unresolved,,,named_eddy_state:eddy:geography:eliza-2007:state:ISSG,,unknown_no_dated_eddy_footprint,[],,source:7487b9a234864d2d,,eliza-2007,state:ISSG
claim:named_eddy_state:eddy:geography:eliza-2007:state:KURO,,,,,eddy:geography:eliza-2007,unresolved,,,named_eddy_state:eddy:geography:eliza-2007:state:KURO,,unknown_no_dated_eddy_footprint,[],,source:7487b9a234864d2d,,eliza-2007,state:KURO
claim:named_eddy_state:eddy:geography:eliza-2007:state:MEDI,,,,,eddy:geography:eliza-2007,unresolved,,,named_eddy_state:eddy:geography:eliza-2007:state:MEDI,,unknown_no_dated_eddy_footprint,[],,source:7487b9a234864d2d,,eliza-2007,state:MEDI
claim:named_eddy_state:eddy:geography:eliza-2007:state:MONS,,,,,eddy:geography:eliza-2007,unresolved,,,named_eddy_state:eddy:geography:eliza-2007:state:MONS,,unknown_no_dated_eddy_footprint,[],,source:7487b9a234864d2d,,eliza-2007,state:MONS
claim:named_eddy_state:eddy:geography:eliza-2007:state:NADR,,,,,eddy:geography:eliza-2007,unresolved,,,named_eddy_state:eddy:geography:eliza-2007:state:NADR,,unknown_no_dated_eddy_footprint,[],,source:7487b9a234864d2d,,eliza-2007,state:NADR
claim:named_eddy_state:eddy:geography:eliza-2007:state:NAST E,,,,,eddy:geography:eliza-2007,unresolved,,,named_eddy_state:eddy:geography:eliza-2007:state:NAST E,,unknown_no_dated_eddy_footprint,[],,source:7487b9a234864d2d,,eliza-2007,state:NAST E
claim:named_eddy_state:eddy:geography:eliza-2007:state:NAST W,,,,,eddy:geography:eliza-2007,unresolved,,,named_eddy_state:eddy:geography:eliza-2007:state:NAST W,,unknown_no_dated_eddy_footprint,[],,source:7487b9a234864d2d,,eliza-2007,state:NAST W
claim:named_eddy_state:eddy:geography:eliza-2007:state:NATR,,,,,eddy:geography:eliza-2007,unresolved,,,named_eddy_state:eddy:geography:eliza-2007:state:NATR,,unknown_no_dated_eddy_footprint,[],,source:7487b9a234864d2d,,eliza-2007,state:NATR
claim:named_eddy_state:eddy:geography:eliza-2007:state:NECS,,,,,eddy:geography:eliza-2007,unresolved,,,named_eddy_state:eddy:geography:eliza-2007:state:NECS,,unknown_no_dated_eddy_footprint,[],,source:7487b9a234864d2d,,eliza-2007,state:NECS
claim:named_eddy_state:eddy:geography:eliza-2007:state:NEWZ,,,,,eddy:geography:eliza-2007,unresolved,,,named_eddy_state:eddy:geography:eliza-2007:state:NEWZ,,unknown_no_dated_eddy_footprint,[],,source:7487b9a234864d2d,,eliza-2007,state:NEWZ
claim:named_eddy_state:eddy:geography:eliza-2007:state:NPPF,,,,,eddy:geography:eliza-2007,unresolved,,,named_eddy_state:eddy:geography:eliza-2007:state:NPPF,,unknown_no_dated_eddy_footprint,[],,source:7487b9a234864d2d,,eliza-2007,state:NPPF
claim:named_eddy_state:eddy:geography:eliza-2007:state:NPSE,,,,,eddy:geography:eliza-2007,unresolved,,,named_eddy_state:eddy:geography:eliza-2007:state:NPSE,,unknown_no_dated_eddy_footprint,[],,source:7487b9a234864d2d,,eliza-2007,state:NPSE
claim:named_eddy_state:eddy:geography:eliza-2007:state:NPSW,,,,,eddy:geography:eliza-2007,unresolved,,,named_eddy_state:eddy:geography:eliza-2007:state:NPSW,,unknown_no_dated_eddy_footprint,[],,source:7487b9a234864d2d,,eliza-2007,state:NPSW
claim:named_eddy_state:eddy:geography:eliza-2007:state:NPTG,,,,,eddy:geography:eliza-2007,unresolved,,,named_eddy_state:eddy:geography:eliza-2007:state:NPTG,,unknown_no_dated_eddy_footprint,[],,source:7487b9a234864d2d,,eliza-2007,state:NPTG
claim:named_eddy_state:eddy:geography:eliza-2007:state:NWCS,,,,,eddy:geography:eliza-2007,unresolved,,,named_eddy_state:eddy:geography:eliza-2007:state:NWCS,,unknown_no_dated_eddy_footprint,[],,source:7487b9a234864d2d,,eliza-2007,state:NWCS
claim:named_eddy_state:eddy:geography:eliza-2007:state:OCAL,,,,,eddy:geography:eliza-2007,unresolved,,,named_eddy_state:eddy:geography:eliza-2007:state:OCAL,,unknown_no_dated_eddy_footprint,[],,source:7487b9a234864d2d,,eliza-2007,state:OCAL
claim:named_eddy_state:eddy:geography:eliza-2007:state:PEQD,,,,,eddy:geography:eliza-2007,unresolved,,,named_eddy_state:eddy:geography:eliza-2007:state:PEQD,,unknown_no_dated_eddy_footprint,[],,source:7487b9a234864d2d,,eliza-2007,state:PEQD
claim:named_eddy_state:eddy:geography:eliza-2007:state:PNEC,,,,,eddy:geography:eliza-2007,unresolved,,,named_eddy_state:eddy:geography:eliza-2007:state:PNEC,,unknown_no_dated_eddy_footprint,[],,source:7487b9a234864d2d,,eliza-2007,state:PNEC
claim:named_eddy_state:eddy:geography:eliza-2007:state:PSAE,,,,,eddy:geography:eliza-2007,unresolved,,,named_eddy_state:eddy:geography:eliza-2007:state:PSAE,,unknown_no_dated_eddy_footprint,[],,source:7487b9a234864d2d,,eliza-2007,state:PSAE
claim:named_eddy_state:eddy:geography:eliza-2007:state:PSAW,,,,,eddy:geography:eliza-2007,unresolved,,,named_eddy_state:eddy:geography:eliza-2007:state:PSAW,,unknown_no_dated_eddy_footprint,[],,source:7487b9a234864d2d,,eliza-2007,state:PSAW
claim:named_eddy_state:eddy:geography:eliza-2007:state:REDS,,,,,eddy:geography:eliza-2007,unresolved,,,named_eddy_state:eddy:geography:eliza-2007:state:REDS,,unknown_no_dated_eddy_footprint,[],,source:7487b9a234864d2d,,eliza-2007,state:REDS
claim:named_eddy_state:eddy:geography:eliza-2007:state:SANT,,,,,eddy:geography:eliza-2007,unresolved,,,named_eddy_state:eddy:geography:eliza-2007:state:SANT,,unknown_no_dated_eddy_footprint,[],,source:7487b9a234864d2d,,eliza-2007,state:SANT
claim:named_eddy_state:eddy:geography:eliza-2007:state:SARC,,,,,eddy:geography:eliza-2007,unresolved,,,named_eddy_state:eddy:geography:eliza-2007:state:SARC,,unknown_no_dated_eddy_footprint,[],,source:7487b9a234864d2d,,eliza-2007,state:SARC
claim:named_eddy_state:eddy:geography:eliza-2007:state:SATL,,,,,eddy:geography:eliza-2007,unresolved,,,named_eddy_state:eddy:geography:eliza-2007:state:SATL,,unknown_no_dated_eddy_footprint,[],,source:7487b9a234864d2d,,eliza-2007,state:SATL
claim:named_eddy_state:eddy:geography:eliza-2007:state:SPSG,,,,,eddy:geography:eliza-2007,unresolved,,,named_eddy_state:eddy:geography:eliza-2007:state:SPSG,,unknown_no_dated_eddy_footprint,[],,source:7487b9a234864d2d,,eliza-2007,state:SPSG
claim:named_eddy_state:eddy:geography:eliza-2007:state:SSTC,,,,,eddy:geography:eliza-2007,point_or_region_locator,,,named_eddy_state:eddy:geography:eliza-2007:state:SSTC,,unknown_no_dated_eddy_footprint,"[""reported_event_point""]",,source:7487b9a234864d2d,,eliza-2007,state:SSTC
claim:named_eddy_state:eddy:geography:eliza-2007:state:SUND,,,,,eddy:geography:eliza-2007,unresolved,,,named_eddy_state:eddy:geography:eliza-2007:state:SUND,,unknown_no_dated_eddy_footprint,[],,source:7487b9a234864d2d,,eliza-2007,state:SUND
claim:named_eddy_state:eddy:geography:eliza-2007:state:TASM,,,,,eddy:geography:eliza-2007,unresolved,,,named_eddy_state:eddy:geography:eliza-2007:state:TASM,,unknown_no_dated_eddy_footprint,[],,source:7487b9a234864d2d,,eliza-2007,state:TASM
claim:named_eddy_state:eddy:geography:eliza-2007:state:WARM,,,,,eddy:geography:eliza-2007,unresolved,,,named_eddy_state:eddy:geography:eliza-2007:state:WARM,,unknown_no_dated_eddy_footprint,[],,source:7487b9a234864d2d,,eliza-2007,state:WARM
claim:named_eddy_state:eddy:geography:eliza-2007:state:WTRA,,,,,eddy:geography:eliza-2007,unresolved,,,named_eddy_state:eddy:geography:eliza-2007:state:WTRA,,unknown_no_dated_eddy_footprint,[],,source:7487b9a234864d2d,,eliza-2007,state:WTRA
claim:named_eddy_state:eddy:geography:jeannette-2012:state:ALSK,,,,,eddy:geography:jeannette-2012,unresolved,,,named_eddy_state:eddy:geography:jeannette-2012:state:ALSK,,unknown_no_dated_eddy_footprint,[],,source:7487b9a234864d2d,,jeannette-2012,state:ALSK
claim:named_eddy_state:eddy:geography:jeannette-2012:state:ANTA,,,,,eddy:geography:jeannette-2012,unresolved,,,named_eddy_state:eddy:geography:jeannette-2012:state:ANTA,,unknown_no_dated_eddy_footprint,[],,source:7487b9a234864d2d,,jeannette-2012,state:ANTA
claim:named_eddy_state:eddy:geography:jeannette-2012:state:APLR,,,,,eddy:geography:jeannette-2012,unresolved,,,named_eddy_state:eddy:geography:jeannette-2012:state:APLR,,unknown_no_dated_eddy_footprint,[],,source:7487b9a234864d2d,,jeannette-2012,state:APLR
claim:named_eddy_state:eddy:geography:jeannette-2012:state:ARAB,,,,,eddy:geography:jeannette-2012,unresolved,,,named_eddy_state:eddy:geography:jeannette-2012:state:ARAB,,unknown_no_dated_eddy_footprint,[],,source:7487b9a234864d2d,,jeannette-2012,state:ARAB
claim:named_eddy_state:eddy:geography:jeannette-2012:state:ARCH,,,,,eddy:geography:jeannette-2012,unresolved,,,named_eddy_state:eddy:geography:jeannette-2012:state:ARCH,,unknown_no_dated_eddy_footprint,[],,source:7487b9a234864d2d,,jeannette-2012,state:ARCH
claim:named_eddy_state:eddy:geography:jeannette-2012:state:ARCT,,,,,eddy:geography:jeannette-2012,unresolved,,,named_eddy_state:eddy:geography:jeannette-2012:state:ARCT,,unknown_no_dated_eddy_footprint,[],,source:7487b9a234864d2d,,jeannette-2012,state:ARCT
claim:named_eddy_state:eddy:geography:jeannette-2012:state:AUSE,,,,,eddy:geography:jeannette-2012,unresolved,,,named_eddy_state:eddy:geography:jeannette-2012:state:AUSE,,unknown_no_dated_eddy_footprint,[],,source:7487b9a234864d2d,,jeannette-2012,state:AUSE
claim:named_eddy_state:eddy:geography:jeannette-2012:state:AUSW,,,,,eddy:geography:jeannette-2012,unresolved,,,named_eddy_state:eddy:geography:jeannette-2012:state:AUSW,,unknown_no_dated_eddy_footprint,[],,source:7487b9a234864d2d,,jeannette-2012,state:AUSW
claim:named_eddy_state:eddy:geography:jeannette-2012:state:BENG,,,,,eddy:geography:jeannette-2012,unresolved,,,named_eddy_state:eddy:geography:jeannette-2012:state:BENG,,unknown_no_dated_eddy_footprint,[],,source:7487b9a234864d2d,,jeannette-2012,state:BENG
claim:named_eddy_state:eddy:geography:jeannette-2012:state:BERS,,,,,eddy:geography:jeannette-2012,unresolved,,,named_eddy_state:eddy:geography:jeannette-2012:state:BERS,,unknown_no_dated_eddy_footprint,[],,source:7487b9a234864d2d,,jeannette-2012,state:BERS
claim:named_eddy_state:eddy:geography:jeannette-2012:state:BPLR,,,,,eddy:geography:jeannette-2012,unresolved,,,named_eddy_state:eddy:geography:jeannette-2012:state:BPLR,,unknown_no_dated_eddy_footprint,[],,source:7487b9a234864d2d,,jeannette-2012,state:BPLR
claim:named_eddy_state:eddy:geography:jeannette-2012:state:BRAZ,,,,,eddy:geography:jeannette-2012,additional_observed_point,,,named_eddy_state:eddy:geography:jeannette-2012:state:BRAZ,,unknown_no_dated_eddy_footprint,"[""reported_track_endpoint""]",,source:7487b9a234864d2d,,jeannette-2012,state:BRAZ
claim:named_eddy_state:eddy:geography:jeannette-2012:state:CAMR,,,,,eddy:geography:jeannette-2012,unresolved,,,named_eddy_state:eddy:geography:jeannette-2012:state:CAMR,,unknown_no_dated_eddy_footprint,[],,source:7487b9a234864d2d,,jeannette-2012,state:CAMR
claim:named_eddy_state:eddy:geography:jeannette-2012:state:CARB,,,,,eddy:geography:jeannette-2012,unresolved,,,named_eddy_state:eddy:geography:jeannette-2012:state:CARB,,unknown_no_dated_eddy_footprint,[],,source:7487b9a234864d2d,,jeannette-2012,state:CARB
claim:named_eddy_state:eddy:geography:jeannette-2012:state:CCAL,,,,,eddy:geography:jeannette-2012,unresolved,,,named_eddy_state:eddy:geography:jeannette-2012:state:CCAL,,unknown_no_dated_eddy_footprint,[],,source:7487b9a234864d2d,,jeannette-2012,state:CCAL
claim:named_eddy_state:eddy:geography:jeannette-2012:state:CHIN,,,,,eddy:geography:jeannette-2012,unresolved,,,named_eddy_state:eddy:geography:jeannette-2012:state:CHIN,,unknown_no_dated_eddy_footprint,[],,source:7487b9a234864d2d,,jeannette-2012,state:CHIN
claim:named_eddy_state:eddy:geography:jeannette-2012:state:CNRY,,,,,eddy:geography:jeannette-2012,unresolved,,,named_eddy_state:eddy:geography:jeannette-2012:state:CNRY,,unknown_no_dated_eddy_footprint,[],,source:7487b9a234864d2d,,jeannette-2012,state:CNRY
claim:named_eddy_state:eddy:geography:jeannette-2012:state:EAFR,,,,,eddy:geography:jeannette-2012,unresolved,,,named_eddy_state:eddy:geography:jeannette-2012:state:EAFR,,unknown_no_dated_eddy_footprint,[],,source:7487b9a234864d2d,,jeannette-2012,state:EAFR
claim:named_eddy_state:eddy:geography:jeannette-2012:state:ETRA,,,,,eddy:geography:jeannette-2012,unresolved,,,named_eddy_state:eddy:geography:jeannette-2012:state:ETRA,,unknown_no_dated_eddy_footprint,[],,source:7487b9a234864d2d,,jeannette-2012,state:ETRA
claim:named_eddy_state:eddy:geography:jeannette-2012:state:FKLD,,,,,eddy:geography:jeannette-2012,unresolved,,,named_eddy_state:eddy:geography:jeannette-2012:state:FKLD,,unknown_no_dated_eddy_footprint,[],,source:7487b9a234864d2d,,jeannette-2012,state:FKLD
claim:named_eddy_state:eddy:geography:jeannette-2012:state:GFST,,,,,eddy:geography:jeannette-2012,unresolved,,,named_eddy_state:eddy:geography:jeannette-2012:state:GFST,,unknown_no_dated_eddy_footprint,[],,source:7487b9a234864d2d,,jeannette-2012,state:GFST
claim:named_eddy_state:eddy:geography:jeannette-2012:state:GUIA,,,,,eddy:geography:jeannette-2012,unresolved,,,named_eddy_state:eddy:geography:jeannette-2012:state:GUIA,,unknown_no_dated_eddy_footprint,[],,source:7487b9a234864d2d,,jeannette-2012,state:GUIA
claim:named_eddy_state:eddy:geography:jeannette-2012:state:GUIN,,,,,eddy:geography:jeannette-2012,unresolved,,,named_eddy_state:eddy:geography:jeannette-2012:state:GUIN,,unknown_no_dated_eddy_footprint,[],,source:7487b9a234864d2d,,jeannette-2012,state:GUIN
claim:named_eddy_state:eddy:geography:jeannette-2012:state:HUMB,,,,,eddy:geography:jeannette-2012,unresolved,,,named_eddy_state:eddy:geography:jeannette-2012:state:HUMB,,unknown_no_dated_eddy_footprint,[],,source:7487b9a234864d2d,,jeannette-2012,state:HUMB
claim:named_eddy_state:eddy:geography:jeannette-2012:state:IND E,,,,,eddy:geography:jeannette-2012,unresolved,,,named_eddy_state:eddy:geography:jeannette-2012:state:IND E,,unknown_no_dated_eddy_footprint,[],,source:7487b9a234864d2d,,jeannette-2012,state:IND E
claim:named_eddy_state:eddy:geography:jeannette-2012:state:IND W,,,,,eddy:geography:jeannette-2012,unresolved,,,named_eddy_state:eddy:geography:jeannette-2012:state:IND W,,unknown_no_dated_eddy_footprint,[],,source:7487b9a234864d2d,,jeannette-2012,state:IND W
claim:named_eddy_state:eddy:geography:jeannette-2012:state:ISSG,,,,,eddy:geography:jeannette-2012,unresolved,,,named_eddy_state:eddy:geography:jeannette-2012:state:ISSG,,unknown_no_dated_eddy_footprint,[],,source:7487b9a234864d2d,,jeannette-2012,state:ISSG
claim:named_eddy_state:eddy:geography:jeannette-2012:state:KURO,,,,,eddy:geography:jeannette-2012,unresolved,,,named_eddy_state:eddy:geography:jeannette-2012:state:KURO,,unknown_no_dated_eddy_footprint,[],,source:7487b9a234864d2d,,jeannette-2012,state:KURO
claim:named_eddy_state:eddy:geography:jeannette-2012:state:MEDI,,,,,eddy:geography:jeannette-2012,unresolved,,,named_eddy_state:eddy:geography:jeannette-2012:state:MEDI,,unknown_no_dated_eddy_footprint,[],,source:7487b9a234864d2d,,jeannette-2012,state:MEDI
claim:named_eddy_state:eddy:geography:jeannette-2012:state:MONS,,,,,eddy:geography:jeannette-2012,unresolved,,,named_eddy_state:eddy:geography:jeannette-2012:state:MONS,,unknown_no_dated_eddy_footprint,[],,source:7487b9a234864d2d,,jeannette-2012,state:MONS
claim:named_eddy_state:eddy:geography:jeannette-2012:state:NADR,,,,,eddy:geography:jeannette-2012,unresolved,,,named_eddy_state:eddy:geography:jeannette-2012:state:NADR,,unknown_no_dated_eddy_footprint,[],,source:7487b9a234864d2d,,jeannette-2012,state:NADR
claim:named_eddy_state:eddy:geography:jeannette-2012:state:NAST E,,,,,eddy:geography:jeannette-2012,unresolved,,,named_eddy_state:eddy:geography:jeannette-2012:state:NAST E,,unknown_no_dated_eddy_footprint,[],,source:7487b9a234864d2d,,jeannette-2012,state:NAST E
claim:named_eddy_state:eddy:geography:jeannette-2012:state:NAST W,,,,,eddy:geography:jeannette-2012,unresolved,,,named_eddy_state:eddy:geography:jeannette-2012:state:NAST W,,unknown_no_dated_eddy_footprint,[],,source:7487b9a234864d2d,,jeannette-2012,state:NAST W
claim:named_eddy_state:eddy:geography:jeannette-2012:state:NATR,,,,,eddy:geography:jeannette-2012,unresolved,,,named_eddy_state:eddy:geography:jeannette-2012:state:NATR,,unknown_no_dated_eddy_footprint,[],,source:7487b9a234864d2d,,jeannette-2012,state:NATR
claim:named_eddy_state:eddy:geography:jeannette-2012:state:NECS,,,,,eddy:geography:jeannette-2012,unresolved,,,named_eddy_state:eddy:geography:jeannette-2012:state:NECS,,unknown_no_dated_eddy_footprint,[],,source:7487b9a234864d2d,,jeannette-2012,state:NECS
claim:named_eddy_state:eddy:geography:jeannette-2012:state:NEWZ,,,,,eddy:geography:jeannette-2012,unresolved,,,named_eddy_state:eddy:geography:jeannette-2012:state:NEWZ,,unknown_no_dated_eddy_footprint,[],,source:7487b9a234864d2d,,jeannette-2012,state:NEWZ
claim:named_eddy_state:eddy:geography:jeannette-2012:state:NPPF,,,,,eddy:geography:jeannette-2012,unresolved,,,named_eddy_state:eddy:geography:jeannette-2012:state:NPPF,,unknown_no_dated_eddy_footprint,[],,source:7487b9a234864d2d,,jeannette-2012,state:NPPF
claim:named_eddy_state:eddy:geography:jeannette-2012:state:NPSE,,,,,eddy:geography:jeannette-2012,unresolved,,,named_eddy_state:eddy:geography:jeannette-2012:state:NPSE,,unknown_no_dated_eddy_footprint,[],,source:7487b9a234864d2d,,jeannette-2012,state:NPSE
claim:named_eddy_state:eddy:geography:jeannette-2012:state:NPSW,,,,,eddy:geography:jeannette-2012,unresolved,,,named_eddy_state:eddy:geography:jeannette-2012:state:NPSW,,unknown_no_dated_eddy_footprint,[],,source:7487b9a234864d2d,,jeannette-2012,state:NPSW
claim:named_eddy_state:eddy:geography:jeannette-2012:state:NPTG,,,,,eddy:geography:jeannette-2012,unresolved,,,named_eddy_state:eddy:geography:jeannette-2012:state:NPTG,,unknown_no_dated_eddy_footprint,[],,source:7487b9a234864d2d,,jeannette-2012,state:NPTG
claim:named_eddy_state:eddy:geography:jeannette-2012:state:NWCS,,,,,eddy:geography:jeannette-2012,unresolved,,,named_eddy_state:eddy:geography:jeannette-2012:state:NWCS,,unknown_no_dated_eddy_footprint,[],,source:7487b9a234864d2d,,jeannette-2012,state:NWCS
claim:named_eddy_state:eddy:geography:jeannette-2012:state:OCAL,,,,,eddy:geography:jeannette-2012,unresolved,,,named_eddy_state:eddy:geography:jeannette-2012:state:OCAL,,unknown_no_dated_eddy_footprint,[],,source:7487b9a234864d2d,,jeannette-2012,state:OCAL
claim:named_eddy_state:eddy:geography:jeannette-2012:state:PEQD,,,,,eddy:geography:jeannette-2012,unresolved,,,named_eddy_state:eddy:geography:jeannette-2012:state:PEQD,,unknown_no_dated_eddy_footprint,[],,source:7487b9a234864d2d,,jeannette-2012,state:PEQD
claim:named_eddy_state:eddy:geography:jeannette-2012:state:PNEC,,,,,eddy:geography:jeannette-2012,unresolved,,,named_eddy_state:eddy:geography:jeannette-2012:state:PNEC,,unknown_no_dated_eddy_footprint,[],,source:7487b9a234864d2d,,jeannette-2012,state:PNEC
claim:named_eddy_state:eddy:geography:jeannette-2012:state:PSAE,,,,,eddy:geography:jeannette-2012,unresolved,,,named_eddy_state:eddy:geography:jeannette-2012:state:PSAE,,unknown_no_dated_eddy_footprint,[],,source:7487b9a234864d2d,,jeannette-2012,state:PSAE
claim:named_eddy_state:eddy:geography:jeannette-2012:state:PSAW,,,,,eddy:geography:jeannette-2012,unresolved,,,named_eddy_state:eddy:geography:jeannette-2012:state:PSAW,,unknown_no_dated_eddy_footprint,[],,source:7487b9a234864d2d,,jeannette-2012,state:PSAW
claim:named_eddy_state:eddy:geography:jeannette-2012:state:REDS,,,,,eddy:geography:jeannette-2012,unresolved,,,named_eddy_state:eddy:geography:jeannette-2012:state:REDS,,unknown_no_dated_eddy_footprint,[],,source:7487b9a234864d2d,,jeannette-2012,state:REDS
claim:named_eddy_state:eddy:geography:jeannette-2012:state:SANT,,,,,eddy:geography:jeannette-2012,unresolved,,,named_eddy_state:eddy:geography:jeannette-2012:state:SANT,,unknown_no_dated_eddy_footprint,[],,source:7487b9a234864d2d,,jeannette-2012,state:SANT
claim:named_eddy_state:eddy:geography:jeannette-2012:state:SARC,,,,,eddy:geography:jeannette-2012,unresolved,,,named_eddy_state:eddy:geography:jeannette-2012:state:SARC,,unknown_no_dated_eddy_footprint,[],,source:7487b9a234864d2d,,jeannette-2012,state:SARC
claim:named_eddy_state:eddy:geography:jeannette-2012:state:SATL,,,,,eddy:geography:jeannette-2012,unresolved,,,named_eddy_state:eddy:geography:jeannette-2012:state:SATL,,unknown_no_dated_eddy_footprint,[],,source:7487b9a234864d2d,,jeannette-2012,state:SATL
claim:named_eddy_state:eddy:geography:jeannette-2012:state:SPSG,,,,,eddy:geography:jeannette-2012,unresolved,,,named_eddy_state:eddy:geography:jeannette-2012:state:SPSG,,unknown_no_dated_eddy_footprint,[],,source:7487b9a234864d2d,,jeannette-2012,state:SPSG
claim:named_eddy_state:eddy:geography:jeannette-2012:state:SSTC,,,,,eddy:geography:jeannette-2012,point_or_region_locator,,,named_eddy_state:eddy:geography:jeannette-2012:state:SSTC,,unknown_no_dated_eddy_footprint,"[""observed_center""]",,source:7487b9a234864d2d,,jeannette-2012,state:SSTC
claim:named_eddy_state:eddy:geography:jeannette-2012:state:SUND,,,,,eddy:geography:jeannette-2012,unresolved,,,named_eddy_state:eddy:geography:jeannette-2012:state:SUND,,unknown_no_dated_eddy_footprint,[],,source:7487b9a234864d2d,,jeannette-2012,state:SUND
claim:named_eddy_state:eddy:geography:jeannette-2012:state:TASM,,,,,eddy:geography:jeannette-2012,unresolved,,,named_eddy_state:eddy:geography:jeannette-2012:state:TASM,,unknown_no_dated_eddy_footprint,[],,source:7487b9a234864d2d,,jeannette-2012,state:TASM
claim:named_eddy_state:eddy:geography:jeannette-2012:state:WARM,,,,,eddy:geography:jeannette-2012,unresolved,,,named_eddy_state:eddy:geography:jeannette-2012:state:WARM,,unknown_no_dated_eddy_footprint,[],,source:7487b9a234864d2d,,jeannette-2012,state:WARM
claim:named_eddy_state:eddy:geography:jeannette-2012:state:WTRA,,,,,eddy:geography:jeannette-2012,unresolved,,,named_eddy_state:eddy:geography:jeannette-2012:state:WTRA,,unknown_no_dated_eddy_footprint,[],,source:7487b9a234864d2d,,jeannette-2012,state:WTRA
claim:named_eddy_state:eddy:geography:lilian-2006:state:ALSK,,,,,eddy:geography:lilian-2006,unresolved,,,named_eddy_state:eddy:geography:lilian-2006:state:ALSK,,unknown_no_dated_eddy_footprint,[],,source:7487b9a234864d2d,,lilian-2006,state:ALSK
claim:named_eddy_state:eddy:geography:lilian-2006:state:ANTA,,,,,eddy:geography:lilian-2006,unresolved,,,named_eddy_state:eddy:geography:lilian-2006:state:ANTA,,unknown_no_dated_eddy_footprint,[],,source:7487b9a234864d2d,,lilian-2006,state:ANTA
claim:named_eddy_state:eddy:geography:lilian-2006:state:APLR,,,,,eddy:geography:lilian-2006,unresolved,,,named_eddy_state:eddy:geography:lilian-2006:state:APLR,,unknown_no_dated_eddy_footprint,[],,source:7487b9a234864d2d,,lilian-2006,state:APLR
claim:named_eddy_state:eddy:geography:lilian-2006:state:ARAB,,,,,eddy:geography:lilian-2006,unresolved,,,named_eddy_state:eddy:geography:lilian-2006:state:ARAB,,unknown_no_dated_eddy_footprint,[],,source:7487b9a234864d2d,,lilian-2006,state:ARAB
claim:named_eddy_state:eddy:geography:lilian-2006:state:ARCH,,,,,eddy:geography:lilian-2006,unresolved,,,named_eddy_state:eddy:geography:lilian-2006:state:ARCH,,unknown_no_dated_eddy_footprint,[],,source:7487b9a234864d2d,,lilian-2006,state:ARCH
claim:named_eddy_state:eddy:geography:lilian-2006:state:ARCT,,,,,eddy:geography:lilian-2006,unresolved,,,named_eddy_state:eddy:geography:lilian-2006:state:ARCT,,unknown_no_dated_eddy_footprint,[],,source:7487b9a234864d2d,,lilian-2006,state:ARCT
claim:named_eddy_state:eddy:geography:lilian-2006:state:AUSE,,,,,eddy:geography:lilian-2006,unresolved,,,named_eddy_state:eddy:geography:lilian-2006:state:AUSE,,unknown_no_dated_eddy_footprint,[],,source:7487b9a234864d2d,,lilian-2006,state:AUSE
claim:named_eddy_state:eddy:geography:lilian-2006:state:AUSW,,,,,eddy:geography:lilian-2006,unresolved,,,named_eddy_state:eddy:geography:lilian-2006:state:AUSW,,unknown_no_dated_eddy_footprint,[],,source:7487b9a234864d2d,,lilian-2006,state:AUSW
claim:named_eddy_state:eddy:geography:lilian-2006:state:BENG,,,,,eddy:geography:lilian-2006,unresolved,,,named_eddy_state:eddy:geography:lilian-2006:state:BENG,,unknown_no_dated_eddy_footprint,[],,source:7487b9a234864d2d,,lilian-2006,state:BENG
claim:named_eddy_state:eddy:geography:lilian-2006:state:BERS,,,,,eddy:geography:lilian-2006,unresolved,,,named_eddy_state:eddy:geography:lilian-2006:state:BERS,,unknown_no_dated_eddy_footprint,[],,source:7487b9a234864d2d,,lilian-2006,state:BERS
claim:named_eddy_state:eddy:geography:lilian-2006:state:BPLR,,,,,eddy:geography:lilian-2006,unresolved,,,named_eddy_state:eddy:geography:lilian-2006:state:BPLR,,unknown_no_dated_eddy_footprint,[],,source:7487b9a234864d2d,,lilian-2006,state:BPLR
claim:named_eddy_state:eddy:geography:lilian-2006:state:BRAZ,,,,,eddy:geography:lilian-2006,point_or_region_locator,,,named_eddy_state:eddy:geography:lilian-2006:state:BRAZ,,unknown_no_dated_eddy_footprint,"[""observed_center""]",,source:7487b9a234864d2d,,lilian-2006,state:BRAZ
claim:named_eddy_state:eddy:geography:lilian-2006:state:CAMR,,,,,eddy:geography:lilian-2006,unresolved,,,named_eddy_state:eddy:geography:lilian-2006:state:CAMR,,unknown_no_dated_eddy_footprint,[],,source:7487b9a234864d2d,,lilian-2006,state:CAMR
claim:named_eddy_state:eddy:geography:lilian-2006:state:CARB,,,,,eddy:geography:lilian-2006,unresolved,,,named_eddy_state:eddy:geography:lilian-2006:state:CARB,,unknown_no_dated_eddy_footprint,[],,source:7487b9a234864d2d,,lilian-2006,state:CARB
claim:named_eddy_state:eddy:geography:lilian-2006:state:CCAL,,,,,eddy:geography:lilian-2006,unresolved,,,named_eddy_state:eddy:geography:lilian-2006:state:CCAL,,unknown_no_dated_eddy_footprint,[],,source:7487b9a234864d2d,,lilian-2006,state:CCAL
claim:named_eddy_state:eddy:geography:lilian-2006:state:CHIN,,,,,eddy:geography:lilian-2006,unresolved,,,named_eddy_state:eddy:geography:lilian-2006:state:CHIN,,unknown_no_dated_eddy_footprint,[],,source:7487b9a234864d2d,,lilian-2006,state:CHIN
claim:named_eddy_state:eddy:geography:lilian-2006:state:CNRY,,,,,eddy:geography:lilian-2006,unresolved,,,named_eddy_state:eddy:geography:lilian-2006:state:CNRY,,unknown_no_dated_eddy_footprint,[],,source:7487b9a234864d2d,,lilian-2006,state:CNRY
claim:named_eddy_state:eddy:geography:lilian-2006:state:EAFR,,,,,eddy:geography:lilian-2006,unresolved,,,named_eddy_state:eddy:geography:lilian-2006:state:EAFR,,unknown_no_dated_eddy_footprint,[],,source:7487b9a234864d2d,,lilian-2006,state:EAFR
claim:named_eddy_state:eddy:geography:lilian-2006:state:ETRA,,,,,eddy:geography:lilian-2006,unresolved,,,named_eddy_state:eddy:geography:lilian-2006:state:ETRA,,unknown_no_dated_eddy_footprint,[],,source:7487b9a234864d2d,,lilian-2006,state:ETRA
claim:named_eddy_state:eddy:geography:lilian-2006:state:FKLD,,,,,eddy:geography:lilian-2006,unresolved,,,named_eddy_state:eddy:geography:lilian-2006:state:FKLD,,unknown_no_dated_eddy_footprint,[],,source:7487b9a234864d2d,,lilian-2006,state:FKLD
claim:named_eddy_state:eddy:geography:lilian-2006:state:GFST,,,,,eddy:geography:lilian-2006,unresolved,,,named_eddy_state:eddy:geography:lilian-2006:state:GFST,,unknown_no_dated_eddy_footprint,[],,source:7487b9a234864d2d,,lilian-2006,state:GFST
claim:named_eddy_state:eddy:geography:lilian-2006:state:GUIA,,,,,eddy:geography:lilian-2006,unresolved,,,named_eddy_state:eddy:geography:lilian-2006:state:GUIA,,unknown_no_dated_eddy_footprint,[],,source:7487b9a234864d2d,,lilian-2006,state:GUIA
claim:named_eddy_state:eddy:geography:lilian-2006:state:GUIN,,,,,eddy:geography:lilian-2006,unresolved,,,named_eddy_state:eddy:geography:lilian-2006:state:GUIN,,unknown_no_dated_eddy_footprint,[],,source:7487b9a234864d2d,,lilian-2006,state:GUIN
claim:named_eddy_state:eddy:geography:lilian-2006:state:HUMB,,,,,eddy:geography:lilian-2006,unresolved,,,named_eddy_state:eddy:geography:lilian-2006:state:HUMB,,unknown_no_dated_eddy_footprint,[],,source:7487b9a234864d2d,,lilian-2006,state:HUMB
claim:named_eddy_state:eddy:geography:lilian-2006:state:IND E,,,,,eddy:geography:lilian-2006,unresolved,,,named_eddy_state:eddy:geography:lilian-2006:state:IND E,,unknown_no_dated_eddy_footprint,[],,source:7487b9a234864d2d,,lilian-2006,state:IND E
claim:named_eddy_state:eddy:geography:lilian-2006:state:IND W,,,,,eddy:geography:lilian-2006,unresolved,,,named_eddy_state:eddy:geography:lilian-2006:state:IND W,,unknown_no_dated_eddy_footprint,[],,source:7487b9a234864d2d,,lilian-2006,state:IND W
claim:named_eddy_state:eddy:geography:lilian-2006:state:ISSG,,,,,eddy:geography:lilian-2006,unresolved,,,named_eddy_state:eddy:geography:lilian-2006:state:ISSG,,unknown_no_dated_eddy_footprint,[],,source:7487b9a234864d2d,,lilian-2006,state:ISSG
claim:named_eddy_state:eddy:geography:lilian-2006:state:KURO,,,,,eddy:geography:lilian-2006,unresolved,,,named_eddy_state:eddy:geography:lilian-2006:state:KURO,,unknown_no_dated_eddy_footprint,[],,source:7487b9a234864d2d,,lilian-2006,state:KURO
claim:named_eddy_state:eddy:geography:lilian-2006:state:MEDI,,,,,eddy:geography:lilian-2006,unresolved,,,named_eddy_state:eddy:geography:lilian-2006:state:MEDI,,unknown_no_dated_eddy_footprint,[],,source:7487b9a234864d2d,,lilian-2006,state:MEDI
claim:named_eddy_state:eddy:geography:lilian-2006:state:MONS,,,,,eddy:geography:lilian-2006,unresolved,,,named_eddy_state:eddy:geography:lilian-2006:state:MONS,,unknown_no_dated_eddy_footprint,[],,source:7487b9a234864d2d,,lilian-2006,state:MONS
claim:named_eddy_state:eddy:geography:lilian-2006:state:NADR,,,,,eddy:geography:lilian-2006,unresolved,,,named_eddy_state:eddy:geography:lilian-2006:state:NADR,,unknown_no_dated_eddy_footprint,[],,source:7487b9a234864d2d,,lilian-2006,state:NADR
claim:named_eddy_state:eddy:geography:lilian-2006:state:NAST E,,,,,eddy:geography:lilian-2006,unresolved,,,named_eddy_state:eddy:geography:lilian-2006:state:NAST E,,unknown_no_dated_eddy_footprint,[],,source:7487b9a234864d2d,,lilian-2006,state:NAST E
claim:named_eddy_state:eddy:geography:lilian-2006:state:NAST W,,,,,eddy:geography:lilian-2006,unresolved,,,named_eddy_state:eddy:geography:lilian-2006:state:NAST W,,unknown_no_dated_eddy_footprint,[],,source:7487b9a234864d2d,,lilian-2006,state:NAST W
claim:named_eddy_state:eddy:geography:lilian-2006:state:NATR,,,,,eddy:geography:lilian-2006,unresolved,,,named_eddy_state:eddy:geography:lilian-2006:state:NATR,,unknown_no_dated_eddy_footprint,[],,source:7487b9a234864d2d,,lilian-2006,state:NATR
claim:named_eddy_state:eddy:geography:lilian-2006:state:NECS,,,,,eddy:geography:lilian-2006,unresolved,,,named_eddy_state:eddy:geography:lilian-2006:state:NECS,,unknown_no_dated_eddy_footprint,[],,source:7487b9a234864d2d,,lilian-2006,state:NECS
claim:named_eddy_state:eddy:geography:lilian-2006:state:NEWZ,,,,,eddy:geography:lilian-2006,unresolved,,,named_eddy_state:eddy:geography:lilian-2006:state:NEWZ,,unknown_no_dated_eddy_footprint,[],,source:7487b9a234864d2d,,lilian-2006,state:NEWZ
claim:named_eddy_state:eddy:geography:lilian-2006:state:NPPF,,,,,eddy:geography:lilian-2006,unresolved,,,named_eddy_state:eddy:geography:lilian-2006:state:NPPF,,unknown_no_dated_eddy_footprint,[],,source:7487b9a234864d2d,,lilian-2006,state:NPPF
claim:named_eddy_state:eddy:geography:lilian-2006:state:NPSE,,,,,eddy:geography:lilian-2006,unresolved,,,named_eddy_state:eddy:geography:lilian-2006:state:NPSE,,unknown_no_dated_eddy_footprint,[],,source:7487b9a234864d2d,,lilian-2006,state:NPSE
claim:named_eddy_state:eddy:geography:lilian-2006:state:NPSW,,,,,eddy:geography:lilian-2006,unresolved,,,named_eddy_state:eddy:geography:lilian-2006:state:NPSW,,unknown_no_dated_eddy_footprint,[],,source:7487b9a234864d2d,,lilian-2006,state:NPSW
claim:named_eddy_state:eddy:geography:lilian-2006:state:NPTG,,,,,eddy:geography:lilian-2006,unresolved,,,named_eddy_state:eddy:geography:lilian-2006:state:NPTG,,unknown_no_dated_eddy_footprint,[],,source:7487b9a234864d2d,,lilian-2006,state:NPTG
claim:named_eddy_state:eddy:geography:lilian-2006:state:NWCS,,,,,eddy:geography:lilian-2006,unresolved,,,named_eddy_state:eddy:geography:lilian-2006:state:NWCS,,unknown_no_dated_eddy_footprint,[],,source:7487b9a234864d2d,,lilian-2006,state:NWCS
claim:named_eddy_state:eddy:geography:lilian-2006:state:OCAL,,,,,eddy:geography:lilian-2006,unresolved,,,named_eddy_state:eddy:geography:lilian-2006:state:OCAL,,unknown_no_dated_eddy_footprint,[],,source:7487b9a234864d2d,,lilian-2006,state:OCAL
claim:named_eddy_state:eddy:geography:lilian-2006:state:PEQD,,,,,eddy:geography:lilian-2006,unresolved,,,named_eddy_state:eddy:geography:lilian-2006:state:PEQD,,unknown_no_dated_eddy_footprint,[],,source:7487b9a234864d2d,,lilian-2006,state:PEQD
claim:named_eddy_state:eddy:geography:lilian-2006:state:PNEC,,,,,eddy:geography:lilian-2006,unresolved,,,named_eddy_state:eddy:geography:lilian-2006:state:PNEC,,unknown_no_dated_eddy_footprint,[],,source:7487b9a234864d2d,,lilian-2006,state:PNEC
claim:named_eddy_state:eddy:geography:lilian-2006:state:PSAE,,,,,eddy:geography:lilian-2006,unresolved,,,named_eddy_state:eddy:geography:lilian-2006:state:PSAE,,unknown_no_dated_eddy_footprint,[],,source:7487b9a234864d2d,,lilian-2006,state:PSAE
claim:named_eddy_state:eddy:geography:lilian-2006:state:PSAW,,,,,eddy:geography:lilian-2006,unresolved,,,named_eddy_state:eddy:geography:lilian-2006:state:PSAW,,unknown_no_dated_eddy_footprint,[],,source:7487b9a234864d2d,,lilian-2006,state:PSAW
claim:named_eddy_state:eddy:geography:lilian-2006:state:REDS,,,,,eddy:geography:lilian-2006,unresolved,,,named_eddy_state:eddy:geography:lilian-2006:state:REDS,,unknown_no_dated_eddy_footprint,[],,source:7487b9a234864d2d,,lilian-2006,state:REDS
claim:named_eddy_state:eddy:geography:lilian-2006:state:SANT,,,,,eddy:geography:lilian-2006,unresolved,,,named_eddy_state:eddy:geography:lilian-2006:state:SANT,,unknown_no_dated_eddy_footprint,[],,source:7487b9a234864d2d,,lilian-2006,state:SANT
claim:named_eddy_state:eddy:geography:lilian-2006:state:SARC,,,,,eddy:geography:lilian-2006,unresolved,,,named_eddy_state:eddy:geography:lilian-2006:state:SARC,,unknown_no_dated_eddy_footprint,[],,source:7487b9a234864d2d,,lilian-2006,state:SARC
claim:named_eddy_state:eddy:geography:lilian-2006:state:SATL,,,,,eddy:geography:lilian-2006,unresolved,,,named_eddy_state:eddy:geography:lilian-2006:state:SATL,,unknown_no_dated_eddy_footprint,[],,source:7487b9a234864d2d,,lilian-2006,state:SATL
claim:named_eddy_state:eddy:geography:lilian-2006:state:SPSG,,,,,eddy:geography:lilian-2006,unresolved,,,named_eddy_state:eddy:geography:lilian-2006:state:SPSG,,unknown_no_dated_eddy_footprint,[],,source:7487b9a234864d2d,,lilian-2006,state:SPSG
claim:named_eddy_state:eddy:geography:lilian-2006:state:SSTC,,,,,eddy:geography:lilian-2006,additional_observed_point,,,named_eddy_state:eddy:geography:lilian-2006:state:SSTC,,unknown_no_dated_eddy_footprint,"[""reported_first_detection_point""]",,source:7487b9a234864d2d,,lilian-2006,state:SSTC
claim:named_eddy_state:eddy:geography:lilian-2006:state:SUND,,,,,eddy:geography:lilian-2006,unresolved,,,named_eddy_state:eddy:geography:lilian-2006:state:SUND,,unknown_no_dated_eddy_footprint,[],,source:7487b9a234864d2d,,lilian-2006,state:SUND
claim:named_eddy_state:eddy:geography:lilian-2006:state:TASM,,,,,eddy:geography:lilian-2006,unresolved,,,named_eddy_state:eddy:geography:lilian-2006:state:TASM,,unknown_no_dated_eddy_footprint,[],,source:7487b9a234864d2d,,lilian-2006,state:TASM
claim:named_eddy_state:eddy:geography:lilian-2006:state:WARM,,,,,eddy:geography:lilian-2006,unresolved,,,named_eddy_state:eddy:geography:lilian-2006:state:WARM,,unknown_no_dated_eddy_footprint,[],,source:7487b9a234864d2d,,lilian-2006,state:WARM
claim:named_eddy_state:eddy:geography:lilian-2006:state:WTRA,,,,,eddy:geography:lilian-2006,unresolved,,,named_eddy_state:eddy:geography:lilian-2006:state:WTRA,,unknown_no_dated_eddy_footprint,[],,source:7487b9a234864d2d,,lilian-2006,state:WTRA
claim:named_eddy_state:eddy:geography:agulhas-eddy-w-2000:state:ALSK,,,,,eddy:geography:agulhas-eddy-w-2000,unresolved,,,named_eddy_state:eddy:geography:agulhas-eddy-w-2000:state:ALSK,,unknown_no_dated_eddy_footprint,[],,source:7487b9a234864d2d,,agulhas-eddy-w-2000,state:ALSK
claim:named_eddy_state:eddy:geography:agulhas-eddy-w-2000:state:ANTA,,,,,eddy:geography:agulhas-eddy-w-2000,unresolved,,,named_eddy_state:eddy:geography:agulhas-eddy-w-2000:state:ANTA,,unknown_no_dated_eddy_footprint,[],,source:7487b9a234864d2d,,agulhas-eddy-w-2000,state:ANTA
claim:named_eddy_state:eddy:geography:agulhas-eddy-w-2000:state:APLR,,,,,eddy:geography:agulhas-eddy-w-2000,unresolved,,,named_eddy_state:eddy:geography:agulhas-eddy-w-2000:state:APLR,,unknown_no_dated_eddy_footprint,[],,source:7487b9a234864d2d,,agulhas-eddy-w-2000,state:APLR
claim:named_eddy_state:eddy:geography:agulhas-eddy-w-2000:state:ARAB,,,,,eddy:geography:agulhas-eddy-w-2000,unresolved,,,named_eddy_state:eddy:geography:agulhas-eddy-w-2000:state:ARAB,,unknown_no_dated_eddy_footprint,[],,source:7487b9a234864d2d,,agulhas-eddy-w-2000,state:ARAB
claim:named_eddy_state:eddy:geography:agulhas-eddy-w-2000:state:ARCH,,,,,eddy:geography:agulhas-eddy-w-2000,unresolved,,,named_eddy_state:eddy:geography:agulhas-eddy-w-2000:state:ARCH,,unknown_no_dated_eddy_footprint,[],,source:7487b9a234864d2d,,agulhas-eddy-w-2000,state:ARCH
claim:named_eddy_state:eddy:geography:agulhas-eddy-w-2000:state:ARCT,,,,,eddy:geography:agulhas-eddy-w-2000,unresolved,,,named_eddy_state:eddy:geography:agulhas-eddy-w-2000:state:ARCT,,unknown_no_dated_eddy_footprint,[],,source:7487b9a234864d2d,,agulhas-eddy-w-2000,state:ARCT
claim:named_eddy_state:eddy:geography:agulhas-eddy-w-2000:state:AUSE,,,,,eddy:geography:agulhas-eddy-w-2000,unresolved,,,named_eddy_state:eddy:geography:agulhas-eddy-w-2000:state:AUSE,,unknown_no_dated_eddy_footprint,[],,source:7487b9a234864d2d,,agulhas-eddy-w-2000,state:AUSE
claim:named_eddy_state:eddy:geography:agulhas-eddy-w-2000:state:AUSW,,,,,eddy:geography:agulhas-eddy-w-2000,unresolved,,,named_eddy_state:eddy:geography:agulhas-eddy-w-2000:state:AUSW,,unknown_no_dated_eddy_footprint,[],,source:7487b9a234864d2d,,agulhas-eddy-w-2000,state:AUSW
claim:named_eddy_state:eddy:geography:agulhas-eddy-w-2000:state:BENG,,,,,eddy:geography:agulhas-eddy-w-2000,point_or_region_locator,,,named_eddy_state:eddy:geography:agulhas-eddy-w-2000:state:BENG,,unknown_no_dated_eddy_footprint,"[""observed_center""]",,source:7487b9a234864d2d,,agulhas-eddy-w-2000,state:BENG
claim:named_eddy_state:eddy:geography:agulhas-eddy-w-2000:state:BERS,,,,,eddy:geography:agulhas-eddy-w-2000,unresolved,,,named_eddy_state:eddy:geography:agulhas-eddy-w-2000:state:BERS,,unknown_no_dated_eddy_footprint,[],,source:7487b9a234864d2d,,agulhas-eddy-w-2000,state:BERS
claim:named_eddy_state:eddy:geography:agulhas-eddy-w-2000:state:BPLR,,,,,eddy:geography:agulhas-eddy-w-2000,unresolved,,,named_eddy_state:eddy:geography:agulhas-eddy-w-2000:state:BPLR,,unknown_no_dated_eddy_footprint,[],,source:7487b9a234864d2d,,agulhas-eddy-w-2000,state:BPLR
claim:named_eddy_state:eddy:geography:agulhas-eddy-w-2000:state:BRAZ,,,,,eddy:geography:agulhas-eddy-w-2000,unresolved,,,named_eddy_state:eddy:geography:agulhas-eddy-w-2000:state:BRAZ,,unknown_no_dated_eddy_footprint,[],,source:7487b9a234864d2d,,agulhas-eddy-w-2000,state:BRAZ
claim:named_eddy_state:eddy:geography:agulhas-eddy-w-2000:state:CAMR,,,,,eddy:geography:agulhas-eddy-w-2000,unresolved,,,named_eddy_state:eddy:geography:agulhas-eddy-w-2000:state:CAMR,,unknown_no_dated_eddy_footprint,[],,source:7487b9a234864d2d,,agulhas-eddy-w-2000,state:CAMR
claim:named_eddy_state:eddy:geography:agulhas-eddy-w-2000:state:CARB,,,,,eddy:geography:agulhas-eddy-w-2000,unresolved,,,named_eddy_state:eddy:geography:agulhas-eddy-w-2000:state:CARB,,unknown_no_dated_eddy_footprint,[],,source:7487b9a234864d2d,,agulhas-eddy-w-2000,state:CARB
claim:named_eddy_state:eddy:geography:agulhas-eddy-w-2000:state:CCAL,,,,,eddy:geography:agulhas-eddy-w-2000,unresolved,,,named_eddy_state:eddy:geography:agulhas-eddy-w-2000:state:CCAL,,unknown_no_dated_eddy_footprint,[],,source:7487b9a234864d2d,,agulhas-eddy-w-2000,state:CCAL
claim:named_eddy_state:eddy:geography:agulhas-eddy-w-2000:state:CHIN,,,,,eddy:geography:agulhas-eddy-w-2000,unresolved,,,named_eddy_state:eddy:geography:agulhas-eddy-w-2000:state:CHIN,,unknown_no_dated_eddy_footprint,[],,source:7487b9a234864d2d,,agulhas-eddy-w-2000,state:CHIN
claim:named_eddy_state:eddy:geography:agulhas-eddy-w-2000:state:CNRY,,,,,eddy:geography:agulhas-eddy-w-2000,unresolved,,,named_eddy_state:eddy:geography:agulhas-eddy-w-2000:state:CNRY,,unknown_no_dated_eddy_footprint,[],,source:7487b9a234864d2d,,agulhas-eddy-w-2000,state:CNRY
claim:named_eddy_state:eddy:geography:agulhas-eddy-w-2000:state:EAFR,,,,,eddy:geography:agulhas-eddy-w-2000,unresolved,,,named_eddy_state:eddy:geography:agulhas-eddy-w-2000:state:EAFR,,unknown_no_dated_eddy_footprint,[],,source:7487b9a234864d2d,,agulhas-eddy-w-2000,state:EAFR
claim:named_eddy_state:eddy:geography:agulhas-eddy-w-2000:state:ETRA,,,,,eddy:geography:agulhas-eddy-w-2000,unresolved,,,named_eddy_state:eddy:geography:agulhas-eddy-w-2000:state:ETRA,,unknown_no_dated_eddy_footprint,[],,source:7487b9a234864d2d,,agulhas-eddy-w-2000,state:ETRA
claim:named_eddy_state:eddy:geography:agulhas-eddy-w-2000:state:FKLD,,,,,eddy:geography:agulhas-eddy-w-2000,unresolved,,,named_eddy_state:eddy:geography:agulhas-eddy-w-2000:state:FKLD,,unknown_no_dated_eddy_footprint,[],,source:7487b9a234864d2d,,agulhas-eddy-w-2000,state:FKLD
claim:named_eddy_state:eddy:geography:agulhas-eddy-w-2000:state:GFST,,,,,eddy:geography:agulhas-eddy-w-2000,unresolved,,,named_eddy_state:eddy:geography:agulhas-eddy-w-2000:state:GFST,,unknown_no_dated_eddy_footprint,[],,source:7487b9a234864d2d,,agulhas-eddy-w-2000,state:GFST
claim:named_eddy_state:eddy:geography:agulhas-eddy-w-2000:state:GUIA,,,,,eddy:geography:agulhas-eddy-w-2000,unresolved,,,named_eddy_state:eddy:geography:agulhas-eddy-w-2000:state:GUIA,,unknown_no_dated_eddy_footprint,[],,source:7487b9a234864d2d,,agulhas-eddy-w-2000,state:GUIA
claim:named_eddy_state:eddy:geography:agulhas-eddy-w-2000:state:GUIN,,,,,eddy:geography:agulhas-eddy-w-2000,unresolved,,,named_eddy_state:eddy:geography:agulhas-eddy-w-2000:state:GUIN,,unknown_no_dated_eddy_footprint,[],,source:7487b9a234864d2d,,agulhas-eddy-w-2000,state:GUIN
claim:named_eddy_state:eddy:geography:agulhas-eddy-w-2000:state:HUMB,,,,,eddy:geography:agulhas-eddy-w-2000,unresolved,,,named_eddy_state:eddy:geography:agulhas-eddy-w-2000:state:HUMB,,unknown_no_dated_eddy_footprint,[],,source:7487b9a234864d2d,,agulhas-eddy-w-2000,state:HUMB
claim:named_eddy_state:eddy:geography:agulhas-eddy-w-2000:state:IND E,,,,,eddy:geography:agulhas-eddy-w-2000,unresolved,,,named_eddy_state:eddy:geography:agulhas-eddy-w-2000:state:IND E,,unknown_no_dated_eddy_footprint,[],,source:7487b9a234864d2d,,agulhas-eddy-w-2000,state:IND E
claim:named_eddy_state:eddy:geography:agulhas-eddy-w-2000:state:IND W,,,,,eddy:geography:agulhas-eddy-w-2000,unresolved,,,named_eddy_state:eddy:geography:agulhas-eddy-w-2000:state:IND W,,unknown_no_dated_eddy_footprint,[],,source:7487b9a234864d2d,,agulhas-eddy-w-2000,state:IND W
claim:named_eddy_state:eddy:geography:agulhas-eddy-w-2000:state:ISSG,,,,,eddy:geography:agulhas-eddy-w-2000,unresolved,,,named_eddy_state:eddy:geography:agulhas-eddy-w-2000:state:ISSG,,unknown_no_dated_eddy_footprint,[],,source:7487b9a234864d2d,,agulhas-eddy-w-2000,state:ISSG
claim:named_eddy_state:eddy:geography:agulhas-eddy-w-2000:state:KURO,,,,,eddy:geography:agulhas-eddy-w-2000,unresolved,,,named_eddy_state:eddy:geography:agulhas-eddy-w-2000:state:KURO,,unknown_no_dated_eddy_footprint,[],,source:7487b9a234864d2d,,agulhas-eddy-w-2000,state:KURO
claim:named_eddy_state:eddy:geography:agulhas-eddy-w-2000:state:MEDI,,,,,eddy:geography:agulhas-eddy-w-2000,unresolved,,,named_eddy_state:eddy:geography:agulhas-eddy-w-2000:state:MEDI,,unknown_no_dated_eddy_footprint,[],,source:7487b9a234864d2d,,agulhas-eddy-w-2000,state:MEDI
claim:named_eddy_state:eddy:geography:agulhas-eddy-w-2000:state:MONS,,,,,eddy:geography:agulhas-eddy-w-2000,unresolved,,,named_eddy_state:eddy:geography:agulhas-eddy-w-2000:state:MONS,,unknown_no_dated_eddy_footprint,[],,source:7487b9a234864d2d,,agulhas-eddy-w-2000,state:MONS
claim:named_eddy_state:eddy:geography:agulhas-eddy-w-2000:state:NADR,,,,,eddy:geography:agulhas-eddy-w-2000,unresolved,,,named_eddy_state:eddy:geography:agulhas-eddy-w-2000:state:NADR,,unknown_no_dated_eddy_footprint,[],,source:7487b9a234864d2d,,agulhas-eddy-w-2000,state:NADR
claim:named_eddy_state:eddy:geography:agulhas-eddy-w-2000:state:NAST E,,,,,eddy:geography:agulhas-eddy-w-2000,unresolved,,,named_eddy_state:eddy:geography:agulhas-eddy-w-2000:state:NAST E,,unknown_no_dated_eddy_footprint,[],,source:7487b9a234864d2d,,agulhas-eddy-w-2000,state:NAST E
claim:named_eddy_state:eddy:geography:agulhas-eddy-w-2000:state:NAST W,,,,,eddy:geography:agulhas-eddy-w-2000,unresolved,,,named_eddy_state:eddy:geography:agulhas-eddy-w-2000:state:NAST W,,unknown_no_dated_eddy_footprint,[],,source:7487b9a234864d2d,,agulhas-eddy-w-2000,state:NAST W
claim:named_eddy_state:eddy:geography:agulhas-eddy-w-2000:state:NATR,,,,,eddy:geography:agulhas-eddy-w-2000,unresolved,,,named_eddy_state:eddy:geography:agulhas-eddy-w-2000:state:NATR,,unknown_no_dated_eddy_footprint,[],,source:7487b9a234864d2d,,agulhas-eddy-w-2000,state:NATR
claim:named_eddy_state:eddy:geography:agulhas-eddy-w-2000:state:NECS,,,,,eddy:geography:agulhas-eddy-w-2000,unresolved,,,named_eddy_state:eddy:geography:agulhas-eddy-w-2000:state:NECS,,unknown_no_dated_eddy_footprint,[],,source:7487b9a234864d2d,,agulhas-eddy-w-2000,state:NECS
claim:named_eddy_state:eddy:geography:agulhas-eddy-w-2000:state:NEWZ,,,,,eddy:geography:agulhas-eddy-w-2000,unresolved,,,named_eddy_state:eddy:geography:agulhas-eddy-w-2000:state:NEWZ,,unknown_no_dated_eddy_footprint,[],,source:7487b9a234864d2d,,agulhas-eddy-w-2000,state:NEWZ
claim:named_eddy_state:eddy:geography:agulhas-eddy-w-2000:state:NPPF,,,,,eddy:geography:agulhas-eddy-w-2000,unresolved,,,named_eddy_state:eddy:geography:agulhas-eddy-w-2000:state:NPPF,,unknown_no_dated_eddy_footprint,[],,source:7487b9a234864d2d,,agulhas-eddy-w-2000,state:NPPF
claim:named_eddy_state:eddy:geography:agulhas-eddy-w-2000:state:NPSE,,,,,eddy:geography:agulhas-eddy-w-2000,unresolved,,,named_eddy_state:eddy:geography:agulhas-eddy-w-2000:state:NPSE,,unknown_no_dated_eddy_footprint,[],,source:7487b9a234864d2d,,agulhas-eddy-w-2000,state:NPSE
claim:named_eddy_state:eddy:geography:agulhas-eddy-w-2000:state:NPSW,,,,,eddy:geography:agulhas-eddy-w-2000,unresolved,,,named_eddy_state:eddy:geography:agulhas-eddy-w-2000:state:NPSW,,unknown_no_dated_eddy_footprint,[],,source:7487b9a234864d2d,,agulhas-eddy-w-2000,state:NPSW
claim:named_eddy_state:eddy:geography:agulhas-eddy-w-2000:state:NPTG,,,,,eddy:geography:agulhas-eddy-w-2000,unresolved,,,named_eddy_state:eddy:geography:agulhas-eddy-w-2000:state:NPTG,,unknown_no_dated_eddy_footprint,[],,source:7487b9a234864d2d,,agulhas-eddy-w-2000,state:NPTG
claim:named_eddy_state:eddy:geography:agulhas-eddy-w-2000:state:NWCS,,,,,eddy:geography:agulhas-eddy-w-2000,unresolved,,,named_eddy_state:eddy:geography:agulhas-eddy-w-2000:state:NWCS,,unknown_no_dated_eddy_footprint,[],,source:7487b9a234864d2d,,agulhas-eddy-w-2000,state:NWCS
claim:named_eddy_state:eddy:geography:agulhas-eddy-w-2000:state:OCAL,,,,,eddy:geography:agulhas-eddy-w-2000,unresolved,,,named_eddy_state:eddy:geography:agulhas-eddy-w-2000:state:OCAL,,unknown_no_dated_eddy_footprint,[],,source:7487b9a234864d2d,,agulhas-eddy-w-2000,state:OCAL
claim:named_eddy_state:eddy:geography:agulhas-eddy-w-2000:state:PEQD,,,,,eddy:geography:agulhas-eddy-w-2000,unresolved,,,named_eddy_state:eddy:geography:agulhas-eddy-w-2000:state:PEQD,,unknown_no_dated_eddy_footprint,[],,source:7487b9a234864d2d,,agulhas-eddy-w-2000,state:PEQD
claim:named_eddy_state:eddy:geography:agulhas-eddy-w-2000:state:PNEC,,,,,eddy:geography:agulhas-eddy-w-2000,unresolved,,,named_eddy_state:eddy:geography:agulhas-eddy-w-2000:state:PNEC,,unknown_no_dated_eddy_footprint,[],,source:7487b9a234864d2d,,agulhas-eddy-w-2000,state:PNEC
claim:named_eddy_state:eddy:geography:agulhas-eddy-w-2000:state:PSAE,,,,,eddy:geography:agulhas-eddy-w-2000,unresolved,,,named_eddy_state:eddy:geography:agulhas-eddy-w-2000:state:PSAE,,unknown_no_dated_eddy_footprint,[],,source:7487b9a234864d2d,,agulhas-eddy-w-2000,state:PSAE
claim:named_eddy_state:eddy:geography:agulhas-eddy-w-2000:state:PSAW,,,,,eddy:geography:agulhas-eddy-w-2000,unresolved,,,named_eddy_state:eddy:geography:agulhas-eddy-w-2000:state:PSAW,,unknown_no_dated_eddy_footprint,[],,source:7487b9a234864d2d,,agulhas-eddy-w-2000,state:PSAW
claim:named_eddy_state:eddy:geography:agulhas-eddy-w-2000:state:REDS,,,,,eddy:geography:agulhas-eddy-w-2000,unresolved,,,named_eddy_state:eddy:geography:agulhas-eddy-w-2000:state:REDS,,unknown_no_dated_eddy_footprint,[],,source:7487b9a234864d2d,,agulhas-eddy-w-2000,state:REDS
claim:named_eddy_state:eddy:geography:agulhas-eddy-w-2000:state:SANT,,,,,eddy:geography:agulhas-eddy-w-2000,unresolved,,,named_eddy_state:eddy:geography:agulhas-eddy-w-2000:state:SANT,,unknown_no_dated_eddy_footprint,[],,source:7487b9a234864d2d,,agulhas-eddy-w-2000,state:SANT
claim:named_eddy_state:eddy:geography:agulhas-eddy-w-2000:state:SARC,,,,,eddy:geography:agulhas-eddy-w-2000,unresolved,,,named_eddy_state:eddy:geography:agulhas-eddy-w-2000:state:SARC,,unknown_no_dated_eddy_footprint,[],,source:7487b9a234864d2d,,agulhas-eddy-w-2000,state:SARC
claim:named_eddy_state:eddy:geography:agulhas-eddy-w-2000:state:SATL,,,,,eddy:geography:agulhas-eddy-w-2000,unresolved,,,named_eddy_state:eddy:geography:agulhas-eddy-w-2000:state:SATL,,unknown_no_dated_eddy_footprint,[],,source:7487b9a234864d2d,,agulhas-eddy-w-2000,state:SATL
claim:named_eddy_state:eddy:geography:agulhas-eddy-w-2000:state:SPSG,,,,,eddy:geography:agulhas-eddy-w-2000,unresolved,,,named_eddy_state:eddy:geography:agulhas-eddy-w-2000:state:SPSG,,unknown_no_dated_eddy_footprint,[],,source:7487b9a234864d2d,,agulhas-eddy-w-2000,state:SPSG
claim:named_eddy_state:eddy:geography:agulhas-eddy-w-2000:state:SSTC,,,,,eddy:geography:agulhas-eddy-w-2000,unresolved,,,named_eddy_state:eddy:geography:agulhas-eddy-w-2000:state:SSTC,,unknown_no_dated_eddy_footprint,[],,source:7487b9a234864d2d,,agulhas-eddy-w-2000,state:SSTC
claim:named_eddy_state:eddy:geography:agulhas-eddy-w-2000:state:SUND,,,,,eddy:geography:agulhas-eddy-w-2000,unresolved,,,named_eddy_state:eddy:geography:agulhas-eddy-w-2000:state:SUND,,unknown_no_dated_eddy_footprint,[],,source:7487b9a234864d2d,,agulhas-eddy-w-2000,state:SUND
claim:named_eddy_state:eddy:geography:agulhas-eddy-w-2000:state:TASM,,,,,eddy:geography:agulhas-eddy-w-2000,unresolved,,,named_eddy_state:eddy:geography:agulhas-eddy-w-2000:state:TASM,,unknown_no_dated_eddy_footprint,[],,source:7487b9a234864d2d,,agulhas-eddy-w-2000,state:TASM
claim:named_eddy_state:eddy:geography:agulhas-eddy-w-2000:state:WARM,,,,,eddy:geography:agulhas-eddy-w-2000,unresolved,,,named_eddy_state:eddy:geography:agulhas-eddy-w-2000:state:WARM,,unknown_no_dated_eddy_footprint,[],,source:7487b9a234864d2d,,agulhas-eddy-w-2000,state:WARM
claim:named_eddy_state:eddy:geography:agulhas-eddy-w-2000:state:WTRA,,,,,eddy:geography:agulhas-eddy-w-2000,unresolved,,,named_eddy_state:eddy:geography:agulhas-eddy-w-2000:state:WTRA,,unknown_no_dated_eddy_footprint,[],,source:7487b9a234864d2d,,agulhas-eddy-w-2000,state:WTRA
claim:named_eddy_state:eddy:geography:persian-gulf-peddies-family:state:ALSK,,,,,eddy:geography:persian-gulf-peddies-family,unresolved,,,named_eddy_state:eddy:geography:persian-gulf-peddies-family:state:ALSK,,unknown_no_dated_eddy_footprint,[],,source:7487b9a234864d2d,,persian-gulf-peddies-family,state:ALSK
claim:named_eddy_state:eddy:geography:persian-gulf-peddies-family:state:ANTA,,,,,eddy:geography:persian-gulf-peddies-family,unresolved,,,named_eddy_state:eddy:geography:persian-gulf-peddies-family:state:ANTA,,unknown_no_dated_eddy_footprint,[],,source:7487b9a234864d2d,,persian-gulf-peddies-family,state:ANTA
claim:named_eddy_state:eddy:geography:persian-gulf-peddies-family:state:APLR,,,,,eddy:geography:persian-gulf-peddies-family,unresolved,,,named_eddy_state:eddy:geography:persian-gulf-peddies-family:state:APLR,,unknown_no_dated_eddy_footprint,[],,source:7487b9a234864d2d,,persian-gulf-peddies-family,state:APLR
claim:named_eddy_state:eddy:geography:persian-gulf-peddies-family:state:ARAB,,,,,eddy:geography:persian-gulf-peddies-family,point_or_region_locator,,,named_eddy_state:eddy:geography:persian-gulf-peddies-family:state:ARAB,,unknown_no_dated_eddy_footprint,"[""editorial_region""]",,source:7487b9a234864d2d,,persian-gulf-peddies-family,state:ARAB
claim:named_eddy_state:eddy:geography:persian-gulf-peddies-family:state:ARCH,,,,,eddy:geography:persian-gulf-peddies-family,unresolved,,,named_eddy_state:eddy:geography:persian-gulf-peddies-family:state:ARCH,,unknown_no_dated_eddy_footprint,[],,source:7487b9a234864d2d,,persian-gulf-peddies-family,state:ARCH
claim:named_eddy_state:eddy:geography:persian-gulf-peddies-family:state:ARCT,,,,,eddy:geography:persian-gulf-peddies-family,unresolved,,,named_eddy_state:eddy:geography:persian-gulf-peddies-family:state:ARCT,,unknown_no_dated_eddy_footprint,[],,source:7487b9a234864d2d,,persian-gulf-peddies-family,state:ARCT
claim:named_eddy_state:eddy:geography:persian-gulf-peddies-family:state:AUSE,,,,,eddy:geography:persian-gulf-peddies-family,unresolved,,,named_eddy_state:eddy:geography:persian-gulf-peddies-family:state:AUSE,,unknown_no_dated_eddy_footprint,[],,source:7487b9a234864d2d,,persian-gulf-peddies-family,state:AUSE
claim:named_eddy_state:eddy:geography:persian-gulf-peddies-family:state:AUSW,,,,,eddy:geography:persian-gulf-peddies-family,unresolved,,,named_eddy_state:eddy:geography:persian-gulf-peddies-family:state:AUSW,,unknown_no_dated_eddy_footprint,[],,source:7487b9a234864d2d,,persian-gulf-peddies-family,state:AUSW
claim:named_eddy_state:eddy:geography:persian-gulf-peddies-family:state:BENG,,,,,eddy:geography:persian-gulf-peddies-family,unresolved,,,named_eddy_state:eddy:geography:persian-gulf-peddies-family:state:BENG,,unknown_no_dated_eddy_footprint,[],,source:7487b9a234864d2d,,persian-gulf-peddies-family,state:BENG
claim:named_eddy_state:eddy:geography:persian-gulf-peddies-family:state:BERS,,,,,eddy:geography:persian-gulf-peddies-family,unresolved,,,named_eddy_state:eddy:geography:persian-gulf-peddies-family:state:BERS,,unknown_no_dated_eddy_footprint,[],,source:7487b9a234864d2d,,persian-gulf-peddies-family,state:BERS
claim:named_eddy_state:eddy:geography:persian-gulf-peddies-family:state:BPLR,,,,,eddy:geography:persian-gulf-peddies-family,unresolved,,,named_eddy_state:eddy:geography:persian-gulf-peddies-family:state:BPLR,,unknown_no_dated_eddy_footprint,[],,source:7487b9a234864d2d,,persian-gulf-peddies-family,state:BPLR
claim:named_eddy_state:eddy:geography:persian-gulf-peddies-family:state:BRAZ,,,,,eddy:geography:persian-gulf-peddies-family,unresolved,,,named_eddy_state:eddy:geography:persian-gulf-peddies-family:state:BRAZ,,unknown_no_dated_eddy_footprint,[],,source:7487b9a234864d2d,,persian-gulf-peddies-family,state:BRAZ
claim:named_eddy_state:eddy:geography:persian-gulf-peddies-family:state:CAMR,,,,,eddy:geography:persian-gulf-peddies-family,unresolved,,,named_eddy_state:eddy:geography:persian-gulf-peddies-family:state:CAMR,,unknown_no_dated_eddy_footprint,[],,source:7487b9a234864d2d,,persian-gulf-peddies-family,state:CAMR
claim:named_eddy_state:eddy:geography:persian-gulf-peddies-family:state:CARB,,,,,eddy:geography:persian-gulf-peddies-family,unresolved,,,named_eddy_state:eddy:geography:persian-gulf-peddies-family:state:CARB,,unknown_no_dated_eddy_footprint,[],,source:7487b9a234864d2d,,persian-gulf-peddies-family,state:CARB
claim:named_eddy_state:eddy:geography:persian-gulf-peddies-family:state:CCAL,,,,,eddy:geography:persian-gulf-peddies-family,unresolved,,,named_eddy_state:eddy:geography:persian-gulf-peddies-family:state:CCAL,,unknown_no_dated_eddy_footprint,[],,source:7487b9a234864d2d,,persian-gulf-peddies-family,state:CCAL
claim:named_eddy_state:eddy:geography:persian-gulf-peddies-family:state:CHIN,,,,,eddy:geography:persian-gulf-peddies-family,unresolved,,,named_eddy_state:eddy:geography:persian-gulf-peddies-family:state:CHIN,,unknown_no_dated_eddy_footprint,[],,source:7487b9a234864d2d,,persian-gulf-peddies-family,state:CHIN
claim:named_eddy_state:eddy:geography:persian-gulf-peddies-family:state:CNRY,,,,,eddy:geography:persian-gulf-peddies-family,unresolved,,,named_eddy_state:eddy:geography:persian-gulf-peddies-family:state:CNRY,,unknown_no_dated_eddy_footprint,[],,source:7487b9a234864d2d,,persian-gulf-peddies-family,state:CNRY
claim:named_eddy_state:eddy:geography:persian-gulf-peddies-family:state:EAFR,,,,,eddy:geography:persian-gulf-peddies-family,unresolved,,,named_eddy_state:eddy:geography:persian-gulf-peddies-family:state:EAFR,,unknown_no_dated_eddy_footprint,[],,source:7487b9a234864d2d,,persian-gulf-peddies-family,state:EAFR
claim:named_eddy_state:eddy:geography:persian-gulf-peddies-family:state:ETRA,,,,,eddy:geography:persian-gulf-peddies-family,unresolved,,,named_eddy_state:eddy:geography:persian-gulf-peddies-family:state:ETRA,,unknown_no_dated_eddy_footprint,[],,source:7487b9a234864d2d,,persian-gulf-peddies-family,state:ETRA
claim:named_eddy_state:eddy:geography:persian-gulf-peddies-family:state:FKLD,,,,,eddy:geography:persian-gulf-peddies-family,unresolved,,,named_eddy_state:eddy:geography:persian-gulf-peddies-family:state:FKLD,,unknown_no_dated_eddy_footprint,[],,source:7487b9a234864d2d,,persian-gulf-peddies-family,state:FKLD
claim:named_eddy_state:eddy:geography:persian-gulf-peddies-family:state:GFST,,,,,eddy:geography:persian-gulf-peddies-family,unresolved,,,named_eddy_state:eddy:geography:persian-gulf-peddies-family:state:GFST,,unknown_no_dated_eddy_footprint,[],,source:7487b9a234864d2d,,persian-gulf-peddies-family,state:GFST
claim:named_eddy_state:eddy:geography:persian-gulf-peddies-family:state:GUIA,,,,,eddy:geography:persian-gulf-peddies-family,unresolved,,,named_eddy_state:eddy:geography:persian-gulf-peddies-family:state:GUIA,,unknown_no_dated_eddy_footprint,[],,source:7487b9a234864d2d,,persian-gulf-peddies-family,state:GUIA
claim:named_eddy_state:eddy:geography:persian-gulf-peddies-family:state:GUIN,,,,,eddy:geography:persian-gulf-peddies-family,unresolved,,,named_eddy_state:eddy:geography:persian-gulf-peddies-family:state:GUIN,,unknown_no_dated_eddy_footprint,[],,source:7487b9a234864d2d,,persian-gulf-peddies-family,state:GUIN
claim:named_eddy_state:eddy:geography:persian-gulf-peddies-family:state:HUMB,,,,,eddy:geography:persian-gulf-peddies-family,unresolved,,,named_eddy_state:eddy:geography:persian-gulf-peddies-family:state:HUMB,,unknown_no_dated_eddy_footprint,[],,source:7487b9a234864d2d,,persian-gulf-peddies-family,state:HUMB
claim:named_eddy_state:eddy:geography:persian-gulf-peddies-family:state:IND E,,,,,eddy:geography:persian-gulf-peddies-family,unresolved,,,named_eddy_state:eddy:geography:persian-gulf-peddies-family:state:IND E,,unknown_no_dated_eddy_footprint,[],,source:7487b9a234864d2d,,persian-gulf-peddies-family,state:IND E
claim:named_eddy_state:eddy:geography:persian-gulf-peddies-family:state:IND W,,,,,eddy:geography:persian-gulf-peddies-family,unresolved,,,named_eddy_state:eddy:geography:persian-gulf-peddies-family:state:IND W,,unknown_no_dated_eddy_footprint,[],,source:7487b9a234864d2d,,persian-gulf-peddies-family,state:IND W
claim:named_eddy_state:eddy:geography:persian-gulf-peddies-family:state:ISSG,,,,,eddy:geography:persian-gulf-peddies-family,unresolved,,,named_eddy_state:eddy:geography:persian-gulf-peddies-family:state:ISSG,,unknown_no_dated_eddy_footprint,[],,source:7487b9a234864d2d,,persian-gulf-peddies-family,state:ISSG
claim:named_eddy_state:eddy:geography:persian-gulf-peddies-family:state:KURO,,,,,eddy:geography:persian-gulf-peddies-family,unresolved,,,named_eddy_state:eddy:geography:persian-gulf-peddies-family:state:KURO,,unknown_no_dated_eddy_footprint,[],,source:7487b9a234864d2d,,persian-gulf-peddies-family,state:KURO
claim:named_eddy_state:eddy:geography:persian-gulf-peddies-family:state:MEDI,,,,,eddy:geography:persian-gulf-peddies-family,unresolved,,,named_eddy_state:eddy:geography:persian-gulf-peddies-family:state:MEDI,,unknown_no_dated_eddy_footprint,[],,source:7487b9a234864d2d,,persian-gulf-peddies-family,state:MEDI
claim:named_eddy_state:eddy:geography:persian-gulf-peddies-family:state:MONS,,,,,eddy:geography:persian-gulf-peddies-family,unresolved,,,named_eddy_state:eddy:geography:persian-gulf-peddies-family:state:MONS,,unknown_no_dated_eddy_footprint,[],,source:7487b9a234864d2d,,persian-gulf-peddies-family,state:MONS
claim:named_eddy_state:eddy:geography:persian-gulf-peddies-family:state:NADR,,,,,eddy:geography:persian-gulf-peddies-family,unresolved,,,named_eddy_state:eddy:geography:persian-gulf-peddies-family:state:NADR,,unknown_no_dated_eddy_footprint,[],,source:7487b9a234864d2d,,persian-gulf-peddies-family,state:NADR
claim:named_eddy_state:eddy:geography:persian-gulf-peddies-family:state:NAST E,,,,,eddy:geography:persian-gulf-peddies-family,unresolved,,,named_eddy_state:eddy:geography:persian-gulf-peddies-family:state:NAST E,,unknown_no_dated_eddy_footprint,[],,source:7487b9a234864d2d,,persian-gulf-peddies-family,state:NAST E
claim:named_eddy_state:eddy:geography:persian-gulf-peddies-family:state:NAST W,,,,,eddy:geography:persian-gulf-peddies-family,unresolved,,,named_eddy_state:eddy:geography:persian-gulf-peddies-family:state:NAST W,,unknown_no_dated_eddy_footprint,[],,source:7487b9a234864d2d,,persian-gulf-peddies-family,state:NAST W
claim:named_eddy_state:eddy:geography:persian-gulf-peddies-family:state:NATR,,,,,eddy:geography:persian-gulf-peddies-family,unresolved,,,named_eddy_state:eddy:geography:persian-gulf-peddies-family:state:NATR,,unknown_no_dated_eddy_footprint,[],,source:7487b9a234864d2d,,persian-gulf-peddies-family,state:NATR
claim:named_eddy_state:eddy:geography:persian-gulf-peddies-family:state:NECS,,,,,eddy:geography:persian-gulf-peddies-family,unresolved,,,named_eddy_state:eddy:geography:persian-gulf-peddies-family:state:NECS,,unknown_no_dated_eddy_footprint,[],,source:7487b9a234864d2d,,persian-gulf-peddies-family,state:NECS
claim:named_eddy_state:eddy:geography:persian-gulf-peddies-family:state:NEWZ,,,,,eddy:geography:persian-gulf-peddies-family,unresolved,,,named_eddy_state:eddy:geography:persian-gulf-peddies-family:state:NEWZ,,unknown_no_dated_eddy_footprint,[],,source:7487b9a234864d2d,,persian-gulf-peddies-family,state:NEWZ
claim:named_eddy_state:eddy:geography:persian-gulf-peddies-family:state:NPPF,,,,,eddy:geography:persian-gulf-peddies-family,unresolved,,,named_eddy_state:eddy:geography:persian-gulf-peddies-family:state:NPPF,,unknown_no_dated_eddy_footprint,[],,source:7487b9a234864d2d,,persian-gulf-peddies-family,state:NPPF
claim:named_eddy_state:eddy:geography:persian-gulf-peddies-family:state:NPSE,,,,,eddy:geography:persian-gulf-peddies-family,unresolved,,,named_eddy_state:eddy:geography:persian-gulf-peddies-family:state:NPSE,,unknown_no_dated_eddy_footprint,[],,source:7487b9a234864d2d,,persian-gulf-peddies-family,state:NPSE
claim:named_eddy_state:eddy:geography:persian-gulf-peddies-family:state:NPSW,,,,,eddy:geography:persian-gulf-peddies-family,unresolved,,,named_eddy_state:eddy:geography:persian-gulf-peddies-family:state:NPSW,,unknown_no_dated_eddy_footprint,[],,source:7487b9a234864d2d,,persian-gulf-peddies-family,state:NPSW
claim:named_eddy_state:eddy:geography:persian-gulf-peddies-family:state:NPTG,,,,,eddy:geography:persian-gulf-peddies-family,unresolved,,,named_eddy_state:eddy:geography:persian-gulf-peddies-family:state:NPTG,,unknown_no_dated_eddy_footprint,[],,source:7487b9a234864d2d,,persian-gulf-peddies-family,state:NPTG
claim:named_eddy_state:eddy:geography:persian-gulf-peddies-family:state:NWCS,,,,,eddy:geography:persian-gulf-peddies-family,unresolved,,,named_eddy_state:eddy:geography:persian-gulf-peddies-family:state:NWCS,,unknown_no_dated_eddy_footprint,[],,source:7487b9a234864d2d,,persian-gulf-peddies-family,state:NWCS
claim:named_eddy_state:eddy:geography:persian-gulf-peddies-family:state:OCAL,,,,,eddy:geography:persian-gulf-peddies-family,unresolved,,,named_eddy_state:eddy:geography:persian-gulf-peddies-family:state:OCAL,,unknown_no_dated_eddy_footprint,[],,source:7487b9a234864d2d,,persian-gulf-peddies-family,state:OCAL
claim:named_eddy_state:eddy:geography:persian-gulf-peddies-family:state:PEQD,,,,,eddy:geography:persian-gulf-peddies-family,unresolved,,,named_eddy_state:eddy:geography:persian-gulf-peddies-family:state:PEQD,,unknown_no_dated_eddy_footprint,[],,source:7487b9a234864d2d,,persian-gulf-peddies-family,state:PEQD
claim:named_eddy_state:eddy:geography:persian-gulf-peddies-family:state:PNEC,,,,,eddy:geography:persian-gulf-peddies-family,unresolved,,,named_eddy_state:eddy:geography:persian-gulf-peddies-family:state:PNEC,,unknown_no_dated_eddy_footprint,[],,source:7487b9a234864d2d,,persian-gulf-peddies-family,state:PNEC
claim:named_eddy_state:eddy:geography:persian-gulf-peddies-family:state:PSAE,,,,,eddy:geography:persian-gulf-peddies-family,unresolved,,,named_eddy_state:eddy:geography:persian-gulf-peddies-family:state:PSAE,,unknown_no_dated_eddy_footprint,[],,source:7487b9a234864d2d,,persian-gulf-peddies-family,state:PSAE
claim:named_eddy_state:eddy:geography:persian-gulf-peddies-family:state:PSAW,,,,,eddy:geography:persian-gulf-peddies-family,unresolved,,,named_eddy_state:eddy:geography:persian-gulf-peddies-family:state:PSAW,,unknown_no_dated_eddy_footprint,[],,source:7487b9a234864d2d,,persian-gulf-peddies-family,state:PSAW
claim:named_eddy_state:eddy:geography:persian-gulf-peddies-family:state:REDS,,,,,eddy:geography:persian-gulf-peddies-family,unresolved,,,named_eddy_state:eddy:geography:persian-gulf-peddies-family:state:REDS,,unknown_no_dated_eddy_footprint,[],,source:7487b9a234864d2d,,persian-gulf-peddies-family,state:REDS
claim:named_eddy_state:eddy:geography:persian-gulf-peddies-family:state:SANT,,,,,eddy:geography:persian-gulf-peddies-family,unresolved,,,named_eddy_state:eddy:geography:persian-gulf-peddies-family:state:SANT,,unknown_no_dated_eddy_footprint,[],,source:7487b9a234864d2d,,persian-gulf-peddies-family,state:SANT
claim:named_eddy_state:eddy:geography:persian-gulf-peddies-family:state:SARC,,,,,eddy:geography:persian-gulf-peddies-family,unresolved,,,named_eddy_state:eddy:geography:persian-gulf-peddies-family:state:SARC,,unknown_no_dated_eddy_footprint,[],,source:7487b9a234864d2d,,persian-gulf-peddies-family,state:SARC
claim:named_eddy_state:eddy:geography:persian-gulf-peddies-family:state:SATL,,,,,eddy:geography:persian-gulf-peddies-family,unresolved,,,named_eddy_state:eddy:geography:persian-gulf-peddies-family:state:SATL,,unknown_no_dated_eddy_footprint,[],,source:7487b9a234864d2d,,persian-gulf-peddies-family,state:SATL
claim:named_eddy_state:eddy:geography:persian-gulf-peddies-family:state:SPSG,,,,,eddy:geography:persian-gulf-peddies-family,unresolved,,,named_eddy_state:eddy:geography:persian-gulf-peddies-family:state:SPSG,,unknown_no_dated_eddy_footprint,[],,source:7487b9a234864d2d,,persian-gulf-peddies-family,state:SPSG
claim:named_eddy_state:eddy:geography:persian-gulf-peddies-family:state:SSTC,,,,,eddy:geography:persian-gulf-peddies-family,unresolved,,,named_eddy_state:eddy:geography:persian-gulf-peddies-family:state:SSTC,,unknown_no_dated_eddy_footprint,[],,source:7487b9a234864d2d,,persian-gulf-peddies-family,state:SSTC
claim:named_eddy_state:eddy:geography:persian-gulf-peddies-family:state:SUND,,,,,eddy:geography:persian-gulf-peddies-family,unresolved,,,named_eddy_state:eddy:geography:persian-gulf-peddies-family:state:SUND,,unknown_no_dated_eddy_footprint,[],,source:7487b9a234864d2d,,persian-gulf-peddies-family,state:SUND
claim:named_eddy_state:eddy:geography:persian-gulf-peddies-family:state:TASM,,,,,eddy:geography:persian-gulf-peddies-family,unresolved,,,named_eddy_state:eddy:geography:persian-gulf-peddies-family:state:TASM,,unknown_no_dated_eddy_footprint,[],,source:7487b9a234864d2d,,persian-gulf-peddies-family,state:TASM
claim:named_eddy_state:eddy:geography:persian-gulf-peddies-family:state:WARM,,,,,eddy:geography:persian-gulf-peddies-family,unresolved,,,named_eddy_state:eddy:geography:persian-gulf-peddies-family:state:WARM,,unknown_no_dated_eddy_footprint,[],,source:7487b9a234864d2d,,persian-gulf-peddies-family,state:WARM
claim:named_eddy_state:eddy:geography:persian-gulf-peddies-family:state:WTRA,,,,,eddy:geography:persian-gulf-peddies-family,unresolved,,,named_eddy_state:eddy:geography:persian-gulf-peddies-family:state:WTRA,,unknown_no_dated_eddy_footprint,[],,source:7487b9a234864d2d,,persian-gulf-peddies-family,state:WTRA
claim:named_eddy_state:eddy:geography:cuba-anticyclones-family:state:ALSK,,,,,eddy:geography:cuba-anticyclones-family,unresolved,,,named_eddy_state:eddy:geography:cuba-anticyclones-family:state:ALSK,,unknown_no_dated_eddy_footprint,[],,source:7487b9a234864d2d,,cuba-anticyclones-family,state:ALSK
claim:named_eddy_state:eddy:geography:cuba-anticyclones-family:state:ANTA,,,,,eddy:geography:cuba-anticyclones-family,unresolved,,,named_eddy_state:eddy:geography:cuba-anticyclones-family:state:ANTA,,unknown_no_dated_eddy_footprint,[],,source:7487b9a234864d2d,,cuba-anticyclones-family,state:ANTA
claim:named_eddy_state:eddy:geography:cuba-anticyclones-family:state:APLR,,,,,eddy:geography:cuba-anticyclones-family,unresolved,,,named_eddy_state:eddy:geography:cuba-anticyclones-family:state:APLR,,unknown_no_dated_eddy_footprint,[],,source:7487b9a234864d2d,,cuba-anticyclones-family,state:APLR
claim:named_eddy_state:eddy:geography:cuba-anticyclones-family:state:ARAB,,,,,eddy:geography:cuba-anticyclones-family,unresolved,,,named_eddy_state:eddy:geography:cuba-anticyclones-family:state:ARAB,,unknown_no_dated_eddy_footprint,[],,source:7487b9a234864d2d,,cuba-anticyclones-family,state:ARAB
claim:named_eddy_state:eddy:geography:cuba-anticyclones-family:state:ARCH,,,,,eddy:geography:cuba-anticyclones-family,unresolved,,,named_eddy_state:eddy:geography:cuba-anticyclones-family:state:ARCH,,unknown_no_dated_eddy_footprint,[],,source:7487b9a234864d2d,,cuba-anticyclones-family,state:ARCH
claim:named_eddy_state:eddy:geography:cuba-anticyclones-family:state:ARCT,,,,,eddy:geography:cuba-anticyclones-family,unresolved,,,named_eddy_state:eddy:geography:cuba-anticyclones-family:state:ARCT,,unknown_no_dated_eddy_footprint,[],,source:7487b9a234864d2d,,cuba-anticyclones-family,state:ARCT
claim:named_eddy_state:eddy:geography:cuba-anticyclones-family:state:AUSE,,,,,eddy:geography:cuba-anticyclones-family,unresolved,,,named_eddy_state:eddy:geography:cuba-anticyclones-family:state:AUSE,,unknown_no_dated_eddy_footprint,[],,source:7487b9a234864d2d,,cuba-anticyclones-family,state:AUSE
claim:named_eddy_state:eddy:geography:cuba-anticyclones-family:state:AUSW,,,,,eddy:geography:cuba-anticyclones-family,unresolved,,,named_eddy_state:eddy:geography:cuba-anticyclones-family:state:AUSW,,unknown_no_dated_eddy_footprint,[],,source:7487b9a234864d2d,,cuba-anticyclones-family,state:AUSW
claim:named_eddy_state:eddy:geography:cuba-anticyclones-family:state:BENG,,,,,eddy:geography:cuba-anticyclones-family,unresolved,,,named_eddy_state:eddy:geography:cuba-anticyclones-family:state:BENG,,unknown_no_dated_eddy_footprint,[],,source:7487b9a234864d2d,,cuba-anticyclones-family,state:BENG
claim:named_eddy_state:eddy:geography:cuba-anticyclones-family:state:BERS,,,,,eddy:geography:cuba-anticyclones-family,unresolved,,,named_eddy_state:eddy:geography:cuba-anticyclones-family:state:BERS,,unknown_no_dated_eddy_footprint,[],,source:7487b9a234864d2d,,cuba-anticyclones-family,state:BERS
claim:named_eddy_state:eddy:geography:cuba-anticyclones-family:state:BPLR,,,,,eddy:geography:cuba-anticyclones-family,unresolved,,,named_eddy_state:eddy:geography:cuba-anticyclones-family:state:BPLR,,unknown_no_dated_eddy_footprint,[],,source:7487b9a234864d2d,,cuba-anticyclones-family,state:BPLR
claim:named_eddy_state:eddy:geography:cuba-anticyclones-family:state:BRAZ,,,,,eddy:geography:cuba-anticyclones-family,unresolved,,,named_eddy_state:eddy:geography:cuba-anticyclones-family:state:BRAZ,,unknown_no_dated_eddy_footprint,[],,source:7487b9a234864d2d,,cuba-anticyclones-family,state:BRAZ
claim:named_eddy_state:eddy:geography:cuba-anticyclones-family:state:CAMR,,,,,eddy:geography:cuba-anticyclones-family,unresolved,,,named_eddy_state:eddy:geography:cuba-anticyclones-family:state:CAMR,,unknown_no_dated_eddy_footprint,[],,source:7487b9a234864d2d,,cuba-anticyclones-family,state:CAMR
claim:named_eddy_state:eddy:geography:cuba-anticyclones-family:state:CARB,,,,,eddy:geography:cuba-anticyclones-family,point_or_region_locator,,,named_eddy_state:eddy:geography:cuba-anticyclones-family:state:CARB,,unknown_no_dated_eddy_footprint,"[""editorial_region""]",,source:7487b9a234864d2d,,cuba-anticyclones-family,state:CARB
claim:named_eddy_state:eddy:geography:cuba-anticyclones-family:state:CCAL,,,,,eddy:geography:cuba-anticyclones-family,unresolved,,,named_eddy_state:eddy:geography:cuba-anticyclones-family:state:CCAL,,unknown_no_dated_eddy_footprint,[],,source:7487b9a234864d2d,,cuba-anticyclones-family,state:CCAL
claim:named_eddy_state:eddy:geography:cuba-anticyclones-family:state:CHIN,,,,,eddy:geography:cuba-anticyclones-family,unresolved,,,named_eddy_state:eddy:geography:cuba-anticyclones-family:state:CHIN,,unknown_no_dated_eddy_footprint,[],,source:7487b9a234864d2d,,cuba-anticyclones-family,state:CHIN
claim:named_eddy_state:eddy:geography:cuba-anticyclones-family:state:CNRY,,,,,eddy:geography:cuba-anticyclones-family,unresolved,,,named_eddy_state:eddy:geography:cuba-anticyclones-family:state:CNRY,,unknown_no_dated_eddy_footprint,[],,source:7487b9a234864d2d,,cuba-anticyclones-family,state:CNRY
claim:named_eddy_state:eddy:geography:cuba-anticyclones-family:state:EAFR,,,,,eddy:geography:cuba-anticyclones-family,unresolved,,,named_eddy_state:eddy:geography:cuba-anticyclones-family:state:EAFR,,unknown_no_dated_eddy_footprint,[],,source:7487b9a234864d2d,,cuba-anticyclones-family,state:EAFR
claim:named_eddy_state:eddy:geography:cuba-anticyclones-family:state:ETRA,,,,,eddy:geography:cuba-anticyclones-family,unresolved,,,named_eddy_state:eddy:geography:cuba-anticyclones-family:state:ETRA,,unknown_no_dated_eddy_footprint,[],,source:7487b9a234864d2d,,cuba-anticyclones-family,state:ETRA
claim:named_eddy_state:eddy:geography:cuba-anticyclones-family:state:FKLD,,,,,eddy:geography:cuba-anticyclones-family,unresolved,,,named_eddy_state:eddy:geography:cuba-anticyclones-family:state:FKLD,,unknown_no_dated_eddy_footprint,[],,source:7487b9a234864d2d,,cuba-anticyclones-family,state:FKLD
claim:named_eddy_state:eddy:geography:cuba-anticyclones-family:state:GFST,,,,,eddy:geography:cuba-anticyclones-family,unresolved,,,named_eddy_state:eddy:geography:cuba-anticyclones-family:state:GFST,,unknown_no_dated_eddy_footprint,[],,source:7487b9a234864d2d,,cuba-anticyclones-family,state:GFST
claim:named_eddy_state:eddy:geography:cuba-anticyclones-family:state:GUIA,,,,,eddy:geography:cuba-anticyclones-family,unresolved,,,named_eddy_state:eddy:geography:cuba-anticyclones-family:state:GUIA,,unknown_no_dated_eddy_footprint,[],,source:7487b9a234864d2d,,cuba-anticyclones-family,state:GUIA
claim:named_eddy_state:eddy:geography:cuba-anticyclones-family:state:GUIN,,,,,eddy:geography:cuba-anticyclones-family,unresolved,,,named_eddy_state:eddy:geography:cuba-anticyclones-family:state:GUIN,,unknown_no_dated_eddy_footprint,[],,source:7487b9a234864d2d,,cuba-anticyclones-family,state:GUIN
claim:named_eddy_state:eddy:geography:cuba-anticyclones-family:state:HUMB,,,,,eddy:geography:cuba-anticyclones-family,unresolved,,,named_eddy_state:eddy:geography:cuba-anticyclones-family:state:HUMB,,unknown_no_dated_eddy_footprint,[],,source:7487b9a234864d2d,,cuba-anticyclones-family,state:HUMB
claim:named_eddy_state:eddy:geography:cuba-anticyclones-family:state:IND E,,,,,eddy:geography:cuba-anticyclones-family,unresolved,,,named_eddy_state:eddy:geography:cuba-anticyclones-family:state:IND E,,unknown_no_dated_eddy_footprint,[],,source:7487b9a234864d2d,,cuba-anticyclones-family,state:IND E
claim:named_eddy_state:eddy:geography:cuba-anticyclones-family:state:IND W,,,,,eddy:geography:cuba-anticyclones-family,unresolved,,,named_eddy_state:eddy:geography:cuba-anticyclones-family:state:IND W,,unknown_no_dated_eddy_footprint,[],,source:7487b9a234864d2d,,cuba-anticyclones-family,state:IND W
claim:named_eddy_state:eddy:geography:cuba-anticyclones-family:state:ISSG,,,,,eddy:geography:cuba-anticyclones-family,unresolved,,,named_eddy_state:eddy:geography:cuba-anticyclones-family:state:ISSG,,unknown_no_dated_eddy_footprint,[],,source:7487b9a234864d2d,,cuba-anticyclones-family,state:ISSG
claim:named_eddy_state:eddy:geography:cuba-anticyclones-family:state:KURO,,,,,eddy:geography:cuba-anticyclones-family,unresolved,,,named_eddy_state:eddy:geography:cuba-anticyclones-family:state:KURO,,unknown_no_dated_eddy_footprint,[],,source:7487b9a234864d2d,,cuba-anticyclones-family,state:KURO
claim:named_eddy_state:eddy:geography:cuba-anticyclones-family:state:MEDI,,,,,eddy:geography:cuba-anticyclones-family,unresolved,,,named_eddy_state:eddy:geography:cuba-anticyclones-family:state:MEDI,,unknown_no_dated_eddy_footprint,[],,source:7487b9a234864d2d,,cuba-anticyclones-family,state:MEDI
claim:named_eddy_state:eddy:geography:cuba-anticyclones-family:state:MONS,,,,,eddy:geography:cuba-anticyclones-family,unresolved,,,named_eddy_state:eddy:geography:cuba-anticyclones-family:state:MONS,,unknown_no_dated_eddy_footprint,[],,source:7487b9a234864d2d,,cuba-anticyclones-family,state:MONS
claim:named_eddy_state:eddy:geography:cuba-anticyclones-family:state:NADR,,,,,eddy:geography:cuba-anticyclones-family,unresolved,,,named_eddy_state:eddy:geography:cuba-anticyclones-family:state:NADR,,unknown_no_dated_eddy_footprint,[],,source:7487b9a234864d2d,,cuba-anticyclones-family,state:NADR
claim:named_eddy_state:eddy:geography:cuba-anticyclones-family:state:NAST E,,,,,eddy:geography:cuba-anticyclones-family,unresolved,,,named_eddy_state:eddy:geography:cuba-anticyclones-family:state:NAST E,,unknown_no_dated_eddy_footprint,[],,source:7487b9a234864d2d,,cuba-anticyclones-family,state:NAST E
claim:named_eddy_state:eddy:geography:cuba-anticyclones-family:state:NAST W,,,,,eddy:geography:cuba-anticyclones-family,unresolved,,,named_eddy_state:eddy:geography:cuba-anticyclones-family:state:NAST W,,unknown_no_dated_eddy_footprint,[],,source:7487b9a234864d2d,,cuba-anticyclones-family,state:NAST W
claim:named_eddy_state:eddy:geography:cuba-anticyclones-family:state:NATR,,,,,eddy:geography:cuba-anticyclones-family,unresolved,,,named_eddy_state:eddy:geography:cuba-anticyclones-family:state:NATR,,unknown_no_dated_eddy_footprint,[],,source:7487b9a234864d2d,,cuba-anticyclones-family,state:NATR
claim:named_eddy_state:eddy:geography:cuba-anticyclones-family:state:NECS,,,,,eddy:geography:cuba-anticyclones-family,unresolved,,,named_eddy_state:eddy:geography:cuba-anticyclones-family:state:NECS,,unknown_no_dated_eddy_footprint,[],,source:7487b9a234864d2d,,cuba-anticyclones-family,state:NECS
claim:named_eddy_state:eddy:geography:cuba-anticyclones-family:state:NEWZ,,,,,eddy:geography:cuba-anticyclones-family,unresolved,,,named_eddy_state:eddy:geography:cuba-anticyclones-family:state:NEWZ,,unknown_no_dated_eddy_footprint,[],,source:7487b9a234864d2d,,cuba-anticyclones-family,state:NEWZ
claim:named_eddy_state:eddy:geography:cuba-anticyclones-family:state:NPPF,,,,,eddy:geography:cuba-anticyclones-family,unresolved,,,named_eddy_state:eddy:geography:cuba-anticyclones-family:state:NPPF,,unknown_no_dated_eddy_footprint,[],,source:7487b9a234864d2d,,cuba-anticyclones-family,state:NPPF
claim:named_eddy_state:eddy:geography:cuba-anticyclones-family:state:NPSE,,,,,eddy:geography:cuba-anticyclones-family,unresolved,,,named_eddy_state:eddy:geography:cuba-anticyclones-family:state:NPSE,,unknown_no_dated_eddy_footprint,[],,source:7487b9a234864d2d,,cuba-anticyclones-family,state:NPSE
claim:named_eddy_state:eddy:geography:cuba-anticyclones-family:state:NPSW,,,,,eddy:geography:cuba-anticyclones-family,unresolved,,,named_eddy_state:eddy:geography:cuba-anticyclones-family:state:NPSW,,unknown_no_dated_eddy_footprint,[],,source:7487b9a234864d2d,,cuba-anticyclones-family,state:NPSW
claim:named_eddy_state:eddy:geography:cuba-anticyclones-family:state:NPTG,,,,,eddy:geography:cuba-anticyclones-family,unresolved,,,named_eddy_state:eddy:geography:cuba-anticyclones-family:state:NPTG,,unknown_no_dated_eddy_footprint,[],,source:7487b9a234864d2d,,cuba-anticyclones-family,state:NPTG
claim:named_eddy_state:eddy:geography:cuba-anticyclones-family:state:NWCS,,,,,eddy:geography:cuba-anticyclones-family,unresolved,,,named_eddy_state:eddy:geography:cuba-anticyclones-family:state:NWCS,,unknown_no_dated_eddy_footprint,[],,source:7487b9a234864d2d,,cuba-anticyclones-family,state:NWCS
claim:named_eddy_state:eddy:geography:cuba-anticyclones-family:state:OCAL,,,,,eddy:geography:cuba-anticyclones-family,unresolved,,,named_eddy_state:eddy:geography:cuba-anticyclones-family:state:OCAL,,unknown_no_dated_eddy_footprint,[],,source:7487b9a234864d2d,,cuba-anticyclones-family,state:OCAL
claim:named_eddy_state:eddy:geography:cuba-anticyclones-family:state:PEQD,,,,,eddy:geography:cuba-anticyclones-family,unresolved,,,named_eddy_state:eddy:geography:cuba-anticyclones-family:state:PEQD,,unknown_no_dated_eddy_footprint,[],,source:7487b9a234864d2d,,cuba-anticyclones-family,state:PEQD
claim:named_eddy_state:eddy:geography:cuba-anticyclones-family:state:PNEC,,,,,eddy:geography:cuba-anticyclones-family,unresolved,,,named_eddy_state:eddy:geography:cuba-anticyclones-family:state:PNEC,,unknown_no_dated_eddy_footprint,[],,source:7487b9a234864d2d,,cuba-anticyclones-family,state:PNEC
claim:named_eddy_state:eddy:geography:cuba-anticyclones-family:state:PSAE,,,,,eddy:geography:cuba-anticyclones-family,unresolved,,,named_eddy_state:eddy:geography:cuba-anticyclones-family:state:PSAE,,unknown_no_dated_eddy_footprint,[],,source:7487b9a234864d2d,,cuba-anticyclones-family,state:PSAE
claim:named_eddy_state:eddy:geography:cuba-anticyclones-family:state:PSAW,,,,,eddy:geography:cuba-anticyclones-family,unresolved,,,named_eddy_state:eddy:geography:cuba-anticyclones-family:state:PSAW,,unknown_no_dated_eddy_footprint,[],,source:7487b9a234864d2d,,cuba-anticyclones-family,state:PSAW
claim:named_eddy_state:eddy:geography:cuba-anticyclones-family:state:REDS,,,,,eddy:geography:cuba-anticyclones-family,unresolved,,,named_eddy_state:eddy:geography:cuba-anticyclones-family:state:REDS,,unknown_no_dated_eddy_footprint,[],,source:7487b9a234864d2d,,cuba-anticyclones-family,state:REDS
claim:named_eddy_state:eddy:geography:cuba-anticyclones-family:state:SANT,,,,,eddy:geography:cuba-anticyclones-family,unresolved,,,named_eddy_state:eddy:geography:cuba-anticyclones-family:state:SANT,,unknown_no_dated_eddy_footprint,[],,source:7487b9a234864d2d,,cuba-anticyclones-family,state:SANT
claim:named_eddy_state:eddy:geography:cuba-anticyclones-family:state:SARC,,,,,eddy:geography:cuba-anticyclones-family,unresolved,,,named_eddy_state:eddy:geography:cuba-anticyclones-family:state:SARC,,unknown_no_dated_eddy_footprint,[],,source:7487b9a234864d2d,,cuba-anticyclones-family,state:SARC
claim:named_eddy_state:eddy:geography:cuba-anticyclones-family:state:SATL,,,,,eddy:geography:cuba-anticyclones-family,unresolved,,,named_eddy_state:eddy:geography:cuba-anticyclones-family:state:SATL,,unknown_no_dated_eddy_footprint,[],,source:7487b9a234864d2d,,cuba-anticyclones-family,state:SATL
claim:named_eddy_state:eddy:geography:cuba-anticyclones-family:state:SPSG,,,,,eddy:geography:cuba-anticyclones-family,unresolved,,,named_eddy_state:eddy:geography:cuba-anticyclones-family:state:SPSG,,unknown_no_dated_eddy_footprint,[],,source:7487b9a234864d2d,,cuba-anticyclones-family,state:SPSG
claim:named_eddy_state:eddy:geography:cuba-anticyclones-family:state:SSTC,,,,,eddy:geography:cuba-anticyclones-family,unresolved,,,named_eddy_state:eddy:geography:cuba-anticyclones-family:state:SSTC,,unknown_no_dated_eddy_footprint,[],,source:7487b9a234864d2d,,cuba-anticyclones-family,state:SSTC
claim:named_eddy_state:eddy:geography:cuba-anticyclones-family:state:SUND,,,,,eddy:geography:cuba-anticyclones-family,unresolved,,,named_eddy_state:eddy:geography:cuba-anticyclones-family:state:SUND,,unknown_no_dated_eddy_footprint,[],,source:7487b9a234864d2d,,cuba-anticyclones-family,state:SUND
claim:named_eddy_state:eddy:geography:cuba-anticyclones-family:state:TASM,,,,,eddy:geography:cuba-anticyclones-family,unresolved,,,named_eddy_state:eddy:geography:cuba-anticyclones-family:state:TASM,,unknown_no_dated_eddy_footprint,[],,source:7487b9a234864d2d,,cuba-anticyclones-family,state:TASM
claim:named_eddy_state:eddy:geography:cuba-anticyclones-family:state:WARM,,,,,eddy:geography:cuba-anticyclones-family,unresolved,,,named_eddy_state:eddy:geography:cuba-anticyclones-family:state:WARM,,unknown_no_dated_eddy_footprint,[],,source:7487b9a234864d2d,,cuba-anticyclones-family,state:WARM
claim:named_eddy_state:eddy:geography:cuba-anticyclones-family:state:WTRA,,,,,eddy:geography:cuba-anticyclones-family,unresolved,,,named_eddy_state:eddy:geography:cuba-anticyclones-family:state:WTRA,,unknown_no_dated_eddy_footprint,[],,source:7487b9a234864d2d,,cuba-anticyclones-family,state:WTRA
claim:named_eddy_state:eddy:geography:haida-1998:state:ALSK,,,,,eddy:geography:haida-1998,unresolved,,,named_eddy_state:eddy:geography:haida-1998:state:ALSK,,unknown_no_dated_eddy_footprint,[],,source:7487b9a234864d2d,,haida-1998,state:ALSK
claim:named_eddy_state:eddy:geography:haida-1998:state:ANTA,,,,,eddy:geography:haida-1998,unresolved,,,named_eddy_state:eddy:geography:haida-1998:state:ANTA,,unknown_no_dated_eddy_footprint,[],,source:7487b9a234864d2d,,haida-1998,state:ANTA
claim:named_eddy_state:eddy:geography:haida-1998:state:APLR,,,,,eddy:geography:haida-1998,unresolved,,,named_eddy_state:eddy:geography:haida-1998:state:APLR,,unknown_no_dated_eddy_footprint,[],,source:7487b9a234864d2d,,haida-1998,state:APLR
claim:named_eddy_state:eddy:geography:haida-1998:state:ARAB,,,,,eddy:geography:haida-1998,unresolved,,,named_eddy_state:eddy:geography:haida-1998:state:ARAB,,unknown_no_dated_eddy_footprint,[],,source:7487b9a234864d2d,,haida-1998,state:ARAB
claim:named_eddy_state:eddy:geography:haida-1998:state:ARCH,,,,,eddy:geography:haida-1998,unresolved,,,named_eddy_state:eddy:geography:haida-1998:state:ARCH,,unknown_no_dated_eddy_footprint,[],,source:7487b9a234864d2d,,haida-1998,state:ARCH
claim:named_eddy_state:eddy:geography:haida-1998:state:ARCT,,,,,eddy:geography:haida-1998,unresolved,,,named_eddy_state:eddy:geography:haida-1998:state:ARCT,,unknown_no_dated_eddy_footprint,[],,source:7487b9a234864d2d,,haida-1998,state:ARCT
claim:named_eddy_state:eddy:geography:haida-1998:state:AUSE,,,,,eddy:geography:haida-1998,unresolved,,,named_eddy_state:eddy:geography:haida-1998:state:AUSE,,unknown_no_dated_eddy_footprint,[],,source:7487b9a234864d2d,,haida-1998,state:AUSE
claim:named_eddy_state:eddy:geography:haida-1998:state:AUSW,,,,,eddy:geography:haida-1998,unresolved,,,named_eddy_state:eddy:geography:haida-1998:state:AUSW,,unknown_no_dated_eddy_footprint,[],,source:7487b9a234864d2d,,haida-1998,state:AUSW
claim:named_eddy_state:eddy:geography:haida-1998:state:BENG,,,,,eddy:geography:haida-1998,unresolved,,,named_eddy_state:eddy:geography:haida-1998:state:BENG,,unknown_no_dated_eddy_footprint,[],,source:7487b9a234864d2d,,haida-1998,state:BENG
claim:named_eddy_state:eddy:geography:haida-1998:state:BERS,,,,,eddy:geography:haida-1998,unresolved,,,named_eddy_state:eddy:geography:haida-1998:state:BERS,,unknown_no_dated_eddy_footprint,[],,source:7487b9a234864d2d,,haida-1998,state:BERS
claim:named_eddy_state:eddy:geography:haida-1998:state:BPLR,,,,,eddy:geography:haida-1998,unresolved,,,named_eddy_state:eddy:geography:haida-1998:state:BPLR,,unknown_no_dated_eddy_footprint,[],,source:7487b9a234864d2d,,haida-1998,state:BPLR
claim:named_eddy_state:eddy:geography:haida-1998:state:BRAZ,,,,,eddy:geography:haida-1998,unresolved,,,named_eddy_state:eddy:geography:haida-1998:state:BRAZ,,unknown_no_dated_eddy_footprint,[],,source:7487b9a234864d2d,,haida-1998,state:BRAZ
claim:named_eddy_state:eddy:geography:haida-1998:state:CAMR,,,,,eddy:geography:haida-1998,unresolved,,,named_eddy_state:eddy:geography:haida-1998:state:CAMR,,unknown_no_dated_eddy_footprint,[],,source:7487b9a234864d2d,,haida-1998,state:CAMR
claim:named_eddy_state:eddy:geography:haida-1998:state:CARB,,,,,eddy:geography:haida-1998,unresolved,,,named_eddy_state:eddy:geography:haida-1998:state:CARB,,unknown_no_dated_eddy_footprint,[],,source:7487b9a234864d2d,,haida-1998,state:CARB
claim:named_eddy_state:eddy:geography:haida-1998:state:CCAL,,,,,eddy:geography:haida-1998,unresolved,,,named_eddy_state:eddy:geography:haida-1998:state:CCAL,,unknown_no_dated_eddy_footprint,[],,source:7487b9a234864d2d,,haida-1998,state:CCAL
claim:named_eddy_state:eddy:geography:haida-1998:state:CHIN,,,,,eddy:geography:haida-1998,unresolved,,,named_eddy_state:eddy:geography:haida-1998:state:CHIN,,unknown_no_dated_eddy_footprint,[],,source:7487b9a234864d2d,,haida-1998,state:CHIN
claim:named_eddy_state:eddy:geography:haida-1998:state:CNRY,,,,,eddy:geography:haida-1998,unresolved,,,named_eddy_state:eddy:geography:haida-1998:state:CNRY,,unknown_no_dated_eddy_footprint,[],,source:7487b9a234864d2d,,haida-1998,state:CNRY
claim:named_eddy_state:eddy:geography:haida-1998:state:EAFR,,,,,eddy:geography:haida-1998,unresolved,,,named_eddy_state:eddy:geography:haida-1998:state:EAFR,,unknown_no_dated_eddy_footprint,[],,source:7487b9a234864d2d,,haida-1998,state:EAFR
claim:named_eddy_state:eddy:geography:haida-1998:state:ETRA,,,,,eddy:geography:haida-1998,unresolved,,,named_eddy_state:eddy:geography:haida-1998:state:ETRA,,unknown_no_dated_eddy_footprint,[],,source:7487b9a234864d2d,,haida-1998,state:ETRA
claim:named_eddy_state:eddy:geography:haida-1998:state:FKLD,,,,,eddy:geography:haida-1998,unresolved,,,named_eddy_state:eddy:geography:haida-1998:state:FKLD,,unknown_no_dated_eddy_footprint,[],,source:7487b9a234864d2d,,haida-1998,state:FKLD
claim:named_eddy_state:eddy:geography:haida-1998:state:GFST,,,,,eddy:geography:haida-1998,unresolved,,,named_eddy_state:eddy:geography:haida-1998:state:GFST,,unknown_no_dated_eddy_footprint,[],,source:7487b9a234864d2d,,haida-1998,state:GFST
claim:named_eddy_state:eddy:geography:haida-1998:state:GUIA,,,,,eddy:geography:haida-1998,unresolved,,,named_eddy_state:eddy:geography:haida-1998:state:GUIA,,unknown_no_dated_eddy_footprint,[],,source:7487b9a234864d2d,,haida-1998,state:GUIA
claim:named_eddy_state:eddy:geography:haida-1998:state:GUIN,,,,,eddy:geography:haida-1998,unresolved,,,named_eddy_state:eddy:geography:haida-1998:state:GUIN,,unknown_no_dated_eddy_footprint,[],,source:7487b9a234864d2d,,haida-1998,state:GUIN
claim:named_eddy_state:eddy:geography:haida-1998:state:HUMB,,,,,eddy:geography:haida-1998,unresolved,,,named_eddy_state:eddy:geography:haida-1998:state:HUMB,,unknown_no_dated_eddy_footprint,[],,source:7487b9a234864d2d,,haida-1998,state:HUMB
claim:named_eddy_state:eddy:geography:haida-1998:state:IND E,,,,,eddy:geography:haida-1998,unresolved,,,named_eddy_state:eddy:geography:haida-1998:state:IND E,,unknown_no_dated_eddy_footprint,[],,source:7487b9a234864d2d,,haida-1998,state:IND E
claim:named_eddy_state:eddy:geography:haida-1998:state:IND W,,,,,eddy:geography:haida-1998,unresolved,,,named_eddy_state:eddy:geography:haida-1998:state:IND W,,unknown_no_dated_eddy_footprint,[],,source:7487b9a234864d2d,,haida-1998,state:IND W
claim:named_eddy_state:eddy:geography:haida-1998:state:ISSG,,,,,eddy:geography:haida-1998,unresolved,,,named_eddy_state:eddy:geography:haida-1998:state:ISSG,,unknown_no_dated_eddy_footprint,[],,source:7487b9a234864d2d,,haida-1998,state:ISSG
claim:named_eddy_state:eddy:geography:haida-1998:state:KURO,,,,,eddy:geography:haida-1998,unresolved,,,named_eddy_state:eddy:geography:haida-1998:state:KURO,,unknown_no_dated_eddy_footprint,[],,source:7487b9a234864d2d,,haida-1998,state:KURO
claim:named_eddy_state:eddy:geography:haida-1998:state:MEDI,,,,,eddy:geography:haida-1998,unresolved,,,named_eddy_state:eddy:geography:haida-1998:state:MEDI,,unknown_no_dated_eddy_footprint,[],,source:7487b9a234864d2d,,haida-1998,state:MEDI
claim:named_eddy_state:eddy:geography:haida-1998:state:MONS,,,,,eddy:geography:haida-1998,unresolved,,,named_eddy_state:eddy:geography:haida-1998:state:MONS,,unknown_no_dated_eddy_footprint,[],,source:7487b9a234864d2d,,haida-1998,state:MONS
claim:named_eddy_state:eddy:geography:haida-1998:state:NADR,,,,,eddy:geography:haida-1998,unresolved,,,named_eddy_state:eddy:geography:haida-1998:state:NADR,,unknown_no_dated_eddy_footprint,[],,source:7487b9a234864d2d,,haida-1998,state:NADR
claim:named_eddy_state:eddy:geography:haida-1998:state:NAST E,,,,,eddy:geography:haida-1998,unresolved,,,named_eddy_state:eddy:geography:haida-1998:state:NAST E,,unknown_no_dated_eddy_footprint,[],,source:7487b9a234864d2d,,haida-1998,state:NAST E
claim:named_eddy_state:eddy:geography:haida-1998:state:NAST W,,,,,eddy:geography:haida-1998,unresolved,,,named_eddy_state:eddy:geography:haida-1998:state:NAST W,,unknown_no_dated_eddy_footprint,[],,source:7487b9a234864d2d,,haida-1998,state:NAST W
claim:named_eddy_state:eddy:geography:haida-1998:state:NATR,,,,,eddy:geography:haida-1998,unresolved,,,named_eddy_state:eddy:geography:haida-1998:state:NATR,,unknown_no_dated_eddy_footprint,[],,source:7487b9a234864d2d,,haida-1998,state:NATR
claim:named_eddy_state:eddy:geography:haida-1998:state:NECS,,,,,eddy:geography:haida-1998,unresolved,,,named_eddy_state:eddy:geography:haida-1998:state:NECS,,unknown_no_dated_eddy_footprint,[],,source:7487b9a234864d2d,,haida-1998,state:NECS
claim:named_eddy_state:eddy:geography:haida-1998:state:NEWZ,,,,,eddy:geography:haida-1998,unresolved,,,named_eddy_state:eddy:geography:haida-1998:state:NEWZ,,unknown_no_dated_eddy_footprint,[],,source:7487b9a234864d2d,,haida-1998,state:NEWZ
claim:named_eddy_state:eddy:geography:haida-1998:state:NPPF,,,,,eddy:geography:haida-1998,unresolved,,,named_eddy_state:eddy:geography:haida-1998:state:NPPF,,unknown_no_dated_eddy_footprint,[],,source:7487b9a234864d2d,,haida-1998,state:NPPF
claim:named_eddy_state:eddy:geography:haida-1998:state:NPSE,,,,,eddy:geography:haida-1998,unresolved,,,named_eddy_state:eddy:geography:haida-1998:state:NPSE,,unknown_no_dated_eddy_footprint,[],,source:7487b9a234864d2d,,haida-1998,state:NPSE
claim:named_eddy_state:eddy:geography:haida-1998:state:NPSW,,,,,eddy:geography:haida-1998,unresolved,,,named_eddy_state:eddy:geography:haida-1998:state:NPSW,,unknown_no_dated_eddy_footprint,[],,source:7487b9a234864d2d,,haida-1998,state:NPSW
claim:named_eddy_state:eddy:geography:haida-1998:state:NPTG,,,,,eddy:geography:haida-1998,unresolved,,,named_eddy_state:eddy:geography:haida-1998:state:NPTG,,unknown_no_dated_eddy_footprint,[],,source:7487b9a234864d2d,,haida-1998,state:NPTG
claim:named_eddy_state:eddy:geography:haida-1998:state:NWCS,,,,,eddy:geography:haida-1998,unresolved,,,named_eddy_state:eddy:geography:haida-1998:state:NWCS,,unknown_no_dated_eddy_footprint,[],,source:7487b9a234864d2d,,haida-1998,state:NWCS
claim:named_eddy_state:eddy:geography:haida-1998:state:OCAL,,,,,eddy:geography:haida-1998,unresolved,,,named_eddy_state:eddy:geography:haida-1998:state:OCAL,,unknown_no_dated_eddy_footprint,[],,source:7487b9a234864d2d,,haida-1998,state:OCAL
claim:named_eddy_state:eddy:geography:haida-1998:state:PEQD,,,,,eddy:geography:haida-1998,unresolved,,,named_eddy_state:eddy:geography:haida-1998:state:PEQD,,unknown_no_dated_eddy_footprint,[],,source:7487b9a234864d2d,,haida-1998,state:PEQD
claim:named_eddy_state:eddy:geography:haida-1998:state:PNEC,,,,,eddy:geography:haida-1998,unresolved,,,named_eddy_state:eddy:geography:haida-1998:state:PNEC,,unknown_no_dated_eddy_footprint,[],,source:7487b9a234864d2d,,haida-1998,state:PNEC
claim:named_eddy_state:eddy:geography:haida-1998:state:PSAE,,,,,eddy:geography:haida-1998,point_or_region_locator,,,named_eddy_state:eddy:geography:haida-1998:state:PSAE,,unknown_no_dated_eddy_footprint,"[""editorial_region""]",,source:7487b9a234864d2d,,haida-1998,state:PSAE
claim:named_eddy_state:eddy:geography:haida-1998:state:PSAW,,,,,eddy:geography:haida-1998,unresolved,,,named_eddy_state:eddy:geography:haida-1998:state:PSAW,,unknown_no_dated_eddy_footprint,[],,source:7487b9a234864d2d,,haida-1998,state:PSAW
claim:named_eddy_state:eddy:geography:haida-1998:state:REDS,,,,,eddy:geography:haida-1998,unresolved,,,named_eddy_state:eddy:geography:haida-1998:state:REDS,,unknown_no_dated_eddy_footprint,[],,source:7487b9a234864d2d,,haida-1998,state:REDS
claim:named_eddy_state:eddy:geography:haida-1998:state:SANT,,,,,eddy:geography:haida-1998,unresolved,,,named_eddy_state:eddy:geography:haida-1998:state:SANT,,unknown_no_dated_eddy_footprint,[],,source:7487b9a234864d2d,,haida-1998,state:SANT
claim:named_eddy_state:eddy:geography:haida-1998:state:SARC,,,,,eddy:geography:haida-1998,unresolved,,,named_eddy_state:eddy:geography:haida-1998:state:SARC,,unknown_no_dated_eddy_footprint,[],,source:7487b9a234864d2d,,haida-1998,state:SARC
claim:named_eddy_state:eddy:geography:haida-1998:state:SATL,,,,,eddy:geography:haida-1998,unresolved,,,named_eddy_state:eddy:geography:haida-1998:state:SATL,,unknown_no_dated_eddy_footprint,[],,source:7487b9a234864d2d,,haida-1998,state:SATL
claim:named_eddy_state:eddy:geography:haida-1998:state:SPSG,,,,,eddy:geography:haida-1998,unresolved,,,named_eddy_state:eddy:geography:haida-1998:state:SPSG,,unknown_no_dated_eddy_footprint,[],,source:7487b9a234864d2d,,haida-1998,state:SPSG
claim:named_eddy_state:eddy:geography:haida-1998:state:SSTC,,,,,eddy:geography:haida-1998,unresolved,,,named_eddy_state:eddy:geography:haida-1998:state:SSTC,,unknown_no_dated_eddy_footprint,[],,source:7487b9a234864d2d,,haida-1998,state:SSTC
claim:named_eddy_state:eddy:geography:haida-1998:state:SUND,,,,,eddy:geography:haida-1998,unresolved,,,named_eddy_state:eddy:geography:haida-1998:state:SUND,,unknown_no_dated_eddy_footprint,[],,source:7487b9a234864d2d,,haida-1998,state:SUND
claim:named_eddy_state:eddy:geography:haida-1998:state:TASM,,,,,eddy:geography:haida-1998,unresolved,,,named_eddy_state:eddy:geography:haida-1998:state:TASM,,unknown_no_dated_eddy_footprint,[],,source:7487b9a234864d2d,,haida-1998,state:TASM
claim:named_eddy_state:eddy:geography:haida-1998:state:WARM,,,,,eddy:geography:haida-1998,unresolved,,,named_eddy_state:eddy:geography:haida-1998:state:WARM,,unknown_no_dated_eddy_footprint,[],,source:7487b9a234864d2d,,haida-1998,state:WARM
claim:named_eddy_state:eddy:geography:haida-1998:state:WTRA,,,,,eddy:geography:haida-1998,unresolved,,,named_eddy_state:eddy:geography:haida-1998:state:WTRA,,unknown_no_dated_eddy_footprint,[],,source:7487b9a234864d2d,,haida-1998,state:WTRA
claim:named_eddy_state:eddy:geography:sitka-2007:state:ALSK,,,,,eddy:geography:sitka-2007,point_or_region_locator,,,named_eddy_state:eddy:geography:sitka-2007:state:ALSK,,unknown_no_dated_eddy_footprint,"[""sample_site""]",,source:7487b9a234864d2d,,sitka-2007,state:ALSK
claim:named_eddy_state:eddy:geography:sitka-2007:state:ANTA,,,,,eddy:geography:sitka-2007,unresolved,,,named_eddy_state:eddy:geography:sitka-2007:state:ANTA,,unknown_no_dated_eddy_footprint,[],,source:7487b9a234864d2d,,sitka-2007,state:ANTA
claim:named_eddy_state:eddy:geography:sitka-2007:state:APLR,,,,,eddy:geography:sitka-2007,unresolved,,,named_eddy_state:eddy:geography:sitka-2007:state:APLR,,unknown_no_dated_eddy_footprint,[],,source:7487b9a234864d2d,,sitka-2007,state:APLR
claim:named_eddy_state:eddy:geography:sitka-2007:state:ARAB,,,,,eddy:geography:sitka-2007,unresolved,,,named_eddy_state:eddy:geography:sitka-2007:state:ARAB,,unknown_no_dated_eddy_footprint,[],,source:7487b9a234864d2d,,sitka-2007,state:ARAB
claim:named_eddy_state:eddy:geography:sitka-2007:state:ARCH,,,,,eddy:geography:sitka-2007,unresolved,,,named_eddy_state:eddy:geography:sitka-2007:state:ARCH,,unknown_no_dated_eddy_footprint,[],,source:7487b9a234864d2d,,sitka-2007,state:ARCH
claim:named_eddy_state:eddy:geography:sitka-2007:state:ARCT,,,,,eddy:geography:sitka-2007,unresolved,,,named_eddy_state:eddy:geography:sitka-2007:state:ARCT,,unknown_no_dated_eddy_footprint,[],,source:7487b9a234864d2d,,sitka-2007,state:ARCT
claim:named_eddy_state:eddy:geography:sitka-2007:state:AUSE,,,,,eddy:geography:sitka-2007,unresolved,,,named_eddy_state:eddy:geography:sitka-2007:state:AUSE,,unknown_no_dated_eddy_footprint,[],,source:7487b9a234864d2d,,sitka-2007,state:AUSE
claim:named_eddy_state:eddy:geography:sitka-2007:state:AUSW,,,,,eddy:geography:sitka-2007,unresolved,,,named_eddy_state:eddy:geography:sitka-2007:state:AUSW,,unknown_no_dated_eddy_footprint,[],,source:7487b9a234864d2d,,sitka-2007,state:AUSW
claim:named_eddy_state:eddy:geography:sitka-2007:state:BENG,,,,,eddy:geography:sitka-2007,unresolved,,,named_eddy_state:eddy:geography:sitka-2007:state:BENG,,unknown_no_dated_eddy_footprint,[],,source:7487b9a234864d2d,,sitka-2007,state:BENG
claim:named_eddy_state:eddy:geography:sitka-2007:state:BERS,,,,,eddy:geography:sitka-2007,unresolved,,,named_eddy_state:eddy:geography:sitka-2007:state:BERS,,unknown_no_dated_eddy_footprint,[],,source:7487b9a234864d2d,,sitka-2007,state:BERS
claim:named_eddy_state:eddy:geography:sitka-2007:state:BPLR,,,,,eddy:geography:sitka-2007,unresolved,,,named_eddy_state:eddy:geography:sitka-2007:state:BPLR,,unknown_no_dated_eddy_footprint,[],,source:7487b9a234864d2d,,sitka-2007,state:BPLR
claim:named_eddy_state:eddy:geography:sitka-2007:state:BRAZ,,,,,eddy:geography:sitka-2007,unresolved,,,named_eddy_state:eddy:geography:sitka-2007:state:BRAZ,,unknown_no_dated_eddy_footprint,[],,source:7487b9a234864d2d,,sitka-2007,state:BRAZ
claim:named_eddy_state:eddy:geography:sitka-2007:state:CAMR,,,,,eddy:geography:sitka-2007,unresolved,,,named_eddy_state:eddy:geography:sitka-2007:state:CAMR,,unknown_no_dated_eddy_footprint,[],,source:7487b9a234864d2d,,sitka-2007,state:CAMR
claim:named_eddy_state:eddy:geography:sitka-2007:state:CARB,,,,,eddy:geography:sitka-2007,unresolved,,,named_eddy_state:eddy:geography:sitka-2007:state:CARB,,unknown_no_dated_eddy_footprint,[],,source:7487b9a234864d2d,,sitka-2007,state:CARB
claim:named_eddy_state:eddy:geography:sitka-2007:state:CCAL,,,,,eddy:geography:sitka-2007,unresolved,,,named_eddy_state:eddy:geography:sitka-2007:state:CCAL,,unknown_no_dated_eddy_footprint,[],,source:7487b9a234864d2d,,sitka-2007,state:CCAL
claim:named_eddy_state:eddy:geography:sitka-2007:state:CHIN,,,,,eddy:geography:sitka-2007,unresolved,,,named_eddy_state:eddy:geography:sitka-2007:state:CHIN,,unknown_no_dated_eddy_footprint,[],,source:7487b9a234864d2d,,sitka-2007,state:CHIN
claim:named_eddy_state:eddy:geography:sitka-2007:state:CNRY,,,,,eddy:geography:sitka-2007,unresolved,,,named_eddy_state:eddy:geography:sitka-2007:state:CNRY,,unknown_no_dated_eddy_footprint,[],,source:7487b9a234864d2d,,sitka-2007,state:CNRY
claim:named_eddy_state:eddy:geography:sitka-2007:state:EAFR,,,,,eddy:geography:sitka-2007,unresolved,,,named_eddy_state:eddy:geography:sitka-2007:state:EAFR,,unknown_no_dated_eddy_footprint,[],,source:7487b9a234864d2d,,sitka-2007,state:EAFR
claim:named_eddy_state:eddy:geography:sitka-2007:state:ETRA,,,,,eddy:geography:sitka-2007,unresolved,,,named_eddy_state:eddy:geography:sitka-2007:state:ETRA,,unknown_no_dated_eddy_footprint,[],,source:7487b9a234864d2d,,sitka-2007,state:ETRA
claim:named_eddy_state:eddy:geography:sitka-2007:state:FKLD,,,,,eddy:geography:sitka-2007,unresolved,,,named_eddy_state:eddy:geography:sitka-2007:state:FKLD,,unknown_no_dated_eddy_footprint,[],,source:7487b9a234864d2d,,sitka-2007,state:FKLD
claim:named_eddy_state:eddy:geography:sitka-2007:state:GFST,,,,,eddy:geography:sitka-2007,unresolved,,,named_eddy_state:eddy:geography:sitka-2007:state:GFST,,unknown_no_dated_eddy_footprint,[],,source:7487b9a234864d2d,,sitka-2007,state:GFST
claim:named_eddy_state:eddy:geography:sitka-2007:state:GUIA,,,,,eddy:geography:sitka-2007,unresolved,,,named_eddy_state:eddy:geography:sitka-2007:state:GUIA,,unknown_no_dated_eddy_footprint,[],,source:7487b9a234864d2d,,sitka-2007,state:GUIA
claim:named_eddy_state:eddy:geography:sitka-2007:state:GUIN,,,,,eddy:geography:sitka-2007,unresolved,,,named_eddy_state:eddy:geography:sitka-2007:state:GUIN,,unknown_no_dated_eddy_footprint,[],,source:7487b9a234864d2d,,sitka-2007,state:GUIN
claim:named_eddy_state:eddy:geography:sitka-2007:state:HUMB,,,,,eddy:geography:sitka-2007,unresolved,,,named_eddy_state:eddy:geography:sitka-2007:state:HUMB,,unknown_no_dated_eddy_footprint,[],,source:7487b9a234864d2d,,sitka-2007,state:HUMB
claim:named_eddy_state:eddy:geography:sitka-2007:state:IND E,,,,,eddy:geography:sitka-2007,unresolved,,,named_eddy_state:eddy:geography:sitka-2007:state:IND E,,unknown_no_dated_eddy_footprint,[],,source:7487b9a234864d2d,,sitka-2007,state:IND E
claim:named_eddy_state:eddy:geography:sitka-2007:state:IND W,,,,,eddy:geography:sitka-2007,unresolved,,,named_eddy_state:eddy:geography:sitka-2007:state:IND W,,unknown_no_dated_eddy_footprint,[],,source:7487b9a234864d2d,,sitka-2007,state:IND W
claim:named_eddy_state:eddy:geography:sitka-2007:state:ISSG,,,,,eddy:geography:sitka-2007,unresolved,,,named_eddy_state:eddy:geography:sitka-2007:state:ISSG,,unknown_no_dated_eddy_footprint,[],,source:7487b9a234864d2d,,sitka-2007,state:ISSG
claim:named_eddy_state:eddy:geography:sitka-2007:state:KURO,,,,,eddy:geography:sitka-2007,unresolved,,,named_eddy_state:eddy:geography:sitka-2007:state:KURO,,unknown_no_dated_eddy_footprint,[],,source:7487b9a234864d2d,,sitka-2007,state:KURO
claim:named_eddy_state:eddy:geography:sitka-2007:state:MEDI,,,,,eddy:geography:sitka-2007,unresolved,,,named_eddy_state:eddy:geography:sitka-2007:state:MEDI,,unknown_no_dated_eddy_footprint,[],,source:7487b9a234864d2d,,sitka-2007,state:MEDI
claim:named_eddy_state:eddy:geography:sitka-2007:state:MONS,,,,,eddy:geography:sitka-2007,unresolved,,,named_eddy_state:eddy:geography:sitka-2007:state:MONS,,unknown_no_dated_eddy_footprint,[],,source:7487b9a234864d2d,,sitka-2007,state:MONS
claim:named_eddy_state:eddy:geography:sitka-2007:state:NADR,,,,,eddy:geography:sitka-2007,unresolved,,,named_eddy_state:eddy:geography:sitka-2007:state:NADR,,unknown_no_dated_eddy_footprint,[],,source:7487b9a234864d2d,,sitka-2007,state:NADR
claim:named_eddy_state:eddy:geography:sitka-2007:state:NAST E,,,,,eddy:geography:sitka-2007,unresolved,,,named_eddy_state:eddy:geography:sitka-2007:state:NAST E,,unknown_no_dated_eddy_footprint,[],,source:7487b9a234864d2d,,sitka-2007,state:NAST E
claim:named_eddy_state:eddy:geography:sitka-2007:state:NAST W,,,,,eddy:geography:sitka-2007,unresolved,,,named_eddy_state:eddy:geography:sitka-2007:state:NAST W,,unknown_no_dated_eddy_footprint,[],,source:7487b9a234864d2d,,sitka-2007,state:NAST W
claim:named_eddy_state:eddy:geography:sitka-2007:state:NATR,,,,,eddy:geography:sitka-2007,unresolved,,,named_eddy_state:eddy:geography:sitka-2007:state:NATR,,unknown_no_dated_eddy_footprint,[],,source:7487b9a234864d2d,,sitka-2007,state:NATR
claim:named_eddy_state:eddy:geography:sitka-2007:state:NECS,,,,,eddy:geography:sitka-2007,unresolved,,,named_eddy_state:eddy:geography:sitka-2007:state:NECS,,unknown_no_dated_eddy_footprint,[],,source:7487b9a234864d2d,,sitka-2007,state:NECS
claim:named_eddy_state:eddy:geography:sitka-2007:state:NEWZ,,,,,eddy:geography:sitka-2007,unresolved,,,named_eddy_state:eddy:geography:sitka-2007:state:NEWZ,,unknown_no_dated_eddy_footprint,[],,source:7487b9a234864d2d,,sitka-2007,state:NEWZ
claim:named_eddy_state:eddy:geography:sitka-2007:state:NPPF,,,,,eddy:geography:sitka-2007,unresolved,,,named_eddy_state:eddy:geography:sitka-2007:state:NPPF,,unknown_no_dated_eddy_footprint,[],,source:7487b9a234864d2d,,sitka-2007,state:NPPF
claim:named_eddy_state:eddy:geography:sitka-2007:state:NPSE,,,,,eddy:geography:sitka-2007,unresolved,,,named_eddy_state:eddy:geography:sitka-2007:state:NPSE,,unknown_no_dated_eddy_footprint,[],,source:7487b9a234864d2d,,sitka-2007,state:NPSE
claim:named_eddy_state:eddy:geography:sitka-2007:state:NPSW,,,,,eddy:geography:sitka-2007,unresolved,,,named_eddy_state:eddy:geography:sitka-2007:state:NPSW,,unknown_no_dated_eddy_footprint,[],,source:7487b9a234864d2d,,sitka-2007,state:NPSW
claim:named_eddy_state:eddy:geography:sitka-2007:state:NPTG,,,,,eddy:geography:sitka-2007,unresolved,,,named_eddy_state:eddy:geography:sitka-2007:state:NPTG,,unknown_no_dated_eddy_footprint,[],,source:7487b9a234864d2d,,sitka-2007,state:NPTG
claim:named_eddy_state:eddy:geography:sitka-2007:state:NWCS,,,,,eddy:geography:sitka-2007,unresolved,,,named_eddy_state:eddy:geography:sitka-2007:state:NWCS,,unknown_no_dated_eddy_footprint,[],,source:7487b9a234864d2d,,sitka-2007,state:NWCS
claim:named_eddy_state:eddy:geography:sitka-2007:state:OCAL,,,,,eddy:geography:sitka-2007,unresolved,,,named_eddy_state:eddy:geography:sitka-2007:state:OCAL,,unknown_no_dated_eddy_footprint,[],,source:7487b9a234864d2d,,sitka-2007,state:OCAL
claim:named_eddy_state:eddy:geography:sitka-2007:state:PEQD,,,,,eddy:geography:sitka-2007,unresolved,,,named_eddy_state:eddy:geography:sitka-2007:state:PEQD,,unknown_no_dated_eddy_footprint,[],,source:7487b9a234864d2d,,sitka-2007,state:PEQD
claim:named_eddy_state:eddy:geography:sitka-2007:state:PNEC,,,,,eddy:geography:sitka-2007,unresolved,,,named_eddy_state:eddy:geography:sitka-2007:state:PNEC,,unknown_no_dated_eddy_footprint,[],,source:7487b9a234864d2d,,sitka-2007,state:PNEC
claim:named_eddy_state:eddy:geography:sitka-2007:state:PSAE,,,,,eddy:geography:sitka-2007,unresolved,,,named_eddy_state:eddy:geography:sitka-2007:state:PSAE,,unknown_no_dated_eddy_footprint,[],,source:7487b9a234864d2d,,sitka-2007,state:PSAE
claim:named_eddy_state:eddy:geography:sitka-2007:state:PSAW,,,,,eddy:geography:sitka-2007,unresolved,,,named_eddy_state:eddy:geography:sitka-2007:state:PSAW,,unknown_no_dated_eddy_footprint,[],,source:7487b9a234864d2d,,sitka-2007,state:PSAW
claim:named_eddy_state:eddy:geography:sitka-2007:state:REDS,,,,,eddy:geography:sitka-2007,unresolved,,,named_eddy_state:eddy:geography:sitka-2007:state:REDS,,unknown_no_dated_eddy_footprint,[],,source:7487b9a234864d2d,,sitka-2007,state:REDS
claim:named_eddy_state:eddy:geography:sitka-2007:state:SANT,,,,,eddy:geography:sitka-2007,unresolved,,,named_eddy_state:eddy:geography:sitka-2007:state:SANT,,unknown_no_dated_eddy_footprint,[],,source:7487b9a234864d2d,,sitka-2007,state:SANT
claim:named_eddy_state:eddy:geography:sitka-2007:state:SARC,,,,,eddy:geography:sitka-2007,unresolved,,,named_eddy_state:eddy:geography:sitka-2007:state:SARC,,unknown_no_dated_eddy_footprint,[],,source:7487b9a234864d2d,,sitka-2007,state:SARC
claim:named_eddy_state:eddy:geography:sitka-2007:state:SATL,,,,,eddy:geography:sitka-2007,unresolved,,,named_eddy_state:eddy:geography:sitka-2007:state:SATL,,unknown_no_dated_eddy_footprint,[],,source:7487b9a234864d2d,,sitka-2007,state:SATL
claim:named_eddy_state:eddy:geography:sitka-2007:state:SPSG,,,,,eddy:geography:sitka-2007,unresolved,,,named_eddy_state:eddy:geography:sitka-2007:state:SPSG,,unknown_no_dated_eddy_footprint,[],,source:7487b9a234864d2d,,sitka-2007,state:SPSG
claim:named_eddy_state:eddy:geography:sitka-2007:state:SSTC,,,,,eddy:geography:sitka-2007,unresolved,,,named_eddy_state:eddy:geography:sitka-2007:state:SSTC,,unknown_no_dated_eddy_footprint,[],,source:7487b9a234864d2d,,sitka-2007,state:SSTC
claim:named_eddy_state:eddy:geography:sitka-2007:state:SUND,,,,,eddy:geography:sitka-2007,unresolved,,,named_eddy_state:eddy:geography:sitka-2007:state:SUND,,unknown_no_dated_eddy_footprint,[],,source:7487b9a234864d2d,,sitka-2007,state:SUND
claim:named_eddy_state:eddy:geography:sitka-2007:state:TASM,,,,,eddy:geography:sitka-2007,unresolved,,,named_eddy_state:eddy:geography:sitka-2007:state:TASM,,unknown_no_dated_eddy_footprint,[],,source:7487b9a234864d2d,,sitka-2007,state:TASM
claim:named_eddy_state:eddy:geography:sitka-2007:state:WARM,,,,,eddy:geography:sitka-2007,unresolved,,,named_eddy_state:eddy:geography:sitka-2007:state:WARM,,unknown_no_dated_eddy_footprint,[],,source:7487b9a234864d2d,,sitka-2007,state:WARM
claim:named_eddy_state:eddy:geography:sitka-2007:state:WTRA,,,,,eddy:geography:sitka-2007,unresolved,,,named_eddy_state:eddy:geography:sitka-2007:state:WTRA,,unknown_no_dated_eddy_footprint,[],,source:7487b9a234864d2d,,sitka-2007,state:WTRA
claim:named_eddy_state:eddy:geography:kenai-2007:state:ALSK,,,,,eddy:geography:kenai-2007,point_or_region_locator,,,named_eddy_state:eddy:geography:kenai-2007:state:ALSK,,unknown_no_dated_eddy_footprint,"[""sample_site""]",,source:7487b9a234864d2d,,kenai-2007,state:ALSK
claim:named_eddy_state:eddy:geography:kenai-2007:state:ANTA,,,,,eddy:geography:kenai-2007,unresolved,,,named_eddy_state:eddy:geography:kenai-2007:state:ANTA,,unknown_no_dated_eddy_footprint,[],,source:7487b9a234864d2d,,kenai-2007,state:ANTA
claim:named_eddy_state:eddy:geography:kenai-2007:state:APLR,,,,,eddy:geography:kenai-2007,unresolved,,,named_eddy_state:eddy:geography:kenai-2007:state:APLR,,unknown_no_dated_eddy_footprint,[],,source:7487b9a234864d2d,,kenai-2007,state:APLR
claim:named_eddy_state:eddy:geography:kenai-2007:state:ARAB,,,,,eddy:geography:kenai-2007,unresolved,,,named_eddy_state:eddy:geography:kenai-2007:state:ARAB,,unknown_no_dated_eddy_footprint,[],,source:7487b9a234864d2d,,kenai-2007,state:ARAB
claim:named_eddy_state:eddy:geography:kenai-2007:state:ARCH,,,,,eddy:geography:kenai-2007,unresolved,,,named_eddy_state:eddy:geography:kenai-2007:state:ARCH,,unknown_no_dated_eddy_footprint,[],,source:7487b9a234864d2d,,kenai-2007,state:ARCH
claim:named_eddy_state:eddy:geography:kenai-2007:state:ARCT,,,,,eddy:geography:kenai-2007,unresolved,,,named_eddy_state:eddy:geography:kenai-2007:state:ARCT,,unknown_no_dated_eddy_footprint,[],,source:7487b9a234864d2d,,kenai-2007,state:ARCT
claim:named_eddy_state:eddy:geography:kenai-2007:state:AUSE,,,,,eddy:geography:kenai-2007,unresolved,,,named_eddy_state:eddy:geography:kenai-2007:state:AUSE,,unknown_no_dated_eddy_footprint,[],,source:7487b9a234864d2d,,kenai-2007,state:AUSE
claim:named_eddy_state:eddy:geography:kenai-2007:state:AUSW,,,,,eddy:geography:kenai-2007,unresolved,,,named_eddy_state:eddy:geography:kenai-2007:state:AUSW,,unknown_no_dated_eddy_footprint,[],,source:7487b9a234864d2d,,kenai-2007,state:AUSW
claim:named_eddy_state:eddy:geography:kenai-2007:state:BENG,,,,,eddy:geography:kenai-2007,unresolved,,,named_eddy_state:eddy:geography:kenai-2007:state:BENG,,unknown_no_dated_eddy_footprint,[],,source:7487b9a234864d2d,,kenai-2007,state:BENG
claim:named_eddy_state:eddy:geography:kenai-2007:state:BERS,,,,,eddy:geography:kenai-2007,unresolved,,,named_eddy_state:eddy:geography:kenai-2007:state:BERS,,unknown_no_dated_eddy_footprint,[],,source:7487b9a234864d2d,,kenai-2007,state:BERS
claim:named_eddy_state:eddy:geography:kenai-2007:state:BPLR,,,,,eddy:geography:kenai-2007,unresolved,,,named_eddy_state:eddy:geography:kenai-2007:state:BPLR,,unknown_no_dated_eddy_footprint,[],,source:7487b9a234864d2d,,kenai-2007,state:BPLR
claim:named_eddy_state:eddy:geography:kenai-2007:state:BRAZ,,,,,eddy:geography:kenai-2007,unresolved,,,named_eddy_state:eddy:geography:kenai-2007:state:BRAZ,,unknown_no_dated_eddy_footprint,[],,source:7487b9a234864d2d,,kenai-2007,state:BRAZ
claim:named_eddy_state:eddy:geography:kenai-2007:state:CAMR,,,,,eddy:geography:kenai-2007,unresolved,,,named_eddy_state:eddy:geography:kenai-2007:state:CAMR,,unknown_no_dated_eddy_footprint,[],,source:7487b9a234864d2d,,kenai-2007,state:CAMR
claim:named_eddy_state:eddy:geography:kenai-2007:state:CARB,,,,,eddy:geography:kenai-2007,unresolved,,,named_eddy_state:eddy:geography:kenai-2007:state:CARB,,unknown_no_dated_eddy_footprint,[],,source:7487b9a234864d2d,,kenai-2007,state:CARB
claim:named_eddy_state:eddy:geography:kenai-2007:state:CCAL,,,,,eddy:geography:kenai-2007,unresolved,,,named_eddy_state:eddy:geography:kenai-2007:state:CCAL,,unknown_no_dated_eddy_footprint,[],,source:7487b9a234864d2d,,kenai-2007,state:CCAL
claim:named_eddy_state:eddy:geography:kenai-2007:state:CHIN,,,,,eddy:geography:kenai-2007,unresolved,,,named_eddy_state:eddy:geography:kenai-2007:state:CHIN,,unknown_no_dated_eddy_footprint,[],,source:7487b9a234864d2d,,kenai-2007,state:CHIN
claim:named_eddy_state:eddy:geography:kenai-2007:state:CNRY,,,,,eddy:geography:kenai-2007,unresolved,,,named_eddy_state:eddy:geography:kenai-2007:state:CNRY,,unknown_no_dated_eddy_footprint,[],,source:7487b9a234864d2d,,kenai-2007,state:CNRY
claim:named_eddy_state:eddy:geography:kenai-2007:state:EAFR,,,,,eddy:geography:kenai-2007,unresolved,,,named_eddy_state:eddy:geography:kenai-2007:state:EAFR,,unknown_no_dated_eddy_footprint,[],,source:7487b9a234864d2d,,kenai-2007,state:EAFR
claim:named_eddy_state:eddy:geography:kenai-2007:state:ETRA,,,,,eddy:geography:kenai-2007,unresolved,,,named_eddy_state:eddy:geography:kenai-2007:state:ETRA,,unknown_no_dated_eddy_footprint,[],,source:7487b9a234864d2d,,kenai-2007,state:ETRA
claim:named_eddy_state:eddy:geography:kenai-2007:state:FKLD,,,,,eddy:geography:kenai-2007,unresolved,,,named_eddy_state:eddy:geography:kenai-2007:state:FKLD,,unknown_no_dated_eddy_footprint,[],,source:7487b9a234864d2d,,kenai-2007,state:FKLD
claim:named_eddy_state:eddy:geography:kenai-2007:state:GFST,,,,,eddy:geography:kenai-2007,unresolved,,,named_eddy_state:eddy:geography:kenai-2007:state:GFST,,unknown_no_dated_eddy_footprint,[],,source:7487b9a234864d2d,,kenai-2007,state:GFST
claim:named_eddy_state:eddy:geography:kenai-2007:state:GUIA,,,,,eddy:geography:kenai-2007,unresolved,,,named_eddy_state:eddy:geography:kenai-2007:state:GUIA,,unknown_no_dated_eddy_footprint,[],,source:7487b9a234864d2d,,kenai-2007,state:GUIA
claim:named_eddy_state:eddy:geography:kenai-2007:state:GUIN,,,,,eddy:geography:kenai-2007,unresolved,,,named_eddy_state:eddy:geography:kenai-2007:state:GUIN,,unknown_no_dated_eddy_footprint,[],,source:7487b9a234864d2d,,kenai-2007,state:GUIN
claim:named_eddy_state:eddy:geography:kenai-2007:state:HUMB,,,,,eddy:geography:kenai-2007,unresolved,,,named_eddy_state:eddy:geography:kenai-2007:state:HUMB,,unknown_no_dated_eddy_footprint,[],,source:7487b9a234864d2d,,kenai-2007,state:HUMB
claim:named_eddy_state:eddy:geography:kenai-2007:state:IND E,,,,,eddy:geography:kenai-2007,unresolved,,,named_eddy_state:eddy:geography:kenai-2007:state:IND E,,unknown_no_dated_eddy_footprint,[],,source:7487b9a234864d2d,,kenai-2007,state:IND E
claim:named_eddy_state:eddy:geography:kenai-2007:state:IND W,,,,,eddy:geography:kenai-2007,unresolved,,,named_eddy_state:eddy:geography:kenai-2007:state:IND W,,unknown_no_dated_eddy_footprint,[],,source:7487b9a234864d2d,,kenai-2007,state:IND W
claim:named_eddy_state:eddy:geography:kenai-2007:state:ISSG,,,,,eddy:geography:kenai-2007,unresolved,,,named_eddy_state:eddy:geography:kenai-2007:state:ISSG,,unknown_no_dated_eddy_footprint,[],,source:7487b9a234864d2d,,kenai-2007,state:ISSG
claim:named_eddy_state:eddy:geography:kenai-2007:state:KURO,,,,,eddy:geography:kenai-2007,unresolved,,,named_eddy_state:eddy:geography:kenai-2007:state:KURO,,unknown_no_dated_eddy_footprint,[],,source:7487b9a234864d2d,,kenai-2007,state:KURO
claim:named_eddy_state:eddy:geography:kenai-2007:state:MEDI,,,,,eddy:geography:kenai-2007,unresolved,,,named_eddy_state:eddy:geography:kenai-2007:state:MEDI,,unknown_no_dated_eddy_footprint,[],,source:7487b9a234864d2d,,kenai-2007,state:MEDI
claim:named_eddy_state:eddy:geography:kenai-2007:state:MONS,,,,,eddy:geography:kenai-2007,unresolved,,,named_eddy_state:eddy:geography:kenai-2007:state:MONS,,unknown_no_dated_eddy_footprint,[],,source:7487b9a234864d2d,,kenai-2007,state:MONS
claim:named_eddy_state:eddy:geography:kenai-2007:state:NADR,,,,,eddy:geography:kenai-2007,unresolved,,,named_eddy_state:eddy:geography:kenai-2007:state:NADR,,unknown_no_dated_eddy_footprint,[],,source:7487b9a234864d2d,,kenai-2007,state:NADR
claim:named_eddy_state:eddy:geography:kenai-2007:state:NAST E,,,,,eddy:geography:kenai-2007,unresolved,,,named_eddy_state:eddy:geography:kenai-2007:state:NAST E,,unknown_no_dated_eddy_footprint,[],,source:7487b9a234864d2d,,kenai-2007,state:NAST E
claim:named_eddy_state:eddy:geography:kenai-2007:state:NAST W,,,,,eddy:geography:kenai-2007,unresolved,,,named_eddy_state:eddy:geography:kenai-2007:state:NAST W,,unknown_no_dated_eddy_footprint,[],,source:7487b9a234864d2d,,kenai-2007,state:NAST W
claim:named_eddy_state:eddy:geography:kenai-2007:state:NATR,,,,,eddy:geography:kenai-2007,unresolved,,,named_eddy_state:eddy:geography:kenai-2007:state:NATR,,unknown_no_dated_eddy_footprint,[],,source:7487b9a234864d2d,,kenai-2007,state:NATR
claim:named_eddy_state:eddy:geography:kenai-2007:state:NECS,,,,,eddy:geography:kenai-2007,unresolved,,,named_eddy_state:eddy:geography:kenai-2007:state:NECS,,unknown_no_dated_eddy_footprint,[],,source:7487b9a234864d2d,,kenai-2007,state:NECS
claim:named_eddy_state:eddy:geography:kenai-2007:state:NEWZ,,,,,eddy:geography:kenai-2007,unresolved,,,named_eddy_state:eddy:geography:kenai-2007:state:NEWZ,,unknown_no_dated_eddy_footprint,[],,source:7487b9a234864d2d,,kenai-2007,state:NEWZ
claim:named_eddy_state:eddy:geography:kenai-2007:state:NPPF,,,,,eddy:geography:kenai-2007,unresolved,,,named_eddy_state:eddy:geography:kenai-2007:state:NPPF,,unknown_no_dated_eddy_footprint,[],,source:7487b9a234864d2d,,kenai-2007,state:NPPF
claim:named_eddy_state:eddy:geography:kenai-2007:state:NPSE,,,,,eddy:geography:kenai-2007,unresolved,,,named_eddy_state:eddy:geography:kenai-2007:state:NPSE,,unknown_no_dated_eddy_footprint,[],,source:7487b9a234864d2d,,kenai-2007,state:NPSE
claim:named_eddy_state:eddy:geography:kenai-2007:state:NPSW,,,,,eddy:geography:kenai-2007,unresolved,,,named_eddy_state:eddy:geography:kenai-2007:state:NPSW,,unknown_no_dated_eddy_footprint,[],,source:7487b9a234864d2d,,kenai-2007,state:NPSW
claim:named_eddy_state:eddy:geography:kenai-2007:state:NPTG,,,,,eddy:geography:kenai-2007,unresolved,,,named_eddy_state:eddy:geography:kenai-2007:state:NPTG,,unknown_no_dated_eddy_footprint,[],,source:7487b9a234864d2d,,kenai-2007,state:NPTG
claim:named_eddy_state:eddy:geography:kenai-2007:state:NWCS,,,,,eddy:geography:kenai-2007,unresolved,,,named_eddy_state:eddy:geography:kenai-2007:state:NWCS,,unknown_no_dated_eddy_footprint,[],,source:7487b9a234864d2d,,kenai-2007,state:NWCS
claim:named_eddy_state:eddy:geography:kenai-2007:state:OCAL,,,,,eddy:geography:kenai-2007,unresolved,,,named_eddy_state:eddy:geography:kenai-2007:state:OCAL,,unknown_no_dated_eddy_footprint,[],,source:7487b9a234864d2d,,kenai-2007,state:OCAL
claim:named_eddy_state:eddy:geography:kenai-2007:state:PEQD,,,,,eddy:geography:kenai-2007,unresolved,,,named_eddy_state:eddy:geography:kenai-2007:state:PEQD,,unknown_no_dated_eddy_footprint,[],,source:7487b9a234864d2d,,kenai-2007,state:PEQD
claim:named_eddy_state:eddy:geography:kenai-2007:state:PNEC,,,,,eddy:geography:kenai-2007,unresolved,,,named_eddy_state:eddy:geography:kenai-2007:state:PNEC,,unknown_no_dated_eddy_footprint,[],,source:7487b9a234864d2d,,kenai-2007,state:PNEC
claim:named_eddy_state:eddy:geography:kenai-2007:state:PSAE,,,,,eddy:geography:kenai-2007,unresolved,,,named_eddy_state:eddy:geography:kenai-2007:state:PSAE,,unknown_no_dated_eddy_footprint,[],,source:7487b9a234864d2d,,kenai-2007,state:PSAE
claim:named_eddy_state:eddy:geography:kenai-2007:state:PSAW,,,,,eddy:geography:kenai-2007,unresolved,,,named_eddy_state:eddy:geography:kenai-2007:state:PSAW,,unknown_no_dated_eddy_footprint,[],,source:7487b9a234864d2d,,kenai-2007,state:PSAW
claim:named_eddy_state:eddy:geography:kenai-2007:state:REDS,,,,,eddy:geography:kenai-2007,unresolved,,,named_eddy_state:eddy:geography:kenai-2007:state:REDS,,unknown_no_dated_eddy_footprint,[],,source:7487b9a234864d2d,,kenai-2007,state:REDS
claim:named_eddy_state:eddy:geography:kenai-2007:state:SANT,,,,,eddy:geography:kenai-2007,unresolved,,,named_eddy_state:eddy:geography:kenai-2007:state:SANT,,unknown_no_dated_eddy_footprint,[],,source:7487b9a234864d2d,,kenai-2007,state:SANT
claim:named_eddy_state:eddy:geography:kenai-2007:state:SARC,,,,,eddy:geography:kenai-2007,unresolved,,,named_eddy_state:eddy:geography:kenai-2007:state:SARC,,unknown_no_dated_eddy_footprint,[],,source:7487b9a234864d2d,,kenai-2007,state:SARC
claim:named_eddy_state:eddy:geography:kenai-2007:state:SATL,,,,,eddy:geography:kenai-2007,unresolved,,,named_eddy_state:eddy:geography:kenai-2007:state:SATL,,unknown_no_dated_eddy_footprint,[],,source:7487b9a234864d2d,,kenai-2007,state:SATL
claim:named_eddy_state:eddy:geography:kenai-2007:state:SPSG,,,,,eddy:geography:kenai-2007,unresolved,,,named_eddy_state:eddy:geography:kenai-2007:state:SPSG,,unknown_no_dated_eddy_footprint,[],,source:7487b9a234864d2d,,kenai-2007,state:SPSG
claim:named_eddy_state:eddy:geography:kenai-2007:state:SSTC,,,,,eddy:geography:kenai-2007,unresolved,,,named_eddy_state:eddy:geography:kenai-2007:state:SSTC,,unknown_no_dated_eddy_footprint,[],,source:7487b9a234864d2d,,kenai-2007,state:SSTC
claim:named_eddy_state:eddy:geography:kenai-2007:state:SUND,,,,,eddy:geography:kenai-2007,unresolved,,,named_eddy_state:eddy:geography:kenai-2007:state:SUND,,unknown_no_dated_eddy_footprint,[],,source:7487b9a234864d2d,,kenai-2007,state:SUND
claim:named_eddy_state:eddy:geography:kenai-2007:state:TASM,,,,,eddy:geography:kenai-2007,unresolved,,,named_eddy_state:eddy:geography:kenai-2007:state:TASM,,unknown_no_dated_eddy_footprint,[],,source:7487b9a234864d2d,,kenai-2007,state:TASM
claim:named_eddy_state:eddy:geography:kenai-2007:state:WARM,,,,,eddy:geography:kenai-2007,unresolved,,,named_eddy_state:eddy:geography:kenai-2007:state:WARM,,unknown_no_dated_eddy_footprint,[],,source:7487b9a234864d2d,,kenai-2007,state:WARM
claim:named_eddy_state:eddy:geography:kenai-2007:state:WTRA,,,,,eddy:geography:kenai-2007,unresolved,,,named_eddy_state:eddy:geography:kenai-2007:state:WTRA,,unknown_no_dated_eddy_footprint,[],,source:7487b9a234864d2d,,kenai-2007,state:WTRA
claim:named_eddy_state:eddy:geography:meddies-family:state:ALSK,,,,,eddy:geography:meddies-family,unresolved,,,named_eddy_state:eddy:geography:meddies-family:state:ALSK,,unknown_no_dated_eddy_footprint,[],,source:7487b9a234864d2d,,meddies-family,state:ALSK
claim:named_eddy_state:eddy:geography:meddies-family:state:ANTA,,,,,eddy:geography:meddies-family,unresolved,,,named_eddy_state:eddy:geography:meddies-family:state:ANTA,,unknown_no_dated_eddy_footprint,[],,source:7487b9a234864d2d,,meddies-family,state:ANTA
claim:named_eddy_state:eddy:geography:meddies-family:state:APLR,,,,,eddy:geography:meddies-family,unresolved,,,named_eddy_state:eddy:geography:meddies-family:state:APLR,,unknown_no_dated_eddy_footprint,[],,source:7487b9a234864d2d,,meddies-family,state:APLR
claim:named_eddy_state:eddy:geography:meddies-family:state:ARAB,,,,,eddy:geography:meddies-family,unresolved,,,named_eddy_state:eddy:geography:meddies-family:state:ARAB,,unknown_no_dated_eddy_footprint,[],,source:7487b9a234864d2d,,meddies-family,state:ARAB
claim:named_eddy_state:eddy:geography:meddies-family:state:ARCH,,,,,eddy:geography:meddies-family,unresolved,,,named_eddy_state:eddy:geography:meddies-family:state:ARCH,,unknown_no_dated_eddy_footprint,[],,source:7487b9a234864d2d,,meddies-family,state:ARCH
claim:named_eddy_state:eddy:geography:meddies-family:state:ARCT,,,,,eddy:geography:meddies-family,unresolved,,,named_eddy_state:eddy:geography:meddies-family:state:ARCT,,unknown_no_dated_eddy_footprint,[],,source:7487b9a234864d2d,,meddies-family,state:ARCT
claim:named_eddy_state:eddy:geography:meddies-family:state:AUSE,,,,,eddy:geography:meddies-family,unresolved,,,named_eddy_state:eddy:geography:meddies-family:state:AUSE,,unknown_no_dated_eddy_footprint,[],,source:7487b9a234864d2d,,meddies-family,state:AUSE
claim:named_eddy_state:eddy:geography:meddies-family:state:AUSW,,,,,eddy:geography:meddies-family,unresolved,,,named_eddy_state:eddy:geography:meddies-family:state:AUSW,,unknown_no_dated_eddy_footprint,[],,source:7487b9a234864d2d,,meddies-family,state:AUSW
claim:named_eddy_state:eddy:geography:meddies-family:state:BENG,,,,,eddy:geography:meddies-family,unresolved,,,named_eddy_state:eddy:geography:meddies-family:state:BENG,,unknown_no_dated_eddy_footprint,[],,source:7487b9a234864d2d,,meddies-family,state:BENG
claim:named_eddy_state:eddy:geography:meddies-family:state:BERS,,,,,eddy:geography:meddies-family,unresolved,,,named_eddy_state:eddy:geography:meddies-family:state:BERS,,unknown_no_dated_eddy_footprint,[],,source:7487b9a234864d2d,,meddies-family,state:BERS
claim:named_eddy_state:eddy:geography:meddies-family:state:BPLR,,,,,eddy:geography:meddies-family,unresolved,,,named_eddy_state:eddy:geography:meddies-family:state:BPLR,,unknown_no_dated_eddy_footprint,[],,source:7487b9a234864d2d,,meddies-family,state:BPLR
claim:named_eddy_state:eddy:geography:meddies-family:state:BRAZ,,,,,eddy:geography:meddies-family,unresolved,,,named_eddy_state:eddy:geography:meddies-family:state:BRAZ,,unknown_no_dated_eddy_footprint,[],,source:7487b9a234864d2d,,meddies-family,state:BRAZ
claim:named_eddy_state:eddy:geography:meddies-family:state:CAMR,,,,,eddy:geography:meddies-family,unresolved,,,named_eddy_state:eddy:geography:meddies-family:state:CAMR,,unknown_no_dated_eddy_footprint,[],,source:7487b9a234864d2d,,meddies-family,state:CAMR
claim:named_eddy_state:eddy:geography:meddies-family:state:CARB,,,,,eddy:geography:meddies-family,unresolved,,,named_eddy_state:eddy:geography:meddies-family:state:CARB,,unknown_no_dated_eddy_footprint,[],,source:7487b9a234864d2d,,meddies-family,state:CARB
claim:named_eddy_state:eddy:geography:meddies-family:state:CCAL,,,,,eddy:geography:meddies-family,unresolved,,,named_eddy_state:eddy:geography:meddies-family:state:CCAL,,unknown_no_dated_eddy_footprint,[],,source:7487b9a234864d2d,,meddies-family,state:CCAL
claim:named_eddy_state:eddy:geography:meddies-family:state:CHIN,,,,,eddy:geography:meddies-family,unresolved,,,named_eddy_state:eddy:geography:meddies-family:state:CHIN,,unknown_no_dated_eddy_footprint,[],,source:7487b9a234864d2d,,meddies-family,state:CHIN
claim:named_eddy_state:eddy:geography:meddies-family:state:CNRY,,,,,eddy:geography:meddies-family,point_or_region_locator,,,named_eddy_state:eddy:geography:meddies-family:state:CNRY,,unknown_no_dated_eddy_footprint,"[""editorial_region""]",,source:7487b9a234864d2d,,meddies-family,state:CNRY
claim:named_eddy_state:eddy:geography:meddies-family:state:EAFR,,,,,eddy:geography:meddies-family,unresolved,,,named_eddy_state:eddy:geography:meddies-family:state:EAFR,,unknown_no_dated_eddy_footprint,[],,source:7487b9a234864d2d,,meddies-family,state:EAFR
claim:named_eddy_state:eddy:geography:meddies-family:state:ETRA,,,,,eddy:geography:meddies-family,unresolved,,,named_eddy_state:eddy:geography:meddies-family:state:ETRA,,unknown_no_dated_eddy_footprint,[],,source:7487b9a234864d2d,,meddies-family,state:ETRA
claim:named_eddy_state:eddy:geography:meddies-family:state:FKLD,,,,,eddy:geography:meddies-family,unresolved,,,named_eddy_state:eddy:geography:meddies-family:state:FKLD,,unknown_no_dated_eddy_footprint,[],,source:7487b9a234864d2d,,meddies-family,state:FKLD
claim:named_eddy_state:eddy:geography:meddies-family:state:GFST,,,,,eddy:geography:meddies-family,unresolved,,,named_eddy_state:eddy:geography:meddies-family:state:GFST,,unknown_no_dated_eddy_footprint,[],,source:7487b9a234864d2d,,meddies-family,state:GFST
claim:named_eddy_state:eddy:geography:meddies-family:state:GUIA,,,,,eddy:geography:meddies-family,unresolved,,,named_eddy_state:eddy:geography:meddies-family:state:GUIA,,unknown_no_dated_eddy_footprint,[],,source:7487b9a234864d2d,,meddies-family,state:GUIA
claim:named_eddy_state:eddy:geography:meddies-family:state:GUIN,,,,,eddy:geography:meddies-family,unresolved,,,named_eddy_state:eddy:geography:meddies-family:state:GUIN,,unknown_no_dated_eddy_footprint,[],,source:7487b9a234864d2d,,meddies-family,state:GUIN
claim:named_eddy_state:eddy:geography:meddies-family:state:HUMB,,,,,eddy:geography:meddies-family,unresolved,,,named_eddy_state:eddy:geography:meddies-family:state:HUMB,,unknown_no_dated_eddy_footprint,[],,source:7487b9a234864d2d,,meddies-family,state:HUMB
claim:named_eddy_state:eddy:geography:meddies-family:state:IND E,,,,,eddy:geography:meddies-family,unresolved,,,named_eddy_state:eddy:geography:meddies-family:state:IND E,,unknown_no_dated_eddy_footprint,[],,source:7487b9a234864d2d,,meddies-family,state:IND E
claim:named_eddy_state:eddy:geography:meddies-family:state:IND W,,,,,eddy:geography:meddies-family,unresolved,,,named_eddy_state:eddy:geography:meddies-family:state:IND W,,unknown_no_dated_eddy_footprint,[],,source:7487b9a234864d2d,,meddies-family,state:IND W
claim:named_eddy_state:eddy:geography:meddies-family:state:ISSG,,,,,eddy:geography:meddies-family,unresolved,,,named_eddy_state:eddy:geography:meddies-family:state:ISSG,,unknown_no_dated_eddy_footprint,[],,source:7487b9a234864d2d,,meddies-family,state:ISSG
claim:named_eddy_state:eddy:geography:meddies-family:state:KURO,,,,,eddy:geography:meddies-family,unresolved,,,named_eddy_state:eddy:geography:meddies-family:state:KURO,,unknown_no_dated_eddy_footprint,[],,source:7487b9a234864d2d,,meddies-family,state:KURO
claim:named_eddy_state:eddy:geography:meddies-family:state:MEDI,,,,,eddy:geography:meddies-family,unresolved,,,named_eddy_state:eddy:geography:meddies-family:state:MEDI,,unknown_no_dated_eddy_footprint,[],,source:7487b9a234864d2d,,meddies-family,state:MEDI
claim:named_eddy_state:eddy:geography:meddies-family:state:MONS,,,,,eddy:geography:meddies-family,unresolved,,,named_eddy_state:eddy:geography:meddies-family:state:MONS,,unknown_no_dated_eddy_footprint,[],,source:7487b9a234864d2d,,meddies-family,state:MONS
claim:named_eddy_state:eddy:geography:meddies-family:state:NADR,,,,,eddy:geography:meddies-family,unresolved,,,named_eddy_state:eddy:geography:meddies-family:state:NADR,,unknown_no_dated_eddy_footprint,[],,source:7487b9a234864d2d,,meddies-family,state:NADR
claim:named_eddy_state:eddy:geography:meddies-family:state:NAST E,,,,,eddy:geography:meddies-family,unresolved,,,named_eddy_state:eddy:geography:meddies-family:state:NAST E,,unknown_no_dated_eddy_footprint,[],,source:7487b9a234864d2d,,meddies-family,state:NAST E
claim:named_eddy_state:eddy:geography:meddies-family:state:NAST W,,,,,eddy:geography:meddies-family,unresolved,,,named_eddy_state:eddy:geography:meddies-family:state:NAST W,,unknown_no_dated_eddy_footprint,[],,source:7487b9a234864d2d,,meddies-family,state:NAST W
claim:named_eddy_state:eddy:geography:meddies-family:state:NATR,,,,,eddy:geography:meddies-family,unresolved,,,named_eddy_state:eddy:geography:meddies-family:state:NATR,,unknown_no_dated_eddy_footprint,[],,source:7487b9a234864d2d,,meddies-family,state:NATR
claim:named_eddy_state:eddy:geography:meddies-family:state:NECS,,,,,eddy:geography:meddies-family,unresolved,,,named_eddy_state:eddy:geography:meddies-family:state:NECS,,unknown_no_dated_eddy_footprint,[],,source:7487b9a234864d2d,,meddies-family,state:NECS
claim:named_eddy_state:eddy:geography:meddies-family:state:NEWZ,,,,,eddy:geography:meddies-family,unresolved,,,named_eddy_state:eddy:geography:meddies-family:state:NEWZ,,unknown_no_dated_eddy_footprint,[],,source:7487b9a234864d2d,,meddies-family,state:NEWZ
claim:named_eddy_state:eddy:geography:meddies-family:state:NPPF,,,,,eddy:geography:meddies-family,unresolved,,,named_eddy_state:eddy:geography:meddies-family:state:NPPF,,unknown_no_dated_eddy_footprint,[],,source:7487b9a234864d2d,,meddies-family,state:NPPF
claim:named_eddy_state:eddy:geography:meddies-family:state:NPSE,,,,,eddy:geography:meddies-family,unresolved,,,named_eddy_state:eddy:geography:meddies-family:state:NPSE,,unknown_no_dated_eddy_footprint,[],,source:7487b9a234864d2d,,meddies-family,state:NPSE
claim:named_eddy_state:eddy:geography:meddies-family:state:NPSW,,,,,eddy:geography:meddies-family,unresolved,,,named_eddy_state:eddy:geography:meddies-family:state:NPSW,,unknown_no_dated_eddy_footprint,[],,source:7487b9a234864d2d,,meddies-family,state:NPSW
claim:named_eddy_state:eddy:geography:meddies-family:state:NPTG,,,,,eddy:geography:meddies-family,unresolved,,,named_eddy_state:eddy:geography:meddies-family:state:NPTG,,unknown_no_dated_eddy_footprint,[],,source:7487b9a234864d2d,,meddies-family,state:NPTG
claim:named_eddy_state:eddy:geography:meddies-family:state:NWCS,,,,,eddy:geography:meddies-family,unresolved,,,named_eddy_state:eddy:geography:meddies-family:state:NWCS,,unknown_no_dated_eddy_footprint,[],,source:7487b9a234864d2d,,meddies-family,state:NWCS
claim:named_eddy_state:eddy:geography:meddies-family:state:OCAL,,,,,eddy:geography:meddies-family,unresolved,,,named_eddy_state:eddy:geography:meddies-family:state:OCAL,,unknown_no_dated_eddy_footprint,[],,source:7487b9a234864d2d,,meddies-family,state:OCAL
claim:named_eddy_state:eddy:geography:meddies-family:state:PEQD,,,,,eddy:geography:meddies-family,unresolved,,,named_eddy_state:eddy:geography:meddies-family:state:PEQD,,unknown_no_dated_eddy_footprint,[],,source:7487b9a234864d2d,,meddies-family,state:PEQD
claim:named_eddy_state:eddy:geography:meddies-family:state:PNEC,,,,,eddy:geography:meddies-family,unresolved,,,named_eddy_state:eddy:geography:meddies-family:state:PNEC,,unknown_no_dated_eddy_footprint,[],,source:7487b9a234864d2d,,meddies-family,state:PNEC
claim:named_eddy_state:eddy:geography:meddies-family:state:PSAE,,,,,eddy:geography:meddies-family,unresolved,,,named_eddy_state:eddy:geography:meddies-family:state:PSAE,,unknown_no_dated_eddy_footprint,[],,source:7487b9a234864d2d,,meddies-family,state:PSAE
claim:named_eddy_state:eddy:geography:meddies-family:state:PSAW,,,,,eddy:geography:meddies-family,unresolved,,,named_eddy_state:eddy:geography:meddies-family:state:PSAW,,unknown_no_dated_eddy_footprint,[],,source:7487b9a234864d2d,,meddies-family,state:PSAW
claim:named_eddy_state:eddy:geography:meddies-family:state:REDS,,,,,eddy:geography:meddies-family,unresolved,,,named_eddy_state:eddy:geography:meddies-family:state:REDS,,unknown_no_dated_eddy_footprint,[],,source:7487b9a234864d2d,,meddies-family,state:REDS
claim:named_eddy_state:eddy:geography:meddies-family:state:SANT,,,,,eddy:geography:meddies-family,unresolved,,,named_eddy_state:eddy:geography:meddies-family:state:SANT,,unknown_no_dated_eddy_footprint,[],,source:7487b9a234864d2d,,meddies-family,state:SANT
claim:named_eddy_state:eddy:geography:meddies-family:state:SARC,,,,,eddy:geography:meddies-family,unresolved,,,named_eddy_state:eddy:geography:meddies-family:state:SARC,,unknown_no_dated_eddy_footprint,[],,source:7487b9a234864d2d,,meddies-family,state:SARC
claim:named_eddy_state:eddy:geography:meddies-family:state:SATL,,,,,eddy:geography:meddies-family,unresolved,,,named_eddy_state:eddy:geography:meddies-family:state:SATL,,unknown_no_dated_eddy_footprint,[],,source:7487b9a234864d2d,,meddies-family,state:SATL
claim:named_eddy_state:eddy:geography:meddies-family:state:SPSG,,,,,eddy:geography:meddies-family,unresolved,,,named_eddy_state:eddy:geography:meddies-family:state:SPSG,,unknown_no_dated_eddy_footprint,[],,source:7487b9a234864d2d,,meddies-family,state:SPSG
claim:named_eddy_state:eddy:geography:meddies-family:state:SSTC,,,,,eddy:geography:meddies-family,unresolved,,,named_eddy_state:eddy:geography:meddies-family:state:SSTC,,unknown_no_dated_eddy_footprint,[],,source:7487b9a234864d2d,,meddies-family,state:SSTC
claim:named_eddy_state:eddy:geography:meddies-family:state:SUND,,,,,eddy:geography:meddies-family,unresolved,,,named_eddy_state:eddy:geography:meddies-family:state:SUND,,unknown_no_dated_eddy_footprint,[],,source:7487b9a234864d2d,,meddies-family,state:SUND
claim:named_eddy_state:eddy:geography:meddies-family:state:TASM,,,,,eddy:geography:meddies-family,unresolved,,,named_eddy_state:eddy:geography:meddies-family:state:TASM,,unknown_no_dated_eddy_footprint,[],,source:7487b9a234864d2d,,meddies-family,state:TASM
claim:named_eddy_state:eddy:geography:meddies-family:state:WARM,,,,,eddy:geography:meddies-family,unresolved,,,named_eddy_state:eddy:geography:meddies-family:state:WARM,,unknown_no_dated_eddy_footprint,[],,source:7487b9a234864d2d,,meddies-family,state:WARM
claim:named_eddy_state:eddy:geography:meddies-family:state:WTRA,,,,,eddy:geography:meddies-family,unresolved,,,named_eddy_state:eddy:geography:meddies-family:state:WTRA,,unknown_no_dated_eddy_footprint,[],,source:7487b9a234864d2d,,meddies-family,state:WTRA
claim:named_eddy_state:eddy:geography:meddy-ulla-1997:state:ALSK,,,,,eddy:geography:meddy-ulla-1997,unresolved,,,named_eddy_state:eddy:geography:meddy-ulla-1997:state:ALSK,,unknown_no_dated_eddy_footprint,[],,source:7487b9a234864d2d,,meddy-ulla-1997,state:ALSK
claim:named_eddy_state:eddy:geography:meddy-ulla-1997:state:ANTA,,,,,eddy:geography:meddy-ulla-1997,unresolved,,,named_eddy_state:eddy:geography:meddy-ulla-1997:state:ANTA,,unknown_no_dated_eddy_footprint,[],,source:7487b9a234864d2d,,meddy-ulla-1997,state:ANTA
claim:named_eddy_state:eddy:geography:meddy-ulla-1997:state:APLR,,,,,eddy:geography:meddy-ulla-1997,unresolved,,,named_eddy_state:eddy:geography:meddy-ulla-1997:state:APLR,,unknown_no_dated_eddy_footprint,[],,source:7487b9a234864d2d,,meddy-ulla-1997,state:APLR
claim:named_eddy_state:eddy:geography:meddy-ulla-1997:state:ARAB,,,,,eddy:geography:meddy-ulla-1997,unresolved,,,named_eddy_state:eddy:geography:meddy-ulla-1997:state:ARAB,,unknown_no_dated_eddy_footprint,[],,source:7487b9a234864d2d,,meddy-ulla-1997,state:ARAB
claim:named_eddy_state:eddy:geography:meddy-ulla-1997:state:ARCH,,,,,eddy:geography:meddy-ulla-1997,unresolved,,,named_eddy_state:eddy:geography:meddy-ulla-1997:state:ARCH,,unknown_no_dated_eddy_footprint,[],,source:7487b9a234864d2d,,meddy-ulla-1997,state:ARCH
claim:named_eddy_state:eddy:geography:meddy-ulla-1997:state:ARCT,,,,,eddy:geography:meddy-ulla-1997,unresolved,,,named_eddy_state:eddy:geography:meddy-ulla-1997:state:ARCT,,unknown_no_dated_eddy_footprint,[],,source:7487b9a234864d2d,,meddy-ulla-1997,state:ARCT
claim:named_eddy_state:eddy:geography:meddy-ulla-1997:state:AUSE,,,,,eddy:geography:meddy-ulla-1997,unresolved,,,named_eddy_state:eddy:geography:meddy-ulla-1997:state:AUSE,,unknown_no_dated_eddy_footprint,[],,source:7487b9a234864d2d,,meddy-ulla-1997,state:AUSE
claim:named_eddy_state:eddy:geography:meddy-ulla-1997:state:AUSW,,,,,eddy:geography:meddy-ulla-1997,unresolved,,,named_eddy_state:eddy:geography:meddy-ulla-1997:state:AUSW,,unknown_no_dated_eddy_footprint,[],,source:7487b9a234864d2d,,meddy-ulla-1997,state:AUSW
claim:named_eddy_state:eddy:geography:meddy-ulla-1997:state:BENG,,,,,eddy:geography:meddy-ulla-1997,unresolved,,,named_eddy_state:eddy:geography:meddy-ulla-1997:state:BENG,,unknown_no_dated_eddy_footprint,[],,source:7487b9a234864d2d,,meddy-ulla-1997,state:BENG
claim:named_eddy_state:eddy:geography:meddy-ulla-1997:state:BERS,,,,,eddy:geography:meddy-ulla-1997,unresolved,,,named_eddy_state:eddy:geography:meddy-ulla-1997:state:BERS,,unknown_no_dated_eddy_footprint,[],,source:7487b9a234864d2d,,meddy-ulla-1997,state:BERS
claim:named_eddy_state:eddy:geography:meddy-ulla-1997:state:BPLR,,,,,eddy:geography:meddy-ulla-1997,unresolved,,,named_eddy_state:eddy:geography:meddy-ulla-1997:state:BPLR,,unknown_no_dated_eddy_footprint,[],,source:7487b9a234864d2d,,meddy-ulla-1997,state:BPLR
claim:named_eddy_state:eddy:geography:meddy-ulla-1997:state:BRAZ,,,,,eddy:geography:meddy-ulla-1997,unresolved,,,named_eddy_state:eddy:geography:meddy-ulla-1997:state:BRAZ,,unknown_no_dated_eddy_footprint,[],,source:7487b9a234864d2d,,meddy-ulla-1997,state:BRAZ
claim:named_eddy_state:eddy:geography:meddy-ulla-1997:state:CAMR,,,,,eddy:geography:meddy-ulla-1997,unresolved,,,named_eddy_state:eddy:geography:meddy-ulla-1997:state:CAMR,,unknown_no_dated_eddy_footprint,[],,source:7487b9a234864d2d,,meddy-ulla-1997,state:CAMR
claim:named_eddy_state:eddy:geography:meddy-ulla-1997:state:CARB,,,,,eddy:geography:meddy-ulla-1997,unresolved,,,named_eddy_state:eddy:geography:meddy-ulla-1997:state:CARB,,unknown_no_dated_eddy_footprint,[],,source:7487b9a234864d2d,,meddy-ulla-1997,state:CARB
claim:named_eddy_state:eddy:geography:meddy-ulla-1997:state:CCAL,,,,,eddy:geography:meddy-ulla-1997,unresolved,,,named_eddy_state:eddy:geography:meddy-ulla-1997:state:CCAL,,unknown_no_dated_eddy_footprint,[],,source:7487b9a234864d2d,,meddy-ulla-1997,state:CCAL
claim:named_eddy_state:eddy:geography:meddy-ulla-1997:state:CHIN,,,,,eddy:geography:meddy-ulla-1997,unresolved,,,named_eddy_state:eddy:geography:meddy-ulla-1997:state:CHIN,,unknown_no_dated_eddy_footprint,[],,source:7487b9a234864d2d,,meddy-ulla-1997,state:CHIN
claim:named_eddy_state:eddy:geography:meddy-ulla-1997:state:CNRY,,,,,eddy:geography:meddy-ulla-1997,unresolved,,,named_eddy_state:eddy:geography:meddy-ulla-1997:state:CNRY,,unknown_no_dated_eddy_footprint,[],,source:7487b9a234864d2d,,meddy-ulla-1997,state:CNRY
claim:named_eddy_state:eddy:geography:meddy-ulla-1997:state:EAFR,,,,,eddy:geography:meddy-ulla-1997,unresolved,,,named_eddy_state:eddy:geography:meddy-ulla-1997:state:EAFR,,unknown_no_dated_eddy_footprint,[],,source:7487b9a234864d2d,,meddy-ulla-1997,state:EAFR
claim:named_eddy_state:eddy:geography:meddy-ulla-1997:state:ETRA,,,,,eddy:geography:meddy-ulla-1997,unresolved,,,named_eddy_state:eddy:geography:meddy-ulla-1997:state:ETRA,,unknown_no_dated_eddy_footprint,[],,source:7487b9a234864d2d,,meddy-ulla-1997,state:ETRA
claim:named_eddy_state:eddy:geography:meddy-ulla-1997:state:FKLD,,,,,eddy:geography:meddy-ulla-1997,unresolved,,,named_eddy_state:eddy:geography:meddy-ulla-1997:state:FKLD,,unknown_no_dated_eddy_footprint,[],,source:7487b9a234864d2d,,meddy-ulla-1997,state:FKLD
claim:named_eddy_state:eddy:geography:meddy-ulla-1997:state:GFST,,,,,eddy:geography:meddy-ulla-1997,unresolved,,,named_eddy_state:eddy:geography:meddy-ulla-1997:state:GFST,,unknown_no_dated_eddy_footprint,[],,source:7487b9a234864d2d,,meddy-ulla-1997,state:GFST
claim:named_eddy_state:eddy:geography:meddy-ulla-1997:state:GUIA,,,,,eddy:geography:meddy-ulla-1997,unresolved,,,named_eddy_state:eddy:geography:meddy-ulla-1997:state:GUIA,,unknown_no_dated_eddy_footprint,[],,source:7487b9a234864d2d,,meddy-ulla-1997,state:GUIA
claim:named_eddy_state:eddy:geography:meddy-ulla-1997:state:GUIN,,,,,eddy:geography:meddy-ulla-1997,unresolved,,,named_eddy_state:eddy:geography:meddy-ulla-1997:state:GUIN,,unknown_no_dated_eddy_footprint,[],,source:7487b9a234864d2d,,meddy-ulla-1997,state:GUIN
claim:named_eddy_state:eddy:geography:meddy-ulla-1997:state:HUMB,,,,,eddy:geography:meddy-ulla-1997,unresolved,,,named_eddy_state:eddy:geography:meddy-ulla-1997:state:HUMB,,unknown_no_dated_eddy_footprint,[],,source:7487b9a234864d2d,,meddy-ulla-1997,state:HUMB
claim:named_eddy_state:eddy:geography:meddy-ulla-1997:state:IND E,,,,,eddy:geography:meddy-ulla-1997,unresolved,,,named_eddy_state:eddy:geography:meddy-ulla-1997:state:IND E,,unknown_no_dated_eddy_footprint,[],,source:7487b9a234864d2d,,meddy-ulla-1997,state:IND E
claim:named_eddy_state:eddy:geography:meddy-ulla-1997:state:IND W,,,,,eddy:geography:meddy-ulla-1997,unresolved,,,named_eddy_state:eddy:geography:meddy-ulla-1997:state:IND W,,unknown_no_dated_eddy_footprint,[],,source:7487b9a234864d2d,,meddy-ulla-1997,state:IND W
claim:named_eddy_state:eddy:geography:meddy-ulla-1997:state:ISSG,,,,,eddy:geography:meddy-ulla-1997,unresolved,,,named_eddy_state:eddy:geography:meddy-ulla-1997:state:ISSG,,unknown_no_dated_eddy_footprint,[],,source:7487b9a234864d2d,,meddy-ulla-1997,state:ISSG
claim:named_eddy_state:eddy:geography:meddy-ulla-1997:state:KURO,,,,,eddy:geography:meddy-ulla-1997,unresolved,,,named_eddy_state:eddy:geography:meddy-ulla-1997:state:KURO,,unknown_no_dated_eddy_footprint,[],,source:7487b9a234864d2d,,meddy-ulla-1997,state:KURO
claim:named_eddy_state:eddy:geography:meddy-ulla-1997:state:MEDI,,,,,eddy:geography:meddy-ulla-1997,unresolved,,,named_eddy_state:eddy:geography:meddy-ulla-1997:state:MEDI,,unknown_no_dated_eddy_footprint,[],,source:7487b9a234864d2d,,meddy-ulla-1997,state:MEDI
claim:named_eddy_state:eddy:geography:meddy-ulla-1997:state:MONS,,,,,eddy:geography:meddy-ulla-1997,unresolved,,,named_eddy_state:eddy:geography:meddy-ulla-1997:state:MONS,,unknown_no_dated_eddy_footprint,[],,source:7487b9a234864d2d,,meddy-ulla-1997,state:MONS
claim:named_eddy_state:eddy:geography:meddy-ulla-1997:state:NADR,,,,,eddy:geography:meddy-ulla-1997,unresolved,,,named_eddy_state:eddy:geography:meddy-ulla-1997:state:NADR,,unknown_no_dated_eddy_footprint,[],,source:7487b9a234864d2d,,meddy-ulla-1997,state:NADR
claim:named_eddy_state:eddy:geography:meddy-ulla-1997:state:NAST E,,,,,eddy:geography:meddy-ulla-1997,unresolved,,,named_eddy_state:eddy:geography:meddy-ulla-1997:state:NAST E,,unknown_no_dated_eddy_footprint,[],,source:7487b9a234864d2d,,meddy-ulla-1997,state:NAST E
claim:named_eddy_state:eddy:geography:meddy-ulla-1997:state:NAST W,,,,,eddy:geography:meddy-ulla-1997,unresolved,,,named_eddy_state:eddy:geography:meddy-ulla-1997:state:NAST W,,unknown_no_dated_eddy_footprint,[],,source:7487b9a234864d2d,,meddy-ulla-1997,state:NAST W
claim:named_eddy_state:eddy:geography:meddy-ulla-1997:state:NATR,,,,,eddy:geography:meddy-ulla-1997,unresolved,,,named_eddy_state:eddy:geography:meddy-ulla-1997:state:NATR,,unknown_no_dated_eddy_footprint,[],,source:7487b9a234864d2d,,meddy-ulla-1997,state:NATR
claim:named_eddy_state:eddy:geography:meddy-ulla-1997:state:NECS,,,,,eddy:geography:meddy-ulla-1997,point_or_region_locator,,,named_eddy_state:eddy:geography:meddy-ulla-1997:state:NECS,,unknown_no_dated_eddy_footprint,"[""observed_center""]",,source:7487b9a234864d2d,,meddy-ulla-1997,state:NECS
claim:named_eddy_state:eddy:geography:meddy-ulla-1997:state:NEWZ,,,,,eddy:geography:meddy-ulla-1997,unresolved,,,named_eddy_state:eddy:geography:meddy-ulla-1997:state:NEWZ,,unknown_no_dated_eddy_footprint,[],,source:7487b9a234864d2d,,meddy-ulla-1997,state:NEWZ
claim:named_eddy_state:eddy:geography:meddy-ulla-1997:state:NPPF,,,,,eddy:geography:meddy-ulla-1997,unresolved,,,named_eddy_state:eddy:geography:meddy-ulla-1997:state:NPPF,,unknown_no_dated_eddy_footprint,[],,source:7487b9a234864d2d,,meddy-ulla-1997,state:NPPF
claim:named_eddy_state:eddy:geography:meddy-ulla-1997:state:NPSE,,,,,eddy:geography:meddy-ulla-1997,unresolved,,,named_eddy_state:eddy:geography:meddy-ulla-1997:state:NPSE,,unknown_no_dated_eddy_footprint,[],,source:7487b9a234864d2d,,meddy-ulla-1997,state:NPSE
claim:named_eddy_state:eddy:geography:meddy-ulla-1997:state:NPSW,,,,,eddy:geography:meddy-ulla-1997,unresolved,,,named_eddy_state:eddy:geography:meddy-ulla-1997:state:NPSW,,unknown_no_dated_eddy_footprint,[],,source:7487b9a234864d2d,,meddy-ulla-1997,state:NPSW
claim:named_eddy_state:eddy:geography:meddy-ulla-1997:state:NPTG,,,,,eddy:geography:meddy-ulla-1997,unresolved,,,named_eddy_state:eddy:geography:meddy-ulla-1997:state:NPTG,,unknown_no_dated_eddy_footprint,[],,source:7487b9a234864d2d,,meddy-ulla-1997,state:NPTG
claim:named_eddy_state:eddy:geography:meddy-ulla-1997:state:NWCS,,,,,eddy:geography:meddy-ulla-1997,unresolved,,,named_eddy_state:eddy:geography:meddy-ulla-1997:state:NWCS,,unknown_no_dated_eddy_footprint,[],,source:7487b9a234864d2d,,meddy-ulla-1997,state:NWCS
claim:named_eddy_state:eddy:geography:meddy-ulla-1997:state:OCAL,,,,,eddy:geography:meddy-ulla-1997,unresolved,,,named_eddy_state:eddy:geography:meddy-ulla-1997:state:OCAL,,unknown_no_dated_eddy_footprint,[],,source:7487b9a234864d2d,,meddy-ulla-1997,state:OCAL
claim:named_eddy_state:eddy:geography:meddy-ulla-1997:state:PEQD,,,,,eddy:geography:meddy-ulla-1997,unresolved,,,named_eddy_state:eddy:geography:meddy-ulla-1997:state:PEQD,,unknown_no_dated_eddy_footprint,[],,source:7487b9a234864d2d,,meddy-ulla-1997,state:PEQD
claim:named_eddy_state:eddy:geography:meddy-ulla-1997:state:PNEC,,,,,eddy:geography:meddy-ulla-1997,unresolved,,,named_eddy_state:eddy:geography:meddy-ulla-1997:state:PNEC,,unknown_no_dated_eddy_footprint,[],,source:7487b9a234864d2d,,meddy-ulla-1997,state:PNEC
claim:named_eddy_state:eddy:geography:meddy-ulla-1997:state:PSAE,,,,,eddy:geography:meddy-ulla-1997,unresolved,,,named_eddy_state:eddy:geography:meddy-ulla-1997:state:PSAE,,unknown_no_dated_eddy_footprint,[],,source:7487b9a234864d2d,,meddy-ulla-1997,state:PSAE
claim:named_eddy_state:eddy:geography:meddy-ulla-1997:state:PSAW,,,,,eddy:geography:meddy-ulla-1997,unresolved,,,named_eddy_state:eddy:geography:meddy-ulla-1997:state:PSAW,,unknown_no_dated_eddy_footprint,[],,source:7487b9a234864d2d,,meddy-ulla-1997,state:PSAW
claim:named_eddy_state:eddy:geography:meddy-ulla-1997:state:REDS,,,,,eddy:geography:meddy-ulla-1997,unresolved,,,named_eddy_state:eddy:geography:meddy-ulla-1997:state:REDS,,unknown_no_dated_eddy_footprint,[],,source:7487b9a234864d2d,,meddy-ulla-1997,state:REDS
claim:named_eddy_state:eddy:geography:meddy-ulla-1997:state:SANT,,,,,eddy:geography:meddy-ulla-1997,unresolved,,,named_eddy_state:eddy:geography:meddy-ulla-1997:state:SANT,,unknown_no_dated_eddy_footprint,[],,source:7487b9a234864d2d,,meddy-ulla-1997,state:SANT
claim:named_eddy_state:eddy:geography:meddy-ulla-1997:state:SARC,,,,,eddy:geography:meddy-ulla-1997,unresolved,,,named_eddy_state:eddy:geography:meddy-ulla-1997:state:SARC,,unknown_no_dated_eddy_footprint,[],,source:7487b9a234864d2d,,meddy-ulla-1997,state:SARC
claim:named_eddy_state:eddy:geography:meddy-ulla-1997:state:SATL,,,,,eddy:geography:meddy-ulla-1997,unresolved,,,named_eddy_state:eddy:geography:meddy-ulla-1997:state:SATL,,unknown_no_dated_eddy_footprint,[],,source:7487b9a234864d2d,,meddy-ulla-1997,state:SATL
claim:named_eddy_state:eddy:geography:meddy-ulla-1997:state:SPSG,,,,,eddy:geography:meddy-ulla-1997,unresolved,,,named_eddy_state:eddy:geography:meddy-ulla-1997:state:SPSG,,unknown_no_dated_eddy_footprint,[],,source:7487b9a234864d2d,,meddy-ulla-1997,state:SPSG
claim:named_eddy_state:eddy:geography:meddy-ulla-1997:state:SSTC,,,,,eddy:geography:meddy-ulla-1997,unresolved,,,named_eddy_state:eddy:geography:meddy-ulla-1997:state:SSTC,,unknown_no_dated_eddy_footprint,[],,source:7487b9a234864d2d,,meddy-ulla-1997,state:SSTC
claim:named_eddy_state:eddy:geography:meddy-ulla-1997:state:SUND,,,,,eddy:geography:meddy-ulla-1997,unresolved,,,named_eddy_state:eddy:geography:meddy-ulla-1997:state:SUND,,unknown_no_dated_eddy_footprint,[],,source:7487b9a234864d2d,,meddy-ulla-1997,state:SUND
claim:named_eddy_state:eddy:geography:meddy-ulla-1997:state:TASM,,,,,eddy:geography:meddy-ulla-1997,unresolved,,,named_eddy_state:eddy:geography:meddy-ulla-1997:state:TASM,,unknown_no_dated_eddy_footprint,[],,source:7487b9a234864d2d,,meddy-ulla-1997,state:TASM
claim:named_eddy_state:eddy:geography:meddy-ulla-1997:state:WARM,,,,,eddy:geography:meddy-ulla-1997,unresolved,,,named_eddy_state:eddy:geography:meddy-ulla-1997:state:WARM,,unknown_no_dated_eddy_footprint,[],,source:7487b9a234864d2d,,meddy-ulla-1997,state:WARM
claim:named_eddy_state:eddy:geography:meddy-ulla-1997:state:WTRA,,,,,eddy:geography:meddy-ulla-1997,unresolved,,,named_eddy_state:eddy:geography:meddy-ulla-1997:state:WTRA,,unknown_no_dated_eddy_footprint,[],,source:7487b9a234864d2d,,meddy-ulla-1997,state:WTRA
claim:named_eddy_state:eddy:geography:cyprus-eddy-region:state:ALSK,,,,,eddy:geography:cyprus-eddy-region,unresolved,,,named_eddy_state:eddy:geography:cyprus-eddy-region:state:ALSK,,unknown_no_dated_eddy_footprint,[],,source:7487b9a234864d2d,,cyprus-eddy-region,state:ALSK
claim:named_eddy_state:eddy:geography:cyprus-eddy-region:state:ANTA,,,,,eddy:geography:cyprus-eddy-region,unresolved,,,named_eddy_state:eddy:geography:cyprus-eddy-region:state:ANTA,,unknown_no_dated_eddy_footprint,[],,source:7487b9a234864d2d,,cyprus-eddy-region,state:ANTA
claim:named_eddy_state:eddy:geography:cyprus-eddy-region:state:APLR,,,,,eddy:geography:cyprus-eddy-region,unresolved,,,named_eddy_state:eddy:geography:cyprus-eddy-region:state:APLR,,unknown_no_dated_eddy_footprint,[],,source:7487b9a234864d2d,,cyprus-eddy-region,state:APLR
claim:named_eddy_state:eddy:geography:cyprus-eddy-region:state:ARAB,,,,,eddy:geography:cyprus-eddy-region,unresolved,,,named_eddy_state:eddy:geography:cyprus-eddy-region:state:ARAB,,unknown_no_dated_eddy_footprint,[],,source:7487b9a234864d2d,,cyprus-eddy-region,state:ARAB
claim:named_eddy_state:eddy:geography:cyprus-eddy-region:state:ARCH,,,,,eddy:geography:cyprus-eddy-region,unresolved,,,named_eddy_state:eddy:geography:cyprus-eddy-region:state:ARCH,,unknown_no_dated_eddy_footprint,[],,source:7487b9a234864d2d,,cyprus-eddy-region,state:ARCH
claim:named_eddy_state:eddy:geography:cyprus-eddy-region:state:ARCT,,,,,eddy:geography:cyprus-eddy-region,unresolved,,,named_eddy_state:eddy:geography:cyprus-eddy-region:state:ARCT,,unknown_no_dated_eddy_footprint,[],,source:7487b9a234864d2d,,cyprus-eddy-region,state:ARCT
claim:named_eddy_state:eddy:geography:cyprus-eddy-region:state:AUSE,,,,,eddy:geography:cyprus-eddy-region,unresolved,,,named_eddy_state:eddy:geography:cyprus-eddy-region:state:AUSE,,unknown_no_dated_eddy_footprint,[],,source:7487b9a234864d2d,,cyprus-eddy-region,state:AUSE
claim:named_eddy_state:eddy:geography:cyprus-eddy-region:state:AUSW,,,,,eddy:geography:cyprus-eddy-region,unresolved,,,named_eddy_state:eddy:geography:cyprus-eddy-region:state:AUSW,,unknown_no_dated_eddy_footprint,[],,source:7487b9a234864d2d,,cyprus-eddy-region,state:AUSW
claim:named_eddy_state:eddy:geography:cyprus-eddy-region:state:BENG,,,,,eddy:geography:cyprus-eddy-region,unresolved,,,named_eddy_state:eddy:geography:cyprus-eddy-region:state:BENG,,unknown_no_dated_eddy_footprint,[],,source:7487b9a234864d2d,,cyprus-eddy-region,state:BENG
claim:named_eddy_state:eddy:geography:cyprus-eddy-region:state:BERS,,,,,eddy:geography:cyprus-eddy-region,unresolved,,,named_eddy_state:eddy:geography:cyprus-eddy-region:state:BERS,,unknown_no_dated_eddy_footprint,[],,source:7487b9a234864d2d,,cyprus-eddy-region,state:BERS
claim:named_eddy_state:eddy:geography:cyprus-eddy-region:state:BPLR,,,,,eddy:geography:cyprus-eddy-region,unresolved,,,named_eddy_state:eddy:geography:cyprus-eddy-region:state:BPLR,,unknown_no_dated_eddy_footprint,[],,source:7487b9a234864d2d,,cyprus-eddy-region,state:BPLR
claim:named_eddy_state:eddy:geography:cyprus-eddy-region:state:BRAZ,,,,,eddy:geography:cyprus-eddy-region,unresolved,,,named_eddy_state:eddy:geography:cyprus-eddy-region:state:BRAZ,,unknown_no_dated_eddy_footprint,[],,source:7487b9a234864d2d,,cyprus-eddy-region,state:BRAZ
claim:named_eddy_state:eddy:geography:cyprus-eddy-region:state:CAMR,,,,,eddy:geography:cyprus-eddy-region,unresolved,,,named_eddy_state:eddy:geography:cyprus-eddy-region:state:CAMR,,unknown_no_dated_eddy_footprint,[],,source:7487b9a234864d2d,,cyprus-eddy-region,state:CAMR
claim:named_eddy_state:eddy:geography:cyprus-eddy-region:state:CARB,,,,,eddy:geography:cyprus-eddy-region,unresolved,,,named_eddy_state:eddy:geography:cyprus-eddy-region:state:CARB,,unknown_no_dated_eddy_footprint,[],,source:7487b9a234864d2d,,cyprus-eddy-region,state:CARB
claim:named_eddy_state:eddy:geography:cyprus-eddy-region:state:CCAL,,,,,eddy:geography:cyprus-eddy-region,unresolved,,,named_eddy_state:eddy:geography:cyprus-eddy-region:state:CCAL,,unknown_no_dated_eddy_footprint,[],,source:7487b9a234864d2d,,cyprus-eddy-region,state:CCAL
claim:named_eddy_state:eddy:geography:cyprus-eddy-region:state:CHIN,,,,,eddy:geography:cyprus-eddy-region,unresolved,,,named_eddy_state:eddy:geography:cyprus-eddy-region:state:CHIN,,unknown_no_dated_eddy_footprint,[],,source:7487b9a234864d2d,,cyprus-eddy-region,state:CHIN
claim:named_eddy_state:eddy:geography:cyprus-eddy-region:state:CNRY,,,,,eddy:geography:cyprus-eddy-region,unresolved,,,named_eddy_state:eddy:geography:cyprus-eddy-region:state:CNRY,,unknown_no_dated_eddy_footprint,[],,source:7487b9a234864d2d,,cyprus-eddy-region,state:CNRY
claim:named_eddy_state:eddy:geography:cyprus-eddy-region:state:EAFR,,,,,eddy:geography:cyprus-eddy-region,unresolved,,,named_eddy_state:eddy:geography:cyprus-eddy-region:state:EAFR,,unknown_no_dated_eddy_footprint,[],,source:7487b9a234864d2d,,cyprus-eddy-region,state:EAFR
claim:named_eddy_state:eddy:geography:cyprus-eddy-region:state:ETRA,,,,,eddy:geography:cyprus-eddy-region,unresolved,,,named_eddy_state:eddy:geography:cyprus-eddy-region:state:ETRA,,unknown_no_dated_eddy_footprint,[],,source:7487b9a234864d2d,,cyprus-eddy-region,state:ETRA
claim:named_eddy_state:eddy:geography:cyprus-eddy-region:state:FKLD,,,,,eddy:geography:cyprus-eddy-region,unresolved,,,named_eddy_state:eddy:geography:cyprus-eddy-region:state:FKLD,,unknown_no_dated_eddy_footprint,[],,source:7487b9a234864d2d,,cyprus-eddy-region,state:FKLD
claim:named_eddy_state:eddy:geography:cyprus-eddy-region:state:GFST,,,,,eddy:geography:cyprus-eddy-region,unresolved,,,named_eddy_state:eddy:geography:cyprus-eddy-region:state:GFST,,unknown_no_dated_eddy_footprint,[],,source:7487b9a234864d2d,,cyprus-eddy-region,state:GFST
claim:named_eddy_state:eddy:geography:cyprus-eddy-region:state:GUIA,,,,,eddy:geography:cyprus-eddy-region,unresolved,,,named_eddy_state:eddy:geography:cyprus-eddy-region:state:GUIA,,unknown_no_dated_eddy_footprint,[],,source:7487b9a234864d2d,,cyprus-eddy-region,state:GUIA
claim:named_eddy_state:eddy:geography:cyprus-eddy-region:state:GUIN,,,,,eddy:geography:cyprus-eddy-region,unresolved,,,named_eddy_state:eddy:geography:cyprus-eddy-region:state:GUIN,,unknown_no_dated_eddy_footprint,[],,source:7487b9a234864d2d,,cyprus-eddy-region,state:GUIN
claim:named_eddy_state:eddy:geography:cyprus-eddy-region:state:HUMB,,,,,eddy:geography:cyprus-eddy-region,unresolved,,,named_eddy_state:eddy:geography:cyprus-eddy-region:state:HUMB,,unknown_no_dated_eddy_footprint,[],,source:7487b9a234864d2d,,cyprus-eddy-region,state:HUMB
claim:named_eddy_state:eddy:geography:cyprus-eddy-region:state:IND E,,,,,eddy:geography:cyprus-eddy-region,unresolved,,,named_eddy_state:eddy:geography:cyprus-eddy-region:state:IND E,,unknown_no_dated_eddy_footprint,[],,source:7487b9a234864d2d,,cyprus-eddy-region,state:IND E
claim:named_eddy_state:eddy:geography:cyprus-eddy-region:state:IND W,,,,,eddy:geography:cyprus-eddy-region,unresolved,,,named_eddy_state:eddy:geography:cyprus-eddy-region:state:IND W,,unknown_no_dated_eddy_footprint,[],,source:7487b9a234864d2d,,cyprus-eddy-region,state:IND W
claim:named_eddy_state:eddy:geography:cyprus-eddy-region:state:ISSG,,,,,eddy:geography:cyprus-eddy-region,unresolved,,,named_eddy_state:eddy:geography:cyprus-eddy-region:state:ISSG,,unknown_no_dated_eddy_footprint,[],,source:7487b9a234864d2d,,cyprus-eddy-region,state:ISSG
claim:named_eddy_state:eddy:geography:cyprus-eddy-region:state:KURO,,,,,eddy:geography:cyprus-eddy-region,unresolved,,,named_eddy_state:eddy:geography:cyprus-eddy-region:state:KURO,,unknown_no_dated_eddy_footprint,[],,source:7487b9a234864d2d,,cyprus-eddy-region,state:KURO
claim:named_eddy_state:eddy:geography:cyprus-eddy-region:state:MEDI,,,,,eddy:geography:cyprus-eddy-region,point_or_region_locator,,,named_eddy_state:eddy:geography:cyprus-eddy-region:state:MEDI,,unknown_no_dated_eddy_footprint,"[""editorial_region""]",,source:7487b9a234864d2d,,cyprus-eddy-region,state:MEDI
claim:named_eddy_state:eddy:geography:cyprus-eddy-region:state:MONS,,,,,eddy:geography:cyprus-eddy-region,unresolved,,,named_eddy_state:eddy:geography:cyprus-eddy-region:state:MONS,,unknown_no_dated_eddy_footprint,[],,source:7487b9a234864d2d,,cyprus-eddy-region,state:MONS
claim:named_eddy_state:eddy:geography:cyprus-eddy-region:state:NADR,,,,,eddy:geography:cyprus-eddy-region,unresolved,,,named_eddy_state:eddy:geography:cyprus-eddy-region:state:NADR,,unknown_no_dated_eddy_footprint,[],,source:7487b9a234864d2d,,cyprus-eddy-region,state:NADR
claim:named_eddy_state:eddy:geography:cyprus-eddy-region:state:NAST E,,,,,eddy:geography:cyprus-eddy-region,unresolved,,,named_eddy_state:eddy:geography:cyprus-eddy-region:state:NAST E,,unknown_no_dated_eddy_footprint,[],,source:7487b9a234864d2d,,cyprus-eddy-region,state:NAST E
claim:named_eddy_state:eddy:geography:cyprus-eddy-region:state:NAST W,,,,,eddy:geography:cyprus-eddy-region,unresolved,,,named_eddy_state:eddy:geography:cyprus-eddy-region:state:NAST W,,unknown_no_dated_eddy_footprint,[],,source:7487b9a234864d2d,,cyprus-eddy-region,state:NAST W
claim:named_eddy_state:eddy:geography:cyprus-eddy-region:state:NATR,,,,,eddy:geography:cyprus-eddy-region,unresolved,,,named_eddy_state:eddy:geography:cyprus-eddy-region:state:NATR,,unknown_no_dated_eddy_footprint,[],,source:7487b9a234864d2d,,cyprus-eddy-region,state:NATR
claim:named_eddy_state:eddy:geography:cyprus-eddy-region:state:NECS,,,,,eddy:geography:cyprus-eddy-region,unresolved,,,named_eddy_state:eddy:geography:cyprus-eddy-region:state:NECS,,unknown_no_dated_eddy_footprint,[],,source:7487b9a234864d2d,,cyprus-eddy-region,state:NECS
claim:named_eddy_state:eddy:geography:cyprus-eddy-region:state:NEWZ,,,,,eddy:geography:cyprus-eddy-region,unresolved,,,named_eddy_state:eddy:geography:cyprus-eddy-region:state:NEWZ,,unknown_no_dated_eddy_footprint,[],,source:7487b9a234864d2d,,cyprus-eddy-region,state:NEWZ
claim:named_eddy_state:eddy:geography:cyprus-eddy-region:state:NPPF,,,,,eddy:geography:cyprus-eddy-region,unresolved,,,named_eddy_state:eddy:geography:cyprus-eddy-region:state:NPPF,,unknown_no_dated_eddy_footprint,[],,source:7487b9a234864d2d,,cyprus-eddy-region,state:NPPF
claim:named_eddy_state:eddy:geography:cyprus-eddy-region:state:NPSE,,,,,eddy:geography:cyprus-eddy-region,unresolved,,,named_eddy_state:eddy:geography:cyprus-eddy-region:state:NPSE,,unknown_no_dated_eddy_footprint,[],,source:7487b9a234864d2d,,cyprus-eddy-region,state:NPSE
claim:named_eddy_state:eddy:geography:cyprus-eddy-region:state:NPSW,,,,,eddy:geography:cyprus-eddy-region,unresolved,,,named_eddy_state:eddy:geography:cyprus-eddy-region:state:NPSW,,unknown_no_dated_eddy_footprint,[],,source:7487b9a234864d2d,,cyprus-eddy-region,state:NPSW
claim:named_eddy_state:eddy:geography:cyprus-eddy-region:state:NPTG,,,,,eddy:geography:cyprus-eddy-region,unresolved,,,named_eddy_state:eddy:geography:cyprus-eddy-region:state:NPTG,,unknown_no_dated_eddy_footprint,[],,source:7487b9a234864d2d,,cyprus-eddy-region,state:NPTG
claim:named_eddy_state:eddy:geography:cyprus-eddy-region:state:NWCS,,,,,eddy:geography:cyprus-eddy-region,unresolved,,,named_eddy_state:eddy:geography:cyprus-eddy-region:state:NWCS,,unknown_no_dated_eddy_footprint,[],,source:7487b9a234864d2d,,cyprus-eddy-region,state:NWCS
claim:named_eddy_state:eddy:geography:cyprus-eddy-region:state:OCAL,,,,,eddy:geography:cyprus-eddy-region,unresolved,,,named_eddy_state:eddy:geography:cyprus-eddy-region:state:OCAL,,unknown_no_dated_eddy_footprint,[],,source:7487b9a234864d2d,,cyprus-eddy-region,state:OCAL
claim:named_eddy_state:eddy:geography:cyprus-eddy-region:state:PEQD,,,,,eddy:geography:cyprus-eddy-region,unresolved,,,named_eddy_state:eddy:geography:cyprus-eddy-region:state:PEQD,,unknown_no_dated_eddy_footprint,[],,source:7487b9a234864d2d,,cyprus-eddy-region,state:PEQD
claim:named_eddy_state:eddy:geography:cyprus-eddy-region:state:PNEC,,,,,eddy:geography:cyprus-eddy-region,unresolved,,,named_eddy_state:eddy:geography:cyprus-eddy-region:state:PNEC,,unknown_no_dated_eddy_footprint,[],,source:7487b9a234864d2d,,cyprus-eddy-region,state:PNEC
claim:named_eddy_state:eddy:geography:cyprus-eddy-region:state:PSAE,,,,,eddy:geography:cyprus-eddy-region,unresolved,,,named_eddy_state:eddy:geography:cyprus-eddy-region:state:PSAE,,unknown_no_dated_eddy_footprint,[],,source:7487b9a234864d2d,,cyprus-eddy-region,state:PSAE
claim:named_eddy_state:eddy:geography:cyprus-eddy-region:state:PSAW,,,,,eddy:geography:cyprus-eddy-region,unresolved,,,named_eddy_state:eddy:geography:cyprus-eddy-region:state:PSAW,,unknown_no_dated_eddy_footprint,[],,source:7487b9a234864d2d,,cyprus-eddy-region,state:PSAW
claim:named_eddy_state:eddy:geography:cyprus-eddy-region:state:REDS,,,,,eddy:geography:cyprus-eddy-region,unresolved,,,named_eddy_state:eddy:geography:cyprus-eddy-region:state:REDS,,unknown_no_dated_eddy_footprint,[],,source:7487b9a234864d2d,,cyprus-eddy-region,state:REDS
claim:named_eddy_state:eddy:geography:cyprus-eddy-region:state:SANT,,,,,eddy:geography:cyprus-eddy-region,unresolved,,,named_eddy_state:eddy:geography:cyprus-eddy-region:state:SANT,,unknown_no_dated_eddy_footprint,[],,source:7487b9a234864d2d,,cyprus-eddy-region,state:SANT
claim:named_eddy_state:eddy:geography:cyprus-eddy-region:state:SARC,,,,,eddy:geography:cyprus-eddy-region,unresolved,,,named_eddy_state:eddy:geography:cyprus-eddy-region:state:SARC,,unknown_no_dated_eddy_footprint,[],,source:7487b9a234864d2d,,cyprus-eddy-region,state:SARC
claim:named_eddy_state:eddy:geography:cyprus-eddy-region:state:SATL,,,,,eddy:geography:cyprus-eddy-region,unresolved,,,named_eddy_state:eddy:geography:cyprus-eddy-region:state:SATL,,unknown_no_dated_eddy_footprint,[],,source:7487b9a234864d2d,,cyprus-eddy-region,state:SATL
claim:named_eddy_state:eddy:geography:cyprus-eddy-region:state:SPSG,,,,,eddy:geography:cyprus-eddy-region,unresolved,,,named_eddy_state:eddy:geography:cyprus-eddy-region:state:SPSG,,unknown_no_dated_eddy_footprint,[],,source:7487b9a234864d2d,,cyprus-eddy-region,state:SPSG
claim:named_eddy_state:eddy:geography:cyprus-eddy-region:state:SSTC,,,,,eddy:geography:cyprus-eddy-region,unresolved,,,named_eddy_state:eddy:geography:cyprus-eddy-region:state:SSTC,,unknown_no_dated_eddy_footprint,[],,source:7487b9a234864d2d,,cyprus-eddy-region,state:SSTC
claim:named_eddy_state:eddy:geography:cyprus-eddy-region:state:SUND,,,,,eddy:geography:cyprus-eddy-region,unresolved,,,named_eddy_state:eddy:geography:cyprus-eddy-region:state:SUND,,unknown_no_dated_eddy_footprint,[],,source:7487b9a234864d2d,,cyprus-eddy-region,state:SUND
claim:named_eddy_state:eddy:geography:cyprus-eddy-region:state:TASM,,,,,eddy:geography:cyprus-eddy-region,unresolved,,,named_eddy_state:eddy:geography:cyprus-eddy-region:state:TASM,,unknown_no_dated_eddy_footprint,[],,source:7487b9a234864d2d,,cyprus-eddy-region,state:TASM
claim:named_eddy_state:eddy:geography:cyprus-eddy-region:state:WARM,,,,,eddy:geography:cyprus-eddy-region,unresolved,,,named_eddy_state:eddy:geography:cyprus-eddy-region:state:WARM,,unknown_no_dated_eddy_footprint,[],,source:7487b9a234864d2d,,cyprus-eddy-region,state:WARM
claim:named_eddy_state:eddy:geography:cyprus-eddy-region:state:WTRA,,,,,eddy:geography:cyprus-eddy-region,unresolved,,,named_eddy_state:eddy:geography:cyprus-eddy-region:state:WTRA,,unknown_no_dated_eddy_footprint,[],,source:7487b9a234864d2d,,cyprus-eddy-region,state:WTRA
claim:named_eddy_state:eddy:geography:shikmona-eddy-region:state:ALSK,,,,,eddy:geography:shikmona-eddy-region,unresolved,,,named_eddy_state:eddy:geography:shikmona-eddy-region:state:ALSK,,unknown_no_dated_eddy_footprint,[],,source:7487b9a234864d2d,,shikmona-eddy-region,state:ALSK
claim:named_eddy_state:eddy:geography:shikmona-eddy-region:state:ANTA,,,,,eddy:geography:shikmona-eddy-region,unresolved,,,named_eddy_state:eddy:geography:shikmona-eddy-region:state:ANTA,,unknown_no_dated_eddy_footprint,[],,source:7487b9a234864d2d,,shikmona-eddy-region,state:ANTA
claim:named_eddy_state:eddy:geography:shikmona-eddy-region:state:APLR,,,,,eddy:geography:shikmona-eddy-region,unresolved,,,named_eddy_state:eddy:geography:shikmona-eddy-region:state:APLR,,unknown_no_dated_eddy_footprint,[],,source:7487b9a234864d2d,,shikmona-eddy-region,state:APLR
claim:named_eddy_state:eddy:geography:shikmona-eddy-region:state:ARAB,,,,,eddy:geography:shikmona-eddy-region,unresolved,,,named_eddy_state:eddy:geography:shikmona-eddy-region:state:ARAB,,unknown_no_dated_eddy_footprint,[],,source:7487b9a234864d2d,,shikmona-eddy-region,state:ARAB
claim:named_eddy_state:eddy:geography:shikmona-eddy-region:state:ARCH,,,,,eddy:geography:shikmona-eddy-region,unresolved,,,named_eddy_state:eddy:geography:shikmona-eddy-region:state:ARCH,,unknown_no_dated_eddy_footprint,[],,source:7487b9a234864d2d,,shikmona-eddy-region,state:ARCH
claim:named_eddy_state:eddy:geography:shikmona-eddy-region:state:ARCT,,,,,eddy:geography:shikmona-eddy-region,unresolved,,,named_eddy_state:eddy:geography:shikmona-eddy-region:state:ARCT,,unknown_no_dated_eddy_footprint,[],,source:7487b9a234864d2d,,shikmona-eddy-region,state:ARCT
claim:named_eddy_state:eddy:geography:shikmona-eddy-region:state:AUSE,,,,,eddy:geography:shikmona-eddy-region,unresolved,,,named_eddy_state:eddy:geography:shikmona-eddy-region:state:AUSE,,unknown_no_dated_eddy_footprint,[],,source:7487b9a234864d2d,,shikmona-eddy-region,state:AUSE
claim:named_eddy_state:eddy:geography:shikmona-eddy-region:state:AUSW,,,,,eddy:geography:shikmona-eddy-region,unresolved,,,named_eddy_state:eddy:geography:shikmona-eddy-region:state:AUSW,,unknown_no_dated_eddy_footprint,[],,source:7487b9a234864d2d,,shikmona-eddy-region,state:AUSW
claim:named_eddy_state:eddy:geography:shikmona-eddy-region:state:BENG,,,,,eddy:geography:shikmona-eddy-region,unresolved,,,named_eddy_state:eddy:geography:shikmona-eddy-region:state:BENG,,unknown_no_dated_eddy_footprint,[],,source:7487b9a234864d2d,,shikmona-eddy-region,state:BENG
claim:named_eddy_state:eddy:geography:shikmona-eddy-region:state:BERS,,,,,eddy:geography:shikmona-eddy-region,unresolved,,,named_eddy_state:eddy:geography:shikmona-eddy-region:state:BERS,,unknown_no_dated_eddy_footprint,[],,source:7487b9a234864d2d,,shikmona-eddy-region,state:BERS
claim:named_eddy_state:eddy:geography:shikmona-eddy-region:state:BPLR,,,,,eddy:geography:shikmona-eddy-region,unresolved,,,named_eddy_state:eddy:geography:shikmona-eddy-region:state:BPLR,,unknown_no_dated_eddy_footprint,[],,source:7487b9a234864d2d,,shikmona-eddy-region,state:BPLR
claim:named_eddy_state:eddy:geography:shikmona-eddy-region:state:BRAZ,,,,,eddy:geography:shikmona-eddy-region,unresolved,,,named_eddy_state:eddy:geography:shikmona-eddy-region:state:BRAZ,,unknown_no_dated_eddy_footprint,[],,source:7487b9a234864d2d,,shikmona-eddy-region,state:BRAZ
claim:named_eddy_state:eddy:geography:shikmona-eddy-region:state:CAMR,,,,,eddy:geography:shikmona-eddy-region,unresolved,,,named_eddy_state:eddy:geography:shikmona-eddy-region:state:CAMR,,unknown_no_dated_eddy_footprint,[],,source:7487b9a234864d2d,,shikmona-eddy-region,state:CAMR
claim:named_eddy_state:eddy:geography:shikmona-eddy-region:state:CARB,,,,,eddy:geography:shikmona-eddy-region,unresolved,,,named_eddy_state:eddy:geography:shikmona-eddy-region:state:CARB,,unknown_no_dated_eddy_footprint,[],,source:7487b9a234864d2d,,shikmona-eddy-region,state:CARB
claim:named_eddy_state:eddy:geography:shikmona-eddy-region:state:CCAL,,,,,eddy:geography:shikmona-eddy-region,unresolved,,,named_eddy_state:eddy:geography:shikmona-eddy-region:state:CCAL,,unknown_no_dated_eddy_footprint,[],,source:7487b9a234864d2d,,shikmona-eddy-region,state:CCAL
claim:named_eddy_state:eddy:geography:shikmona-eddy-region:state:CHIN,,,,,eddy:geography:shikmona-eddy-region,unresolved,,,named_eddy_state:eddy:geography:shikmona-eddy-region:state:CHIN,,unknown_no_dated_eddy_footprint,[],,source:7487b9a234864d2d,,shikmona-eddy-region,state:CHIN
claim:named_eddy_state:eddy:geography:shikmona-eddy-region:state:CNRY,,,,,eddy:geography:shikmona-eddy-region,unresolved,,,named_eddy_state:eddy:geography:shikmona-eddy-region:state:CNRY,,unknown_no_dated_eddy_footprint,[],,source:7487b9a234864d2d,,shikmona-eddy-region,state:CNRY
claim:named_eddy_state:eddy:geography:shikmona-eddy-region:state:EAFR,,,,,eddy:geography:shikmona-eddy-region,unresolved,,,named_eddy_state:eddy:geography:shikmona-eddy-region:state:EAFR,,unknown_no_dated_eddy_footprint,[],,source:7487b9a234864d2d,,shikmona-eddy-region,state:EAFR
claim:named_eddy_state:eddy:geography:shikmona-eddy-region:state:ETRA,,,,,eddy:geography:shikmona-eddy-region,unresolved,,,named_eddy_state:eddy:geography:shikmona-eddy-region:state:ETRA,,unknown_no_dated_eddy_footprint,[],,source:7487b9a234864d2d,,shikmona-eddy-region,state:ETRA
claim:named_eddy_state:eddy:geography:shikmona-eddy-region:state:FKLD,,,,,eddy:geography:shikmona-eddy-region,unresolved,,,named_eddy_state:eddy:geography:shikmona-eddy-region:state:FKLD,,unknown_no_dated_eddy_footprint,[],,source:7487b9a234864d2d,,shikmona-eddy-region,state:FKLD
claim:named_eddy_state:eddy:geography:shikmona-eddy-region:state:GFST,,,,,eddy:geography:shikmona-eddy-region,unresolved,,,named_eddy_state:eddy:geography:shikmona-eddy-region:state:GFST,,unknown_no_dated_eddy_footprint,[],,source:7487b9a234864d2d,,shikmona-eddy-region,state:GFST
claim:named_eddy_state:eddy:geography:shikmona-eddy-region:state:GUIA,,,,,eddy:geography:shikmona-eddy-region,unresolved,,,named_eddy_state:eddy:geography:shikmona-eddy-region:state:GUIA,,unknown_no_dated_eddy_footprint,[],,source:7487b9a234864d2d,,shikmona-eddy-region,state:GUIA
claim:named_eddy_state:eddy:geography:shikmona-eddy-region:state:GUIN,,,,,eddy:geography:shikmona-eddy-region,unresolved,,,named_eddy_state:eddy:geography:shikmona-eddy-region:state:GUIN,,unknown_no_dated_eddy_footprint,[],,source:7487b9a234864d2d,,shikmona-eddy-region,state:GUIN
claim:named_eddy_state:eddy:geography:shikmona-eddy-region:state:HUMB,,,,,eddy:geography:shikmona-eddy-region,unresolved,,,named_eddy_state:eddy:geography:shikmona-eddy-region:state:HUMB,,unknown_no_dated_eddy_footprint,[],,source:7487b9a234864d2d,,shikmona-eddy-region,state:HUMB
claim:named_eddy_state:eddy:geography:shikmona-eddy-region:state:IND E,,,,,eddy:geography:shikmona-eddy-region,unresolved,,,named_eddy_state:eddy:geography:shikmona-eddy-region:state:IND E,,unknown_no_dated_eddy_footprint,[],,source:7487b9a234864d2d,,shikmona-eddy-region,state:IND E
claim:named_eddy_state:eddy:geography:shikmona-eddy-region:state:IND W,,,,,eddy:geography:shikmona-eddy-region,unresolved,,,named_eddy_state:eddy:geography:shikmona-eddy-region:state:IND W,,unknown_no_dated_eddy_footprint,[],,source:7487b9a234864d2d,,shikmona-eddy-region,state:IND W
claim:named_eddy_state:eddy:geography:shikmona-eddy-region:state:ISSG,,,,,eddy:geography:shikmona-eddy-region,unresolved,,,named_eddy_state:eddy:geography:shikmona-eddy-region:state:ISSG,,unknown_no_dated_eddy_footprint,[],,source:7487b9a234864d2d,,shikmona-eddy-region,state:ISSG
claim:named_eddy_state:eddy:geography:shikmona-eddy-region:state:KURO,,,,,eddy:geography:shikmona-eddy-region,unresolved,,,named_eddy_state:eddy:geography:shikmona-eddy-region:state:KURO,,unknown_no_dated_eddy_footprint,[],,source:7487b9a234864d2d,,shikmona-eddy-region,state:KURO
claim:named_eddy_state:eddy:geography:shikmona-eddy-region:state:MEDI,,,,,eddy:geography:shikmona-eddy-region,point_or_region_locator,,,named_eddy_state:eddy:geography:shikmona-eddy-region:state:MEDI,,unknown_no_dated_eddy_footprint,"[""editorial_region""]",,source:7487b9a234864d2d,,shikmona-eddy-region,state:MEDI
claim:named_eddy_state:eddy:geography:shikmona-eddy-region:state:MONS,,,,,eddy:geography:shikmona-eddy-region,unresolved,,,named_eddy_state:eddy:geography:shikmona-eddy-region:state:MONS,,unknown_no_dated_eddy_footprint,[],,source:7487b9a234864d2d,,shikmona-eddy-region,state:MONS
claim:named_eddy_state:eddy:geography:shikmona-eddy-region:state:NADR,,,,,eddy:geography:shikmona-eddy-region,unresolved,,,named_eddy_state:eddy:geography:shikmona-eddy-region:state:NADR,,unknown_no_dated_eddy_footprint,[],,source:7487b9a234864d2d,,shikmona-eddy-region,state:NADR
claim:named_eddy_state:eddy:geography:shikmona-eddy-region:state:NAST E,,,,,eddy:geography:shikmona-eddy-region,unresolved,,,named_eddy_state:eddy:geography:shikmona-eddy-region:state:NAST E,,unknown_no_dated_eddy_footprint,[],,source:7487b9a234864d2d,,shikmona-eddy-region,state:NAST E
claim:named_eddy_state:eddy:geography:shikmona-eddy-region:state:NAST W,,,,,eddy:geography:shikmona-eddy-region,unresolved,,,named_eddy_state:eddy:geography:shikmona-eddy-region:state:NAST W,,unknown_no_dated_eddy_footprint,[],,source:7487b9a234864d2d,,shikmona-eddy-region,state:NAST W
claim:named_eddy_state:eddy:geography:shikmona-eddy-region:state:NATR,,,,,eddy:geography:shikmona-eddy-region,unresolved,,,named_eddy_state:eddy:geography:shikmona-eddy-region:state:NATR,,unknown_no_dated_eddy_footprint,[],,source:7487b9a234864d2d,,shikmona-eddy-region,state:NATR
claim:named_eddy_state:eddy:geography:shikmona-eddy-region:state:NECS,,,,,eddy:geography:shikmona-eddy-region,unresolved,,,named_eddy_state:eddy:geography:shikmona-eddy-region:state:NECS,,unknown_no_dated_eddy_footprint,[],,source:7487b9a234864d2d,,shikmona-eddy-region,state:NECS
claim:named_eddy_state:eddy:geography:shikmona-eddy-region:state:NEWZ,,,,,eddy:geography:shikmona-eddy-region,unresolved,,,named_eddy_state:eddy:geography:shikmona-eddy-region:state:NEWZ,,unknown_no_dated_eddy_footprint,[],,source:7487b9a234864d2d,,shikmona-eddy-region,state:NEWZ
claim:named_eddy_state:eddy:geography:shikmona-eddy-region:state:NPPF,,,,,eddy:geography:shikmona-eddy-region,unresolved,,,named_eddy_state:eddy:geography:shikmona-eddy-region:state:NPPF,,unknown_no_dated_eddy_footprint,[],,source:7487b9a234864d2d,,shikmona-eddy-region,state:NPPF
claim:named_eddy_state:eddy:geography:shikmona-eddy-region:state:NPSE,,,,,eddy:geography:shikmona-eddy-region,unresolved,,,named_eddy_state:eddy:geography:shikmona-eddy-region:state:NPSE,,unknown_no_dated_eddy_footprint,[],,source:7487b9a234864d2d,,shikmona-eddy-region,state:NPSE
claim:named_eddy_state:eddy:geography:shikmona-eddy-region:state:NPSW,,,,,eddy:geography:shikmona-eddy-region,unresolved,,,named_eddy_state:eddy:geography:shikmona-eddy-region:state:NPSW,,unknown_no_dated_eddy_footprint,[],,source:7487b9a234864d2d,,shikmona-eddy-region,state:NPSW
claim:named_eddy_state:eddy:geography:shikmona-eddy-region:state:NPTG,,,,,eddy:geography:shikmona-eddy-region,unresolved,,,named_eddy_state:eddy:geography:shikmona-eddy-region:state:NPTG,,unknown_no_dated_eddy_footprint,[],,source:7487b9a234864d2d,,shikmona-eddy-region,state:NPTG
claim:named_eddy_state:eddy:geography:shikmona-eddy-region:state:NWCS,,,,,eddy:geography:shikmona-eddy-region,unresolved,,,named_eddy_state:eddy:geography:shikmona-eddy-region:state:NWCS,,unknown_no_dated_eddy_footprint,[],,source:7487b9a234864d2d,,shikmona-eddy-region,state:NWCS
claim:named_eddy_state:eddy:geography:shikmona-eddy-region:state:OCAL,,,,,eddy:geography:shikmona-eddy-region,unresolved,,,named_eddy_state:eddy:geography:shikmona-eddy-region:state:OCAL,,unknown_no_dated_eddy_footprint,[],,source:7487b9a234864d2d,,shikmona-eddy-region,state:OCAL
claim:named_eddy_state:eddy:geography:shikmona-eddy-region:state:PEQD,,,,,eddy:geography:shikmona-eddy-region,unresolved,,,named_eddy_state:eddy:geography:shikmona-eddy-region:state:PEQD,,unknown_no_dated_eddy_footprint,[],,source:7487b9a234864d2d,,shikmona-eddy-region,state:PEQD
claim:named_eddy_state:eddy:geography:shikmona-eddy-region:state:PNEC,,,,,eddy:geography:shikmona-eddy-region,unresolved,,,named_eddy_state:eddy:geography:shikmona-eddy-region:state:PNEC,,unknown_no_dated_eddy_footprint,[],,source:7487b9a234864d2d,,shikmona-eddy-region,state:PNEC
claim:named_eddy_state:eddy:geography:shikmona-eddy-region:state:PSAE,,,,,eddy:geography:shikmona-eddy-region,unresolved,,,named_eddy_state:eddy:geography:shikmona-eddy-region:state:PSAE,,unknown_no_dated_eddy_footprint,[],,source:7487b9a234864d2d,,shikmona-eddy-region,state:PSAE
claim:named_eddy_state:eddy:geography:shikmona-eddy-region:state:PSAW,,,,,eddy:geography:shikmona-eddy-region,unresolved,,,named_eddy_state:eddy:geography:shikmona-eddy-region:state:PSAW,,unknown_no_dated_eddy_footprint,[],,source:7487b9a234864d2d,,shikmona-eddy-region,state:PSAW
claim:named_eddy_state:eddy:geography:shikmona-eddy-region:state:REDS,,,,,eddy:geography:shikmona-eddy-region,unresolved,,,named_eddy_state:eddy:geography:shikmona-eddy-region:state:REDS,,unknown_no_dated_eddy_footprint,[],,source:7487b9a234864d2d,,shikmona-eddy-region,state:REDS
claim:named_eddy_state:eddy:geography:shikmona-eddy-region:state:SANT,,,,,eddy:geography:shikmona-eddy-region,unresolved,,,named_eddy_state:eddy:geography:shikmona-eddy-region:state:SANT,,unknown_no_dated_eddy_footprint,[],,source:7487b9a234864d2d,,shikmona-eddy-region,state:SANT
claim:named_eddy_state:eddy:geography:shikmona-eddy-region:state:SARC,,,,,eddy:geography:shikmona-eddy-region,unresolved,,,named_eddy_state:eddy:geography:shikmona-eddy-region:state:SARC,,unknown_no_dated_eddy_footprint,[],,source:7487b9a234864d2d,,shikmona-eddy-region,state:SARC
claim:named_eddy_state:eddy:geography:shikmona-eddy-region:state:SATL,,,,,eddy:geography:shikmona-eddy-region,unresolved,,,named_eddy_state:eddy:geography:shikmona-eddy-region:state:SATL,,unknown_no_dated_eddy_footprint,[],,source:7487b9a234864d2d,,shikmona-eddy-region,state:SATL
claim:named_eddy_state:eddy:geography:shikmona-eddy-region:state:SPSG,,,,,eddy:geography:shikmona-eddy-region,unresolved,,,named_eddy_state:eddy:geography:shikmona-eddy-region:state:SPSG,,unknown_no_dated_eddy_footprint,[],,source:7487b9a234864d2d,,shikmona-eddy-region,state:SPSG
claim:named_eddy_state:eddy:geography:shikmona-eddy-region:state:SSTC,,,,,eddy:geography:shikmona-eddy-region,unresolved,,,named_eddy_state:eddy:geography:shikmona-eddy-region:state:SSTC,,unknown_no_dated_eddy_footprint,[],,source:7487b9a234864d2d,,shikmona-eddy-region,state:SSTC
claim:named_eddy_state:eddy:geography:shikmona-eddy-region:state:SUND,,,,,eddy:geography:shikmona-eddy-region,unresolved,,,named_eddy_state:eddy:geography:shikmona-eddy-region:state:SUND,,unknown_no_dated_eddy_footprint,[],,source:7487b9a234864d2d,,shikmona-eddy-region,state:SUND
claim:named_eddy_state:eddy:geography:shikmona-eddy-region:state:TASM,,,,,eddy:geography:shikmona-eddy-region,unresolved,,,named_eddy_state:eddy:geography:shikmona-eddy-region:state:TASM,,unknown_no_dated_eddy_footprint,[],,source:7487b9a234864d2d,,shikmona-eddy-region,state:TASM
claim:named_eddy_state:eddy:geography:shikmona-eddy-region:state:WARM,,,,,eddy:geography:shikmona-eddy-region,unresolved,,,named_eddy_state:eddy:geography:shikmona-eddy-region:state:WARM,,unknown_no_dated_eddy_footprint,[],,source:7487b9a234864d2d,,shikmona-eddy-region,state:WARM
claim:named_eddy_state:eddy:geography:shikmona-eddy-region:state:WTRA,,,,,eddy:geography:shikmona-eddy-region,unresolved,,,named_eddy_state:eddy:geography:shikmona-eddy-region:state:WTRA,,unknown_no_dated_eddy_footprint,[],,source:7487b9a234864d2d,,shikmona-eddy-region,state:WTRA
claim:named_eddy_state:eddy:geography:latakia-eddy-region:state:ALSK,,,,,eddy:geography:latakia-eddy-region,unresolved,,,named_eddy_state:eddy:geography:latakia-eddy-region:state:ALSK,,unknown_no_dated_eddy_footprint,[],,source:7487b9a234864d2d,,latakia-eddy-region,state:ALSK
claim:named_eddy_state:eddy:geography:latakia-eddy-region:state:ANTA,,,,,eddy:geography:latakia-eddy-region,unresolved,,,named_eddy_state:eddy:geography:latakia-eddy-region:state:ANTA,,unknown_no_dated_eddy_footprint,[],,source:7487b9a234864d2d,,latakia-eddy-region,state:ANTA
claim:named_eddy_state:eddy:geography:latakia-eddy-region:state:APLR,,,,,eddy:geography:latakia-eddy-region,unresolved,,,named_eddy_state:eddy:geography:latakia-eddy-region:state:APLR,,unknown_no_dated_eddy_footprint,[],,source:7487b9a234864d2d,,latakia-eddy-region,state:APLR
claim:named_eddy_state:eddy:geography:latakia-eddy-region:state:ARAB,,,,,eddy:geography:latakia-eddy-region,unresolved,,,named_eddy_state:eddy:geography:latakia-eddy-region:state:ARAB,,unknown_no_dated_eddy_footprint,[],,source:7487b9a234864d2d,,latakia-eddy-region,state:ARAB
claim:named_eddy_state:eddy:geography:latakia-eddy-region:state:ARCH,,,,,eddy:geography:latakia-eddy-region,unresolved,,,named_eddy_state:eddy:geography:latakia-eddy-region:state:ARCH,,unknown_no_dated_eddy_footprint,[],,source:7487b9a234864d2d,,latakia-eddy-region,state:ARCH
claim:named_eddy_state:eddy:geography:latakia-eddy-region:state:ARCT,,,,,eddy:geography:latakia-eddy-region,unresolved,,,named_eddy_state:eddy:geography:latakia-eddy-region:state:ARCT,,unknown_no_dated_eddy_footprint,[],,source:7487b9a234864d2d,,latakia-eddy-region,state:ARCT
claim:named_eddy_state:eddy:geography:latakia-eddy-region:state:AUSE,,,,,eddy:geography:latakia-eddy-region,unresolved,,,named_eddy_state:eddy:geography:latakia-eddy-region:state:AUSE,,unknown_no_dated_eddy_footprint,[],,source:7487b9a234864d2d,,latakia-eddy-region,state:AUSE
claim:named_eddy_state:eddy:geography:latakia-eddy-region:state:AUSW,,,,,eddy:geography:latakia-eddy-region,unresolved,,,named_eddy_state:eddy:geography:latakia-eddy-region:state:AUSW,,unknown_no_dated_eddy_footprint,[],,source:7487b9a234864d2d,,latakia-eddy-region,state:AUSW
claim:named_eddy_state:eddy:geography:latakia-eddy-region:state:BENG,,,,,eddy:geography:latakia-eddy-region,unresolved,,,named_eddy_state:eddy:geography:latakia-eddy-region:state:BENG,,unknown_no_dated_eddy_footprint,[],,source:7487b9a234864d2d,,latakia-eddy-region,state:BENG
claim:named_eddy_state:eddy:geography:latakia-eddy-region:state:BERS,,,,,eddy:geography:latakia-eddy-region,unresolved,,,named_eddy_state:eddy:geography:latakia-eddy-region:state:BERS,,unknown_no_dated_eddy_footprint,[],,source:7487b9a234864d2d,,latakia-eddy-region,state:BERS
claim:named_eddy_state:eddy:geography:latakia-eddy-region:state:BPLR,,,,,eddy:geography:latakia-eddy-region,unresolved,,,named_eddy_state:eddy:geography:latakia-eddy-region:state:BPLR,,unknown_no_dated_eddy_footprint,[],,source:7487b9a234864d2d,,latakia-eddy-region,state:BPLR
claim:named_eddy_state:eddy:geography:latakia-eddy-region:state:BRAZ,,,,,eddy:geography:latakia-eddy-region,unresolved,,,named_eddy_state:eddy:geography:latakia-eddy-region:state:BRAZ,,unknown_no_dated_eddy_footprint,[],,source:7487b9a234864d2d,,latakia-eddy-region,state:BRAZ
claim:named_eddy_state:eddy:geography:latakia-eddy-region:state:CAMR,,,,,eddy:geography:latakia-eddy-region,unresolved,,,named_eddy_state:eddy:geography:latakia-eddy-region:state:CAMR,,unknown_no_dated_eddy_footprint,[],,source:7487b9a234864d2d,,latakia-eddy-region,state:CAMR
claim:named_eddy_state:eddy:geography:latakia-eddy-region:state:CARB,,,,,eddy:geography:latakia-eddy-region,unresolved,,,named_eddy_state:eddy:geography:latakia-eddy-region:state:CARB,,unknown_no_dated_eddy_footprint,[],,source:7487b9a234864d2d,,latakia-eddy-region,state:CARB
claim:named_eddy_state:eddy:geography:latakia-eddy-region:state:CCAL,,,,,eddy:geography:latakia-eddy-region,unresolved,,,named_eddy_state:eddy:geography:latakia-eddy-region:state:CCAL,,unknown_no_dated_eddy_footprint,[],,source:7487b9a234864d2d,,latakia-eddy-region,state:CCAL
claim:named_eddy_state:eddy:geography:latakia-eddy-region:state:CHIN,,,,,eddy:geography:latakia-eddy-region,unresolved,,,named_eddy_state:eddy:geography:latakia-eddy-region:state:CHIN,,unknown_no_dated_eddy_footprint,[],,source:7487b9a234864d2d,,latakia-eddy-region,state:CHIN
claim:named_eddy_state:eddy:geography:latakia-eddy-region:state:CNRY,,,,,eddy:geography:latakia-eddy-region,unresolved,,,named_eddy_state:eddy:geography:latakia-eddy-region:state:CNRY,,unknown_no_dated_eddy_footprint,[],,source:7487b9a234864d2d,,latakia-eddy-region,state:CNRY
claim:named_eddy_state:eddy:geography:latakia-eddy-region:state:EAFR,,,,,eddy:geography:latakia-eddy-region,unresolved,,,named_eddy_state:eddy:geography:latakia-eddy-region:state:EAFR,,unknown_no_dated_eddy_footprint,[],,source:7487b9a234864d2d,,latakia-eddy-region,state:EAFR
claim:named_eddy_state:eddy:geography:latakia-eddy-region:state:ETRA,,,,,eddy:geography:latakia-eddy-region,unresolved,,,named_eddy_state:eddy:geography:latakia-eddy-region:state:ETRA,,unknown_no_dated_eddy_footprint,[],,source:7487b9a234864d2d,,latakia-eddy-region,state:ETRA
claim:named_eddy_state:eddy:geography:latakia-eddy-region:state:FKLD,,,,,eddy:geography:latakia-eddy-region,unresolved,,,named_eddy_state:eddy:geography:latakia-eddy-region:state:FKLD,,unknown_no_dated_eddy_footprint,[],,source:7487b9a234864d2d,,latakia-eddy-region,state:FKLD
claim:named_eddy_state:eddy:geography:latakia-eddy-region:state:GFST,,,,,eddy:geography:latakia-eddy-region,unresolved,,,named_eddy_state:eddy:geography:latakia-eddy-region:state:GFST,,unknown_no_dated_eddy_footprint,[],,source:7487b9a234864d2d,,latakia-eddy-region,state:GFST
claim:named_eddy_state:eddy:geography:latakia-eddy-region:state:GUIA,,,,,eddy:geography:latakia-eddy-region,unresolved,,,named_eddy_state:eddy:geography:latakia-eddy-region:state:GUIA,,unknown_no_dated_eddy_footprint,[],,source:7487b9a234864d2d,,latakia-eddy-region,state:GUIA
claim:named_eddy_state:eddy:geography:latakia-eddy-region:state:GUIN,,,,,eddy:geography:latakia-eddy-region,unresolved,,,named_eddy_state:eddy:geography:latakia-eddy-region:state:GUIN,,unknown_no_dated_eddy_footprint,[],,source:7487b9a234864d2d,,latakia-eddy-region,state:GUIN
claim:named_eddy_state:eddy:geography:latakia-eddy-region:state:HUMB,,,,,eddy:geography:latakia-eddy-region,unresolved,,,named_eddy_state:eddy:geography:latakia-eddy-region:state:HUMB,,unknown_no_dated_eddy_footprint,[],,source:7487b9a234864d2d,,latakia-eddy-region,state:HUMB
claim:named_eddy_state:eddy:geography:latakia-eddy-region:state:IND E,,,,,eddy:geography:latakia-eddy-region,unresolved,,,named_eddy_state:eddy:geography:latakia-eddy-region:state:IND E,,unknown_no_dated_eddy_footprint,[],,source:7487b9a234864d2d,,latakia-eddy-region,state:IND E
claim:named_eddy_state:eddy:geography:latakia-eddy-region:state:IND W,,,,,eddy:geography:latakia-eddy-region,unresolved,,,named_eddy_state:eddy:geography:latakia-eddy-region:state:IND W,,unknown_no_dated_eddy_footprint,[],,source:7487b9a234864d2d,,latakia-eddy-region,state:IND W
claim:named_eddy_state:eddy:geography:latakia-eddy-region:state:ISSG,,,,,eddy:geography:latakia-eddy-region,unresolved,,,named_eddy_state:eddy:geography:latakia-eddy-region:state:ISSG,,unknown_no_dated_eddy_footprint,[],,source:7487b9a234864d2d,,latakia-eddy-region,state:ISSG
claim:named_eddy_state:eddy:geography:latakia-eddy-region:state:KURO,,,,,eddy:geography:latakia-eddy-region,unresolved,,,named_eddy_state:eddy:geography:latakia-eddy-region:state:KURO,,unknown_no_dated_eddy_footprint,[],,source:7487b9a234864d2d,,latakia-eddy-region,state:KURO
claim:named_eddy_state:eddy:geography:latakia-eddy-region:state:MEDI,,,,,eddy:geography:latakia-eddy-region,point_or_region_locator,,,named_eddy_state:eddy:geography:latakia-eddy-region:state:MEDI,,unknown_no_dated_eddy_footprint,"[""editorial_region""]",,source:7487b9a234864d2d,,latakia-eddy-region,state:MEDI
claim:named_eddy_state:eddy:geography:latakia-eddy-region:state:MONS,,,,,eddy:geography:latakia-eddy-region,unresolved,,,named_eddy_state:eddy:geography:latakia-eddy-region:state:MONS,,unknown_no_dated_eddy_footprint,[],,source:7487b9a234864d2d,,latakia-eddy-region,state:MONS
claim:named_eddy_state:eddy:geography:latakia-eddy-region:state:NADR,,,,,eddy:geography:latakia-eddy-region,unresolved,,,named_eddy_state:eddy:geography:latakia-eddy-region:state:NADR,,unknown_no_dated_eddy_footprint,[],,source:7487b9a234864d2d,,latakia-eddy-region,state:NADR
claim:named_eddy_state:eddy:geography:latakia-eddy-region:state:NAST E,,,,,eddy:geography:latakia-eddy-region,unresolved,,,named_eddy_state:eddy:geography:latakia-eddy-region:state:NAST E,,unknown_no_dated_eddy_footprint,[],,source:7487b9a234864d2d,,latakia-eddy-region,state:NAST E
claim:named_eddy_state:eddy:geography:latakia-eddy-region:state:NAST W,,,,,eddy:geography:latakia-eddy-region,unresolved,,,named_eddy_state:eddy:geography:latakia-eddy-region:state:NAST W,,unknown_no_dated_eddy_footprint,[],,source:7487b9a234864d2d,,latakia-eddy-region,state:NAST W
claim:named_eddy_state:eddy:geography:latakia-eddy-region:state:NATR,,,,,eddy:geography:latakia-eddy-region,unresolved,,,named_eddy_state:eddy:geography:latakia-eddy-region:state:NATR,,unknown_no_dated_eddy_footprint,[],,source:7487b9a234864d2d,,latakia-eddy-region,state:NATR
claim:named_eddy_state:eddy:geography:latakia-eddy-region:state:NECS,,,,,eddy:geography:latakia-eddy-region,unresolved,,,named_eddy_state:eddy:geography:latakia-eddy-region:state:NECS,,unknown_no_dated_eddy_footprint,[],,source:7487b9a234864d2d,,latakia-eddy-region,state:NECS
claim:named_eddy_state:eddy:geography:latakia-eddy-region:state:NEWZ,,,,,eddy:geography:latakia-eddy-region,unresolved,,,named_eddy_state:eddy:geography:latakia-eddy-region:state:NEWZ,,unknown_no_dated_eddy_footprint,[],,source:7487b9a234864d2d,,latakia-eddy-region,state:NEWZ
claim:named_eddy_state:eddy:geography:latakia-eddy-region:state:NPPF,,,,,eddy:geography:latakia-eddy-region,unresolved,,,named_eddy_state:eddy:geography:latakia-eddy-region:state:NPPF,,unknown_no_dated_eddy_footprint,[],,source:7487b9a234864d2d,,latakia-eddy-region,state:NPPF
claim:named_eddy_state:eddy:geography:latakia-eddy-region:state:NPSE,,,,,eddy:geography:latakia-eddy-region,unresolved,,,named_eddy_state:eddy:geography:latakia-eddy-region:state:NPSE,,unknown_no_dated_eddy_footprint,[],,source:7487b9a234864d2d,,latakia-eddy-region,state:NPSE
claim:named_eddy_state:eddy:geography:latakia-eddy-region:state:NPSW,,,,,eddy:geography:latakia-eddy-region,unresolved,,,named_eddy_state:eddy:geography:latakia-eddy-region:state:NPSW,,unknown_no_dated_eddy_footprint,[],,source:7487b9a234864d2d,,latakia-eddy-region,state:NPSW
claim:named_eddy_state:eddy:geography:latakia-eddy-region:state:NPTG,,,,,eddy:geography:latakia-eddy-region,unresolved,,,named_eddy_state:eddy:geography:latakia-eddy-region:state:NPTG,,unknown_no_dated_eddy_footprint,[],,source:7487b9a234864d2d,,latakia-eddy-region,state:NPTG
claim:named_eddy_state:eddy:geography:latakia-eddy-region:state:NWCS,,,,,eddy:geography:latakia-eddy-region,unresolved,,,named_eddy_state:eddy:geography:latakia-eddy-region:state:NWCS,,unknown_no_dated_eddy_footprint,[],,source:7487b9a234864d2d,,latakia-eddy-region,state:NWCS
claim:named_eddy_state:eddy:geography:latakia-eddy-region:state:OCAL,,,,,eddy:geography:latakia-eddy-region,unresolved,,,named_eddy_state:eddy:geography:latakia-eddy-region:state:OCAL,,unknown_no_dated_eddy_footprint,[],,source:7487b9a234864d2d,,latakia-eddy-region,state:OCAL
claim:named_eddy_state:eddy:geography:latakia-eddy-region:state:PEQD,,,,,eddy:geography:latakia-eddy-region,unresolved,,,named_eddy_state:eddy:geography:latakia-eddy-region:state:PEQD,,unknown_no_dated_eddy_footprint,[],,source:7487b9a234864d2d,,latakia-eddy-region,state:PEQD
claim:named_eddy_state:eddy:geography:latakia-eddy-region:state:PNEC,,,,,eddy:geography:latakia-eddy-region,unresolved,,,named_eddy_state:eddy:geography:latakia-eddy-region:state:PNEC,,unknown_no_dated_eddy_footprint,[],,source:7487b9a234864d2d,,latakia-eddy-region,state:PNEC
claim:named_eddy_state:eddy:geography:latakia-eddy-region:state:PSAE,,,,,eddy:geography:latakia-eddy-region,unresolved,,,named_eddy_state:eddy:geography:latakia-eddy-region:state:PSAE,,unknown_no_dated_eddy_footprint,[],,source:7487b9a234864d2d,,latakia-eddy-region,state:PSAE
claim:named_eddy_state:eddy:geography:latakia-eddy-region:state:PSAW,,,,,eddy:geography:latakia-eddy-region,unresolved,,,named_eddy_state:eddy:geography:latakia-eddy-region:state:PSAW,,unknown_no_dated_eddy_footprint,[],,source:7487b9a234864d2d,,latakia-eddy-region,state:PSAW
claim:named_eddy_state:eddy:geography:latakia-eddy-region:state:REDS,,,,,eddy:geography:latakia-eddy-region,unresolved,,,named_eddy_state:eddy:geography:latakia-eddy-region:state:REDS,,unknown_no_dated_eddy_footprint,[],,source:7487b9a234864d2d,,latakia-eddy-region,state:REDS
claim:named_eddy_state:eddy:geography:latakia-eddy-region:state:SANT,,,,,eddy:geography:latakia-eddy-region,unresolved,,,named_eddy_state:eddy:geography:latakia-eddy-region:state:SANT,,unknown_no_dated_eddy_footprint,[],,source:7487b9a234864d2d,,latakia-eddy-region,state:SANT
claim:named_eddy_state:eddy:geography:latakia-eddy-region:state:SARC,,,,,eddy:geography:latakia-eddy-region,unresolved,,,named_eddy_state:eddy:geography:latakia-eddy-region:state:SARC,,unknown_no_dated_eddy_footprint,[],,source:7487b9a234864d2d,,latakia-eddy-region,state:SARC
claim:named_eddy_state:eddy:geography:latakia-eddy-region:state:SATL,,,,,eddy:geography:latakia-eddy-region,unresolved,,,named_eddy_state:eddy:geography:latakia-eddy-region:state:SATL,,unknown_no_dated_eddy_footprint,[],,source:7487b9a234864d2d,,latakia-eddy-region,state:SATL
claim:named_eddy_state:eddy:geography:latakia-eddy-region:state:SPSG,,,,,eddy:geography:latakia-eddy-region,unresolved,,,named_eddy_state:eddy:geography:latakia-eddy-region:state:SPSG,,unknown_no_dated_eddy_footprint,[],,source:7487b9a234864d2d,,latakia-eddy-region,state:SPSG
claim:named_eddy_state:eddy:geography:latakia-eddy-region:state:SSTC,,,,,eddy:geography:latakia-eddy-region,unresolved,,,named_eddy_state:eddy:geography:latakia-eddy-region:state:SSTC,,unknown_no_dated_eddy_footprint,[],,source:7487b9a234864d2d,,latakia-eddy-region,state:SSTC
claim:named_eddy_state:eddy:geography:latakia-eddy-region:state:SUND,,,,,eddy:geography:latakia-eddy-region,unresolved,,,named_eddy_state:eddy:geography:latakia-eddy-region:state:SUND,,unknown_no_dated_eddy_footprint,[],,source:7487b9a234864d2d,,latakia-eddy-region,state:SUND
claim:named_eddy_state:eddy:geography:latakia-eddy-region:state:TASM,,,,,eddy:geography:latakia-eddy-region,unresolved,,,named_eddy_state:eddy:geography:latakia-eddy-region:state:TASM,,unknown_no_dated_eddy_footprint,[],,source:7487b9a234864d2d,,latakia-eddy-region,state:TASM
claim:named_eddy_state:eddy:geography:latakia-eddy-region:state:WARM,,,,,eddy:geography:latakia-eddy-region,unresolved,,,named_eddy_state:eddy:geography:latakia-eddy-region:state:WARM,,unknown_no_dated_eddy_footprint,[],,source:7487b9a234864d2d,,latakia-eddy-region,state:WARM
claim:named_eddy_state:eddy:geography:latakia-eddy-region:state:WTRA,,,,,eddy:geography:latakia-eddy-region,unresolved,,,named_eddy_state:eddy:geography:latakia-eddy-region:state:WTRA,,unknown_no_dated_eddy_footprint,[],,source:7487b9a234864d2d,,latakia-eddy-region,state:WTRA
claim:named_eddy_state:eddy:geography:mindanao-eddy-region:state:ALSK,,,,,eddy:geography:mindanao-eddy-region,unresolved,,,named_eddy_state:eddy:geography:mindanao-eddy-region:state:ALSK,,unknown_no_dated_eddy_footprint,[],,source:7487b9a234864d2d,,mindanao-eddy-region,state:ALSK
claim:named_eddy_state:eddy:geography:mindanao-eddy-region:state:ANTA,,,,,eddy:geography:mindanao-eddy-region,unresolved,,,named_eddy_state:eddy:geography:mindanao-eddy-region:state:ANTA,,unknown_no_dated_eddy_footprint,[],,source:7487b9a234864d2d,,mindanao-eddy-region,state:ANTA
claim:named_eddy_state:eddy:geography:mindanao-eddy-region:state:APLR,,,,,eddy:geography:mindanao-eddy-region,unresolved,,,named_eddy_state:eddy:geography:mindanao-eddy-region:state:APLR,,unknown_no_dated_eddy_footprint,[],,source:7487b9a234864d2d,,mindanao-eddy-region,state:APLR
claim:named_eddy_state:eddy:geography:mindanao-eddy-region:state:ARAB,,,,,eddy:geography:mindanao-eddy-region,unresolved,,,named_eddy_state:eddy:geography:mindanao-eddy-region:state:ARAB,,unknown_no_dated_eddy_footprint,[],,source:7487b9a234864d2d,,mindanao-eddy-region,state:ARAB
claim:named_eddy_state:eddy:geography:mindanao-eddy-region:state:ARCH,,,,,eddy:geography:mindanao-eddy-region,unresolved,,,named_eddy_state:eddy:geography:mindanao-eddy-region:state:ARCH,,unknown_no_dated_eddy_footprint,[],,source:7487b9a234864d2d,,mindanao-eddy-region,state:ARCH
claim:named_eddy_state:eddy:geography:mindanao-eddy-region:state:ARCT,,,,,eddy:geography:mindanao-eddy-region,unresolved,,,named_eddy_state:eddy:geography:mindanao-eddy-region:state:ARCT,,unknown_no_dated_eddy_footprint,[],,source:7487b9a234864d2d,,mindanao-eddy-region,state:ARCT
claim:named_eddy_state:eddy:geography:mindanao-eddy-region:state:AUSE,,,,,eddy:geography:mindanao-eddy-region,unresolved,,,named_eddy_state:eddy:geography:mindanao-eddy-region:state:AUSE,,unknown_no_dated_eddy_footprint,[],,source:7487b9a234864d2d,,mindanao-eddy-region,state:AUSE
claim:named_eddy_state:eddy:geography:mindanao-eddy-region:state:AUSW,,,,,eddy:geography:mindanao-eddy-region,unresolved,,,named_eddy_state:eddy:geography:mindanao-eddy-region:state:AUSW,,unknown_no_dated_eddy_footprint,[],,source:7487b9a234864d2d,,mindanao-eddy-region,state:AUSW
claim:named_eddy_state:eddy:geography:mindanao-eddy-region:state:BENG,,,,,eddy:geography:mindanao-eddy-region,unresolved,,,named_eddy_state:eddy:geography:mindanao-eddy-region:state:BENG,,unknown_no_dated_eddy_footprint,[],,source:7487b9a234864d2d,,mindanao-eddy-region,state:BENG
claim:named_eddy_state:eddy:geography:mindanao-eddy-region:state:BERS,,,,,eddy:geography:mindanao-eddy-region,unresolved,,,named_eddy_state:eddy:geography:mindanao-eddy-region:state:BERS,,unknown_no_dated_eddy_footprint,[],,source:7487b9a234864d2d,,mindanao-eddy-region,state:BERS
claim:named_eddy_state:eddy:geography:mindanao-eddy-region:state:BPLR,,,,,eddy:geography:mindanao-eddy-region,unresolved,,,named_eddy_state:eddy:geography:mindanao-eddy-region:state:BPLR,,unknown_no_dated_eddy_footprint,[],,source:7487b9a234864d2d,,mindanao-eddy-region,state:BPLR
claim:named_eddy_state:eddy:geography:mindanao-eddy-region:state:BRAZ,,,,,eddy:geography:mindanao-eddy-region,unresolved,,,named_eddy_state:eddy:geography:mindanao-eddy-region:state:BRAZ,,unknown_no_dated_eddy_footprint,[],,source:7487b9a234864d2d,,mindanao-eddy-region,state:BRAZ
claim:named_eddy_state:eddy:geography:mindanao-eddy-region:state:CAMR,,,,,eddy:geography:mindanao-eddy-region,unresolved,,,named_eddy_state:eddy:geography:mindanao-eddy-region:state:CAMR,,unknown_no_dated_eddy_footprint,[],,source:7487b9a234864d2d,,mindanao-eddy-region,state:CAMR
claim:named_eddy_state:eddy:geography:mindanao-eddy-region:state:CARB,,,,,eddy:geography:mindanao-eddy-region,unresolved,,,named_eddy_state:eddy:geography:mindanao-eddy-region:state:CARB,,unknown_no_dated_eddy_footprint,[],,source:7487b9a234864d2d,,mindanao-eddy-region,state:CARB
claim:named_eddy_state:eddy:geography:mindanao-eddy-region:state:CCAL,,,,,eddy:geography:mindanao-eddy-region,unresolved,,,named_eddy_state:eddy:geography:mindanao-eddy-region:state:CCAL,,unknown_no_dated_eddy_footprint,[],,source:7487b9a234864d2d,,mindanao-eddy-region,state:CCAL
claim:named_eddy_state:eddy:geography:mindanao-eddy-region:state:CHIN,,,,,eddy:geography:mindanao-eddy-region,unresolved,,,named_eddy_state:eddy:geography:mindanao-eddy-region:state:CHIN,,unknown_no_dated_eddy_footprint,[],,source:7487b9a234864d2d,,mindanao-eddy-region,state:CHIN
claim:named_eddy_state:eddy:geography:mindanao-eddy-region:state:CNRY,,,,,eddy:geography:mindanao-eddy-region,unresolved,,,named_eddy_state:eddy:geography:mindanao-eddy-region:state:CNRY,,unknown_no_dated_eddy_footprint,[],,source:7487b9a234864d2d,,mindanao-eddy-region,state:CNRY
claim:named_eddy_state:eddy:geography:mindanao-eddy-region:state:EAFR,,,,,eddy:geography:mindanao-eddy-region,unresolved,,,named_eddy_state:eddy:geography:mindanao-eddy-region:state:EAFR,,unknown_no_dated_eddy_footprint,[],,source:7487b9a234864d2d,,mindanao-eddy-region,state:EAFR
claim:named_eddy_state:eddy:geography:mindanao-eddy-region:state:ETRA,,,,,eddy:geography:mindanao-eddy-region,unresolved,,,named_eddy_state:eddy:geography:mindanao-eddy-region:state:ETRA,,unknown_no_dated_eddy_footprint,[],,source:7487b9a234864d2d,,mindanao-eddy-region,state:ETRA
claim:named_eddy_state:eddy:geography:mindanao-eddy-region:state:FKLD,,,,,eddy:geography:mindanao-eddy-region,unresolved,,,named_eddy_state:eddy:geography:mindanao-eddy-region:state:FKLD,,unknown_no_dated_eddy_footprint,[],,source:7487b9a234864d2d,,mindanao-eddy-region,state:FKLD
claim:named_eddy_state:eddy:geography:mindanao-eddy-region:state:GFST,,,,,eddy:geography:mindanao-eddy-region,unresolved,,,named_eddy_state:eddy:geography:mindanao-eddy-region:state:GFST,,unknown_no_dated_eddy_footprint,[],,source:7487b9a234864d2d,,mindanao-eddy-region,state:GFST
claim:named_eddy_state:eddy:geography:mindanao-eddy-region:state:GUIA,,,,,eddy:geography:mindanao-eddy-region,unresolved,,,named_eddy_state:eddy:geography:mindanao-eddy-region:state:GUIA,,unknown_no_dated_eddy_footprint,[],,source:7487b9a234864d2d,,mindanao-eddy-region,state:GUIA
claim:named_eddy_state:eddy:geography:mindanao-eddy-region:state:GUIN,,,,,eddy:geography:mindanao-eddy-region,unresolved,,,named_eddy_state:eddy:geography:mindanao-eddy-region:state:GUIN,,unknown_no_dated_eddy_footprint,[],,source:7487b9a234864d2d,,mindanao-eddy-region,state:GUIN
claim:named_eddy_state:eddy:geography:mindanao-eddy-region:state:HUMB,,,,,eddy:geography:mindanao-eddy-region,unresolved,,,named_eddy_state:eddy:geography:mindanao-eddy-region:state:HUMB,,unknown_no_dated_eddy_footprint,[],,source:7487b9a234864d2d,,mindanao-eddy-region,state:HUMB
claim:named_eddy_state:eddy:geography:mindanao-eddy-region:state:IND E,,,,,eddy:geography:mindanao-eddy-region,unresolved,,,named_eddy_state:eddy:geography:mindanao-eddy-region:state:IND E,,unknown_no_dated_eddy_footprint,[],,source:7487b9a234864d2d,,mindanao-eddy-region,state:IND E
claim:named_eddy_state:eddy:geography:mindanao-eddy-region:state:IND W,,,,,eddy:geography:mindanao-eddy-region,unresolved,,,named_eddy_state:eddy:geography:mindanao-eddy-region:state:IND W,,unknown_no_dated_eddy_footprint,[],,source:7487b9a234864d2d,,mindanao-eddy-region,state:IND W
claim:named_eddy_state:eddy:geography:mindanao-eddy-region:state:ISSG,,,,,eddy:geography:mindanao-eddy-region,unresolved,,,named_eddy_state:eddy:geography:mindanao-eddy-region:state:ISSG,,unknown_no_dated_eddy_footprint,[],,source:7487b9a234864d2d,,mindanao-eddy-region,state:ISSG
claim:named_eddy_state:eddy:geography:mindanao-eddy-region:state:KURO,,,,,eddy:geography:mindanao-eddy-region,unresolved,,,named_eddy_state:eddy:geography:mindanao-eddy-region:state:KURO,,unknown_no_dated_eddy_footprint,[],,source:7487b9a234864d2d,,mindanao-eddy-region,state:KURO
claim:named_eddy_state:eddy:geography:mindanao-eddy-region:state:MEDI,,,,,eddy:geography:mindanao-eddy-region,unresolved,,,named_eddy_state:eddy:geography:mindanao-eddy-region:state:MEDI,,unknown_no_dated_eddy_footprint,[],,source:7487b9a234864d2d,,mindanao-eddy-region,state:MEDI
claim:named_eddy_state:eddy:geography:mindanao-eddy-region:state:MONS,,,,,eddy:geography:mindanao-eddy-region,unresolved,,,named_eddy_state:eddy:geography:mindanao-eddy-region:state:MONS,,unknown_no_dated_eddy_footprint,[],,source:7487b9a234864d2d,,mindanao-eddy-region,state:MONS
claim:named_eddy_state:eddy:geography:mindanao-eddy-region:state:NADR,,,,,eddy:geography:mindanao-eddy-region,unresolved,,,named_eddy_state:eddy:geography:mindanao-eddy-region:state:NADR,,unknown_no_dated_eddy_footprint,[],,source:7487b9a234864d2d,,mindanao-eddy-region,state:NADR
claim:named_eddy_state:eddy:geography:mindanao-eddy-region:state:NAST E,,,,,eddy:geography:mindanao-eddy-region,unresolved,,,named_eddy_state:eddy:geography:mindanao-eddy-region:state:NAST E,,unknown_no_dated_eddy_footprint,[],,source:7487b9a234864d2d,,mindanao-eddy-region,state:NAST E
claim:named_eddy_state:eddy:geography:mindanao-eddy-region:state:NAST W,,,,,eddy:geography:mindanao-eddy-region,unresolved,,,named_eddy_state:eddy:geography:mindanao-eddy-region:state:NAST W,,unknown_no_dated_eddy_footprint,[],,source:7487b9a234864d2d,,mindanao-eddy-region,state:NAST W
claim:named_eddy_state:eddy:geography:mindanao-eddy-region:state:NATR,,,,,eddy:geography:mindanao-eddy-region,unresolved,,,named_eddy_state:eddy:geography:mindanao-eddy-region:state:NATR,,unknown_no_dated_eddy_footprint,[],,source:7487b9a234864d2d,,mindanao-eddy-region,state:NATR
claim:named_eddy_state:eddy:geography:mindanao-eddy-region:state:NECS,,,,,eddy:geography:mindanao-eddy-region,unresolved,,,named_eddy_state:eddy:geography:mindanao-eddy-region:state:NECS,,unknown_no_dated_eddy_footprint,[],,source:7487b9a234864d2d,,mindanao-eddy-region,state:NECS
claim:named_eddy_state:eddy:geography:mindanao-eddy-region:state:NEWZ,,,,,eddy:geography:mindanao-eddy-region,unresolved,,,named_eddy_state:eddy:geography:mindanao-eddy-region:state:NEWZ,,unknown_no_dated_eddy_footprint,[],,source:7487b9a234864d2d,,mindanao-eddy-region,state:NEWZ
claim:named_eddy_state:eddy:geography:mindanao-eddy-region:state:NPPF,,,,,eddy:geography:mindanao-eddy-region,unresolved,,,named_eddy_state:eddy:geography:mindanao-eddy-region:state:NPPF,,unknown_no_dated_eddy_footprint,[],,source:7487b9a234864d2d,,mindanao-eddy-region,state:NPPF
claim:named_eddy_state:eddy:geography:mindanao-eddy-region:state:NPSE,,,,,eddy:geography:mindanao-eddy-region,unresolved,,,named_eddy_state:eddy:geography:mindanao-eddy-region:state:NPSE,,unknown_no_dated_eddy_footprint,[],,source:7487b9a234864d2d,,mindanao-eddy-region,state:NPSE
claim:named_eddy_state:eddy:geography:mindanao-eddy-region:state:NPSW,,,,,eddy:geography:mindanao-eddy-region,unresolved,,,named_eddy_state:eddy:geography:mindanao-eddy-region:state:NPSW,,unknown_no_dated_eddy_footprint,[],,source:7487b9a234864d2d,,mindanao-eddy-region,state:NPSW
claim:named_eddy_state:eddy:geography:mindanao-eddy-region:state:NPTG,,,,,eddy:geography:mindanao-eddy-region,unresolved,,,named_eddy_state:eddy:geography:mindanao-eddy-region:state:NPTG,,unknown_no_dated_eddy_footprint,[],,source:7487b9a234864d2d,,mindanao-eddy-region,state:NPTG
claim:named_eddy_state:eddy:geography:mindanao-eddy-region:state:NWCS,,,,,eddy:geography:mindanao-eddy-region,unresolved,,,named_eddy_state:eddy:geography:mindanao-eddy-region:state:NWCS,,unknown_no_dated_eddy_footprint,[],,source:7487b9a234864d2d,,mindanao-eddy-region,state:NWCS
claim:named_eddy_state:eddy:geography:mindanao-eddy-region:state:OCAL,,,,,eddy:geography:mindanao-eddy-region,unresolved,,,named_eddy_state:eddy:geography:mindanao-eddy-region:state:OCAL,,unknown_no_dated_eddy_footprint,[],,source:7487b9a234864d2d,,mindanao-eddy-region,state:OCAL
claim:named_eddy_state:eddy:geography:mindanao-eddy-region:state:PEQD,,,,,eddy:geography:mindanao-eddy-region,unresolved,,,named_eddy_state:eddy:geography:mindanao-eddy-region:state:PEQD,,unknown_no_dated_eddy_footprint,[],,source:7487b9a234864d2d,,mindanao-eddy-region,state:PEQD
claim:named_eddy_state:eddy:geography:mindanao-eddy-region:state:PNEC,,,,,eddy:geography:mindanao-eddy-region,unresolved,,,named_eddy_state:eddy:geography:mindanao-eddy-region:state:PNEC,,unknown_no_dated_eddy_footprint,[],,source:7487b9a234864d2d,,mindanao-eddy-region,state:PNEC
claim:named_eddy_state:eddy:geography:mindanao-eddy-region:state:PSAE,,,,,eddy:geography:mindanao-eddy-region,unresolved,,,named_eddy_state:eddy:geography:mindanao-eddy-region:state:PSAE,,unknown_no_dated_eddy_footprint,[],,source:7487b9a234864d2d,,mindanao-eddy-region,state:PSAE
claim:named_eddy_state:eddy:geography:mindanao-eddy-region:state:PSAW,,,,,eddy:geography:mindanao-eddy-region,unresolved,,,named_eddy_state:eddy:geography:mindanao-eddy-region:state:PSAW,,unknown_no_dated_eddy_footprint,[],,source:7487b9a234864d2d,,mindanao-eddy-region,state:PSAW
claim:named_eddy_state:eddy:geography:mindanao-eddy-region:state:REDS,,,,,eddy:geography:mindanao-eddy-region,unresolved,,,named_eddy_state:eddy:geography:mindanao-eddy-region:state:REDS,,unknown_no_dated_eddy_footprint,[],,source:7487b9a234864d2d,,mindanao-eddy-region,state:REDS
claim:named_eddy_state:eddy:geography:mindanao-eddy-region:state:SANT,,,,,eddy:geography:mindanao-eddy-region,unresolved,,,named_eddy_state:eddy:geography:mindanao-eddy-region:state:SANT,,unknown_no_dated_eddy_footprint,[],,source:7487b9a234864d2d,,mindanao-eddy-region,state:SANT
claim:named_eddy_state:eddy:geography:mindanao-eddy-region:state:SARC,,,,,eddy:geography:mindanao-eddy-region,unresolved,,,named_eddy_state:eddy:geography:mindanao-eddy-region:state:SARC,,unknown_no_dated_eddy_footprint,[],,source:7487b9a234864d2d,,mindanao-eddy-region,state:SARC
claim:named_eddy_state:eddy:geography:mindanao-eddy-region:state:SATL,,,,,eddy:geography:mindanao-eddy-region,unresolved,,,named_eddy_state:eddy:geography:mindanao-eddy-region:state:SATL,,unknown_no_dated_eddy_footprint,[],,source:7487b9a234864d2d,,mindanao-eddy-region,state:SATL
claim:named_eddy_state:eddy:geography:mindanao-eddy-region:state:SPSG,,,,,eddy:geography:mindanao-eddy-region,unresolved,,,named_eddy_state:eddy:geography:mindanao-eddy-region:state:SPSG,,unknown_no_dated_eddy_footprint,[],,source:7487b9a234864d2d,,mindanao-eddy-region,state:SPSG
claim:named_eddy_state:eddy:geography:mindanao-eddy-region:state:SSTC,,,,,eddy:geography:mindanao-eddy-region,unresolved,,,named_eddy_state:eddy:geography:mindanao-eddy-region:state:SSTC,,unknown_no_dated_eddy_footprint,[],,source:7487b9a234864d2d,,mindanao-eddy-region,state:SSTC
claim:named_eddy_state:eddy:geography:mindanao-eddy-region:state:SUND,,,,,eddy:geography:mindanao-eddy-region,point_or_region_locator,,,named_eddy_state:eddy:geography:mindanao-eddy-region:state:SUND,,unknown_no_dated_eddy_footprint,"[""editorial_region""]",,source:7487b9a234864d2d,,mindanao-eddy-region,state:SUND
claim:named_eddy_state:eddy:geography:mindanao-eddy-region:state:TASM,,,,,eddy:geography:mindanao-eddy-region,unresolved,,,named_eddy_state:eddy:geography:mindanao-eddy-region:state:TASM,,unknown_no_dated_eddy_footprint,[],,source:7487b9a234864d2d,,mindanao-eddy-region,state:TASM
claim:named_eddy_state:eddy:geography:mindanao-eddy-region:state:WARM,,,,,eddy:geography:mindanao-eddy-region,unresolved,,,named_eddy_state:eddy:geography:mindanao-eddy-region:state:WARM,,unknown_no_dated_eddy_footprint,[],,source:7487b9a234864d2d,,mindanao-eddy-region,state:WARM
claim:named_eddy_state:eddy:geography:mindanao-eddy-region:state:WTRA,,,,,eddy:geography:mindanao-eddy-region,unresolved,,,named_eddy_state:eddy:geography:mindanao-eddy-region:state:WTRA,,unknown_no_dated_eddy_footprint,[],,source:7487b9a234864d2d,,mindanao-eddy-region,state:WTRA
claim:named_eddy_state:eddy:geography:halmahera-eddy-region:state:ALSK,,,,,eddy:geography:halmahera-eddy-region,unresolved,,,named_eddy_state:eddy:geography:halmahera-eddy-region:state:ALSK,,unknown_no_dated_eddy_footprint,[],,source:7487b9a234864d2d,,halmahera-eddy-region,state:ALSK
claim:named_eddy_state:eddy:geography:halmahera-eddy-region:state:ANTA,,,,,eddy:geography:halmahera-eddy-region,unresolved,,,named_eddy_state:eddy:geography:halmahera-eddy-region:state:ANTA,,unknown_no_dated_eddy_footprint,[],,source:7487b9a234864d2d,,halmahera-eddy-region,state:ANTA
claim:named_eddy_state:eddy:geography:halmahera-eddy-region:state:APLR,,,,,eddy:geography:halmahera-eddy-region,unresolved,,,named_eddy_state:eddy:geography:halmahera-eddy-region:state:APLR,,unknown_no_dated_eddy_footprint,[],,source:7487b9a234864d2d,,halmahera-eddy-region,state:APLR
claim:named_eddy_state:eddy:geography:halmahera-eddy-region:state:ARAB,,,,,eddy:geography:halmahera-eddy-region,unresolved,,,named_eddy_state:eddy:geography:halmahera-eddy-region:state:ARAB,,unknown_no_dated_eddy_footprint,[],,source:7487b9a234864d2d,,halmahera-eddy-region,state:ARAB
claim:named_eddy_state:eddy:geography:halmahera-eddy-region:state:ARCH,,,,,eddy:geography:halmahera-eddy-region,unresolved,,,named_eddy_state:eddy:geography:halmahera-eddy-region:state:ARCH,,unknown_no_dated_eddy_footprint,[],,source:7487b9a234864d2d,,halmahera-eddy-region,state:ARCH
claim:named_eddy_state:eddy:geography:halmahera-eddy-region:state:ARCT,,,,,eddy:geography:halmahera-eddy-region,unresolved,,,named_eddy_state:eddy:geography:halmahera-eddy-region:state:ARCT,,unknown_no_dated_eddy_footprint,[],,source:7487b9a234864d2d,,halmahera-eddy-region,state:ARCT
claim:named_eddy_state:eddy:geography:halmahera-eddy-region:state:AUSE,,,,,eddy:geography:halmahera-eddy-region,unresolved,,,named_eddy_state:eddy:geography:halmahera-eddy-region:state:AUSE,,unknown_no_dated_eddy_footprint,[],,source:7487b9a234864d2d,,halmahera-eddy-region,state:AUSE
claim:named_eddy_state:eddy:geography:halmahera-eddy-region:state:AUSW,,,,,eddy:geography:halmahera-eddy-region,unresolved,,,named_eddy_state:eddy:geography:halmahera-eddy-region:state:AUSW,,unknown_no_dated_eddy_footprint,[],,source:7487b9a234864d2d,,halmahera-eddy-region,state:AUSW
claim:named_eddy_state:eddy:geography:halmahera-eddy-region:state:BENG,,,,,eddy:geography:halmahera-eddy-region,unresolved,,,named_eddy_state:eddy:geography:halmahera-eddy-region:state:BENG,,unknown_no_dated_eddy_footprint,[],,source:7487b9a234864d2d,,halmahera-eddy-region,state:BENG
claim:named_eddy_state:eddy:geography:halmahera-eddy-region:state:BERS,,,,,eddy:geography:halmahera-eddy-region,unresolved,,,named_eddy_state:eddy:geography:halmahera-eddy-region:state:BERS,,unknown_no_dated_eddy_footprint,[],,source:7487b9a234864d2d,,halmahera-eddy-region,state:BERS
claim:named_eddy_state:eddy:geography:halmahera-eddy-region:state:BPLR,,,,,eddy:geography:halmahera-eddy-region,unresolved,,,named_eddy_state:eddy:geography:halmahera-eddy-region:state:BPLR,,unknown_no_dated_eddy_footprint,[],,source:7487b9a234864d2d,,halmahera-eddy-region,state:BPLR
claim:named_eddy_state:eddy:geography:halmahera-eddy-region:state:BRAZ,,,,,eddy:geography:halmahera-eddy-region,unresolved,,,named_eddy_state:eddy:geography:halmahera-eddy-region:state:BRAZ,,unknown_no_dated_eddy_footprint,[],,source:7487b9a234864d2d,,halmahera-eddy-region,state:BRAZ
claim:named_eddy_state:eddy:geography:halmahera-eddy-region:state:CAMR,,,,,eddy:geography:halmahera-eddy-region,unresolved,,,named_eddy_state:eddy:geography:halmahera-eddy-region:state:CAMR,,unknown_no_dated_eddy_footprint,[],,source:7487b9a234864d2d,,halmahera-eddy-region,state:CAMR
claim:named_eddy_state:eddy:geography:halmahera-eddy-region:state:CARB,,,,,eddy:geography:halmahera-eddy-region,unresolved,,,named_eddy_state:eddy:geography:halmahera-eddy-region:state:CARB,,unknown_no_dated_eddy_footprint,[],,source:7487b9a234864d2d,,halmahera-eddy-region,state:CARB
claim:named_eddy_state:eddy:geography:halmahera-eddy-region:state:CCAL,,,,,eddy:geography:halmahera-eddy-region,unresolved,,,named_eddy_state:eddy:geography:halmahera-eddy-region:state:CCAL,,unknown_no_dated_eddy_footprint,[],,source:7487b9a234864d2d,,halmahera-eddy-region,state:CCAL
claim:named_eddy_state:eddy:geography:halmahera-eddy-region:state:CHIN,,,,,eddy:geography:halmahera-eddy-region,unresolved,,,named_eddy_state:eddy:geography:halmahera-eddy-region:state:CHIN,,unknown_no_dated_eddy_footprint,[],,source:7487b9a234864d2d,,halmahera-eddy-region,state:CHIN
claim:named_eddy_state:eddy:geography:halmahera-eddy-region:state:CNRY,,,,,eddy:geography:halmahera-eddy-region,unresolved,,,named_eddy_state:eddy:geography:halmahera-eddy-region:state:CNRY,,unknown_no_dated_eddy_footprint,[],,source:7487b9a234864d2d,,halmahera-eddy-region,state:CNRY
claim:named_eddy_state:eddy:geography:halmahera-eddy-region:state:EAFR,,,,,eddy:geography:halmahera-eddy-region,unresolved,,,named_eddy_state:eddy:geography:halmahera-eddy-region:state:EAFR,,unknown_no_dated_eddy_footprint,[],,source:7487b9a234864d2d,,halmahera-eddy-region,state:EAFR
claim:named_eddy_state:eddy:geography:halmahera-eddy-region:state:ETRA,,,,,eddy:geography:halmahera-eddy-region,unresolved,,,named_eddy_state:eddy:geography:halmahera-eddy-region:state:ETRA,,unknown_no_dated_eddy_footprint,[],,source:7487b9a234864d2d,,halmahera-eddy-region,state:ETRA
claim:named_eddy_state:eddy:geography:halmahera-eddy-region:state:FKLD,,,,,eddy:geography:halmahera-eddy-region,unresolved,,,named_eddy_state:eddy:geography:halmahera-eddy-region:state:FKLD,,unknown_no_dated_eddy_footprint,[],,source:7487b9a234864d2d,,halmahera-eddy-region,state:FKLD
claim:named_eddy_state:eddy:geography:halmahera-eddy-region:state:GFST,,,,,eddy:geography:halmahera-eddy-region,unresolved,,,named_eddy_state:eddy:geography:halmahera-eddy-region:state:GFST,,unknown_no_dated_eddy_footprint,[],,source:7487b9a234864d2d,,halmahera-eddy-region,state:GFST
claim:named_eddy_state:eddy:geography:halmahera-eddy-region:state:GUIA,,,,,eddy:geography:halmahera-eddy-region,unresolved,,,named_eddy_state:eddy:geography:halmahera-eddy-region:state:GUIA,,unknown_no_dated_eddy_footprint,[],,source:7487b9a234864d2d,,halmahera-eddy-region,state:GUIA
claim:named_eddy_state:eddy:geography:halmahera-eddy-region:state:GUIN,,,,,eddy:geography:halmahera-eddy-region,unresolved,,,named_eddy_state:eddy:geography:halmahera-eddy-region:state:GUIN,,unknown_no_dated_eddy_footprint,[],,source:7487b9a234864d2d,,halmahera-eddy-region,state:GUIN
claim:named_eddy_state:eddy:geography:halmahera-eddy-region:state:HUMB,,,,,eddy:geography:halmahera-eddy-region,unresolved,,,named_eddy_state:eddy:geography:halmahera-eddy-region:state:HUMB,,unknown_no_dated_eddy_footprint,[],,source:7487b9a234864d2d,,halmahera-eddy-region,state:HUMB
claim:named_eddy_state:eddy:geography:halmahera-eddy-region:state:IND E,,,,,eddy:geography:halmahera-eddy-region,unresolved,,,named_eddy_state:eddy:geography:halmahera-eddy-region:state:IND E,,unknown_no_dated_eddy_footprint,[],,source:7487b9a234864d2d,,halmahera-eddy-region,state:IND E
claim:named_eddy_state:eddy:geography:halmahera-eddy-region:state:IND W,,,,,eddy:geography:halmahera-eddy-region,unresolved,,,named_eddy_state:eddy:geography:halmahera-eddy-region:state:IND W,,unknown_no_dated_eddy_footprint,[],,source:7487b9a234864d2d,,halmahera-eddy-region,state:IND W
claim:named_eddy_state:eddy:geography:halmahera-eddy-region:state:ISSG,,,,,eddy:geography:halmahera-eddy-region,unresolved,,,named_eddy_state:eddy:geography:halmahera-eddy-region:state:ISSG,,unknown_no_dated_eddy_footprint,[],,source:7487b9a234864d2d,,halmahera-eddy-region,state:ISSG
claim:named_eddy_state:eddy:geography:halmahera-eddy-region:state:KURO,,,,,eddy:geography:halmahera-eddy-region,unresolved,,,named_eddy_state:eddy:geography:halmahera-eddy-region:state:KURO,,unknown_no_dated_eddy_footprint,[],,source:7487b9a234864d2d,,halmahera-eddy-region,state:KURO
claim:named_eddy_state:eddy:geography:halmahera-eddy-region:state:MEDI,,,,,eddy:geography:halmahera-eddy-region,unresolved,,,named_eddy_state:eddy:geography:halmahera-eddy-region:state:MEDI,,unknown_no_dated_eddy_footprint,[],,source:7487b9a234864d2d,,halmahera-eddy-region,state:MEDI
claim:named_eddy_state:eddy:geography:halmahera-eddy-region:state:MONS,,,,,eddy:geography:halmahera-eddy-region,unresolved,,,named_eddy_state:eddy:geography:halmahera-eddy-region:state:MONS,,unknown_no_dated_eddy_footprint,[],,source:7487b9a234864d2d,,halmahera-eddy-region,state:MONS
claim:named_eddy_state:eddy:geography:halmahera-eddy-region:state:NADR,,,,,eddy:geography:halmahera-eddy-region,unresolved,,,named_eddy_state:eddy:geography:halmahera-eddy-region:state:NADR,,unknown_no_dated_eddy_footprint,[],,source:7487b9a234864d2d,,halmahera-eddy-region,state:NADR
claim:named_eddy_state:eddy:geography:halmahera-eddy-region:state:NAST E,,,,,eddy:geography:halmahera-eddy-region,unresolved,,,named_eddy_state:eddy:geography:halmahera-eddy-region:state:NAST E,,unknown_no_dated_eddy_footprint,[],,source:7487b9a234864d2d,,halmahera-eddy-region,state:NAST E
claim:named_eddy_state:eddy:geography:halmahera-eddy-region:state:NAST W,,,,,eddy:geography:halmahera-eddy-region,unresolved,,,named_eddy_state:eddy:geography:halmahera-eddy-region:state:NAST W,,unknown_no_dated_eddy_footprint,[],,source:7487b9a234864d2d,,halmahera-eddy-region,state:NAST W
claim:named_eddy_state:eddy:geography:halmahera-eddy-region:state:NATR,,,,,eddy:geography:halmahera-eddy-region,unresolved,,,named_eddy_state:eddy:geography:halmahera-eddy-region:state:NATR,,unknown_no_dated_eddy_footprint,[],,source:7487b9a234864d2d,,halmahera-eddy-region,state:NATR
claim:named_eddy_state:eddy:geography:halmahera-eddy-region:state:NECS,,,,,eddy:geography:halmahera-eddy-region,unresolved,,,named_eddy_state:eddy:geography:halmahera-eddy-region:state:NECS,,unknown_no_dated_eddy_footprint,[],,source:7487b9a234864d2d,,halmahera-eddy-region,state:NECS
claim:named_eddy_state:eddy:geography:halmahera-eddy-region:state:NEWZ,,,,,eddy:geography:halmahera-eddy-region,unresolved,,,named_eddy_state:eddy:geography:halmahera-eddy-region:state:NEWZ,,unknown_no_dated_eddy_footprint,[],,source:7487b9a234864d2d,,halmahera-eddy-region,state:NEWZ
claim:named_eddy_state:eddy:geography:halmahera-eddy-region:state:NPPF,,,,,eddy:geography:halmahera-eddy-region,unresolved,,,named_eddy_state:eddy:geography:halmahera-eddy-region:state:NPPF,,unknown_no_dated_eddy_footprint,[],,source:7487b9a234864d2d,,halmahera-eddy-region,state:NPPF
claim:named_eddy_state:eddy:geography:halmahera-eddy-region:state:NPSE,,,,,eddy:geography:halmahera-eddy-region,unresolved,,,named_eddy_state:eddy:geography:halmahera-eddy-region:state:NPSE,,unknown_no_dated_eddy_footprint,[],,source:7487b9a234864d2d,,halmahera-eddy-region,state:NPSE
claim:named_eddy_state:eddy:geography:halmahera-eddy-region:state:NPSW,,,,,eddy:geography:halmahera-eddy-region,unresolved,,,named_eddy_state:eddy:geography:halmahera-eddy-region:state:NPSW,,unknown_no_dated_eddy_footprint,[],,source:7487b9a234864d2d,,halmahera-eddy-region,state:NPSW
claim:named_eddy_state:eddy:geography:halmahera-eddy-region:state:NPTG,,,,,eddy:geography:halmahera-eddy-region,unresolved,,,named_eddy_state:eddy:geography:halmahera-eddy-region:state:NPTG,,unknown_no_dated_eddy_footprint,[],,source:7487b9a234864d2d,,halmahera-eddy-region,state:NPTG
claim:named_eddy_state:eddy:geography:halmahera-eddy-region:state:NWCS,,,,,eddy:geography:halmahera-eddy-region,unresolved,,,named_eddy_state:eddy:geography:halmahera-eddy-region:state:NWCS,,unknown_no_dated_eddy_footprint,[],,source:7487b9a234864d2d,,halmahera-eddy-region,state:NWCS
claim:named_eddy_state:eddy:geography:halmahera-eddy-region:state:OCAL,,,,,eddy:geography:halmahera-eddy-region,unresolved,,,named_eddy_state:eddy:geography:halmahera-eddy-region:state:OCAL,,unknown_no_dated_eddy_footprint,[],,source:7487b9a234864d2d,,halmahera-eddy-region,state:OCAL
claim:named_eddy_state:eddy:geography:halmahera-eddy-region:state:PEQD,,,,,eddy:geography:halmahera-eddy-region,unresolved,,,named_eddy_state:eddy:geography:halmahera-eddy-region:state:PEQD,,unknown_no_dated_eddy_footprint,[],,source:7487b9a234864d2d,,halmahera-eddy-region,state:PEQD
claim:named_eddy_state:eddy:geography:halmahera-eddy-region:state:PNEC,,,,,eddy:geography:halmahera-eddy-region,unresolved,,,named_eddy_state:eddy:geography:halmahera-eddy-region:state:PNEC,,unknown_no_dated_eddy_footprint,[],,source:7487b9a234864d2d,,halmahera-eddy-region,state:PNEC
claim:named_eddy_state:eddy:geography:halmahera-eddy-region:state:PSAE,,,,,eddy:geography:halmahera-eddy-region,unresolved,,,named_eddy_state:eddy:geography:halmahera-eddy-region:state:PSAE,,unknown_no_dated_eddy_footprint,[],,source:7487b9a234864d2d,,halmahera-eddy-region,state:PSAE
claim:named_eddy_state:eddy:geography:halmahera-eddy-region:state:PSAW,,,,,eddy:geography:halmahera-eddy-region,unresolved,,,named_eddy_state:eddy:geography:halmahera-eddy-region:state:PSAW,,unknown_no_dated_eddy_footprint,[],,source:7487b9a234864d2d,,halmahera-eddy-region,state:PSAW
claim:named_eddy_state:eddy:geography:halmahera-eddy-region:state:REDS,,,,,eddy:geography:halmahera-eddy-region,unresolved,,,named_eddy_state:eddy:geography:halmahera-eddy-region:state:REDS,,unknown_no_dated_eddy_footprint,[],,source:7487b9a234864d2d,,halmahera-eddy-region,state:REDS
claim:named_eddy_state:eddy:geography:halmahera-eddy-region:state:SANT,,,,,eddy:geography:halmahera-eddy-region,unresolved,,,named_eddy_state:eddy:geography:halmahera-eddy-region:state:SANT,,unknown_no_dated_eddy_footprint,[],,source:7487b9a234864d2d,,halmahera-eddy-region,state:SANT
claim:named_eddy_state:eddy:geography:halmahera-eddy-region:state:SARC,,,,,eddy:geography:halmahera-eddy-region,unresolved,,,named_eddy_state:eddy:geography:halmahera-eddy-region:state:SARC,,unknown_no_dated_eddy_footprint,[],,source:7487b9a234864d2d,,halmahera-eddy-region,state:SARC
claim:named_eddy_state:eddy:geography:halmahera-eddy-region:state:SATL,,,,,eddy:geography:halmahera-eddy-region,unresolved,,,named_eddy_state:eddy:geography:halmahera-eddy-region:state:SATL,,unknown_no_dated_eddy_footprint,[],,source:7487b9a234864d2d,,halmahera-eddy-region,state:SATL
claim:named_eddy_state:eddy:geography:halmahera-eddy-region:state:SPSG,,,,,eddy:geography:halmahera-eddy-region,unresolved,,,named_eddy_state:eddy:geography:halmahera-eddy-region:state:SPSG,,unknown_no_dated_eddy_footprint,[],,source:7487b9a234864d2d,,halmahera-eddy-region,state:SPSG
claim:named_eddy_state:eddy:geography:halmahera-eddy-region:state:SSTC,,,,,eddy:geography:halmahera-eddy-region,unresolved,,,named_eddy_state:eddy:geography:halmahera-eddy-region:state:SSTC,,unknown_no_dated_eddy_footprint,[],,source:7487b9a234864d2d,,halmahera-eddy-region,state:SSTC
claim:named_eddy_state:eddy:geography:halmahera-eddy-region:state:SUND,,,,,eddy:geography:halmahera-eddy-region,point_or_region_locator,,,named_eddy_state:eddy:geography:halmahera-eddy-region:state:SUND,,unknown_no_dated_eddy_footprint,"[""editorial_region""]",,source:7487b9a234864d2d,,halmahera-eddy-region,state:SUND
claim:named_eddy_state:eddy:geography:halmahera-eddy-region:state:TASM,,,,,eddy:geography:halmahera-eddy-region,unresolved,,,named_eddy_state:eddy:geography:halmahera-eddy-region:state:TASM,,unknown_no_dated_eddy_footprint,[],,source:7487b9a234864d2d,,halmahera-eddy-region,state:TASM
claim:named_eddy_state:eddy:geography:halmahera-eddy-region:state:WARM,,,,,eddy:geography:halmahera-eddy-region,unresolved,,,named_eddy_state:eddy:geography:halmahera-eddy-region:state:WARM,,unknown_no_dated_eddy_footprint,[],,source:7487b9a234864d2d,,halmahera-eddy-region,state:WARM
claim:named_eddy_state:eddy:geography:halmahera-eddy-region:state:WTRA,,,,,eddy:geography:halmahera-eddy-region,unresolved,,,named_eddy_state:eddy:geography:halmahera-eddy-region:state:WTRA,,unknown_no_dated_eddy_footprint,[],,source:7487b9a234864d2d,,halmahera-eddy-region,state:WTRA
claim:named_eddy_state:eddy:geography:new-guinea-eddy-region:state:ALSK,,,,,eddy:geography:new-guinea-eddy-region,unresolved,,,named_eddy_state:eddy:geography:new-guinea-eddy-region:state:ALSK,,unknown_no_dated_eddy_footprint,[],,source:7487b9a234864d2d,,new-guinea-eddy-region,state:ALSK
claim:named_eddy_state:eddy:geography:new-guinea-eddy-region:state:ANTA,,,,,eddy:geography:new-guinea-eddy-region,unresolved,,,named_eddy_state:eddy:geography:new-guinea-eddy-region:state:ANTA,,unknown_no_dated_eddy_footprint,[],,source:7487b9a234864d2d,,new-guinea-eddy-region,state:ANTA
claim:named_eddy_state:eddy:geography:new-guinea-eddy-region:state:APLR,,,,,eddy:geography:new-guinea-eddy-region,unresolved,,,named_eddy_state:eddy:geography:new-guinea-eddy-region:state:APLR,,unknown_no_dated_eddy_footprint,[],,source:7487b9a234864d2d,,new-guinea-eddy-region,state:APLR
claim:named_eddy_state:eddy:geography:new-guinea-eddy-region:state:ARAB,,,,,eddy:geography:new-guinea-eddy-region,unresolved,,,named_eddy_state:eddy:geography:new-guinea-eddy-region:state:ARAB,,unknown_no_dated_eddy_footprint,[],,source:7487b9a234864d2d,,new-guinea-eddy-region,state:ARAB
claim:named_eddy_state:eddy:geography:new-guinea-eddy-region:state:ARCH,,,,,eddy:geography:new-guinea-eddy-region,unresolved,,,named_eddy_state:eddy:geography:new-guinea-eddy-region:state:ARCH,,unknown_no_dated_eddy_footprint,[],,source:7487b9a234864d2d,,new-guinea-eddy-region,state:ARCH
claim:named_eddy_state:eddy:geography:new-guinea-eddy-region:state:ARCT,,,,,eddy:geography:new-guinea-eddy-region,unresolved,,,named_eddy_state:eddy:geography:new-guinea-eddy-region:state:ARCT,,unknown_no_dated_eddy_footprint,[],,source:7487b9a234864d2d,,new-guinea-eddy-region,state:ARCT
claim:named_eddy_state:eddy:geography:new-guinea-eddy-region:state:AUSE,,,,,eddy:geography:new-guinea-eddy-region,unresolved,,,named_eddy_state:eddy:geography:new-guinea-eddy-region:state:AUSE,,unknown_no_dated_eddy_footprint,[],,source:7487b9a234864d2d,,new-guinea-eddy-region,state:AUSE
claim:named_eddy_state:eddy:geography:new-guinea-eddy-region:state:AUSW,,,,,eddy:geography:new-guinea-eddy-region,unresolved,,,named_eddy_state:eddy:geography:new-guinea-eddy-region:state:AUSW,,unknown_no_dated_eddy_footprint,[],,source:7487b9a234864d2d,,new-guinea-eddy-region,state:AUSW
claim:named_eddy_state:eddy:geography:new-guinea-eddy-region:state:BENG,,,,,eddy:geography:new-guinea-eddy-region,unresolved,,,named_eddy_state:eddy:geography:new-guinea-eddy-region:state:BENG,,unknown_no_dated_eddy_footprint,[],,source:7487b9a234864d2d,,new-guinea-eddy-region,state:BENG
claim:named_eddy_state:eddy:geography:new-guinea-eddy-region:state:BERS,,,,,eddy:geography:new-guinea-eddy-region,unresolved,,,named_eddy_state:eddy:geography:new-guinea-eddy-region:state:BERS,,unknown_no_dated_eddy_footprint,[],,source:7487b9a234864d2d,,new-guinea-eddy-region,state:BERS
claim:named_eddy_state:eddy:geography:new-guinea-eddy-region:state:BPLR,,,,,eddy:geography:new-guinea-eddy-region,unresolved,,,named_eddy_state:eddy:geography:new-guinea-eddy-region:state:BPLR,,unknown_no_dated_eddy_footprint,[],,source:7487b9a234864d2d,,new-guinea-eddy-region,state:BPLR
claim:named_eddy_state:eddy:geography:new-guinea-eddy-region:state:BRAZ,,,,,eddy:geography:new-guinea-eddy-region,unresolved,,,named_eddy_state:eddy:geography:new-guinea-eddy-region:state:BRAZ,,unknown_no_dated_eddy_footprint,[],,source:7487b9a234864d2d,,new-guinea-eddy-region,state:BRAZ
claim:named_eddy_state:eddy:geography:new-guinea-eddy-region:state:CAMR,,,,,eddy:geography:new-guinea-eddy-region,unresolved,,,named_eddy_state:eddy:geography:new-guinea-eddy-region:state:CAMR,,unknown_no_dated_eddy_footprint,[],,source:7487b9a234864d2d,,new-guinea-eddy-region,state:CAMR
claim:named_eddy_state:eddy:geography:new-guinea-eddy-region:state:CARB,,,,,eddy:geography:new-guinea-eddy-region,unresolved,,,named_eddy_state:eddy:geography:new-guinea-eddy-region:state:CARB,,unknown_no_dated_eddy_footprint,[],,source:7487b9a234864d2d,,new-guinea-eddy-region,state:CARB
claim:named_eddy_state:eddy:geography:new-guinea-eddy-region:state:CCAL,,,,,eddy:geography:new-guinea-eddy-region,unresolved,,,named_eddy_state:eddy:geography:new-guinea-eddy-region:state:CCAL,,unknown_no_dated_eddy_footprint,[],,source:7487b9a234864d2d,,new-guinea-eddy-region,state:CCAL
claim:named_eddy_state:eddy:geography:new-guinea-eddy-region:state:CHIN,,,,,eddy:geography:new-guinea-eddy-region,unresolved,,,named_eddy_state:eddy:geography:new-guinea-eddy-region:state:CHIN,,unknown_no_dated_eddy_footprint,[],,source:7487b9a234864d2d,,new-guinea-eddy-region,state:CHIN
claim:named_eddy_state:eddy:geography:new-guinea-eddy-region:state:CNRY,,,,,eddy:geography:new-guinea-eddy-region,unresolved,,,named_eddy_state:eddy:geography:new-guinea-eddy-region:state:CNRY,,unknown_no_dated_eddy_footprint,[],,source:7487b9a234864d2d,,new-guinea-eddy-region,state:CNRY
claim:named_eddy_state:eddy:geography:new-guinea-eddy-region:state:EAFR,,,,,eddy:geography:new-guinea-eddy-region,unresolved,,,named_eddy_state:eddy:geography:new-guinea-eddy-region:state:EAFR,,unknown_no_dated_eddy_footprint,[],,source:7487b9a234864d2d,,new-guinea-eddy-region,state:EAFR
claim:named_eddy_state:eddy:geography:new-guinea-eddy-region:state:ETRA,,,,,eddy:geography:new-guinea-eddy-region,unresolved,,,named_eddy_state:eddy:geography:new-guinea-eddy-region:state:ETRA,,unknown_no_dated_eddy_footprint,[],,source:7487b9a234864d2d,,new-guinea-eddy-region,state:ETRA
claim:named_eddy_state:eddy:geography:new-guinea-eddy-region:state:FKLD,,,,,eddy:geography:new-guinea-eddy-region,unresolved,,,named_eddy_state:eddy:geography:new-guinea-eddy-region:state:FKLD,,unknown_no_dated_eddy_footprint,[],,source:7487b9a234864d2d,,new-guinea-eddy-region,state:FKLD
claim:named_eddy_state:eddy:geography:new-guinea-eddy-region:state:GFST,,,,,eddy:geography:new-guinea-eddy-region,unresolved,,,named_eddy_state:eddy:geography:new-guinea-eddy-region:state:GFST,,unknown_no_dated_eddy_footprint,[],,source:7487b9a234864d2d,,new-guinea-eddy-region,state:GFST
claim:named_eddy_state:eddy:geography:new-guinea-eddy-region:state:GUIA,,,,,eddy:geography:new-guinea-eddy-region,unresolved,,,named_eddy_state:eddy:geography:new-guinea-eddy-region:state:GUIA,,unknown_no_dated_eddy_footprint,[],,source:7487b9a234864d2d,,new-guinea-eddy-region,state:GUIA
claim:named_eddy_state:eddy:geography:new-guinea-eddy-region:state:GUIN,,,,,eddy:geography:new-guinea-eddy-region,unresolved,,,named_eddy_state:eddy:geography:new-guinea-eddy-region:state:GUIN,,unknown_no_dated_eddy_footprint,[],,source:7487b9a234864d2d,,new-guinea-eddy-region,state:GUIN
claim:named_eddy_state:eddy:geography:new-guinea-eddy-region:state:HUMB,,,,,eddy:geography:new-guinea-eddy-region,unresolved,,,named_eddy_state:eddy:geography:new-guinea-eddy-region:state:HUMB,,unknown_no_dated_eddy_footprint,[],,source:7487b9a234864d2d,,new-guinea-eddy-region,state:HUMB
claim:named_eddy_state:eddy:geography:new-guinea-eddy-region:state:IND E,,,,,eddy:geography:new-guinea-eddy-region,unresolved,,,named_eddy_state:eddy:geography:new-guinea-eddy-region:state:IND E,,unknown_no_dated_eddy_footprint,[],,source:7487b9a234864d2d,,new-guinea-eddy-region,state:IND E
claim:named_eddy_state:eddy:geography:new-guinea-eddy-region:state:IND W,,,,,eddy:geography:new-guinea-eddy-region,unresolved,,,named_eddy_state:eddy:geography:new-guinea-eddy-region:state:IND W,,unknown_no_dated_eddy_footprint,[],,source:7487b9a234864d2d,,new-guinea-eddy-region,state:IND W
claim:named_eddy_state:eddy:geography:new-guinea-eddy-region:state:ISSG,,,,,eddy:geography:new-guinea-eddy-region,unresolved,,,named_eddy_state:eddy:geography:new-guinea-eddy-region:state:ISSG,,unknown_no_dated_eddy_footprint,[],,source:7487b9a234864d2d,,new-guinea-eddy-region,state:ISSG
claim:named_eddy_state:eddy:geography:new-guinea-eddy-region:state:KURO,,,,,eddy:geography:new-guinea-eddy-region,unresolved,,,named_eddy_state:eddy:geography:new-guinea-eddy-region:state:KURO,,unknown_no_dated_eddy_footprint,[],,source:7487b9a234864d2d,,new-guinea-eddy-region,state:KURO
claim:named_eddy_state:eddy:geography:new-guinea-eddy-region:state:MEDI,,,,,eddy:geography:new-guinea-eddy-region,unresolved,,,named_eddy_state:eddy:geography:new-guinea-eddy-region:state:MEDI,,unknown_no_dated_eddy_footprint,[],,source:7487b9a234864d2d,,new-guinea-eddy-region,state:MEDI
claim:named_eddy_state:eddy:geography:new-guinea-eddy-region:state:MONS,,,,,eddy:geography:new-guinea-eddy-region,unresolved,,,named_eddy_state:eddy:geography:new-guinea-eddy-region:state:MONS,,unknown_no_dated_eddy_footprint,[],,source:7487b9a234864d2d,,new-guinea-eddy-region,state:MONS
claim:named_eddy_state:eddy:geography:new-guinea-eddy-region:state:NADR,,,,,eddy:geography:new-guinea-eddy-region,unresolved,,,named_eddy_state:eddy:geography:new-guinea-eddy-region:state:NADR,,unknown_no_dated_eddy_footprint,[],,source:7487b9a234864d2d,,new-guinea-eddy-region,state:NADR
claim:named_eddy_state:eddy:geography:new-guinea-eddy-region:state:NAST E,,,,,eddy:geography:new-guinea-eddy-region,unresolved,,,named_eddy_state:eddy:geography:new-guinea-eddy-region:state:NAST E,,unknown_no_dated_eddy_footprint,[],,source:7487b9a234864d2d,,new-guinea-eddy-region,state:NAST E
claim:named_eddy_state:eddy:geography:new-guinea-eddy-region:state:NAST W,,,,,eddy:geography:new-guinea-eddy-region,unresolved,,,named_eddy_state:eddy:geography:new-guinea-eddy-region:state:NAST W,,unknown_no_dated_eddy_footprint,[],,source:7487b9a234864d2d,,new-guinea-eddy-region,state:NAST W
claim:named_eddy_state:eddy:geography:new-guinea-eddy-region:state:NATR,,,,,eddy:geography:new-guinea-eddy-region,unresolved,,,named_eddy_state:eddy:geography:new-guinea-eddy-region:state:NATR,,unknown_no_dated_eddy_footprint,[],,source:7487b9a234864d2d,,new-guinea-eddy-region,state:NATR
claim:named_eddy_state:eddy:geography:new-guinea-eddy-region:state:NECS,,,,,eddy:geography:new-guinea-eddy-region,unresolved,,,named_eddy_state:eddy:geography:new-guinea-eddy-region:state:NECS,,unknown_no_dated_eddy_footprint,[],,source:7487b9a234864d2d,,new-guinea-eddy-region,state:NECS
claim:named_eddy_state:eddy:geography:new-guinea-eddy-region:state:NEWZ,,,,,eddy:geography:new-guinea-eddy-region,unresolved,,,named_eddy_state:eddy:geography:new-guinea-eddy-region:state:NEWZ,,unknown_no_dated_eddy_footprint,[],,source:7487b9a234864d2d,,new-guinea-eddy-region,state:NEWZ
claim:named_eddy_state:eddy:geography:new-guinea-eddy-region:state:NPPF,,,,,eddy:geography:new-guinea-eddy-region,unresolved,,,named_eddy_state:eddy:geography:new-guinea-eddy-region:state:NPPF,,unknown_no_dated_eddy_footprint,[],,source:7487b9a234864d2d,,new-guinea-eddy-region,state:NPPF
claim:named_eddy_state:eddy:geography:new-guinea-eddy-region:state:NPSE,,,,,eddy:geography:new-guinea-eddy-region,unresolved,,,named_eddy_state:eddy:geography:new-guinea-eddy-region:state:NPSE,,unknown_no_dated_eddy_footprint,[],,source:7487b9a234864d2d,,new-guinea-eddy-region,state:NPSE
claim:named_eddy_state:eddy:geography:new-guinea-eddy-region:state:NPSW,,,,,eddy:geography:new-guinea-eddy-region,unresolved,,,named_eddy_state:eddy:geography:new-guinea-eddy-region:state:NPSW,,unknown_no_dated_eddy_footprint,[],,source:7487b9a234864d2d,,new-guinea-eddy-region,state:NPSW
claim:named_eddy_state:eddy:geography:new-guinea-eddy-region:state:NPTG,,,,,eddy:geography:new-guinea-eddy-region,unresolved,,,named_eddy_state:eddy:geography:new-guinea-eddy-region:state:NPTG,,unknown_no_dated_eddy_footprint,[],,source:7487b9a234864d2d,,new-guinea-eddy-region,state:NPTG
claim:named_eddy_state:eddy:geography:new-guinea-eddy-region:state:NWCS,,,,,eddy:geography:new-guinea-eddy-region,unresolved,,,named_eddy_state:eddy:geography:new-guinea-eddy-region:state:NWCS,,unknown_no_dated_eddy_footprint,[],,source:7487b9a234864d2d,,new-guinea-eddy-region,state:NWCS
claim:named_eddy_state:eddy:geography:new-guinea-eddy-region:state:OCAL,,,,,eddy:geography:new-guinea-eddy-region,unresolved,,,named_eddy_state:eddy:geography:new-guinea-eddy-region:state:OCAL,,unknown_no_dated_eddy_footprint,[],,source:7487b9a234864d2d,,new-guinea-eddy-region,state:OCAL
claim:named_eddy_state:eddy:geography:new-guinea-eddy-region:state:PEQD,,,,,eddy:geography:new-guinea-eddy-region,unresolved,,,named_eddy_state:eddy:geography:new-guinea-eddy-region:state:PEQD,,unknown_no_dated_eddy_footprint,[],,source:7487b9a234864d2d,,new-guinea-eddy-region,state:PEQD
claim:named_eddy_state:eddy:geography:new-guinea-eddy-region:state:PNEC,,,,,eddy:geography:new-guinea-eddy-region,unresolved,,,named_eddy_state:eddy:geography:new-guinea-eddy-region:state:PNEC,,unknown_no_dated_eddy_footprint,[],,source:7487b9a234864d2d,,new-guinea-eddy-region,state:PNEC
claim:named_eddy_state:eddy:geography:new-guinea-eddy-region:state:PSAE,,,,,eddy:geography:new-guinea-eddy-region,unresolved,,,named_eddy_state:eddy:geography:new-guinea-eddy-region:state:PSAE,,unknown_no_dated_eddy_footprint,[],,source:7487b9a234864d2d,,new-guinea-eddy-region,state:PSAE
claim:named_eddy_state:eddy:geography:new-guinea-eddy-region:state:PSAW,,,,,eddy:geography:new-guinea-eddy-region,unresolved,,,named_eddy_state:eddy:geography:new-guinea-eddy-region:state:PSAW,,unknown_no_dated_eddy_footprint,[],,source:7487b9a234864d2d,,new-guinea-eddy-region,state:PSAW
claim:named_eddy_state:eddy:geography:new-guinea-eddy-region:state:REDS,,,,,eddy:geography:new-guinea-eddy-region,unresolved,,,named_eddy_state:eddy:geography:new-guinea-eddy-region:state:REDS,,unknown_no_dated_eddy_footprint,[],,source:7487b9a234864d2d,,new-guinea-eddy-region,state:REDS
claim:named_eddy_state:eddy:geography:new-guinea-eddy-region:state:SANT,,,,,eddy:geography:new-guinea-eddy-region,unresolved,,,named_eddy_state:eddy:geography:new-guinea-eddy-region:state:SANT,,unknown_no_dated_eddy_footprint,[],,source:7487b9a234864d2d,,new-guinea-eddy-region,state:SANT
claim:named_eddy_state:eddy:geography:new-guinea-eddy-region:state:SARC,,,,,eddy:geography:new-guinea-eddy-region,unresolved,,,named_eddy_state:eddy:geography:new-guinea-eddy-region:state:SARC,,unknown_no_dated_eddy_footprint,[],,source:7487b9a234864d2d,,new-guinea-eddy-region,state:SARC
claim:named_eddy_state:eddy:geography:new-guinea-eddy-region:state:SATL,,,,,eddy:geography:new-guinea-eddy-region,unresolved,,,named_eddy_state:eddy:geography:new-guinea-eddy-region:state:SATL,,unknown_no_dated_eddy_footprint,[],,source:7487b9a234864d2d,,new-guinea-eddy-region,state:SATL
claim:named_eddy_state:eddy:geography:new-guinea-eddy-region:state:SPSG,,,,,eddy:geography:new-guinea-eddy-region,unresolved,,,named_eddy_state:eddy:geography:new-guinea-eddy-region:state:SPSG,,unknown_no_dated_eddy_footprint,[],,source:7487b9a234864d2d,,new-guinea-eddy-region,state:SPSG
claim:named_eddy_state:eddy:geography:new-guinea-eddy-region:state:SSTC,,,,,eddy:geography:new-guinea-eddy-region,unresolved,,,named_eddy_state:eddy:geography:new-guinea-eddy-region:state:SSTC,,unknown_no_dated_eddy_footprint,[],,source:7487b9a234864d2d,,new-guinea-eddy-region,state:SSTC
claim:named_eddy_state:eddy:geography:new-guinea-eddy-region:state:SUND,,,,,eddy:geography:new-guinea-eddy-region,unresolved,,,named_eddy_state:eddy:geography:new-guinea-eddy-region:state:SUND,,unknown_no_dated_eddy_footprint,[],,source:7487b9a234864d2d,,new-guinea-eddy-region,state:SUND
claim:named_eddy_state:eddy:geography:new-guinea-eddy-region:state:TASM,,,,,eddy:geography:new-guinea-eddy-region,unresolved,,,named_eddy_state:eddy:geography:new-guinea-eddy-region:state:TASM,,unknown_no_dated_eddy_footprint,[],,source:7487b9a234864d2d,,new-guinea-eddy-region,state:TASM
claim:named_eddy_state:eddy:geography:new-guinea-eddy-region:state:WARM,,,,,eddy:geography:new-guinea-eddy-region,point_or_region_locator,,,named_eddy_state:eddy:geography:new-guinea-eddy-region:state:WARM,,unknown_no_dated_eddy_footprint,"[""editorial_region""]",,source:7487b9a234864d2d,,new-guinea-eddy-region,state:WARM
claim:named_eddy_state:eddy:geography:new-guinea-eddy-region:state:WTRA,,,,,eddy:geography:new-guinea-eddy-region,unresolved,,,named_eddy_state:eddy:geography:new-guinea-eddy-region:state:WTRA,,unknown_no_dated_eddy_footprint,[],,source:7487b9a234864d2d,,new-guinea-eddy-region,state:WTRA
