time,depth,latitude,longitude,u
UTC,m,degrees_north,degrees_east,m s-1
2013-01-01T00:00:00Z,15.0,12.0,220.0,0.04933122731745243
2013-01-01T00:00:00Z,15.0,11.666666666666671,220.0,-0.039625294506549835
2013-01-01T00:00:00Z,15.0,11.333333333333343,220.0,-0.13438353035598993
2013-01-01T00:00:00Z,15.0,11.0,220.0,-0.2124113542959094
2013-01-01T00:00:00Z,15.0,10.666666666666671,220.0,-0.2841498120687902
2013-01-01T00:00:00Z,15.0,10.333333333333343,220.0,-0.3494945748243481
2013-01-01T00:00:00Z,15.0,10.0,220.0,-0.402217335999012
2013-01-01T00:00:00Z,15.0,9.666666666666671,220.0,-0.4142036377452314
2013-01-01T00:00:00Z,15.0,9.333333333333343,220.0,-0.3580216895788908
2013-01-01T00:00:00Z,15.0,9.0,220.0,-0.2548862723633647
2013-01-01T00:00:00Z,15.0,8.666666666666671,220.0,-0.12988745665643364
2013-01-01T00:00:00Z,15.0,8.333333333333343,220.0,-0.058422191796125844
2013-01-01T00:00:00Z,15.0,8.0,220.0,-0.04508604807779193
2013-01-01T00:00:00Z,15.0,7.666666666666671,220.0,-0.08465912798419595
2013-01-01T00:00:00Z,15.0,7.333333333333343,220.0,-0.07850525109097362
2013-01-01T00:00:00Z,15.0,7.0,220.0,0.009732789127156138
2013-01-01T00:00:00Z,15.0,6.666666666666671,220.0,0.11782598891295493
2013-01-01T00:00:00Z,15.0,6.333333333333343,220.0,0.22490708902478218
2013-01-01T00:00:00Z,15.0,6.0,220.0,0.32624671421945095
2013-01-01T00:00:00Z,15.0,5.666666666666671,220.0,0.4732860515359789
2013-01-01T00:00:00Z,15.0,5.333333333333343,220.0,0.531078377738595
2013-01-01T00:00:00Z,15.0,5.0,220.0,0.5018653329461813
2013-01-01T00:00:00Z,15.0,4.666666666666671,220.0,0.5137283969670534
2013-01-01T00:00:00Z,15.0,4.333333333333343,220.0,0.5191859132610261
2013-01-01T00:00:00Z,15.0,4.0,220.0,0.488895570859313
2013-01-01T00:00:00Z,15.0,3.6666666666666714,220.0,0.4159850003197789
2013-01-01T00:00:00Z,15.0,3.333333333333343,220.0,0.3069984130561352
2013-01-01T00:00:00Z,15.0,3.0,220.0,0.17523566726595163
2013-01-01T00:00:00Z,15.0,2.6666666666666714,220.0,0.03606788720935583
2013-01-01T00:00:00Z,15.0,2.333333333333343,220.0,-0.09614791115745902
2013-01-01T00:00:00Z,15.0,2.0,220.0,-0.20989475981332362
2013-01-01T00:00:00Z,15.0,1.6666666666666714,220.0,-0.29736385866999626
2013-01-01T00:00:00Z,15.0,1.3333333333333428,220.0,-0.35462866351008415
2013-01-01T00:00:00Z,15.0,1.0,220.0,-0.38135010190308094
2013-01-01T00:00:00Z,15.0,0.6666666666666714,220.0,-0.38020116835832596
2013-01-01T00:00:00Z,15.0,0.3333333333333428,220.0,-0.3561597317457199
2013-01-01T00:00:00Z,15.0,0.0,220.0,-0.3157820478081703
2013-01-06T00:00:00Z,15.0,12.0,220.0,0.024253590032458305
2013-01-06T00:00:00Z,15.0,11.666666666666671,220.0,-0.06069100275635719
2013-01-06T00:00:00Z,15.0,11.333333333333343,220.0,-0.14996966905891895
2013-01-06T00:00:00Z,15.0,11.0,220.0,-0.20731553342193365
2013-01-06T00:00:00Z,15.0,10.666666666666671,220.0,-0.25758359767496586
2013-01-06T00:00:00Z,15.0,10.333333333333343,220.0,-0.31382239796221256
2013-01-06T00:00:00Z,15.0,10.0,220.0,-0.35043959226459265
2013-01-06T00:00:00Z,15.0,9.666666666666671,220.0,-0.3461354720639065
2013-01-06T00:00:00Z,15.0,9.333333333333343,220.0,-0.2992923737037927
2013-01-06T00:00:00Z,15.0,9.0,220.0,-0.21708904206752777
2013-01-06T00:00:00Z,15.0,8.666666666666671,220.0,-0.11287897918373346
2013-01-06T00:00:00Z,15.0,8.333333333333343,220.0,-0.08203828474506736
2013-01-06T00:00:00Z,15.0,8.0,220.0,-0.08132515475153923
2013-01-06T00:00:00Z,15.0,7.666666666666671,220.0,-0.04372111242264509
2013-01-06T00:00:00Z,15.0,7.333333333333343,220.0,0.036740261130034924
2013-01-06T00:00:00Z,15.0,7.0,220.0,0.0767501926748082
2013-01-06T00:00:00Z,15.0,6.666666666666671,220.0,0.12197267333976924
2013-01-06T00:00:00Z,15.0,6.333333333333343,220.0,0.255674425046891
2013-01-06T00:00:00Z,15.0,6.0,220.0,0.361250814050436
2013-01-06T00:00:00Z,15.0,5.666666666666671,220.0,0.45445388299413025
2013-01-06T00:00:00Z,15.0,5.333333333333343,220.0,0.5093171633780003
2013-01-06T00:00:00Z,15.0,5.0,220.0,0.5564573593437672
2013-01-06T00:00:00Z,15.0,4.666666666666671,220.0,0.6061939998762682
2013-01-06T00:00:00Z,15.0,4.333333333333343,220.0,0.6140908533707261
2013-01-06T00:00:00Z,15.0,4.0,220.0,0.5636364873498678
2013-01-06T00:00:00Z,15.0,3.6666666666666714,220.0,0.46363234147429466
2013-01-06T00:00:00Z,15.0,3.333333333333343,220.0,0.3335602041333914
2013-01-06T00:00:00Z,15.0,3.0,220.0,0.19440611824393272
2013-01-06T00:00:00Z,15.0,2.6666666666666714,220.0,0.0636013001203537
2013-01-06T00:00:00Z,15.0,2.333333333333343,220.0,-0.04708835110068321
2013-01-06T00:00:00Z,15.0,2.0,220.0,-0.13172030064743012
2013-01-06T00:00:00Z,15.0,1.6666666666666714,220.0,-0.18920579086989164
2013-01-06T00:00:00Z,15.0,1.3333333333333428,220.0,-0.22186550684273243
2013-01-06T00:00:00Z,15.0,1.0,220.0,-0.2339921034872532
2013-01-06T00:00:00Z,15.0,0.6666666666666714,220.0,-0.23072870075702667
2013-01-06T00:00:00Z,15.0,0.3333333333333428,220.0,-0.21740175038576126
2013-01-06T00:00:00Z,15.0,0.0,220.0,-0.19927431643009186
2013-01-11T00:00:00Z,15.0,12.0,220.0,-0.04294957406818867
2013-01-11T00:00:00Z,15.0,11.666666666666671,220.0,-0.09818362817168236
2013-01-11T00:00:00Z,15.0,11.333333333333343,220.0,-0.1598599525168538
2013-01-11T00:00:00Z,15.0,11.0,220.0,-0.20598526671528816
2013-01-11T00:00:00Z,15.0,10.666666666666671,220.0,-0.2508596247062087
2013-01-11T00:00:00Z,15.0,10.333333333333343,220.0,-0.2903213771060109
2013-01-11T00:00:00Z,15.0,10.0,220.0,-0.29375353222712874
2013-01-11T00:00:00Z,15.0,9.666666666666671,220.0,-0.25834465865045786
2013-01-11T00:00:00Z,15.0,9.333333333333343,220.0,-0.20303694682661444
2013-01-11T00:00:00Z,15.0,9.0,220.0,-0.12485950719565153
2013-01-11T00:00:00Z,15.0,8.666666666666671,220.0,-0.024039050564169884
2013-01-11T00:00:00Z,15.0,8.333333333333343,220.0,0.024351079016923904
2013-01-11T00:00:00Z,15.0,8.0,220.0,0.055629923939704895
2013-01-11T00:00:00Z,15.0,7.666666666666671,220.0,0.11834488995373249
2013-01-11T00:00:00Z,15.0,7.333333333333343,220.0,0.21629765909165144
2013-01-11T00:00:00Z,15.0,7.0,220.0,0.25037732953205705
2013-01-11T00:00:00Z,15.0,6.666666666666671,220.0,0.26008012518286705
2013-01-11T00:00:00Z,15.0,6.333333333333343,220.0,0.3452626205980778
2013-01-11T00:00:00Z,15.0,6.0,220.0,0.38192886300385
2013-01-11T00:00:00Z,15.0,5.666666666666671,220.0,0.3972869555000216
2013-01-11T00:00:00Z,15.0,5.333333333333343,220.0,0.41275276569649577
2013-01-11T00:00:00Z,15.0,5.0,220.0,0.4454740481451154
2013-01-11T00:00:00Z,15.0,4.666666666666671,220.0,0.4483881779015064
2013-01-11T00:00:00Z,15.0,4.333333333333343,220.0,0.400701267644763
2013-01-11T00:00:00Z,15.0,4.0,220.0,0.30280744656920433
2013-01-11T00:00:00Z,15.0,3.6666666666666714,220.0,0.1708870716392994
2013-01-11T00:00:00Z,15.0,3.333333333333343,220.0,0.025824373587965965
2013-01-11T00:00:00Z,15.0,3.0,220.0,-0.11337260156869888
2013-01-11T00:00:00Z,15.0,2.6666666666666714,220.0,-0.23281358741223812
2013-01-11T00:00:00Z,15.0,2.333333333333343,220.0,-0.32463857159018517
2013-01-11T00:00:00Z,15.0,2.0,220.0,-0.38645596787682734
2013-01-11T00:00:00Z,15.0,1.6666666666666714,220.0,-0.4200074365362525
2013-01-11T00:00:00Z,15.0,1.3333333333333428,220.0,-0.4296057429164648
2013-01-11T00:00:00Z,15.0,1.0,220.0,-0.42073768749833107
2013-01-11T00:00:00Z,15.0,0.6666666666666714,220.0,-0.3990700729191303
2013-01-11T00:00:00Z,15.0,0.3333333333333428,220.0,-0.3699420690536499
2013-01-11T00:00:00Z,15.0,0.0,220.0,-0.3382735550403595
2013-01-16T00:00:00Z,15.0,12.0,220.0,-0.11455101125284273
2013-01-16T00:00:00Z,15.0,11.666666666666671,220.0,-0.09820358641445637
2013-01-16T00:00:00Z,15.0,11.333333333333343,220.0,-0.10632253345102072
2013-01-16T00:00:00Z,15.0,11.0,220.0,-0.1572349197231233
2013-01-16T00:00:00Z,15.0,10.666666666666671,220.0,-0.22344991052523255
2013-01-16T00:00:00Z,15.0,10.333333333333343,220.0,-0.2451787767931819
2013-01-16T00:00:00Z,15.0,10.0,220.0,-0.20817821007221937
2013-01-16T00:00:00Z,15.0,9.666666666666671,220.0,-0.14081424428150058
2013-01-16T00:00:00Z,15.0,9.333333333333343,220.0,-0.057100968435406685
2013-01-16T00:00:00Z,15.0,9.0,220.0,0.045362391509115696
2013-01-16T00:00:00Z,15.0,8.666666666666671,220.0,0.1892601177096367
2013-01-16T00:00:00Z,15.0,8.333333333333343,220.0,0.367616880685091
2013-01-16T00:00:00Z,15.0,8.0,220.0,0.4876908175647259
2013-01-16T00:00:00Z,15.0,7.666666666666671,220.0,0.452508551068604
2013-01-16T00:00:00Z,15.0,7.333333333333343,220.0,0.42917723092250526
2013-01-16T00:00:00Z,15.0,7.0,220.0,0.4904809035360813
2013-01-16T00:00:00Z,15.0,6.666666666666671,220.0,0.49490642361342907
2013-01-16T00:00:00Z,15.0,6.333333333333343,220.0,0.39166076481342316
2013-01-16T00:00:00Z,15.0,6.0,220.0,0.24493254907429218
2013-01-16T00:00:00Z,15.0,5.666666666666671,220.0,0.1987896878272295
2013-01-16T00:00:00Z,15.0,5.333333333333343,220.0,0.14101667376235127
2013-01-16T00:00:00Z,15.0,5.0,220.0,0.007844393840059638
2013-01-16T00:00:00Z,15.0,4.666666666666671,220.0,-0.1390546135371551
2013-01-16T00:00:00Z,15.0,4.333333333333343,220.0,-0.28607704397290945
2013-01-16T00:00:00Z,15.0,4.0,220.0,-0.42607345432043076
2013-01-16T00:00:00Z,15.0,3.6666666666666714,220.0,-0.5571749312803149
2013-01-16T00:00:00Z,15.0,3.333333333333343,220.0,-0.6787712275981903
2013-01-16T00:00:00Z,15.0,3.0,220.0,-0.7894895263016224
2013-01-16T00:00:00Z,15.0,2.6666666666666714,220.0,-0.8865829035639763
2013-01-16T00:00:00Z,15.0,2.333333333333343,220.0,-0.9662202727049589
2013-01-16T00:00:00Z,15.0,2.0,220.0,-1.024257111363113
2013-01-16T00:00:00Z,15.0,1.6666666666666714,220.0,-1.0571476314216852
2013-01-16T00:00:00Z,15.0,1.3333333333333428,220.0,-1.0627471804618835
2013-01-16T00:00:00Z,15.0,1.0,220.0,-1.040835201740265
2013-01-16T00:00:00Z,15.0,0.6666666666666714,220.0,-0.9932776838541031
2013-01-16T00:00:00Z,15.0,0.3333333333333428,220.0,-0.9238275438547134
2013-01-16T00:00:00Z,15.0,0.0,220.0,-0.8376524597406387
2013-01-21T00:00:00Z,15.0,12.0,220.0,-0.1373074036091566
2013-01-21T00:00:00Z,15.0,11.666666666666671,220.0,-0.10445739096030593
2013-01-21T00:00:00Z,15.0,11.333333333333343,220.0,-0.09923065220937133
2013-01-21T00:00:00Z,15.0,11.0,220.0,-0.13427738356404006
2013-01-21T00:00:00Z,15.0,10.666666666666671,220.0,-0.17475691833533347
2013-01-21T00:00:00Z,15.0,10.333333333333343,220.0,-0.17240373743698
2013-01-21T00:00:00Z,15.0,10.0,220.0,-0.1353921601548791
2013-01-21T00:00:00Z,15.0,9.666666666666671,220.0,-0.09587467834353447
2013-01-21T00:00:00Z,15.0,9.333333333333343,220.0,-0.04460166208446026
2013-01-21T00:00:00Z,15.0,9.0,220.0,0.04735533241182566
2013-01-21T00:00:00Z,15.0,8.666666666666671,220.0,0.17955790646374226
2013-01-21T00:00:00Z,15.0,8.333333333333343,220.0,0.3119099661707878
2013-01-21T00:00:00Z,15.0,8.0,220.0,0.43965865997597575
2013-01-21T00:00:00Z,15.0,7.666666666666671,220.0,0.5254737378563732
2013-01-21T00:00:00Z,15.0,7.333333333333343,220.0,0.5848357686772943
2013-01-21T00:00:00Z,15.0,7.0,220.0,0.5989171122200787
2013-01-21T00:00:00Z,15.0,6.666666666666671,220.0,0.5521201370283961
2013-01-21T00:00:00Z,15.0,6.333333333333343,220.0,0.4883655277080834
2013-01-21T00:00:00Z,15.0,6.0,220.0,0.37370546348392963
2013-01-21T00:00:00Z,15.0,5.666666666666671,220.0,0.25958877615630627
2013-01-21T00:00:00Z,15.0,5.333333333333343,220.0,0.13528927136212587
2013-01-21T00:00:00Z,15.0,5.0,220.0,0.016340331843821332
2013-01-21T00:00:00Z,15.0,4.666666666666671,220.0,-0.117856006603688
2013-01-21T00:00:00Z,15.0,4.333333333333343,220.0,-0.26883065002039075
2013-01-21T00:00:00Z,15.0,4.0,220.0,-0.42898830818012357
2013-01-21T00:00:00Z,15.0,3.6666666666666714,220.0,-0.5858257845393382
2013-01-21T00:00:00Z,15.0,3.333333333333343,220.0,-0.7267185319215059
2013-01-21T00:00:00Z,15.0,3.0,220.0,-0.8416386675089598
2013-01-21T00:00:00Z,15.0,2.6666666666666714,220.0,-0.9243492558598518
2013-01-21T00:00:00Z,15.0,2.333333333333343,220.0,-0.9725434891879559
2013-01-21T00:00:00Z,15.0,2.0,220.0,-0.9873287305235863
2013-01-21T00:00:00Z,15.0,1.6666666666666714,220.0,-0.972378421574831
2013-01-21T00:00:00Z,15.0,1.3333333333333428,220.0,-0.9330057613551617
2013-01-21T00:00:00Z,15.0,1.0,220.0,-0.875337228178978
2013-01-21T00:00:00Z,15.0,0.6666666666666714,220.0,-0.8056932017207146
2013-01-21T00:00:00Z,15.0,0.3333333333333428,220.0,-0.7302092239260674
2013-01-21T00:00:00Z,15.0,0.0,220.0,-0.6546588391065598
2013-01-26T00:00:00Z,15.0,12.0,220.0,-0.17614557687193155
2013-01-26T00:00:00Z,15.0,11.666666666666671,220.0,-0.154628814663738
2013-01-26T00:00:00Z,15.0,11.333333333333343,220.0,-0.14452338512637652
2013-01-26T00:00:00Z,15.0,11.0,220.0,-0.15501577919349074
2013-01-26T00:00:00Z,15.0,10.666666666666671,220.0,-0.16983914165757596
2013-01-26T00:00:00Z,15.0,10.333333333333343,220.0,-0.16192493750713766
2013-01-26T00:00:00Z,15.0,10.0,220.0,-0.14344778330996633
2013-01-26T00:00:00Z,15.0,9.666666666666671,220.0,-0.13757459819316864
2013-01-26T00:00:00Z,15.0,9.333333333333343,220.0,-0.12648335099220276
2013-01-26T00:00:00Z,15.0,9.0,220.0,-0.08029822818934917
2013-01-26T00:00:00Z,15.0,8.666666666666671,220.0,0.003996328916400671
2013-01-26T00:00:00Z,15.0,8.333333333333343,220.0,0.10309731680899858
2013-01-26T00:00:00Z,15.0,8.0,220.0,0.2301077302545309
2013-01-26T00:00:00Z,15.0,7.666666666666671,220.0,0.341415676753968
2013-01-26T00:00:00Z,15.0,7.333333333333343,220.0,0.4171855030581355
2013-01-26T00:00:00Z,15.0,7.0,220.0,0.4343580170534551
2013-01-26T00:00:00Z,15.0,6.666666666666671,220.0,0.4096113024279475
2013-01-26T00:00:00Z,15.0,6.333333333333343,220.0,0.40481856698170304
2013-01-26T00:00:00Z,15.0,6.0,220.0,0.3499821871519089
2013-01-26T00:00:00Z,15.0,5.666666666666671,220.0,0.26956439577043056
2013-01-26T00:00:00Z,15.0,5.333333333333343,220.0,0.19398631202057004
2013-01-26T00:00:00Z,15.0,5.0,220.0,0.15895017981529236
2013-01-26T00:00:00Z,15.0,4.666666666666671,220.0,0.09760022396221757
2013-01-26T00:00:00Z,15.0,4.333333333333343,220.0,-0.006299631961155683
2013-01-26T00:00:00Z,15.0,4.0,220.0,-0.15010497020557523
2013-01-26T00:00:00Z,15.0,3.6666666666666714,220.0,-0.31747278943657875
2013-01-26T00:00:00Z,15.0,3.333333333333343,220.0,-0.48814767226576805
2013-01-26T00:00:00Z,15.0,3.0,220.0,-0.6438213046640158
2013-01-26T00:00:00Z,15.0,2.6666666666666714,220.0,-0.7710670046508312
2013-01-26T00:00:00Z,15.0,2.333333333333343,220.0,-0.8622190617024899
2013-01-26T00:00:00Z,15.0,2.0,220.0,-0.914936363697052
2013-01-26T00:00:00Z,15.0,1.6666666666666714,220.0,-0.931055523455143
2013-01-26T00:00:00Z,15.0,1.3333333333333428,220.0,-0.9152094796299934
2013-01-26T00:00:00Z,15.0,1.0,220.0,-0.8735535964369774
2013-01-26T00:00:00Z,15.0,0.6666666666666714,220.0,-0.812812089920044
2013-01-26T00:00:00Z,15.0,0.3333333333333428,220.0,-0.7397227808833122
2013-01-26T00:00:00Z,15.0,0.0,220.0,-0.6608290821313858
2013-01-31T00:00:00Z,15.0,12.0,220.0,-0.1560334083624184
2013-01-31T00:00:00Z,15.0,11.666666666666671,220.0,-0.1568863150823745
2013-01-31T00:00:00Z,15.0,11.333333333333343,220.0,-0.14864539448171854
2013-01-31T00:00:00Z,15.0,11.0,220.0,-0.1359984097070992
2013-01-31T00:00:00Z,15.0,10.666666666666671,220.0,-0.12681024451740086
2013-01-31T00:00:00Z,15.0,10.333333333333343,220.0,-0.12042804277734831
2013-01-31T00:00:00Z,15.0,10.0,220.0,-0.12515443423762918
2013-01-31T00:00:00Z,15.0,9.666666666666671,220.0,-0.14759593177586794
2013-01-31T00:00:00Z,15.0,9.333333333333343,220.0,-0.17104300018399954
2013-01-31T00:00:00Z,15.0,9.0,220.0,-0.17896019387990236
2013-01-31T00:00:00Z,15.0,8.666666666666671,220.0,-0.14705789322033525
2013-01-31T00:00:00Z,15.0,8.333333333333343,220.0,-0.061910050571896136
2013-01-31T00:00:00Z,15.0,8.0,220.0,0.06142227444797754
2013-01-31T00:00:00Z,15.0,7.666666666666671,220.0,0.13649668544530869
2013-01-31T00:00:00Z,15.0,7.333333333333343,220.0,0.1881045950576663
2013-01-31T00:00:00Z,15.0,7.0,220.0,0.23303269129246473
2013-01-31T00:00:00Z,15.0,6.666666666666671,220.0,0.2581783039495349
2013-01-31T00:00:00Z,15.0,6.333333333333343,220.0,0.2927343090996146
2013-01-31T00:00:00Z,15.0,6.0,220.0,0.2732542837038636
2013-01-31T00:00:00Z,15.0,5.666666666666671,220.0,0.2566075134091079
2013-01-31T00:00:00Z,15.0,5.333333333333343,220.0,0.2753739017061889
2013-01-31T00:00:00Z,15.0,5.0,220.0,0.3449919547419995
2013-01-31T00:00:00Z,15.0,4.666666666666671,220.0,0.37444273428991437
2013-01-31T00:00:00Z,15.0,4.333333333333343,220.0,0.33864910155534744
2013-01-31T00:00:00Z,15.0,4.0,220.0,0.2343740426003933
2013-01-31T00:00:00Z,15.0,3.6666666666666714,220.0,0.07671131938695908
2013-01-31T00:00:00Z,15.0,3.333333333333343,220.0,-0.11180051043629646
2013-01-31T00:00:00Z,15.0,3.0,220.0,-0.30811238661408424
2013-01-31T00:00:00Z,15.0,2.6666666666666714,220.0,-0.49259352684020996
2013-01-31T00:00:00Z,15.0,2.333333333333343,220.0,-0.6507818177342415
2013-01-31T00:00:00Z,15.0,2.0,220.0,-0.7736636996269226
2013-01-31T00:00:00Z,15.0,1.6666666666666714,220.0,-0.85707226395607
2013-01-31T00:00:00Z,15.0,1.3333333333333428,220.0,-0.9006731957197189
2013-01-31T00:00:00Z,15.0,1.0,220.0,-0.9068892896175385
2013-01-31T00:00:00Z,15.0,0.6666666666666714,220.0,-0.8799949884414673
2013-01-31T00:00:00Z,15.0,0.3333333333333428,220.0,-0.8254917785525322
2013-01-31T00:00:00Z,15.0,0.0,220.0,-0.7497601211071014
2013-02-05T00:00:00Z,15.0,12.0,220.0,-0.14441423390962882
2013-02-05T00:00:00Z,15.0,11.666666666666671,220.0,-0.07777564926072955
2013-02-05T00:00:00Z,15.0,11.333333333333343,220.0,-0.03714297759142937
2013-02-05T00:00:00Z,15.0,11.0,220.0,-0.05822039053600747
2013-02-05T00:00:00Z,15.0,10.666666666666671,220.0,-0.11804936302360147
2013-02-05T00:00:00Z,15.0,10.333333333333343,220.0,-0.16099971396033652
2013-02-05T00:00:00Z,15.0,10.0,220.0,-0.18562117347028106
2013-02-05T00:00:00Z,15.0,9.666666666666671,220.0,-0.2089570271782577
2013-02-05T00:00:00Z,15.0,9.333333333333343,220.0,-0.223251068033278
2013-02-05T00:00:00Z,15.0,9.0,220.0,-0.23423889325931668
2013-02-05T00:00:00Z,15.0,8.666666666666671,220.0,-0.2692047192249447
2013-02-05T00:00:00Z,15.0,8.333333333333343,220.0,-0.33684270665980875
2013-02-05T00:00:00Z,15.0,8.0,220.0,-0.34062738809734583
2013-02-05T00:00:00Z,15.0,7.666666666666671,220.0,-0.27249634452164173
2013-02-05T00:00:00Z,15.0,7.333333333333343,220.0,-0.16724936198443174
2013-02-05T00:00:00Z,15.0,7.0,220.0,-0.029848970472812653
2013-02-05T00:00:00Z,15.0,6.666666666666671,220.0,0.1260023284703493
2013-02-05T00:00:00Z,15.0,6.333333333333343,220.0,0.28962015826255083
2013-02-05T00:00:00Z,15.0,6.0,220.0,0.3562583797611296
2013-02-05T00:00:00Z,15.0,5.666666666666671,220.0,0.3631669105961919
2013-02-05T00:00:00Z,15.0,5.333333333333343,220.0,0.39857623167335987
2013-02-05T00:00:00Z,15.0,5.0,220.0,0.5418823468498886
2013-02-05T00:00:00Z,15.0,4.666666666666671,220.0,0.6149229649454355
2013-02-05T00:00:00Z,15.0,4.333333333333343,220.0,0.6271138191223145
2013-02-05T00:00:00Z,15.0,4.0,220.0,0.59130176063627
2013-02-05T00:00:00Z,15.0,3.6666666666666714,220.0,0.520278291311115
2013-02-05T00:00:00Z,15.0,3.333333333333343,220.0,0.42546457052230835
2013-02-05T00:00:00Z,15.0,3.0,220.0,0.31631951220333576
2013-02-05T00:00:00Z,15.0,2.6666666666666714,220.0,0.2002531075850129
2013-02-05T00:00:00Z,15.0,2.333333333333343,220.0,0.08285682089626789
2013-02-05T00:00:00Z,15.0,2.0,220.0,-0.031703416258096695
2013-02-05T00:00:00Z,15.0,1.6666666666666714,220.0,-0.14025582373142242
2013-02-05T00:00:00Z,15.0,1.3333333333333428,220.0,-0.24024423956871033
2013-02-05T00:00:00Z,15.0,1.0,220.0,-0.3294623829424381
2013-02-05T00:00:00Z,15.0,0.6666666666666714,220.0,-0.40592947229743004
2013-02-05T00:00:00Z,15.0,0.3333333333333428,220.0,-0.46790261566638947
2013-02-05T00:00:00Z,15.0,0.0,220.0,-0.5139912888407707
2013-02-10T00:00:00Z,15.0,12.0,220.0,-0.14688048046082258
2013-02-10T00:00:00Z,15.0,11.666666666666671,220.0,-0.0910053962143138
2013-02-10T00:00:00Z,15.0,11.333333333333343,220.0,-0.06283470313064754
2013-02-10T00:00:00Z,15.0,11.0,220.0,-0.09489808464422822
2013-02-10T00:00:00Z,15.0,10.666666666666671,220.0,-0.16491992305964231
2013-02-10T00:00:00Z,15.0,10.333333333333343,220.0,-0.2282809999305755
2013-02-10T00:00:00Z,15.0,10.0,220.0,-0.269494307693094
2013-02-10T00:00:00Z,15.0,9.666666666666671,220.0,-0.2872145026922226
2013-02-10T00:00:00Z,15.0,9.333333333333343,220.0,-0.2874915096908808
2013-02-10T00:00:00Z,15.0,9.0,220.0,-0.2838871758431196
2013-02-10T00:00:00Z,15.0,8.666666666666671,220.0,-0.30130268074572086
2013-02-10T00:00:00Z,15.0,8.333333333333343,220.0,-0.3539328798651695
2013-02-10T00:00:00Z,15.0,8.0,220.0,-0.3405419960618019
2013-02-10T00:00:00Z,15.0,7.666666666666671,220.0,-0.2376635419204831
2013-02-10T00:00:00Z,15.0,7.333333333333343,220.0,-0.09141254890710115
2013-02-10T00:00:00Z,15.0,7.0,220.0,0.04370662942528725
2013-02-10T00:00:00Z,15.0,6.666666666666671,220.0,0.1246198695152998
2013-02-10T00:00:00Z,15.0,6.333333333333343,220.0,0.2063982468098402
2013-02-10T00:00:00Z,15.0,6.0,220.0,0.28563855215907097
2013-02-10T00:00:00Z,15.0,5.666666666666671,220.0,0.3808804200962186
2013-02-10T00:00:00Z,15.0,5.333333333333343,220.0,0.4503935566172004
2013-02-10T00:00:00Z,15.0,5.0,220.0,0.5125616248697042
2013-02-10T00:00:00Z,15.0,4.666666666666671,220.0,0.49708016589283943
2013-02-10T00:00:00Z,15.0,4.333333333333343,220.0,0.4455551356077194
2013-02-10T00:00:00Z,15.0,4.0,220.0,0.3833944573998451
2013-02-10T00:00:00Z,15.0,3.6666666666666714,220.0,0.31870525795966387
2013-02-10T00:00:00Z,15.0,3.333333333333343,220.0,0.2515816278755665
2013-02-10T00:00:00Z,15.0,3.0,220.0,0.17982765496708453
2013-02-10T00:00:00Z,15.0,2.6666666666666714,220.0,0.10202022176235914
2013-02-10T00:00:00Z,15.0,2.333333333333343,220.0,0.01869825931498781
2013-02-10T00:00:00Z,15.0,2.0,220.0,-0.06765379663556814
2013-02-10T00:00:00Z,15.0,1.6666666666666714,220.0,-0.15327883418649435
2013-02-10T00:00:00Z,15.0,1.3333333333333428,220.0,-0.23404556512832642
2013-02-10T00:00:00Z,15.0,1.0,220.0,-0.3062598705291748
2013-02-10T00:00:00Z,15.0,0.6666666666666714,220.0,-0.36719560995697975
2013-02-10T00:00:00Z,15.0,0.3333333333333428,220.0,-0.4152694344520569
2013-02-10T00:00:00Z,15.0,0.0,220.0,-0.449902281165123
2013-02-15T00:00:00Z,15.0,12.0,220.0,-0.12708866083994508
2013-02-15T00:00:00Z,15.0,11.666666666666671,220.0,-0.1084196544252336
2013-02-15T00:00:00Z,15.0,11.333333333333343,220.0,-0.11416487488895655
2013-02-15T00:00:00Z,15.0,11.0,220.0,-0.16013956256210804
2013-02-15T00:00:00Z,15.0,10.666666666666671,220.0,-0.23142738454043865
2013-02-15T00:00:00Z,15.0,10.333333333333343,220.0,-0.30258413311094046
2013-02-15T00:00:00Z,15.0,10.0,220.0,-0.35068452823907137
2013-02-15T00:00:00Z,15.0,9.666666666666671,220.0,-0.3567735403776169
2013-02-15T00:00:00Z,15.0,9.333333333333343,220.0,-0.3277421463280916
2013-02-15T00:00:00Z,15.0,9.0,220.0,-0.28452785685658455
2013-02-15T00:00:00Z,15.0,8.666666666666671,220.0,-0.2486597541719675
2013-02-15T00:00:00Z,15.0,8.333333333333343,220.0,-0.23370244912803173
2013-02-15T00:00:00Z,15.0,8.0,220.0,-0.17315110098570585
2013-02-15T00:00:00Z,15.0,7.666666666666671,220.0,-0.08515346981585026
2013-02-15T00:00:00Z,15.0,7.333333333333343,220.0,0.037013910710811615
2013-02-15T00:00:00Z,15.0,7.0,220.0,0.1797744333744049
2013-02-15T00:00:00Z,15.0,6.666666666666671,220.0,0.22382410243153572
2013-02-15T00:00:00Z,15.0,6.333333333333343,220.0,0.19942550687119365
2013-02-15T00:00:00Z,15.0,6.0,220.0,0.2218841330613941
2013-02-15T00:00:00Z,15.0,5.666666666666671,220.0,0.3353137350641191
2013-02-15T00:00:00Z,15.0,5.333333333333343,220.0,0.393989433941897
2013-02-15T00:00:00Z,15.0,5.0,220.0,0.3684723237529397
2013-02-15T00:00:00Z,15.0,4.666666666666671,220.0,0.2970068659633398
2013-02-15T00:00:00Z,15.0,4.333333333333343,220.0,0.22636031731963158
2013-02-15T00:00:00Z,15.0,4.0,220.0,0.17888581193983555
2013-02-15T00:00:00Z,15.0,3.6666666666666714,220.0,0.15417108219116926
2013-02-15T00:00:00Z,15.0,3.333333333333343,220.0,0.14250624971464276
2013-02-15T00:00:00Z,15.0,3.0,220.0,0.13298188131921052
2013-02-15T00:00:00Z,15.0,2.6666666666666714,220.0,0.11761147296056151
2013-02-15T00:00:00Z,15.0,2.333333333333343,220.0,0.09268747374881059
2013-02-15T00:00:00Z,15.0,2.0,220.0,0.05839452310465276
2013-02-15T00:00:00Z,15.0,1.6666666666666714,220.0,0.017518175765872
2013-02-15T00:00:00Z,15.0,1.3333333333333428,220.0,-0.026097865775227547
2013-02-15T00:00:00Z,15.0,1.0,220.0,-0.06887853145599365
2013-02-15T00:00:00Z,15.0,0.6666666666666714,220.0,-0.10834582522511482
2013-02-15T00:00:00Z,15.0,0.3333333333333428,220.0,-0.14335209876298904
2013-02-15T00:00:00Z,15.0,0.0,220.0,-0.17380651831626892
2013-02-20T00:00:00Z,15.0,12.0,220.0,-0.08567044511437416
2013-02-20T00:00:00Z,15.0,11.666666666666671,220.0,-0.13390081748366356
2013-02-20T00:00:00Z,15.0,11.333333333333343,220.0,-0.19938490074127913
2013-02-20T00:00:00Z,15.0,11.0,220.0,-0.264786365441978
2013-02-20T00:00:00Z,15.0,10.666666666666671,220.0,-0.32651285734027624
2013-02-20T00:00:00Z,15.0,10.333333333333343,220.0,-0.37420716509222984
2013-02-20T00:00:00Z,15.0,10.0,220.0,-0.398966945707798
2013-02-20T00:00:00Z,15.0,9.666666666666671,220.0,-0.3848373871296644
2013-02-20T00:00:00Z,15.0,9.333333333333343,220.0,-0.32449364103376865
2013-02-20T00:00:00Z,15.0,9.0,220.0,-0.23363578412681818
2013-02-20T00:00:00Z,15.0,8.666666666666671,220.0,-0.11174350487999618
2013-02-20T00:00:00Z,15.0,8.333333333333343,220.0,0.035330431535840034
2013-02-20T00:00:00Z,15.0,8.0,220.0,0.1730035087093711
2013-02-20T00:00:00Z,15.0,7.666666666666671,220.0,0.19626661017537117
2013-02-20T00:00:00Z,15.0,7.333333333333343,220.0,0.21979879587888718
2013-02-20T00:00:00Z,15.0,7.0,220.0,0.36309649609029293
2013-02-20T00:00:00Z,15.0,6.666666666666671,220.0,0.42351714335381985
2013-02-20T00:00:00Z,15.0,6.333333333333343,220.0,0.2828485853970051
2013-02-20T00:00:00Z,15.0,6.0,220.0,0.12240671552717686
2013-02-20T00:00:00Z,15.0,5.666666666666671,220.0,0.09804704086855054
2013-02-20T00:00:00Z,15.0,5.333333333333343,220.0,0.07616961153689772
2013-02-20T00:00:00Z,15.0,5.0,220.0,0.023993218317627907
2013-02-20T00:00:00Z,15.0,4.666666666666671,220.0,0.007665818557143211
2013-02-20T00:00:00Z,15.0,4.333333333333343,220.0,0.02891103271394968
2013-02-20T00:00:00Z,15.0,4.0,220.0,0.08119538426399231
2013-02-20T00:00:00Z,15.0,3.6666666666666714,220.0,0.15319584123790264
2013-02-20T00:00:00Z,15.0,3.333333333333343,220.0,0.23291452787816525
2013-02-20T00:00:00Z,15.0,3.0,220.0,0.3100145971402526
2013-02-20T00:00:00Z,15.0,2.6666666666666714,220.0,0.3768555223941803
2013-02-20T00:00:00Z,15.0,2.333333333333343,220.0,0.42864104360342026
2013-02-20T00:00:00Z,15.0,2.0,220.0,0.4630279913544655
2013-02-20T00:00:00Z,15.0,1.6666666666666714,220.0,0.47947990521788597
2013-02-20T00:00:00Z,15.0,1.3333333333333428,220.0,0.47858311980962753
2013-02-20T00:00:00Z,15.0,1.0,220.0,0.4614799953997135
2013-02-20T00:00:00Z,15.0,0.6666666666666714,220.0,0.42950695753097534
2013-02-20T00:00:00Z,15.0,0.3333333333333428,220.0,0.38406211882829666
2013-02-20T00:00:00Z,15.0,0.0,220.0,0.32666055113077164
2013-02-25T00:00:00Z,15.0,12.0,220.0,-0.10927142994478345
2013-02-25T00:00:00Z,15.0,11.666666666666671,220.0,-0.1415677461773157
2013-02-25T00:00:00Z,15.0,11.333333333333343,220.0,-0.20985287055373192
2013-02-25T00:00:00Z,15.0,11.0,220.0,-0.2827682625502348
2013-02-25T00:00:00Z,15.0,10.666666666666671,220.0,-0.3425751067698002
2013-02-25T00:00:00Z,15.0,10.333333333333343,220.0,-0.37847940996289253
2013-02-25T00:00:00Z,15.0,10.0,220.0,-0.37558570597320795
2013-02-25T00:00:00Z,15.0,9.666666666666671,220.0,-0.3334106635302305
2013-02-25T00:00:00Z,15.0,9.333333333333343,220.0,-0.27653000596910715
2013-02-25T00:00:00Z,15.0,9.0,220.0,-0.20370842143893242
2013-02-25T00:00:00Z,15.0,8.666666666666671,220.0,-0.0878576822578907
2013-02-25T00:00:00Z,15.0,8.333333333333343,220.0,0.07031681668013334
2013-02-25T00:00:00Z,15.0,8.0,220.0,0.257389510050416
2013-02-25T00:00:00Z,15.0,7.666666666666671,220.0,0.35103818448260427
2013-02-25T00:00:00Z,15.0,7.333333333333343,220.0,0.3747199149802327
2013-02-25T00:00:00Z,15.0,7.0,220.0,0.3739822143688798
2013-02-25T00:00:00Z,15.0,6.666666666666671,220.0,0.3648512442596257
2013-02-25T00:00:00Z,15.0,6.333333333333343,220.0,0.37538325414061546
2013-02-25T00:00:00Z,15.0,6.0,220.0,0.36546800658106804
2013-02-25T00:00:00Z,15.0,5.666666666666671,220.0,0.34581627789884806
2013-02-25T00:00:00Z,15.0,5.333333333333343,220.0,0.2554576781403739
2013-02-25T00:00:00Z,15.0,5.0,220.0,0.12299069575965405
2013-02-25T00:00:00Z,15.0,4.666666666666671,220.0,0.03224970959126949
2013-02-25T00:00:00Z,15.0,4.333333333333343,220.0,-0.029797200113534927
2013-02-25T00:00:00Z,15.0,4.0,220.0,-0.0763069000095129
2013-02-25T00:00:00Z,15.0,3.6666666666666714,220.0,-0.11683355458080769
2013-02-25T00:00:00Z,15.0,3.333333333333343,220.0,-0.15719384886324406
2013-02-25T00:00:00Z,15.0,3.0,220.0,-0.19985349103808403
2013-02-25T00:00:00Z,15.0,2.6666666666666714,220.0,-0.24463091604411602
2013-02-25T00:00:00Z,15.0,2.333333333333343,220.0,-0.28954671509563923
2013-02-25T00:00:00Z,15.0,2.0,220.0,-0.3316804766654968
2013-02-25T00:00:00Z,15.0,1.6666666666666714,220.0,-0.3679293915629387
2013-02-25T00:00:00Z,15.0,1.3333333333333428,220.0,-0.3955965153872967
2013-02-25T00:00:00Z,15.0,1.0,220.0,-0.4127686694264412
2013-02-25T00:00:00Z,15.0,0.6666666666666714,220.0,-0.41847773641347885
2013-02-25T00:00:00Z,15.0,0.3333333333333428,220.0,-0.4126713126897812
2013-02-25T00:00:00Z,15.0,0.0,220.0,-0.3960525020956993
2013-03-02T00:00:00Z,15.0,12.0,220.0,-0.10126789100468159
2013-03-02T00:00:00Z,15.0,11.666666666666671,220.0,-0.11988752707839012
2013-03-02T00:00:00Z,15.0,11.333333333333343,220.0,-0.17667647451162338
2013-03-02T00:00:00Z,15.0,11.0,220.0,-0.25290455110371113
2013-03-02T00:00:00Z,15.0,10.666666666666671,220.0,-0.32133801374584436
2013-03-02T00:00:00Z,15.0,10.333333333333343,220.0,-0.35051827784627676
2013-03-02T00:00:00Z,15.0,10.0,220.0,-0.3232818339020014
2013-03-02T00:00:00Z,15.0,9.666666666666671,220.0,-0.2604040717706084
2013-03-02T00:00:00Z,15.0,9.333333333333343,220.0,-0.21469811629503965
2013-03-02T00:00:00Z,15.0,9.0,220.0,-0.18456480093300343
2013-03-02T00:00:00Z,15.0,8.666666666666671,220.0,-0.11494260560721159
2013-03-02T00:00:00Z,15.0,8.333333333333343,220.0,0.03301386348903179
2013-03-02T00:00:00Z,15.0,8.0,220.0,0.23569419141858816
2013-03-02T00:00:00Z,15.0,7.666666666666671,220.0,0.3438695623772219
2013-03-02T00:00:00Z,15.0,7.333333333333343,220.0,0.3883496313355863
2013-03-02T00:00:00Z,15.0,7.0,220.0,0.4045055606402457
2013-03-02T00:00:00Z,15.0,6.666666666666671,220.0,0.35660603013820946
2013-03-02T00:00:00Z,15.0,6.333333333333343,220.0,0.30108889378607273
2013-03-02T00:00:00Z,15.0,6.0,220.0,0.20723169296979904
2013-03-02T00:00:00Z,15.0,5.666666666666671,220.0,0.11287710908800364
2013-03-02T00:00:00Z,15.0,5.333333333333343,220.0,0.022392433369532228
2013-03-02T00:00:00Z,15.0,5.0,220.0,-0.009567704051733017
2013-03-02T00:00:00Z,15.0,4.666666666666671,220.0,0.01200875360518694
2013-03-02T00:00:00Z,15.0,4.333333333333343,220.0,0.02441747672855854
2013-03-02T00:00:00Z,15.0,4.0,220.0,-0.007759193715173751
2013-03-02T00:00:00Z,15.0,3.6666666666666714,220.0,-0.08973345602862537
2013-03-02T00:00:00Z,15.0,3.333333333333343,220.0,-0.21064390987157822
2013-03-02T00:00:00Z,15.0,3.0,220.0,-0.3530853735283017
2013-03-02T00:00:00Z,15.0,2.6666666666666714,220.0,-0.4990633139386773
2013-03-02T00:00:00Z,15.0,2.333333333333343,220.0,-0.6332776532508433
2013-03-02T00:00:00Z,15.0,2.0,220.0,-0.7445171187864617
2013-03-02T00:00:00Z,15.0,1.6666666666666714,220.0,-0.8258252115920186
2013-03-02T00:00:00Z,15.0,1.3333333333333428,220.0,-0.8739729542285204
2013-03-02T00:00:00Z,15.0,1.0,220.0,-0.8886550739407539
2013-03-02T00:00:00Z,15.0,0.6666666666666714,220.0,-0.8717007674276829
2013-03-02T00:00:00Z,15.0,0.3333333333333428,220.0,-0.8264694660902023
2013-03-02T00:00:00Z,15.0,0.0,220.0,-0.757478654384613
2013-03-07T00:00:00Z,15.0,12.0,220.0,-0.08479614020325243
2013-03-07T00:00:00Z,15.0,11.666666666666671,220.0,-0.09264881357375998
2013-03-07T00:00:00Z,15.0,11.333333333333343,220.0,-0.1303892768919468
2013-03-07T00:00:00Z,15.0,11.0,220.0,-0.20458105206489563
2013-03-07T00:00:00Z,15.0,10.666666666666671,220.0,-0.29007228277623653
2013-03-07T00:00:00Z,15.0,10.333333333333343,220.0,-0.31906280666589737
2013-03-07T00:00:00Z,15.0,10.0,220.0,-0.27440998516976833
2013-03-07T00:00:00Z,15.0,9.666666666666671,220.0,-0.2006004275754094
2013-03-07T00:00:00Z,15.0,9.333333333333343,220.0,-0.16785200452432036
2013-03-07T00:00:00Z,15.0,9.0,220.0,-0.18705608882009983
2013-03-07T00:00:00Z,15.0,8.666666666666671,220.0,-0.1754141990095377
2013-03-07T00:00:00Z,15.0,8.333333333333343,220.0,-0.04348193481564522
2013-03-07T00:00:00Z,15.0,8.0,220.0,0.15743468794971704
2013-03-07T00:00:00Z,15.0,7.666666666666671,220.0,0.2528366281185299
2013-03-07T00:00:00Z,15.0,7.333333333333343,220.0,0.33749977860134095
2013-03-07T00:00:00Z,15.0,7.0,220.0,0.4681962546892464
2013-03-07T00:00:00Z,15.0,6.666666666666671,220.0,0.42693617451004684
2013-03-07T00:00:00Z,15.0,6.333333333333343,220.0,0.2040080693550408
2013-03-07T00:00:00Z,15.0,6.0,220.0,-0.06882922667864477
2013-03-07T00:00:00Z,15.0,5.666666666666671,220.0,-0.2526487710420042
2013-03-07T00:00:00Z,15.0,5.333333333333343,220.0,-0.2979966056300327
2013-03-07T00:00:00Z,15.0,5.0,220.0,-0.15104722342221066
2013-03-07T00:00:00Z,15.0,4.666666666666671,220.0,0.05973710143007338
2013-03-07T00:00:00Z,15.0,4.333333333333343,220.0,0.21162776299752295
2013-03-07T00:00:00Z,15.0,4.0,220.0,0.24301657592877746
2013-03-07T00:00:00Z,15.0,3.6666666666666714,220.0,0.1547595621086657
2013-03-07T00:00:00Z,15.0,3.333333333333343,220.0,-0.021687629632651806
2013-03-07T00:00:00Z,15.0,3.0,220.0,-0.24505092669278383
2013-03-07T00:00:00Z,15.0,2.6666666666666714,220.0,-0.4765365570783615
2013-03-07T00:00:00Z,15.0,2.333333333333343,220.0,-0.6859274867456406
2013-03-07T00:00:00Z,15.0,2.0,220.0,-0.853433228097856
2013-03-07T00:00:00Z,15.0,1.6666666666666714,220.0,-0.9689270611852407
2013-03-07T00:00:00Z,15.0,1.3333333333333428,220.0,-1.0298814065754414
2013-03-07T00:00:00Z,15.0,1.0,220.0,-1.038989070802927
2013-03-07T00:00:00Z,15.0,0.6666666666666714,220.0,-1.0021356046199799
2013-03-07T00:00:00Z,15.0,0.3333333333333428,220.0,-0.9270648881793022
2013-03-07T00:00:00Z,15.0,0.0,220.0,-0.8227581977844238
2013-03-12T00:00:00Z,15.0,12.0,220.0,-0.12018102034926414
2013-03-12T00:00:00Z,15.0,11.666666666666671,220.0,-0.10538806207478046
2013-03-12T00:00:00Z,15.0,11.333333333333343,220.0,-0.09158565639518201
2013-03-12T00:00:00Z,15.0,11.0,220.0,-0.12060332950204611
2013-03-12T00:00:00Z,15.0,10.666666666666671,220.0,-0.18391085602343082
2013-03-12T00:00:00Z,15.0,10.333333333333343,220.0,-0.21984663419425488
2013-03-12T00:00:00Z,15.0,10.0,220.0,-0.2098634298890829
2013-03-12T00:00:00Z,15.0,9.666666666666671,220.0,-0.1818761802278459
2013-03-12T00:00:00Z,15.0,9.333333333333343,220.0,-0.18353196885436773
2013-03-12T00:00:00Z,15.0,9.0,220.0,-0.2152518113143742
2013-03-12T00:00:00Z,15.0,8.666666666666671,220.0,-0.2528550922870636
2013-03-12T00:00:00Z,15.0,8.333333333333343,220.0,-0.25343313813209534
2013-03-12T00:00:00Z,15.0,8.0,220.0,-0.13542708475142717
2013-03-12T00:00:00Z,15.0,7.666666666666671,220.0,0.054343029856681824
2013-03-12T00:00:00Z,15.0,7.333333333333343,220.0,0.17943069571629167
2013-03-12T00:00:00Z,15.0,7.0,220.0,0.08061560476198792
2013-03-12T00:00:00Z,15.0,6.666666666666671,220.0,-0.07040303386747837
2013-03-12T00:00:00Z,15.0,6.333333333333343,220.0,-0.011529245413839817
2013-03-12T00:00:00Z,15.0,6.0,220.0,0.08022077451460063
2013-03-12T00:00:00Z,15.0,5.666666666666671,220.0,0.15851452061906457
2013-03-12T00:00:00Z,15.0,5.333333333333343,220.0,0.22599683236330748
2013-03-12T00:00:00Z,15.0,5.0,220.0,0.246556478086859
2013-03-12T00:00:00Z,15.0,4.666666666666671,220.0,0.18914671894162893
2013-03-12T00:00:00Z,15.0,4.333333333333343,220.0,0.0961608923971653
2013-03-12T00:00:00Z,15.0,4.0,220.0,-0.0012284079566597939
2013-03-12T00:00:00Z,15.0,3.6666666666666714,220.0,-0.08761124685406685
2013-03-12T00:00:00Z,15.0,3.333333333333343,220.0,-0.1570113585330546
2013-03-12T00:00:00Z,15.0,3.0,220.0,-0.2085693869739771
2013-03-12T00:00:00Z,15.0,2.6666666666666714,220.0,-0.24378685327246785
2013-03-12T00:00:00Z,15.0,2.333333333333343,220.0,-0.26493307296186686
2013-03-12T00:00:00Z,15.0,2.0,220.0,-0.27427167631685734
2013-03-12T00:00:00Z,15.0,1.6666666666666714,220.0,-0.27381679974496365
2013-03-12T00:00:00Z,15.0,1.3333333333333428,220.0,-0.26538369804620743
2013-03-12T00:00:00Z,15.0,1.0,220.0,-0.2507518231868744
2013-03-12T00:00:00Z,15.0,0.6666666666666714,220.0,-0.23181332647800446
2013-03-12T00:00:00Z,15.0,0.3333333333333428,220.0,-0.21063269674777985
2013-03-12T00:00:00Z,15.0,0.0,220.0,-0.18939870595932007
2013-03-18T00:00:00Z,15.0,12.0,220.0,-0.09332547429949045
2013-03-18T00:00:00Z,15.0,11.666666666666671,220.0,-0.07433949038386345
2013-03-18T00:00:00Z,15.0,11.333333333333343,220.0,-0.06926907482920797
2013-03-18T00:00:00Z,15.0,11.0,220.0,-0.09980873297899961
2013-03-18T00:00:00Z,15.0,10.666666666666671,220.0,-0.16541127674281597
2013-03-18T00:00:00Z,15.0,10.333333333333343,220.0,-0.22236068826168776
2013-03-18T00:00:00Z,15.0,10.0,220.0,-0.23792167007923126
2013-03-18T00:00:00Z,15.0,9.666666666666671,220.0,-0.21985684940591455
2013-03-18T00:00:00Z,15.0,9.333333333333343,220.0,-0.2077203649096191
2013-03-18T00:00:00Z,15.0,9.0,220.0,-0.2189687960781157
2013-03-18T00:00:00Z,15.0,8.666666666666671,220.0,-0.22207382880151272
2013-03-18T00:00:00Z,15.0,8.333333333333343,220.0,-0.16978733148425817
2013-03-18T00:00:00Z,15.0,8.0,220.0,-0.06671851314604282
2013-03-18T00:00:00Z,15.0,7.666666666666671,220.0,0.022124983370304108
2013-03-18T00:00:00Z,15.0,7.333333333333343,220.0,0.07570503931492567
2013-03-18T00:00:00Z,15.0,7.0,220.0,-0.0030859378166496754
2013-03-18T00:00:00Z,15.0,6.666666666666671,220.0,-0.09443719265982509
2013-03-18T00:00:00Z,15.0,6.333333333333343,220.0,-0.007424761541187763
2013-03-18T00:00:00Z,15.0,6.0,220.0,0.08265350153669715
2013-03-18T00:00:00Z,15.0,5.666666666666671,220.0,0.1300783595070243
2013-03-18T00:00:00Z,15.0,5.333333333333343,220.0,0.14229337614960968
2013-03-18T00:00:00Z,15.0,5.0,220.0,0.13192100264132023
2013-03-18T00:00:00Z,15.0,4.666666666666671,220.0,0.13650825805962086
2013-03-18T00:00:00Z,15.0,4.333333333333343,220.0,0.11442004889249802
2013-03-18T00:00:00Z,15.0,4.0,220.0,0.04928097687661648
2013-03-18T00:00:00Z,15.0,3.6666666666666714,220.0,-0.051820071414113045
2013-03-18T00:00:00Z,15.0,3.333333333333343,220.0,-0.17152720503509045
2013-03-18T00:00:00Z,15.0,3.0,220.0,-0.2906530797481537
2013-03-18T00:00:00Z,15.0,2.6666666666666714,220.0,-0.3929889095015824
2013-03-18T00:00:00Z,15.0,2.333333333333343,220.0,-0.4674828280694783
2013-03-18T00:00:00Z,15.0,2.0,220.0,-0.5086372047662735
2013-03-18T00:00:00Z,15.0,1.6666666666666714,220.0,-0.5158337010070682
2013-03-18T00:00:00Z,15.0,1.3333333333333428,220.0,-0.4921514065936208
2013-03-18T00:00:00Z,15.0,1.0,220.0,-0.4431009082472883
2013-03-18T00:00:00Z,15.0,0.6666666666666714,220.0,-0.3755549411289394
2013-03-18T00:00:00Z,15.0,0.3333333333333428,220.0,-0.2970128459855914
2013-03-18T00:00:00Z,15.0,0.0,220.0,-0.21519378945231438
2013-03-23T00:00:00Z,15.0,12.0,220.0,-0.0810483954846859
2013-03-23T00:00:00Z,15.0,11.666666666666671,220.0,-0.07807967136614025
2013-03-23T00:00:00Z,15.0,11.333333333333343,220.0,-0.10569591447710991
2013-03-23T00:00:00Z,15.0,11.0,220.0,-0.1601150454953313
2013-03-23T00:00:00Z,15.0,10.666666666666671,220.0,-0.23226369358599186
2013-03-23T00:00:00Z,15.0,10.333333333333343,220.0,-0.28442002553492785
2013-03-23T00:00:00Z,15.0,10.0,220.0,-0.29536270909011364
2013-03-23T00:00:00Z,15.0,9.666666666666671,220.0,-0.2801003325730562
2013-03-23T00:00:00Z,15.0,9.333333333333343,220.0,-0.263639229349792
2013-03-23T00:00:00Z,15.0,9.0,220.0,-0.25486933812499046
2013-03-23T00:00:00Z,15.0,8.666666666666671,220.0,-0.2382449358701706
2013-03-23T00:00:00Z,15.0,8.333333333333343,220.0,-0.18744917772710323
2013-03-23T00:00:00Z,15.0,8.0,220.0,-0.09994093235582113
2013-03-23T00:00:00Z,15.0,7.666666666666671,220.0,-0.02996319910744205
2013-03-23T00:00:00Z,15.0,7.333333333333343,220.0,0.02568666636943817
2013-03-23T00:00:00Z,15.0,7.0,220.0,0.045148166827857494
2013-03-23T00:00:00Z,15.0,6.666666666666671,220.0,0.0209571790182963
2013-03-23T00:00:00Z,15.0,6.333333333333343,220.0,0.03697915398515761
2013-03-23T00:00:00Z,15.0,6.0,220.0,0.062170106917619705
2013-03-23T00:00:00Z,15.0,5.666666666666671,220.0,0.12655438529327512
2013-03-23T00:00:00Z,15.0,5.333333333333343,220.0,0.17475896829273552
2013-03-23T00:00:00Z,15.0,5.0,220.0,0.1820183740928769
2013-03-23T00:00:00Z,15.0,4.666666666666671,220.0,0.18265192210674286
2013-03-23T00:00:00Z,15.0,4.333333333333343,220.0,0.14477310329675674
2013-03-23T00:00:00Z,15.0,4.0,220.0,0.06178288348019123
2013-03-23T00:00:00Z,15.0,3.6666666666666714,220.0,-0.052238184958696365
2013-03-23T00:00:00Z,15.0,3.333333333333343,220.0,-0.17583700641989708
2013-03-23T00:00:00Z,15.0,3.0,220.0,-0.28833763394504786
2013-03-23T00:00:00Z,15.0,2.6666666666666714,220.0,-0.37412422709167004
2013-03-23T00:00:00Z,15.0,2.333333333333343,220.0,-0.42417990625835955
2013-03-23T00:00:00Z,15.0,2.0,220.0,-0.4358371093403548
2013-03-23T00:00:00Z,15.0,1.6666666666666714,220.0,-0.4115274056675844
2013-03-23T00:00:00Z,15.0,1.3333333333333428,220.0,-0.35715097188949585
2013-03-23T00:00:00Z,15.0,1.0,220.0,-0.280519375577569
2013-03-23T00:00:00Z,15.0,0.6666666666666714,220.0,-0.19015671871602535
2013-03-23T00:00:00Z,15.0,0.3333333333333428,220.0,-0.09457740001380444
2013-03-23T00:00:00Z,15.0,0.0,220.0,-0.0019914619624614716
2013-03-28T00:00:00Z,15.0,12.0,220.0,-0.06418499955907464
2013-03-28T00:00:00Z,15.0,11.666666666666671,220.0,-0.08678658748976886
2013-03-28T00:00:00Z,15.0,11.333333333333343,220.0,-0.15036678867181763
2013-03-28T00:00:00Z,15.0,11.0,220.0,-0.23492093151435256
2013-03-28T00:00:00Z,15.0,10.666666666666671,220.0,-0.3210224937647581
2013-03-28T00:00:00Z,15.0,10.333333333333343,220.0,-0.35966574866324663
2013-03-28T00:00:00Z,15.0,10.0,220.0,-0.3527836830180604
2013-03-28T00:00:00Z,15.0,9.666666666666671,220.0,-0.3343010559328832
2013-03-28T00:00:00Z,15.0,9.333333333333343,220.0,-0.31507211178541183
2013-03-28T00:00:00Z,15.0,9.0,220.0,-0.28496827092021704
2013-03-28T00:00:00Z,15.0,8.666666666666671,220.0,-0.263426311314106
2013-03-28T00:00:00Z,15.0,8.333333333333343,220.0,-0.25081639736890793
2013-03-28T00:00:00Z,15.0,8.0,220.0,-0.18021397944539785
2013-03-28T00:00:00Z,15.0,7.666666666666671,220.0,-0.08814032468944788
2013-03-28T00:00:00Z,15.0,7.333333333333343,220.0,0.01964976079761982
2013-03-28T00:00:00Z,15.0,7.0,220.0,0.15433384664356709
2013-03-28T00:00:00Z,15.0,6.666666666666671,220.0,0.1791808414272964
2013-03-28T00:00:00Z,15.0,6.333333333333343,220.0,0.0910946782969404
2013-03-28T00:00:00Z,15.0,6.0,220.0,0.03181263762235176
2013-03-28T00:00:00Z,15.0,5.666666666666671,220.0,0.13510914449580014
2013-03-28T00:00:00Z,15.0,5.333333333333343,220.0,0.2535331945400685
2013-03-28T00:00:00Z,15.0,5.0,220.0,0.28835284686647356
2013-03-28T00:00:00Z,15.0,4.666666666666671,220.0,0.24467836163239554
2013-03-28T00:00:00Z,15.0,4.333333333333343,220.0,0.14728436106815934
2013-03-28T00:00:00Z,15.0,4.0,220.0,0.026346340775489807
2013-03-28T00:00:00Z,15.0,3.6666666666666714,220.0,-0.09188086539506912
2013-03-28T00:00:00Z,15.0,3.333333333333343,220.0,-0.18788378033787012
2013-03-28T00:00:00Z,15.0,3.0,220.0,-0.24976106476970017
2013-03-28T00:00:00Z,15.0,2.6666666666666714,220.0,-0.27275731484405696
2013-03-28T00:00:00Z,15.0,2.333333333333343,220.0,-0.2579820454120636
2013-03-28T00:00:00Z,15.0,2.0,220.0,-0.2107459120452404
2013-03-28T00:00:00Z,15.0,1.6666666666666714,220.0,-0.1388552412390709
2013-03-28T00:00:00Z,15.0,1.3333333333333428,220.0,-0.051116343354806304
2013-03-28T00:00:00Z,15.0,1.0,220.0,0.043790265917778015
2013-03-28T00:00:00Z,15.0,0.6666666666666714,220.0,0.13799525052309036
2013-03-28T00:00:00Z,15.0,0.3333333333333428,220.0,0.22470590099692345
2013-03-28T00:00:00Z,15.0,0.0,220.0,0.29816239699721336
2013-04-02T00:00:00Z,15.0,12.0,220.0,-0.09045282524311915
2013-04-02T00:00:00Z,15.0,11.666666666666671,220.0,-0.15966047020629048
2013-04-02T00:00:00Z,15.0,11.333333333333343,220.0,-0.21961984527297318
2013-04-02T00:00:00Z,15.0,11.0,220.0,-0.2922880342230201
2013-04-02T00:00:00Z,15.0,10.666666666666671,220.0,-0.3699938151985407
2013-04-02T00:00:00Z,15.0,10.333333333333343,220.0,-0.39448514115065336
2013-04-02T00:00:00Z,15.0,10.0,220.0,-0.3547666911035776
2013-04-02T00:00:00Z,15.0,9.666666666666671,220.0,-0.28291983087547123
2013-04-02T00:00:00Z,15.0,9.333333333333343,220.0,-0.22742330003529787
2013-04-02T00:00:00Z,15.0,9.0,220.0,-0.21391382720321417
2013-04-02T00:00:00Z,15.0,8.666666666666671,220.0,-0.1840866543352604
2013-04-02T00:00:00Z,15.0,8.333333333333343,220.0,-0.08131930977106094
2013-04-02T00:00:00Z,15.0,8.0,220.0,0.035423850640654564
2013-04-02T00:00:00Z,15.0,7.666666666666671,220.0,0.06325189489871264
2013-04-02T00:00:00Z,15.0,7.333333333333343,220.0,0.09056191332638264
2013-04-02T00:00:00Z,15.0,7.0,220.0,0.08467355649918318
2013-04-02T00:00:00Z,15.0,6.666666666666671,220.0,-0.004660823382437229
2013-04-02T00:00:00Z,15.0,6.333333333333343,220.0,-0.08314745174720883
2013-04-02T00:00:00Z,15.0,6.0,220.0,-0.1511521150241606
2013-04-02T00:00:00Z,15.0,5.666666666666671,220.0,-0.11329006124287844
2013-04-02T00:00:00Z,15.0,5.333333333333343,220.0,-0.05365737993270159
2013-04-02T00:00:00Z,15.0,5.0,220.0,-0.013724381569772959
2013-04-02T00:00:00Z,15.0,4.666666666666671,220.0,0.034834979102015495
2013-04-02T00:00:00Z,15.0,4.333333333333343,220.0,0.06590348109602928
2013-04-02T00:00:00Z,15.0,4.0,220.0,0.06828827410936356
2013-04-02T00:00:00Z,15.0,3.6666666666666714,220.0,0.044876398518681526
2013-04-02T00:00:00Z,15.0,3.333333333333343,220.0,0.004778451286256313
2013-04-02T00:00:00Z,15.0,3.0,220.0,-0.041634915687609464
2013-04-02T00:00:00Z,15.0,2.6666666666666714,220.0,-0.08550962153822184
2013-04-02T00:00:00Z,15.0,2.333333333333343,220.0,-0.12071460299193859
2013-04-02T00:00:00Z,15.0,2.0,220.0,-0.14400367811322212
2013-04-02T00:00:00Z,15.0,1.6666666666666714,220.0,-0.15456896647810936
2013-04-02T00:00:00Z,15.0,1.3333333333333428,220.0,-0.1533311828970909
2013-04-02T00:00:00Z,15.0,1.0,220.0,-0.14222250133752823
2013-04-02T00:00:00Z,15.0,0.6666666666666714,220.0,-0.12362708151340485
2013-04-02T00:00:00Z,15.0,0.3333333333333428,220.0,-0.10005413740873337
2013-04-02T00:00:00Z,15.0,0.0,220.0,-0.07402884215116501
2013-04-07T00:00:00Z,15.0,12.0,220.0,-0.1298589976504445
2013-04-07T00:00:00Z,15.0,11.666666666666671,220.0,-0.19062795722857118
2013-04-07T00:00:00Z,15.0,11.333333333333343,220.0,-0.22763497103005648
2013-04-07T00:00:00Z,15.0,11.0,220.0,-0.2867209445685148
2013-04-07T00:00:00Z,15.0,10.666666666666671,220.0,-0.35715181566774845
2013-04-07T00:00:00Z,15.0,10.333333333333343,220.0,-0.37739046290516853
2013-04-07T00:00:00Z,15.0,10.0,220.0,-0.33963128458708525
2013-04-07T00:00:00Z,15.0,9.666666666666671,220.0,-0.2686183098703623
2013-04-07T00:00:00Z,15.0,9.333333333333343,220.0,-0.20020746160298586
2013-04-07T00:00:00Z,15.0,9.0,220.0,-0.16210938431322575
2013-04-07T00:00:00Z,15.0,8.666666666666671,220.0,-0.12384272366762161
2013-04-07T00:00:00Z,15.0,8.333333333333343,220.0,-0.050689833238720894
2013-04-07T00:00:00Z,15.0,8.0,220.0,0.049513574689626694
2013-04-07T00:00:00Z,15.0,7.666666666666671,220.0,0.11433275043964386
2013-04-07T00:00:00Z,15.0,7.333333333333343,220.0,0.16160210501402617
2013-04-07T00:00:00Z,15.0,7.0,220.0,0.12222499307245016
2013-04-07T00:00:00Z,15.0,6.666666666666671,220.0,0.027408318128436804
2013-04-07T00:00:00Z,15.0,6.333333333333343,220.0,-0.006912596989423037
2013-04-07T00:00:00Z,15.0,6.0,220.0,-0.06467867502942681
2013-04-07T00:00:00Z,15.0,5.666666666666671,220.0,-0.11112214927561581
2013-04-07T00:00:00Z,15.0,5.333333333333343,220.0,-0.1715736179612577
2013-04-07T00:00:00Z,15.0,5.0,220.0,-0.22222833801060915
2013-04-07T00:00:00Z,15.0,4.666666666666671,220.0,-0.19877414964139462
2013-04-07T00:00:00Z,15.0,4.333333333333343,220.0,-0.14957696851342916
2013-04-07T00:00:00Z,15.0,4.0,220.0,-0.1061582863330841
2013-04-07T00:00:00Z,15.0,3.6666666666666714,220.0,-0.07968026213347912
2013-04-07T00:00:00Z,15.0,3.333333333333343,220.0,-0.07011080998927355
2013-04-07T00:00:00Z,15.0,3.0,220.0,-0.0723720621317625
2013-04-07T00:00:00Z,15.0,2.6666666666666714,220.0,-0.08015627972781658
2013-04-07T00:00:00Z,15.0,2.333333333333343,220.0,-0.0880104061216116
2013-04-07T00:00:00Z,15.0,2.0,220.0,-0.09220811352133751
2013-04-07T00:00:00Z,15.0,1.6666666666666714,220.0,-0.09084545075893402
2013-04-07T00:00:00Z,15.0,1.3333333333333428,220.0,-0.08351358771324158
2013-04-07T00:00:00Z,15.0,1.0,220.0,-0.07081955671310425
2013-04-07T00:00:00Z,15.0,0.6666666666666714,220.0,-0.05394339561462402
2013-04-07T00:00:00Z,15.0,0.3333333333333428,220.0,-0.03433719277381897
2013-04-07T00:00:00Z,15.0,0.0,220.0,-0.0135892853140831
2013-04-12T00:00:00Z,15.0,12.0,220.0,-0.14015999622642994
2013-04-12T00:00:00Z,15.0,11.666666666666671,220.0,-0.1955612227320671
2013-04-12T00:00:00Z,15.0,11.333333333333343,220.0,-0.22375009767711163
2013-04-12T00:00:00Z,15.0,11.0,220.0,-0.269545154646039
2013-04-12T00:00:00Z,15.0,10.666666666666671,220.0,-0.3197968117892742
2013-04-12T00:00:00Z,15.0,10.333333333333343,220.0,-0.32999546360224485
2013-04-12T00:00:00Z,15.0,10.0,220.0,-0.2960411962121725
2013-04-12T00:00:00Z,15.0,9.666666666666671,220.0,-0.2330529224127531
2013-04-12T00:00:00Z,15.0,9.333333333333343,220.0,-0.162730248644948
2013-04-12T00:00:00Z,15.0,9.0,220.0,-0.10499719996005297
2013-04-12T00:00:00Z,15.0,8.666666666666671,220.0,-0.053434716537594795
2013-04-12T00:00:00Z,15.0,8.333333333333343,220.0,0.006091113202273846
2013-04-12T00:00:00Z,15.0,8.0,220.0,0.09533371031284332
2013-04-12T00:00:00Z,15.0,7.666666666666671,220.0,0.17707137763500214
2013-04-12T00:00:00Z,15.0,7.333333333333343,220.0,0.22895876690745354
2013-04-12T00:00:00Z,15.0,7.0,220.0,0.1703553064726293
2013-04-12T00:00:00Z,15.0,6.666666666666671,220.0,0.07272395002655685
2013-04-12T00:00:00Z,15.0,6.333333333333343,220.0,0.06328464159741998
2013-04-12T00:00:00Z,15.0,6.0,220.0,0.008706177002750337
2013-04-12T00:00:00Z,15.0,5.666666666666671,220.0,-0.09444136871024966
2013-04-12T00:00:00Z,15.0,5.333333333333343,220.0,-0.22265763022005558
2013-04-12T00:00:00Z,15.0,5.0,220.0,-0.31378898210823536
2013-04-12T00:00:00Z,15.0,4.666666666666671,220.0,-0.28469499573111534
2013-04-12T00:00:00Z,15.0,4.333333333333343,220.0,-0.20456121303141117
2013-04-12T00:00:00Z,15.0,4.0,220.0,-0.12120432406663895
2013-04-12T00:00:00Z,15.0,3.6666666666666714,220.0,-0.05501478258520365
2013-04-12T00:00:00Z,15.0,3.333333333333343,220.0,-0.010802380740642548
2013-04-12T00:00:00Z,15.0,3.0,220.0,0.014237562194466591
2013-04-12T00:00:00Z,15.0,2.6666666666666714,220.0,0.025553598999977112
2013-04-12T00:00:00Z,15.0,2.333333333333343,220.0,0.028486434370279312
2013-04-12T00:00:00Z,15.0,2.0,220.0,0.027066487818956375
2013-04-12T00:00:00Z,15.0,1.6666666666666714,220.0,0.02379824873059988
2013-04-12T00:00:00Z,15.0,1.3333333333333428,220.0,0.01997625222429633
2013-04-12T00:00:00Z,15.0,1.0,220.0,0.016184287145733833
2013-04-12T00:00:00Z,15.0,0.6666666666666714,220.0,0.012737024575471878
2013-04-12T00:00:00Z,15.0,0.3333333333333428,220.0,0.009929951280355453
2013-04-12T00:00:00Z,15.0,0.0,220.0,0.008070945739746094
2013-04-17T00:00:00Z,15.0,12.0,220.0,-0.08271487429738045
2013-04-17T00:00:00Z,15.0,11.666666666666671,220.0,-0.15589872188866138
2013-04-17T00:00:00Z,15.0,11.333333333333343,220.0,-0.20806791447103024
2013-04-17T00:00:00Z,15.0,11.0,220.0,-0.2544673439115286
2013-04-17T00:00:00Z,15.0,10.666666666666671,220.0,-0.2860100055113435
2013-04-17T00:00:00Z,15.0,10.333333333333343,220.0,-0.2780281309969723
2013-04-17T00:00:00Z,15.0,10.0,220.0,-0.24392103217542171
2013-04-17T00:00:00Z,15.0,9.666666666666671,220.0,-0.19912407454103231
2013-04-17T00:00:00Z,15.0,9.333333333333343,220.0,-0.14572355896234512
2013-04-17T00:00:00Z,15.0,9.0,220.0,-0.09106685360893607
2013-04-17T00:00:00Z,15.0,8.666666666666671,220.0,-0.03360771294683218
2013-04-17T00:00:00Z,15.0,8.333333333333343,220.0,0.03936388902366161
2013-04-17T00:00:00Z,15.0,8.0,220.0,0.1263840738683939
2013-04-17T00:00:00Z,15.0,7.666666666666671,220.0,0.1817727144807577
2013-04-17T00:00:00Z,15.0,7.333333333333343,220.0,0.20779656944796443
2013-04-17T00:00:00Z,15.0,7.0,220.0,0.14464711351320148
2013-04-17T00:00:00Z,15.0,6.666666666666671,220.0,0.041866499101161025
2013-04-17T00:00:00Z,15.0,6.333333333333343,220.0,0.014445067849010229
2013-04-17T00:00:00Z,15.0,6.0,220.0,-0.046051510609686375
2013-04-17T00:00:00Z,15.0,5.666666666666671,220.0,-0.12933940067887306
2013-04-17T00:00:00Z,15.0,5.333333333333343,220.0,-0.21637083496898413
2013-04-17T00:00:00Z,15.0,5.0,220.0,-0.2631840705871582
2013-04-17T00:00:00Z,15.0,4.666666666666671,220.0,-0.19844795763492584
2013-04-17T00:00:00Z,15.0,4.333333333333343,220.0,-0.0925726629793644
2013-04-17T00:00:00Z,15.0,4.0,220.0,0.008188033010810614
2013-04-17T00:00:00Z,15.0,3.6666666666666714,220.0,0.0860989861539565
2013-04-17T00:00:00Z,15.0,3.333333333333343,220.0,0.13842399884015322
2013-04-17T00:00:00Z,15.0,3.0,220.0,0.16877948306500912
2013-04-17T00:00:00Z,15.0,2.6666666666666714,220.0,0.18216082639992237
2013-04-17T00:00:00Z,15.0,2.333333333333343,220.0,0.18259546533226967
2013-04-17T00:00:00Z,15.0,2.0,220.0,0.17253046482801437
2013-04-17T00:00:00Z,15.0,1.6666666666666714,220.0,0.15321634709835052
2013-04-17T00:00:00Z,15.0,1.3333333333333428,220.0,0.12550361454486847
2013-04-17T00:00:00Z,15.0,1.0,220.0,0.09062178432941437
2013-04-17T00:00:00Z,15.0,0.6666666666666714,220.0,0.05066528730094433
2013-04-17T00:00:00Z,15.0,0.3333333333333428,220.0,0.008664695546030998
2013-04-17T00:00:00Z,15.0,0.0,220.0,-0.031724367290735245
2013-04-22T00:00:00Z,15.0,12.0,220.0,-0.050946869887411594
2013-04-22T00:00:00Z,15.0,11.666666666666671,220.0,-0.14866309612989426
2013-04-22T00:00:00Z,15.0,11.333333333333343,220.0,-0.2215199712663889
2013-04-22T00:00:00Z,15.0,11.0,220.0,-0.26351767405867577
2013-04-22T00:00:00Z,15.0,10.666666666666671,220.0,-0.273912763223052
2013-04-22T00:00:00Z,15.0,10.333333333333343,220.0,-0.2458492685109377
2013-04-22T00:00:00Z,15.0,10.0,220.0,-0.19845538306981325
2013-04-22T00:00:00Z,15.0,9.666666666666671,220.0,-0.15636550448834896
2013-04-22T00:00:00Z,15.0,9.333333333333343,220.0,-0.1128934109583497
2013-04-22T00:00:00Z,15.0,9.0,220.0,-0.06181335332803428
2013-04-22T00:00:00Z,15.0,8.666666666666671,220.0,-0.013658856507390738
2013-04-22T00:00:00Z,15.0,8.333333333333343,220.0,0.039750874042510986
2013-04-22T00:00:00Z,15.0,8.0,220.0,0.1264516729861498
2013-04-22T00:00:00Z,15.0,7.666666666666671,220.0,0.18920521379914135
2013-04-22T00:00:00Z,15.0,7.333333333333343,220.0,0.2102478583692573
2013-04-22T00:00:00Z,15.0,7.0,220.0,0.13540431018918753
2013-04-22T00:00:00Z,15.0,6.666666666666671,220.0,0.017199683468788862
2013-04-22T00:00:00Z,15.0,6.333333333333343,220.0,-0.02108832634985447
2013-04-22T00:00:00Z,15.0,6.0,220.0,-0.06501476862467825
2013-04-22T00:00:00Z,15.0,5.666666666666671,220.0,-0.11211328650824726
2013-04-22T00:00:00Z,15.0,5.333333333333343,220.0,-0.1602532807737589
2013-04-22T00:00:00Z,15.0,5.0,220.0,-0.18940388597548008
2013-04-22T00:00:00Z,15.0,4.666666666666671,220.0,-0.16390887647867203
2013-04-22T00:00:00Z,15.0,4.333333333333343,220.0,-0.11497899331152439
2013-04-22T00:00:00Z,15.0,4.0,220.0,-0.0657420706411358
2013-04-22T00:00:00Z,15.0,3.6666666666666714,220.0,-0.027796037029474974
2013-04-22T00:00:00Z,15.0,3.333333333333343,220.0,-0.005736159189837053
2013-04-22T00:00:00Z,15.0,3.0,220.0,-2.2875098511576653E-4
2013-04-22T00:00:00Z,15.0,2.6666666666666714,220.0,-0.009965866804122925
2013-04-22T00:00:00Z,15.0,2.333333333333343,220.0,-0.03279465436935425
2013-04-22T00:00:00Z,15.0,2.0,220.0,-0.06627421081066132
2013-04-22T00:00:00Z,15.0,1.6666666666666714,220.0,-0.10787186026573181
2013-04-22T00:00:00Z,15.0,1.3333333333333428,220.0,-0.1549697481095791
2013-04-22T00:00:00Z,15.0,1.0,220.0,-0.20481206849217415
2013-04-22T00:00:00Z,15.0,0.6666666666666714,220.0,-0.2544819861650467
2013-04-22T00:00:00Z,15.0,0.3333333333333428,220.0,-0.3009565621614456
2013-04-22T00:00:00Z,15.0,0.0,220.0,-0.3412475660443306
2013-04-27T00:00:00Z,15.0,12.0,220.0,-0.03457456175237894
2013-04-27T00:00:00Z,15.0,11.666666666666671,220.0,-0.14973430894315243
2013-04-27T00:00:00Z,15.0,11.333333333333343,220.0,-0.23613053560256958
2013-04-27T00:00:00Z,15.0,11.0,220.0,-0.2723567020148039
2013-04-27T00:00:00Z,15.0,10.666666666666671,220.0,-0.2651457991451025
2013-04-27T00:00:00Z,15.0,10.333333333333343,220.0,-0.2130249347537756
2013-04-27T00:00:00Z,15.0,10.0,220.0,-0.15643375180661678
2013-04-27T00:00:00Z,15.0,9.666666666666671,220.0,-0.11802188586443663
2013-04-27T00:00:00Z,15.0,9.333333333333343,220.0,-0.07892340421676636
2013-04-27T00:00:00Z,15.0,9.0,220.0,-0.02799343891092576
2013-04-27T00:00:00Z,15.0,8.666666666666671,220.0,0.0035018736962229013
2013-04-27T00:00:00Z,15.0,8.333333333333343,220.0,0.005705557763576508
2013-04-27T00:00:00Z,15.0,8.0,220.0,0.05302424496039748
2013-04-27T00:00:00Z,15.0,7.666666666666671,220.0,0.11399389547295868
2013-04-27T00:00:00Z,15.0,7.333333333333343,220.0,0.1650221059244359
2013-04-27T00:00:00Z,15.0,7.0,220.0,0.12010728777386248
2013-04-27T00:00:00Z,15.0,6.666666666666671,220.0,0.014712765347212553
2013-04-27T00:00:00Z,15.0,6.333333333333343,220.0,-0.006555981934070587
2013-04-27T00:00:00Z,15.0,6.0,220.0,-0.010157568845897913
2013-04-27T00:00:00Z,15.0,5.666666666666671,220.0,-0.01760276034474373
2013-04-27T00:00:00Z,15.0,5.333333333333343,220.0,-0.04539196938276291
2013-04-27T00:00:00Z,15.0,5.0,220.0,-0.09718045592308044
2013-04-27T00:00:00Z,15.0,4.666666666666671,220.0,-0.13197142537683249
2013-04-27T00:00:00Z,15.0,4.333333333333343,220.0,-0.1410911986604333
2013-04-27T00:00:00Z,15.0,4.0,220.0,-0.12490144791081548
2013-04-27T00:00:00Z,15.0,3.6666666666666714,220.0,-0.09061250532977283
2013-04-27T00:00:00Z,15.0,3.333333333333343,220.0,-0.047638687770813704
2013-04-27T00:00:00Z,15.0,3.0,220.0,-0.0047875819727778435
2013-04-27T00:00:00Z,15.0,2.6666666666666714,220.0,0.03118133917450905
2013-04-27T00:00:00Z,15.0,2.333333333333343,220.0,0.05603248253464699
2013-04-27T00:00:00Z,15.0,2.0,220.0,0.06790714710950851
2013-04-27T00:00:00Z,15.0,1.6666666666666714,220.0,0.0668361447751522
2013-04-27T00:00:00Z,15.0,1.3333333333333428,220.0,0.05413321405649185
2013-04-27T00:00:00Z,15.0,1.0,220.0,0.031830145977437496
2013-04-27T00:00:00Z,15.0,0.6666666666666714,220.0,0.0022531822323799133
2013-04-27T00:00:00Z,15.0,0.3333333333333428,220.0,-0.03221995383501053
2013-04-27T00:00:00Z,15.0,0.0,220.0,-0.06924424320459366
2013-05-02T00:00:00Z,15.0,12.0,220.0,-0.02942078188061714
2013-05-02T00:00:00Z,15.0,11.666666666666671,220.0,-0.1534573920071125
2013-05-02T00:00:00Z,15.0,11.333333333333343,220.0,-0.23678372614085674
2013-05-02T00:00:00Z,15.0,11.0,220.0,-0.2607226725667715
2013-05-02T00:00:00Z,15.0,10.666666666666671,220.0,-0.23611899465322495
2013-05-02T00:00:00Z,15.0,10.333333333333343,220.0,-0.17229067627340555
2013-05-02T00:00:00Z,15.0,10.0,220.0,-0.11995454598218203
2013-05-02T00:00:00Z,15.0,9.666666666666671,220.0,-0.08434989769011736
2013-05-02T00:00:00Z,15.0,9.333333333333343,220.0,-0.041205812245607376
2013-05-02T00:00:00Z,15.0,9.0,220.0,0.0044828420504927635
2013-05-02T00:00:00Z,15.0,8.666666666666671,220.0,0.013684535399079323
2013-05-02T00:00:00Z,15.0,8.333333333333343,220.0,-0.03831952204927802
2013-05-02T00:00:00Z,15.0,8.0,220.0,-0.04911653324961662
2013-05-02T00:00:00Z,15.0,7.666666666666671,220.0,0.0063312354031950235
2013-05-02T00:00:00Z,15.0,7.333333333333343,220.0,0.093884136993438
2013-05-02T00:00:00Z,15.0,7.0,220.0,0.08639123954344541
2013-05-02T00:00:00Z,15.0,6.666666666666671,220.0,0.007290447363629937
2013-05-02T00:00:00Z,15.0,6.333333333333343,220.0,0.016738298814743757
2013-05-02T00:00:00Z,15.0,6.0,220.0,0.0491904198024713
2013-05-02T00:00:00Z,15.0,5.666666666666671,220.0,0.07574470550753176
2013-05-02T00:00:00Z,15.0,5.333333333333343,220.0,0.05670908372849226
2013-05-02T00:00:00Z,15.0,5.0,220.0,-0.03161135781556368
2013-05-02T00:00:00Z,15.0,4.666666666666671,220.0,-0.12720699235796928
2013-05-02T00:00:00Z,15.0,4.333333333333343,220.0,-0.18641513865441084
2013-05-02T00:00:00Z,15.0,4.0,220.0,-0.18938694847747684
2013-05-02T00:00:00Z,15.0,3.6666666666666714,220.0,-0.1395639379043132
2013-05-02T00:00:00Z,15.0,3.333333333333343,220.0,-0.051334286108613014
2013-05-02T00:00:00Z,15.0,3.0,220.0,0.05787877459079027
2013-05-02T00:00:00Z,15.0,2.6666666666666714,220.0,0.17216476052999496
2013-05-02T00:00:00Z,15.0,2.333333333333343,220.0,0.2792430892586708
2013-05-02T00:00:00Z,15.0,2.0,220.0,0.37094780802726746
2013-05-02T00:00:00Z,15.0,1.6666666666666714,220.0,0.4427424743771553
2013-05-02T00:00:00Z,15.0,1.3333333333333428,220.0,0.49279364198446274
2013-05-02T00:00:00Z,15.0,1.0,220.0,0.5209950134158134
2013-05-02T00:00:00Z,15.0,0.6666666666666714,220.0,0.5282002538442612
2013-05-02T00:00:00Z,15.0,0.3333333333333428,220.0,0.5157866254448891
2013-05-02T00:00:00Z,15.0,0.0,220.0,0.48553700745105743
2013-05-07T00:00:00Z,15.0,12.0,220.0,-0.05579139478504658
2013-05-07T00:00:00Z,15.0,11.666666666666671,220.0,-0.1748066022992134
2013-05-07T00:00:00Z,15.0,11.333333333333343,220.0,-0.24967598170042038
2013-05-07T00:00:00Z,15.0,11.0,220.0,-0.25026808865368366
2013-05-07T00:00:00Z,15.0,10.666666666666671,220.0,-0.19666585233062506
2013-05-07T00:00:00Z,15.0,10.333333333333343,220.0,-0.1258852039463818
2013-05-07T00:00:00Z,15.0,10.0,220.0,-0.0879488904029131
2013-05-07T00:00:00Z,15.0,9.666666666666671,220.0,-0.07156046805903316
2013-05-07T00:00:00Z,15.0,9.333333333333343,220.0,-0.052511543792206794
2013-05-07T00:00:00Z,15.0,9.0,220.0,-0.0458107590675354
2013-05-07T00:00:00Z,15.0,8.666666666666671,220.0,-0.05102993408218026
2013-05-07T00:00:00Z,15.0,8.333333333333343,220.0,-0.08461934130173177
2013-05-07T00:00:00Z,15.0,8.0,220.0,-0.08376709092408419
2013-05-07T00:00:00Z,15.0,7.666666666666671,220.0,-0.04215709585696459
2013-05-07T00:00:00Z,15.0,7.333333333333343,220.0,0.037921920185908675
2013-05-07T00:00:00Z,15.0,7.0,220.0,0.1160286357626319
2013-05-07T00:00:00Z,15.0,6.666666666666671,220.0,0.12064854055643082
2013-05-07T00:00:00Z,15.0,6.333333333333343,220.0,0.04823684928123839
2013-05-07T00:00:00Z,15.0,6.0,220.0,-0.07198001857250347
2013-05-07T00:00:00Z,15.0,5.666666666666671,220.0,-0.09482189435220789
2013-05-07T00:00:00Z,15.0,5.333333333333343,220.0,-0.0944787303742487
2013-05-07T00:00:00Z,15.0,5.0,220.0,-0.10683278576470912
2013-05-07T00:00:00Z,15.0,4.666666666666671,220.0,-0.04148701182566583
2013-05-07T00:00:00Z,15.0,4.333333333333343,220.0,0.03977015661075711
2013-05-07T00:00:00Z,15.0,4.0,220.0,0.10042118513956666
2013-05-07T00:00:00Z,15.0,3.6666666666666714,220.0,0.13182055158540606
2013-05-07T00:00:00Z,15.0,3.333333333333343,220.0,0.13952376786619425
2013-05-07T00:00:00Z,15.0,3.0,220.0,0.13433211483061314
2013-05-07T00:00:00Z,15.0,2.6666666666666714,220.0,0.12695230543613434
2013-05-07T00:00:00Z,15.0,2.333333333333343,220.0,0.1253063790500164
2013-05-07T00:00:00Z,15.0,2.0,220.0,0.1336628645658493
2013-05-07T00:00:00Z,15.0,1.6666666666666714,220.0,0.15289636328816414
2013-05-07T00:00:00Z,15.0,1.3333333333333428,220.0,0.1813185103237629
2013-05-07T00:00:00Z,15.0,1.0,220.0,0.21565940231084824
2013-05-07T00:00:00Z,15.0,0.6666666666666714,220.0,0.25191428512334824
2013-05-07T00:00:00Z,15.0,0.3333333333333428,220.0,0.28590622544288635
2013-05-07T00:00:00Z,15.0,0.0,220.0,0.3135519102215767
2013-05-12T00:00:00Z,15.0,12.0,220.0,-0.08589577244129032
2013-05-12T00:00:00Z,15.0,11.666666666666671,220.0,-0.1952301198616624
2013-05-12T00:00:00Z,15.0,11.333333333333343,220.0,-0.26443942077457905
2013-05-12T00:00:00Z,15.0,11.0,220.0,-0.2562836401630193
2013-05-12T00:00:00Z,15.0,10.666666666666671,220.0,-0.19667369173839688
2013-05-12T00:00:00Z,15.0,10.333333333333343,220.0,-0.1265042624436319
2013-05-12T00:00:00Z,15.0,10.0,220.0,-0.0921074221841991
2013-05-12T00:00:00Z,15.0,9.666666666666671,220.0,-0.08974577905610204
2013-05-12T00:00:00Z,15.0,9.333333333333343,220.0,-0.0784998825401999
2013-05-12T00:00:00Z,15.0,9.0,220.0,-0.07355823775287718
2013-05-12T00:00:00Z,15.0,8.666666666666671,220.0,-0.07778106315527111
2013-05-12T00:00:00Z,15.0,8.333333333333343,220.0,-0.10258872923441231
2013-05-12T00:00:00Z,15.0,8.0,220.0,-0.0983896991237998
2013-05-12T00:00:00Z,15.0,7.666666666666671,220.0,-0.054776321398094296
2013-05-12T00:00:00Z,15.0,7.333333333333343,220.0,0.017593516036868095
2013-05-12T00:00:00Z,15.0,7.0,220.0,0.053372316993772984
2013-05-12T00:00:00Z,15.0,6.666666666666671,220.0,0.04411532590165734
2013-05-12T00:00:00Z,15.0,6.333333333333343,220.0,0.0628689881414175
2013-05-12T00:00:00Z,15.0,6.0,220.0,0.058077239664271474
2013-05-12T00:00:00Z,15.0,5.666666666666671,220.0,0.08781785692553967
2013-05-12T00:00:00Z,15.0,5.333333333333343,220.0,0.10002262028865516
2013-05-12T00:00:00Z,15.0,5.0,220.0,0.08132687403121963
2013-05-12T00:00:00Z,15.0,4.666666666666671,220.0,0.09175482206046581
2013-05-12T00:00:00Z,15.0,4.333333333333343,220.0,0.10644181678071618
2013-05-12T00:00:00Z,15.0,4.0,220.0,0.10983146261423826
2013-05-12T00:00:00Z,15.0,3.6666666666666714,220.0,0.09779979729501065
2013-05-12T00:00:00Z,15.0,3.333333333333343,220.0,0.07287377677857876
2013-05-12T00:00:00Z,15.0,3.0,220.0,0.04077299311757088
2013-05-12T00:00:00Z,15.0,2.6666666666666714,220.0,0.008031817618757486
2013-05-12T00:00:00Z,15.0,2.333333333333343,220.0,-0.019516833126544952
2013-05-12T00:00:00Z,15.0,2.0,220.0,-0.03759131580591202
2013-05-12T00:00:00Z,15.0,1.6666666666666714,220.0,-0.04381602257490158
2013-05-12T00:00:00Z,15.0,1.3333333333333428,220.0,-0.037728630006313324
2013-05-12T00:00:00Z,15.0,1.0,220.0,-0.020563684403896332
2013-05-12T00:00:00Z,15.0,0.6666666666666714,220.0,0.005087606608867645
2013-05-12T00:00:00Z,15.0,0.3333333333333428,220.0,0.035664789378643036
2013-05-12T00:00:00Z,15.0,0.0,220.0,0.06702083349227905
2013-05-17T00:00:00Z,15.0,12.0,220.0,-0.11478492524474859
2013-05-17T00:00:00Z,15.0,11.666666666666671,220.0,-0.20957469753921032
2013-05-17T00:00:00Z,15.0,11.333333333333343,220.0,-0.2659355215728283
2013-05-17T00:00:00Z,15.0,11.0,220.0,-0.25909049808979034
2013-05-17T00:00:00Z,15.0,10.666666666666671,220.0,-0.2129463218152523
2013-05-17T00:00:00Z,15.0,10.333333333333343,220.0,-0.15154519956558943
2013-05-17T00:00:00Z,15.0,10.0,220.0,-0.11999339563772082
2013-05-17T00:00:00Z,15.0,9.666666666666671,220.0,-0.12185376044362783
2013-05-17T00:00:00Z,15.0,9.333333333333343,220.0,-0.11374184893793426
2013-05-17T00:00:00Z,15.0,9.0,220.0,-0.11059252195991576
2013-05-17T00:00:00Z,15.0,8.666666666666671,220.0,-0.1166966138407588
2013-05-17T00:00:00Z,15.0,8.333333333333343,220.0,-0.13299103919416666
2013-05-17T00:00:00Z,15.0,8.0,220.0,-0.10773409670218825
2013-05-17T00:00:00Z,15.0,7.666666666666671,220.0,-0.0499587613157928
2013-05-17T00:00:00Z,15.0,7.333333333333343,220.0,0.018170764669775963
2013-05-17T00:00:00Z,15.0,7.0,220.0,0.03134444635361433
2013-05-17T00:00:00Z,15.0,6.666666666666671,220.0,0.025806173216551542
2013-05-17T00:00:00Z,15.0,6.333333333333343,220.0,0.10407707095146179
2013-05-17T00:00:00Z,15.0,6.0,220.0,0.16980744537431747
2013-05-17T00:00:00Z,15.0,5.666666666666671,220.0,0.22496688037062995
2013-05-17T00:00:00Z,15.0,5.333333333333343,220.0,0.24705488453037106
2013-05-17T00:00:00Z,15.0,5.0,220.0,0.2432696344330907
2013-05-17T00:00:00Z,15.0,4.666666666666671,220.0,0.24034071061760187
2013-05-17T00:00:00Z,15.0,4.333333333333343,220.0,0.2224694862961769
2013-05-17T00:00:00Z,15.0,4.0,220.0,0.18247148673981428
2013-05-17T00:00:00Z,15.0,3.6666666666666714,220.0,0.12232809964916669
2013-05-17T00:00:00Z,15.0,3.333333333333343,220.0,0.049009278416633606
2013-05-17T00:00:00Z,15.0,3.0,220.0,-0.028548015281558037
2013-05-17T00:00:00Z,15.0,2.6666666666666714,220.0,-0.1015117447823286
2013-05-17T00:00:00Z,15.0,2.333333333333343,220.0,-0.16246397979557514
2013-05-17T00:00:00Z,15.0,2.0,220.0,-0.20611462742090225
2013-05-17T00:00:00Z,15.0,1.6666666666666714,220.0,-0.22956713661551476
2013-05-17T00:00:00Z,15.0,1.3333333333333428,220.0,-0.23226472735404968
2013-05-17T00:00:00Z,15.0,1.0,220.0,-0.2157253921031952
2013-05-17T00:00:00Z,15.0,0.6666666666666714,220.0,-0.18315480649471283
2013-05-17T00:00:00Z,15.0,0.3333333333333428,220.0,-0.13900688290596008
2013-05-17T00:00:00Z,15.0,0.0,220.0,-0.08854168653488159
2013-05-22T00:00:00Z,15.0,12.0,220.0,-0.12388696800917387
2013-05-22T00:00:00Z,15.0,11.666666666666671,220.0,-0.1863763863220811
2013-05-22T00:00:00Z,15.0,11.333333333333343,220.0,-0.21697001066058874
2013-05-22T00:00:00Z,15.0,11.0,220.0,-0.22049220465123653
2013-05-22T00:00:00Z,15.0,10.666666666666671,220.0,-0.20195169746875763
2013-05-22T00:00:00Z,15.0,10.333333333333343,220.0,-0.16158330999314785
2013-05-22T00:00:00Z,15.0,10.0,220.0,-0.1349059073254466
2013-05-22T00:00:00Z,15.0,9.666666666666671,220.0,-0.12574954237788916
2013-05-22T00:00:00Z,15.0,9.333333333333343,220.0,-0.11281136446632445
2013-05-22T00:00:00Z,15.0,9.0,220.0,-0.1128310402855277
2013-05-22T00:00:00Z,15.0,8.666666666666671,220.0,-0.12002513866173103
2013-05-22T00:00:00Z,15.0,8.333333333333343,220.0,-0.1140115384478122
2013-05-22T00:00:00Z,15.0,8.0,220.0,-0.04240290797315538
2013-05-22T00:00:00Z,15.0,7.666666666666671,220.0,0.05218821100424975
2013-05-22T00:00:00Z,15.0,7.333333333333343,220.0,0.12869984982535243
2013-05-22T00:00:00Z,15.0,7.0,220.0,0.15264131303410977
2013-05-22T00:00:00Z,15.0,6.666666666666671,220.0,0.16522344344411977
2013-05-22T00:00:00Z,15.0,6.333333333333343,220.0,0.22740368132508593
2013-05-22T00:00:00Z,15.0,6.0,220.0,0.2387068069074303
2013-05-22T00:00:00Z,15.0,5.666666666666671,220.0,0.24234055215492845
2013-05-22T00:00:00Z,15.0,5.333333333333343,220.0,0.25771799380891025
2013-05-22T00:00:00Z,15.0,5.0,220.0,0.290958893019706
2013-05-22T00:00:00Z,15.0,4.666666666666671,220.0,0.34388000750914216
2013-05-22T00:00:00Z,15.0,4.333333333333343,220.0,0.35904710955219343
2013-05-22T00:00:00Z,15.0,4.0,220.0,0.3138578743673861
2013-05-22T00:00:00Z,15.0,3.6666666666666714,220.0,0.21771254763007164
2013-05-22T00:00:00Z,15.0,3.333333333333343,220.0,0.09367205342277884
2013-05-22T00:00:00Z,15.0,3.0,220.0,-0.033102864399552345
2013-05-22T00:00:00Z,15.0,2.6666666666666714,220.0,-0.14178349450230598
2013-05-22T00:00:00Z,15.0,2.333333333333343,220.0,-0.21861771494150162
2013-05-22T00:00:00Z,15.0,2.0,220.0,-0.2572185229510069
2013-05-22T00:00:00Z,15.0,1.6666666666666714,220.0,-0.25741688162088394
2013-05-22T00:00:00Z,15.0,1.3333333333333428,220.0,-0.2234889604151249
2013-05-22T00:00:00Z,15.0,1.0,220.0,-0.1623573824763298
2013-05-22T00:00:00Z,15.0,0.6666666666666714,220.0,-0.08215521275997162
2013-05-22T00:00:00Z,15.0,0.3333333333333428,220.0,0.008669007569551468
2013-05-22T00:00:00Z,15.0,0.0,220.0,0.10173714347183704
2013-05-28T00:00:00Z,15.0,12.0,220.0,-0.19496173597872257
2013-05-28T00:00:00Z,15.0,11.666666666666671,220.0,-0.2092656921595335
2013-05-28T00:00:00Z,15.0,11.333333333333343,220.0,-0.19732582941651344
2013-05-28T00:00:00Z,15.0,11.0,220.0,-0.19483878649771214
2013-05-28T00:00:00Z,15.0,10.666666666666671,220.0,-0.19508927129209042
2013-05-28T00:00:00Z,15.0,10.333333333333343,220.0,-0.1749992910772562
2013-05-28T00:00:00Z,15.0,10.0,220.0,-0.15210245456546545
2013-05-28T00:00:00Z,15.0,9.666666666666671,220.0,-0.1260746642947197
2013-05-28T00:00:00Z,15.0,9.333333333333343,220.0,-0.09936739527620375
2013-05-28T00:00:00Z,15.0,9.0,220.0,-0.08983217598870397
2013-05-28T00:00:00Z,15.0,8.666666666666671,220.0,-0.0824134573340416
2013-05-28T00:00:00Z,15.0,8.333333333333343,220.0,-0.054389445343986154
2013-05-28T00:00:00Z,15.0,8.0,220.0,0.03085639956407249
2013-05-28T00:00:00Z,15.0,7.666666666666671,220.0,0.15628829156048596
2013-05-28T00:00:00Z,15.0,7.333333333333343,220.0,0.30474395683268085
2013-05-28T00:00:00Z,15.0,7.0,220.0,0.42459531978238374
2013-05-28T00:00:00Z,15.0,6.666666666666671,220.0,0.4483819827437401
2013-05-28T00:00:00Z,15.0,6.333333333333343,220.0,0.4213141574000474
2013-05-28T00:00:00Z,15.0,6.0,220.0,0.3578570266254246
2013-05-28T00:00:00Z,15.0,5.666666666666671,220.0,0.28547974675893784
2013-05-28T00:00:00Z,15.0,5.333333333333343,220.0,0.17839778074994683
2013-05-28T00:00:00Z,15.0,5.0,220.0,0.10026333061978221
2013-05-28T00:00:00Z,15.0,4.666666666666671,220.0,0.08018283918499947
2013-05-28T00:00:00Z,15.0,4.333333333333343,220.0,0.0709042502567172
2013-05-28T00:00:00Z,15.0,4.0,220.0,0.04823571490123868
2013-05-28T00:00:00Z,15.0,3.6666666666666714,220.0,0.011201668530702591
2013-05-28T00:00:00Z,15.0,3.333333333333343,220.0,-0.03036985732614994
2013-05-28T00:00:00Z,15.0,3.0,220.0,-0.06384172290563583
2013-05-28T00:00:00Z,15.0,2.6666666666666714,220.0,-0.0783915426582098
2013-05-28T00:00:00Z,15.0,2.333333333333343,220.0,-0.06718138558790088
2013-05-28T00:00:00Z,15.0,2.0,220.0,-0.02785905823111534
2013-05-28T00:00:00Z,15.0,1.6666666666666714,220.0,0.037954626604914665
2013-05-28T00:00:00Z,15.0,1.3333333333333428,220.0,0.12566872499883175
2013-05-28T00:00:00Z,15.0,1.0,220.0,0.22882263734936714
2013-05-28T00:00:00Z,15.0,0.6666666666666714,220.0,0.34002235159277916
2013-05-28T00:00:00Z,15.0,0.3333333333333428,220.0,0.451581921428442
2013-05-28T00:00:00Z,15.0,0.0,220.0,0.5558700822293758
2013-06-02T00:00:00Z,15.0,12.0,220.0,-0.2606721669435501
2013-06-02T00:00:00Z,15.0,11.666666666666671,220.0,-0.24204950965940952
2013-06-02T00:00:00Z,15.0,11.333333333333343,220.0,-0.19643512275069952
2013-06-02T00:00:00Z,15.0,11.0,220.0,-0.18567071482539177
2013-06-02T00:00:00Z,15.0,10.666666666666671,220.0,-0.2029519327916205
2013-06-02T00:00:00Z,15.0,10.333333333333343,220.0,-0.21285040653310716
2013-06-02T00:00:00Z,15.0,10.0,220.0,-0.20032050786539912
2013-06-02T00:00:00Z,15.0,9.666666666666671,220.0,-0.15954446326941252
2013-06-02T00:00:00Z,15.0,9.333333333333343,220.0,-0.10617733281105757
2013-06-02T00:00:00Z,15.0,9.0,220.0,-0.07031687907874584
2013-06-02T00:00:00Z,15.0,8.666666666666671,220.0,-0.026334566995501518
2013-06-02T00:00:00Z,15.0,8.333333333333343,220.0,0.0675620473921299
2013-06-02T00:00:00Z,15.0,8.0,220.0,0.20052730821771547
2013-06-02T00:00:00Z,15.0,7.666666666666671,220.0,0.3189053441165015
2013-06-02T00:00:00Z,15.0,7.333333333333343,220.0,0.40303265873808414
2013-06-02T00:00:00Z,15.0,7.0,220.0,0.42797221518594597
2013-06-02T00:00:00Z,15.0,6.666666666666671,220.0,0.3846957813948393
2013-06-02T00:00:00Z,15.0,6.333333333333343,220.0,0.34394224220886827
2013-06-02T00:00:00Z,15.0,6.0,220.0,0.29623833554796875
2013-06-02T00:00:00Z,15.0,5.666666666666671,220.0,0.25764702819287777
2013-06-02T00:00:00Z,15.0,5.333333333333343,220.0,0.1673562964424491
2013-06-02T00:00:00Z,15.0,5.0,220.0,0.08091154042631388
2013-06-02T00:00:00Z,15.0,4.666666666666671,220.0,0.03868717129807919
2013-06-02T00:00:00Z,15.0,4.333333333333343,220.0,0.008244700729846954
2013-06-02T00:00:00Z,15.0,4.0,220.0,-0.027226481586694717
2013-06-02T00:00:00Z,15.0,3.6666666666666714,220.0,-0.06843920238316059
2013-06-02T00:00:00Z,15.0,3.333333333333343,220.0,-0.10834351368248463
2013-06-02T00:00:00Z,15.0,3.0,220.0,-0.13764644553884864
2013-06-02T00:00:00Z,15.0,2.6666666666666714,220.0,-0.14815047197043896
2013-06-02T00:00:00Z,15.0,2.333333333333343,220.0,-0.13446826953440905
2013-06-02T00:00:00Z,15.0,2.0,220.0,-0.09459525160491467
2013-06-02T00:00:00Z,15.0,1.6666666666666714,220.0,-0.029745303094387054
2013-06-02T00:00:00Z,15.0,1.3333333333333428,220.0,0.05622121877968311
2013-06-02T00:00:00Z,15.0,1.0,220.0,0.15752428770065308
2013-06-02T00:00:00Z,15.0,0.6666666666666714,220.0,0.26716892421245575
2013-06-02T00:00:00Z,15.0,0.3333333333333428,220.0,0.37752727419137955
2013-06-02T00:00:00Z,15.0,0.0,220.0,0.4807736277580261
2013-06-07T00:00:00Z,15.0,12.0,220.0,-0.2899240404367447
2013-06-07T00:00:00Z,15.0,11.666666666666671,220.0,-0.226891765370965
2013-06-07T00:00:00Z,15.0,11.333333333333343,220.0,-0.15363056119531393
2013-06-07T00:00:00Z,15.0,11.0,220.0,-0.14633851870894432
2013-06-07T00:00:00Z,15.0,10.666666666666671,220.0,-0.1915358726400882
2013-06-07T00:00:00Z,15.0,10.333333333333343,220.0,-0.23672063509002328
2013-06-07T00:00:00Z,15.0,10.0,220.0,-0.23678246419876814
2013-06-07T00:00:00Z,15.0,9.666666666666671,220.0,-0.18561106594279408
2013-06-07T00:00:00Z,15.0,9.333333333333343,220.0,-0.11148764379322529
2013-06-07T00:00:00Z,15.0,9.0,220.0,-0.04400893114507198
2013-06-07T00:00:00Z,15.0,8.666666666666671,220.0,0.05124692991375923
2013-06-07T00:00:00Z,15.0,8.333333333333343,220.0,0.20904564065858722
2013-06-07T00:00:00Z,15.0,8.0,220.0,0.3674095298629254
2013-06-07T00:00:00Z,15.0,7.666666666666671,220.0,0.4426183912437409
2013-06-07T00:00:00Z,15.0,7.333333333333343,220.0,0.4870058963424526
2013-06-07T00:00:00Z,15.0,7.0,220.0,0.5143520958372392
2013-06-07T00:00:00Z,15.0,6.666666666666671,220.0,0.46404471434652805
2013-06-07T00:00:00Z,15.0,6.333333333333343,220.0,0.3692104947695043
2013-06-07T00:00:00Z,15.0,6.0,220.0,0.2573646731325425
2013-06-07T00:00:00Z,15.0,5.666666666666671,220.0,0.19101474899798632
2013-06-07T00:00:00Z,15.0,5.333333333333343,220.0,0.0969110568985343
2013-06-07T00:00:00Z,15.0,5.0,220.0,0.008897105231881142
2013-06-07T00:00:00Z,15.0,4.666666666666671,220.0,-0.05139004625380039
2013-06-07T00:00:00Z,15.0,4.333333333333343,220.0,-0.09607669338583946
2013-06-07T00:00:00Z,15.0,4.0,220.0,-0.13082867860794067
2013-06-07T00:00:00Z,15.0,3.6666666666666714,220.0,-0.15512278489768505
2013-06-07T00:00:00Z,15.0,3.333333333333343,220.0,-0.16581401973962784
2013-06-07T00:00:00Z,15.0,3.0,220.0,-0.15947526972740889
2013-06-07T00:00:00Z,15.0,2.6666666666666714,220.0,-0.13378242952876462
2013-06-07T00:00:00Z,15.0,2.333333333333343,220.0,-0.08818569593131542
2013-06-07T00:00:00Z,15.0,2.0,220.0,-0.024075020104646683
2013-06-07T00:00:00Z,15.0,1.6666666666666714,220.0,0.055384937673807144
2013-06-07T00:00:00Z,15.0,1.3333333333333428,220.0,0.1456070952117443
2013-06-07T00:00:00Z,15.0,1.0,220.0,0.24101153016090393
2013-06-07T00:00:00Z,15.0,0.6666666666666714,220.0,0.3354543447494507
2013-06-07T00:00:00Z,15.0,0.3333333333333428,220.0,0.42261043190956116
2013-06-07T00:00:00Z,15.0,0.0,220.0,0.4962979704141617
2013-06-12T00:00:00Z,15.0,12.0,220.0,-0.2608555071055889
2013-06-12T00:00:00Z,15.0,11.666666666666671,220.0,-0.16513831540942192
2013-06-12T00:00:00Z,15.0,11.333333333333343,220.0,-0.09309052443131804
2013-06-12T00:00:00Z,15.0,11.0,220.0,-0.11239914875477552
2013-06-12T00:00:00Z,15.0,10.666666666666671,220.0,-0.20472224440891296
2013-06-12T00:00:00Z,15.0,10.333333333333343,220.0,-0.2887125201523304
2013-06-12T00:00:00Z,15.0,10.0,220.0,-0.3090221155434847
2013-06-12T00:00:00Z,15.0,9.666666666666671,220.0,-0.25339704658836126
2013-06-12T00:00:00Z,15.0,9.333333333333343,220.0,-0.15725678391754627
2013-06-12T00:00:00Z,15.0,9.0,220.0,-0.053720640018582344
2013-06-12T00:00:00Z,15.0,8.666666666666671,220.0,0.09977086633443832
2013-06-12T00:00:00Z,15.0,8.333333333333343,220.0,0.30140557885169983
2013-06-12T00:00:00Z,15.0,8.0,220.0,0.4372555813752115
2013-06-12T00:00:00Z,15.0,7.666666666666671,220.0,0.4265237464569509
2013-06-12T00:00:00Z,15.0,7.333333333333343,220.0,0.4919527373276651
2013-06-12T00:00:00Z,15.0,7.0,220.0,0.7062459050794132
2013-06-12T00:00:00Z,15.0,6.666666666666671,220.0,0.7781161270104349
2013-06-12T00:00:00Z,15.0,6.333333333333343,220.0,0.5689386808080599
2013-06-12T00:00:00Z,15.0,6.0,220.0,0.25907146045938134
2013-06-12T00:00:00Z,15.0,5.666666666666671,220.0,0.06194687611423433
2013-06-12T00:00:00Z,15.0,5.333333333333343,220.0,-0.08239276800304651
2013-06-12T00:00:00Z,15.0,5.0,220.0,-0.16331776604056358
2013-06-12T00:00:00Z,15.0,4.666666666666671,220.0,-0.21819908544421196
2013-06-12T00:00:00Z,15.0,4.333333333333343,220.0,-0.2462264709174633
2013-06-12T00:00:00Z,15.0,4.0,220.0,-0.24500444158911705
2013-06-12T00:00:00Z,15.0,3.6666666666666714,220.0,-0.21294203214347363
2013-06-12T00:00:00Z,15.0,3.333333333333343,220.0,-0.1508082076907158
2013-06-12T00:00:00Z,15.0,3.0,220.0,-0.0621922155842185
2013-06-12T00:00:00Z,15.0,2.6666666666666714,220.0,0.04677879298105836
2013-06-12T00:00:00Z,15.0,2.333333333333343,220.0,0.16816525580361485
2013-06-12T00:00:00Z,15.0,2.0,220.0,0.29313673358410597
2013-06-12T00:00:00Z,15.0,1.6666666666666714,220.0,0.4128951411694288
2013-06-12T00:00:00Z,15.0,1.3333333333333428,220.0,0.5194581635296345
2013-06-12T00:00:00Z,15.0,1.0,220.0,0.6062136106193066
2013-06-12T00:00:00Z,15.0,0.6666666666666714,220.0,0.6682087033987045
2013-06-12T00:00:00Z,15.0,0.3333333333333428,220.0,0.7021904364228249
2013-06-12T00:00:00Z,15.0,0.0,220.0,0.7064662948250771
2013-06-17T00:00:00Z,15.0,12.0,220.0,-0.2457741992548108
2013-06-17T00:00:00Z,15.0,11.666666666666671,220.0,-0.18524481914937496
2013-06-17T00:00:00Z,15.0,11.333333333333343,220.0,-0.14228309132158756
2013-06-17T00:00:00Z,15.0,11.0,220.0,-0.15006315056234598
2013-06-17T00:00:00Z,15.0,10.666666666666671,220.0,-0.22000320279039443
2013-06-17T00:00:00Z,15.0,10.333333333333343,220.0,-0.2983701234916225
2013-06-17T00:00:00Z,15.0,10.0,220.0,-0.3264985322020948
2013-06-17T00:00:00Z,15.0,9.666666666666671,220.0,-0.2778509221971035
2013-06-17T00:00:00Z,15.0,9.333333333333343,220.0,-0.17020661756396294
2013-06-17T00:00:00Z,15.0,9.0,220.0,-0.03580729849636555
2013-06-17T00:00:00Z,15.0,8.666666666666671,220.0,0.14240646455436945
2013-06-17T00:00:00Z,15.0,8.333333333333343,220.0,0.35492859687656164
2013-06-17T00:00:00Z,15.0,8.0,220.0,0.5445619368401822
2013-06-17T00:00:00Z,15.0,7.666666666666671,220.0,0.6310730418772437
2013-06-17T00:00:00Z,15.0,7.333333333333343,220.0,0.6800793434376828
2013-06-17T00:00:00Z,15.0,7.0,220.0,0.7028294103220105
2013-06-17T00:00:00Z,15.0,6.666666666666671,220.0,0.6455695321783423
2013-06-17T00:00:00Z,15.0,6.333333333333343,220.0,0.5211127148941159
2013-06-17T00:00:00Z,15.0,6.0,220.0,0.34256129967980087
2013-06-17T00:00:00Z,15.0,5.666666666666671,220.0,0.2134198927669786
2013-06-17T00:00:00Z,15.0,5.333333333333343,220.0,0.08970419317483902
2013-06-17T00:00:00Z,15.0,5.0,220.0,-0.0564266350120306
2013-06-17T00:00:00Z,15.0,4.666666666666671,220.0,-0.1823174450546503
2013-06-17T00:00:00Z,15.0,4.333333333333343,220.0,-0.2734662629663944
2013-06-17T00:00:00Z,15.0,4.0,220.0,-0.3238244242966175
2013-06-17T00:00:00Z,15.0,3.6666666666666714,220.0,-0.3356117270886898
2013-06-17T00:00:00Z,15.0,3.333333333333343,220.0,-0.3151420336216688
2013-06-17T00:00:00Z,15.0,3.0,220.0,-0.27015533670783043
2013-06-17T00:00:00Z,15.0,2.6666666666666714,220.0,-0.20828416012227535
2013-06-17T00:00:00Z,15.0,2.333333333333343,220.0,-0.13632877636700869
2013-06-17T00:00:00Z,15.0,2.0,220.0,-0.0600642025237903
2013-06-17T00:00:00Z,15.0,1.6666666666666714,220.0,0.015649640932679176
2013-06-17T00:00:00Z,15.0,1.3333333333333428,220.0,0.0866358820348978
2013-06-17T00:00:00Z,15.0,1.0,220.0,0.1491796299815178
2013-06-17T00:00:00Z,15.0,0.6666666666666714,220.0,0.19990277290344238
2013-06-17T00:00:00Z,15.0,0.3333333333333428,220.0,0.23577161878347397
2013-06-17T00:00:00Z,15.0,0.0,220.0,0.25422634184360504
2013-06-22T00:00:00Z,15.0,12.0,220.0,-0.2432483173906803
2013-06-22T00:00:00Z,15.0,11.666666666666671,220.0,-0.22888153977692127
2013-06-22T00:00:00Z,15.0,11.333333333333343,220.0,-0.21277247928082943
2013-06-22T00:00:00Z,15.0,11.0,220.0,-0.20863669365644455
2013-06-22T00:00:00Z,15.0,10.666666666666671,220.0,-0.2405758206732571
2013-06-22T00:00:00Z,15.0,10.333333333333343,220.0,-0.280920680728741
2013-06-22T00:00:00Z,15.0,10.0,220.0,-0.27899210434406996
2013-06-22T00:00:00Z,15.0,9.666666666666671,220.0,-0.22088671778328717
2013-06-22T00:00:00Z,15.0,9.333333333333343,220.0,-0.11516752582974732
2013-06-22T00:00:00Z,15.0,9.0,220.0,0.006275964435189962
2013-06-22T00:00:00Z,15.0,8.666666666666671,220.0,0.1613975977525115
2013-06-22T00:00:00Z,15.0,8.333333333333343,220.0,0.36942669365089387
2013-06-22T00:00:00Z,15.0,8.0,220.0,0.5666012317233253
2013-06-22T00:00:00Z,15.0,7.666666666666671,220.0,0.6472224410390481
2013-06-22T00:00:00Z,15.0,7.333333333333343,220.0,0.659928145352751
2013-06-22T00:00:00Z,15.0,7.0,220.0,0.6199988948646933
2013-06-22T00:00:00Z,15.0,6.666666666666671,220.0,0.5500463973730803
2013-06-22T00:00:00Z,15.0,6.333333333333343,220.0,0.49143650894984603
2013-06-22T00:00:00Z,15.0,6.0,220.0,0.38790087949018925
2013-06-22T00:00:00Z,15.0,5.666666666666671,220.0,0.29188787774182856
2013-06-22T00:00:00Z,15.0,5.333333333333343,220.0,0.2038547471165657
2013-06-22T00:00:00Z,15.0,5.0,220.0,0.10460626892745495
2013-06-22T00:00:00Z,15.0,4.666666666666671,220.0,0.03005012683570385
2013-06-22T00:00:00Z,15.0,4.333333333333343,220.0,-0.03797739930450916
2013-06-22T00:00:00Z,15.0,4.0,220.0,-0.10802450962364674
2013-06-22T00:00:00Z,15.0,3.6666666666666714,220.0,-0.17924293968826532
2013-06-22T00:00:00Z,15.0,3.333333333333343,220.0,-0.24652642570436
2013-06-22T00:00:00Z,15.0,3.0,220.0,-0.30384665727615356
2013-06-22T00:00:00Z,15.0,2.6666666666666714,220.0,-0.34620426222682
2013-06-22T00:00:00Z,15.0,2.333333333333343,220.0,-0.37056199461221695
2013-06-22T00:00:00Z,15.0,2.0,220.0,-0.37607522681355476
2013-06-22T00:00:00Z,15.0,1.6666666666666714,220.0,-0.36388305574655533
2013-06-22T00:00:00Z,15.0,1.3333333333333428,220.0,-0.33667352609336376
2013-06-22T00:00:00Z,15.0,1.0,220.0,-0.29818274709396064
2013-06-22T00:00:00Z,15.0,0.6666666666666714,220.0,-0.25273862667381763
2013-06-22T00:00:00Z,15.0,0.3333333333333428,220.0,-0.20490682870149612
2013-06-22T00:00:00Z,15.0,0.0,220.0,-0.15924569964408875
2013-06-27T00:00:00Z,15.0,12.0,220.0,-0.2393412336241454
2013-06-27T00:00:00Z,15.0,11.666666666666671,220.0,-0.2678376301191747
2013-06-27T00:00:00Z,15.0,11.333333333333343,220.0,-0.27145677618682384
2013-06-27T00:00:00Z,15.0,11.0,220.0,-0.26035374123603106
2013-06-27T00:00:00Z,15.0,10.666666666666671,220.0,-0.26608227007091045
2013-06-27T00:00:00Z,15.0,10.333333333333343,220.0,-0.2724447001237422
2013-06-27T00:00:00Z,15.0,10.0,220.0,-0.24163159169256687
2013-06-27T00:00:00Z,15.0,9.666666666666671,220.0,-0.17009736644104123
2013-06-27T00:00:00Z,15.0,9.333333333333343,220.0,-0.0674703448312357
2013-06-27T00:00:00Z,15.0,9.0,220.0,0.028009967878460884
2013-06-27T00:00:00Z,15.0,8.666666666666671,220.0,0.15816666139289737
2013-06-27T00:00:00Z,15.0,8.333333333333343,220.0,0.37082357448525727
2013-06-27T00:00:00Z,15.0,8.0,220.0,0.5547818694612943
2013-06-27T00:00:00Z,15.0,7.666666666666671,220.0,0.5781509921944235
2013-06-27T00:00:00Z,15.0,7.333333333333343,220.0,0.5524674209300429
2013-06-27T00:00:00Z,15.0,7.0,220.0,0.5227850835071877
2013-06-27T00:00:00Z,15.0,6.666666666666671,220.0,0.4841672871261835
2013-06-27T00:00:00Z,15.0,6.333333333333343,220.0,0.461404136614874
2013-06-27T00:00:00Z,15.0,6.0,220.0,0.3791648312471807
2013-06-27T00:00:00Z,15.0,5.666666666666671,220.0,0.28326657181605697
2013-06-27T00:00:00Z,15.0,5.333333333333343,220.0,0.22384480852633715
2013-06-27T00:00:00Z,15.0,5.0,220.0,0.22329954616725445
2013-06-27T00:00:00Z,15.0,4.666666666666671,220.0,0.2580522894859314
2013-06-27T00:00:00Z,15.0,4.333333333333343,220.0,0.2560815457254648
2013-06-27T00:00:00Z,15.0,4.0,220.0,0.18625295022502542
2013-06-27T00:00:00Z,15.0,3.6666666666666714,220.0,0.056007594568654895
2013-06-27T00:00:00Z,15.0,3.333333333333343,220.0,-0.11022491753101349
2013-06-27T00:00:00Z,15.0,3.0,220.0,-0.2846364164724946
2013-06-27T00:00:00Z,15.0,2.6666666666666714,220.0,-0.4436266515403986
2013-06-27T00:00:00Z,15.0,2.333333333333343,220.0,-0.5710698589682579
2013-06-27T00:00:00Z,15.0,2.0,220.0,-0.658715020865202
2013-06-27T00:00:00Z,15.0,1.6666666666666714,220.0,-0.7049236446619034
2013-06-27T00:00:00Z,15.0,1.3333333333333428,220.0,-0.7126990742981434
2013-06-27T00:00:00Z,15.0,1.0,220.0,-0.6877116952091455
2013-06-27T00:00:00Z,15.0,0.6666666666666714,220.0,-0.636773943901062
2013-06-27T00:00:00Z,15.0,0.3333333333333428,220.0,-0.5669699758291245
2013-06-27T00:00:00Z,15.0,0.0,220.0,-0.4853942170739174
2013-07-02T00:00:00Z,15.0,12.0,220.0,-0.28210071939975023
2013-07-02T00:00:00Z,15.0,11.666666666666671,220.0,-0.3593095485121012
2013-07-02T00:00:00Z,15.0,11.333333333333343,220.0,-0.3709208872169256
2013-07-02T00:00:00Z,15.0,11.0,220.0,-0.3279813313856721
2013-07-02T00:00:00Z,15.0,10.666666666666671,220.0,-0.2784530473873019
2013-07-02T00:00:00Z,15.0,10.333333333333343,220.0,-0.2291711582802236
2013-07-02T00:00:00Z,15.0,10.0,220.0,-0.1603321994189173
2013-07-02T00:00:00Z,15.0,9.666666666666671,220.0,-0.07287368166726083
2013-07-02T00:00:00Z,15.0,9.333333333333343,220.0,0.010402496962342411
2013-07-02T00:00:00Z,15.0,9.0,220.0,0.043369148625060916
2013-07-02T00:00:00Z,15.0,8.666666666666671,220.0,0.08930324111133814
2013-07-02T00:00:00Z,15.0,8.333333333333343,220.0,0.28814449650235474
2013-07-02T00:00:00Z,15.0,8.0,220.0,0.556397553998977
2013-07-02T00:00:00Z,15.0,7.666666666666671,220.0,0.6466885178815573
2013-07-02T00:00:00Z,15.0,7.333333333333343,220.0,0.635007596691139
2013-07-02T00:00:00Z,15.0,7.0,220.0,0.6124455240205862
2013-07-02T00:00:00Z,15.0,6.666666666666671,220.0,0.4908778185781557
2013-07-02T00:00:00Z,15.0,6.333333333333343,220.0,0.3185195424593985
2013-07-02T00:00:00Z,15.0,6.0,220.0,0.23035631608217955
2013-07-02T00:00:00Z,15.0,5.666666666666671,220.0,0.2987843642185908
2013-07-02T00:00:00Z,15.0,5.333333333333343,220.0,0.35730805387720466
2013-07-02T00:00:00Z,15.0,5.0,220.0,0.3089644154533744
2013-07-02T00:00:00Z,15.0,4.666666666666671,220.0,0.2142782937735319
2013-07-02T00:00:00Z,15.0,4.333333333333343,220.0,0.0883229123428464
2013-07-02T00:00:00Z,15.0,4.0,220.0,-0.0532769737765193
2013-07-02T00:00:00Z,15.0,3.6666666666666714,220.0,-0.1975886756554246
2013-07-02T00:00:00Z,15.0,3.333333333333343,220.0,-0.3341946806758642
2013-07-02T00:00:00Z,15.0,3.0,220.0,-0.45505744963884354
2013-07-02T00:00:00Z,15.0,2.6666666666666714,220.0,-0.5544013120234013
2013-07-02T00:00:00Z,15.0,2.333333333333343,220.0,-0.628591600805521
2013-07-02T00:00:00Z,15.0,2.0,220.0,-0.6759953051805496
2013-07-02T00:00:00Z,15.0,1.6666666666666714,220.0,-0.6968121100217104
2013-07-02T00:00:00Z,15.0,1.3333333333333428,220.0,-0.6928686611354351
2013-07-02T00:00:00Z,15.0,1.0,220.0,-0.6673738178797066
2013-07-02T00:00:00Z,15.0,0.6666666666666714,220.0,-0.624637370929122
2013-07-02T00:00:00Z,15.0,0.3333333333333428,220.0,-0.5697566904127598
2013-07-02T00:00:00Z,15.0,0.0,220.0,-0.5082843974232674
2013-07-07T00:00:00Z,15.0,12.0,220.0,-0.27664442593231797
2013-07-07T00:00:00Z,15.0,11.666666666666671,220.0,-0.345664378721267
2013-07-07T00:00:00Z,15.0,11.333333333333343,220.0,-0.35636581387370825
2013-07-07T00:00:00Z,15.0,11.0,220.0,-0.3242648793384433
2013-07-07T00:00:00Z,15.0,10.666666666666671,220.0,-0.2758140389341861
2013-07-07T00:00:00Z,15.0,10.333333333333343,220.0,-0.21178197721019387
2013-07-07T00:00:00Z,15.0,10.0,220.0,-0.13464744202792645
2013-07-07T00:00:00Z,15.0,9.666666666666671,220.0,-0.05195415970956674
2013-07-07T00:00:00Z,15.0,9.333333333333343,220.0,0.01856159680755809
2013-07-07T00:00:00Z,15.0,9.0,220.0,0.041165927425026894
2013-07-07T00:00:00Z,15.0,8.666666666666671,220.0,0.0792730987741379
2013-07-07T00:00:00Z,15.0,8.333333333333343,220.0,0.24300572590436786
2013-07-07T00:00:00Z,15.0,8.0,220.0,0.4402504686731845
2013-07-07T00:00:00Z,15.0,7.666666666666671,220.0,0.4855792918242514
2013-07-07T00:00:00Z,15.0,7.333333333333343,220.0,0.5164703619666398
2013-07-07T00:00:00Z,15.0,7.0,220.0,0.6037625856697559
2013-07-07T00:00:00Z,15.0,6.666666666666671,220.0,0.5854876504745334
2013-07-07T00:00:00Z,15.0,6.333333333333343,220.0,0.45634412998333573
2013-07-07T00:00:00Z,15.0,6.0,220.0,0.34184845024719834
2013-07-07T00:00:00Z,15.0,5.666666666666671,220.0,0.34637381485663354
2013-07-07T00:00:00Z,15.0,5.333333333333343,220.0,0.30976425809785724
2013-07-07T00:00:00Z,15.0,5.0,220.0,0.17609028646256775
2013-07-07T00:00:00Z,15.0,4.666666666666671,220.0,0.08551757922396064
2013-07-07T00:00:00Z,15.0,4.333333333333343,220.0,0.0028602490201592445
2013-07-07T00:00:00Z,15.0,4.0,220.0,-0.09410245344042778
2013-07-07T00:00:00Z,15.0,3.6666666666666714,220.0,-0.21088016591966152
2013-07-07T00:00:00Z,15.0,3.333333333333343,220.0,-0.34262740239501
2013-07-07T00:00:00Z,15.0,3.0,220.0,-0.4790252447128296
2013-07-07T00:00:00Z,15.0,2.6666666666666714,220.0,-0.6078903339803219
2013-07-07T00:00:00Z,15.0,2.333333333333343,220.0,-0.717703191563487
2013-07-07T00:00:00Z,15.0,2.0,220.0,-0.7992331804707646
2013-07-07T00:00:00Z,15.0,1.6666666666666714,220.0,-0.8464286894304678
2013-07-07T00:00:00Z,15.0,1.3333333333333428,220.0,-0.8567269667983055
2013-07-07T00:00:00Z,15.0,1.0,220.0,-0.8309275638312101
2013-07-07T00:00:00Z,15.0,0.6666666666666714,220.0,-0.7727616764605045
2013-07-07T00:00:00Z,15.0,0.3333333333333428,220.0,-0.6882765851914883
2013-07-07T00:00:00Z,15.0,0.0,220.0,-0.5851443335413933
2013-07-12T00:00:00Z,15.0,12.0,220.0,-0.27590110525488853
2013-07-12T00:00:00Z,15.0,11.666666666666671,220.0,-0.34266613982617855
2013-07-12T00:00:00Z,15.0,11.333333333333343,220.0,-0.3659080397337675
2013-07-12T00:00:00Z,15.0,11.0,220.0,-0.3495009299367666
2013-07-12T00:00:00Z,15.0,10.666666666666671,220.0,-0.30103547405451536
2013-07-12T00:00:00Z,15.0,10.333333333333343,220.0,-0.2199188080849126
2013-07-12T00:00:00Z,15.0,10.0,220.0,-0.13526648299011867
2013-07-12T00:00:00Z,15.0,9.666666666666671,220.0,-0.06312320264987648
2013-07-12T00:00:00Z,15.0,9.333333333333343,220.0,-0.004372459836304188
2013-07-12T00:00:00Z,15.0,9.0,220.0,0.02467757067643106
2013-07-12T00:00:00Z,15.0,8.666666666666671,220.0,0.0778986755758524
2013-07-12T00:00:00Z,15.0,8.333333333333343,220.0,0.21780306463188026
2013-07-12T00:00:00Z,15.0,8.0,220.0,0.3727147287572734
2013-07-12T00:00:00Z,15.0,7.666666666666671,220.0,0.4236950968625024
2013-07-12T00:00:00Z,15.0,7.333333333333343,220.0,0.48474899237044156
2013-07-12T00:00:00Z,15.0,7.0,220.0,0.5759610063396394
2013-07-12T00:00:00Z,15.0,6.666666666666671,220.0,0.5827287829015404
2013-07-12T00:00:00Z,15.0,6.333333333333343,220.0,0.5189176448620856
2013-07-12T00:00:00Z,15.0,6.0,220.0,0.4222490545362234
2013-07-12T00:00:00Z,15.0,5.666666666666671,220.0,0.37206469755619764
2013-07-12T00:00:00Z,15.0,5.333333333333343,220.0,0.2669569789431989
2013-07-12T00:00:00Z,15.0,5.0,220.0,0.10161812882870436
2013-07-12T00:00:00Z,15.0,4.666666666666671,220.0,0.03800549916923046
2013-07-12T00:00:00Z,15.0,4.333333333333343,220.0,0.0022853505797684193
2013-07-12T00:00:00Z,15.0,4.0,220.0,-0.0530263427644968
2013-07-12T00:00:00Z,15.0,3.6666666666666714,220.0,-0.14242755249142647
2013-07-12T00:00:00Z,15.0,3.333333333333343,220.0,-0.2610536254942417
2013-07-12T00:00:00Z,15.0,3.0,220.0,-0.39445944502949715
2013-07-12T00:00:00Z,15.0,2.6666666666666714,220.0,-0.5252938233315945
2013-07-12T00:00:00Z,15.0,2.333333333333343,220.0,-0.6375246196985245
2013-07-12T00:00:00Z,15.0,2.0,220.0,-0.718796867877245
2013-07-12T00:00:00Z,15.0,1.6666666666666714,220.0,-0.76143270265311
2013-07-12T00:00:00Z,15.0,1.3333333333333428,220.0,-0.7625033468939364
2013-07-12T00:00:00Z,15.0,1.0,220.0,-0.7233314402401447
2013-07-12T00:00:00Z,15.0,0.6666666666666714,220.0,-0.6487047001719475
2013-07-12T00:00:00Z,15.0,0.3333333333333428,220.0,-0.5460060387849808
2013-07-12T00:00:00Z,15.0,0.0,220.0,-0.4243921488523483
2013-07-17T00:00:00Z,15.0,12.0,220.0,-0.2019600961357355
2013-07-17T00:00:00Z,15.0,11.666666666666671,220.0,-0.2768095154315233
2013-07-17T00:00:00Z,15.0,11.333333333333343,220.0,-0.3353886613622308
2013-07-17T00:00:00Z,15.0,11.0,220.0,-0.34439882170408964
2013-07-17T00:00:00Z,15.0,10.666666666666671,220.0,-0.29508250241633505
2013-07-17T00:00:00Z,15.0,10.333333333333343,220.0,-0.20847423048689961
2013-07-17T00:00:00Z,15.0,10.0,220.0,-0.13118054601363838
2013-07-17T00:00:00Z,15.0,9.666666666666671,220.0,-0.08219914947403595
2013-07-17T00:00:00Z,15.0,9.333333333333343,220.0,-0.03561083157546818
2013-07-17T00:00:00Z,15.0,9.0,220.0,0.02832720533479005
2013-07-17T00:00:00Z,15.0,8.666666666666671,220.0,0.12866002647206187
2013-07-17T00:00:00Z,15.0,8.333333333333343,220.0,0.2633634935482405
2013-07-17T00:00:00Z,15.0,8.0,220.0,0.4320872363168746
2013-07-17T00:00:00Z,15.0,7.666666666666671,220.0,0.5734935991931707
2013-07-17T00:00:00Z,15.0,7.333333333333343,220.0,0.6399377705529332
2013-07-17T00:00:00Z,15.0,7.0,220.0,0.5512398355640471
2013-07-17T00:00:00Z,15.0,6.666666666666671,220.0,0.4334074112121016
2013-07-17T00:00:00Z,15.0,6.333333333333343,220.0,0.4536950597539544
2013-07-17T00:00:00Z,15.0,6.0,220.0,0.43614616990089417
2013-07-17T00:00:00Z,15.0,5.666666666666671,220.0,0.3395596584305167
2013-07-17T00:00:00Z,15.0,5.333333333333343,220.0,0.2139138337224722
2013-07-17T00:00:00Z,15.0,5.0,220.0,0.11767307529225945
2013-07-17T00:00:00Z,15.0,4.666666666666671,220.0,0.1056305430829525
2013-07-17T00:00:00Z,15.0,4.333333333333343,220.0,0.09755269438028336
2013-07-17T00:00:00Z,15.0,4.0,220.0,0.052257049828767776
2013-07-17T00:00:00Z,15.0,3.6666666666666714,220.0,-0.031819313764572144
2013-07-17T00:00:00Z,15.0,3.333333333333343,220.0,-0.13747459650039673
2013-07-17T00:00:00Z,15.0,3.0,220.0,-0.242224283516407
2013-07-17T00:00:00Z,15.0,2.6666666666666714,220.0,-0.32615166157484055
2013-07-17T00:00:00Z,15.0,2.333333333333343,220.0,-0.37565143406391144
2013-07-17T00:00:00Z,15.0,2.0,220.0,-0.3843737952411175
2013-07-17T00:00:00Z,15.0,1.6666666666666714,220.0,-0.35245994105935097
2013-07-17T00:00:00Z,15.0,1.3333333333333428,220.0,-0.28494148794561625
2013-07-17T00:00:00Z,15.0,1.0,220.0,-0.18996156752109528
2013-07-17T00:00:00Z,15.0,0.6666666666666714,220.0,-0.07725619897246361
2013-07-17T00:00:00Z,15.0,0.3333333333333428,220.0,0.042881205677986145
2013-07-17T00:00:00Z,15.0,0.0,220.0,0.16014673560857773
2013-07-22T00:00:00Z,15.0,12.0,220.0,-0.09269269090145826
2013-07-22T00:00:00Z,15.0,11.666666666666671,220.0,-0.16527244728058577
2013-07-22T00:00:00Z,15.0,11.333333333333343,220.0,-0.26055487524718046
2013-07-22T00:00:00Z,15.0,11.0,220.0,-0.33287519589066505
2013-07-22T00:00:00Z,15.0,10.666666666666671,220.0,-0.3317426792345941
2013-07-22T00:00:00Z,15.0,10.333333333333343,220.0,-0.24403067701496184
2013-07-22T00:00:00Z,15.0,10.0,220.0,-0.12423442176077515
2013-07-22T00:00:00Z,15.0,9.666666666666671,220.0,-0.019198224297724664
2013-07-22T00:00:00Z,15.0,9.333333333333343,220.0,0.0692329024313949
2013-07-22T00:00:00Z,15.0,9.0,220.0,0.1552112700883299
2013-07-22T00:00:00Z,15.0,8.666666666666671,220.0,0.26159364078193903
2013-07-22T00:00:00Z,15.0,8.333333333333343,220.0,0.39051962783560157
2013-07-22T00:00:00Z,15.0,8.0,220.0,0.537848565261811
2013-07-22T00:00:00Z,15.0,7.666666666666671,220.0,0.6540437689982355
2013-07-22T00:00:00Z,15.0,7.333333333333343,220.0,0.7291487203910947
2013-07-22T00:00:00Z,15.0,7.0,220.0,0.7089817256201059
2013-07-22T00:00:00Z,15.0,6.666666666666671,220.0,0.6368290637619793
2013-07-22T00:00:00Z,15.0,6.333333333333343,220.0,0.5629624919965863
2013-07-22T00:00:00Z,15.0,6.0,220.0,0.3493085680529475
2013-07-22T00:00:00Z,15.0,5.666666666666671,220.0,0.04180652927607298
2013-07-22T00:00:00Z,15.0,5.333333333333343,220.0,-0.19169519050046802
2013-07-22T00:00:00Z,15.0,5.0,220.0,-0.21561385330278426
2013-07-22T00:00:00Z,15.0,4.666666666666671,220.0,-0.15259750559926033
2013-07-22T00:00:00Z,15.0,4.333333333333343,220.0,-0.08227594755589962
2013-07-22T00:00:00Z,15.0,4.0,220.0,-0.04920173063874245
2013-07-22T00:00:00Z,15.0,3.6666666666666714,220.0,-0.060482628643512726
2013-07-22T00:00:00Z,15.0,3.333333333333343,220.0,-0.10455681756138802
2013-07-22T00:00:00Z,15.0,3.0,220.0,-0.16345276311039925
2013-07-22T00:00:00Z,15.0,2.6666666666666714,220.0,-0.22005894780158997
2013-07-22T00:00:00Z,15.0,2.333333333333343,220.0,-0.2617390975356102
2013-07-22T00:00:00Z,15.0,2.0,220.0,-0.2814404908567667
2013-07-22T00:00:00Z,15.0,1.6666666666666714,220.0,-0.2772534750401974
2013-07-22T00:00:00Z,15.0,1.3333333333333428,220.0,-0.2511922516860068
2013-07-22T00:00:00Z,15.0,1.0,220.0,-0.2077776938676834
2013-07-22T00:00:00Z,15.0,0.6666666666666714,220.0,-0.15281428024172783
2013-07-22T00:00:00Z,15.0,0.3333333333333428,220.0,-0.09256500005722046
2013-07-22T00:00:00Z,15.0,0.0,220.0,-0.0333385169506073
2013-07-27T00:00:00Z,15.0,12.0,220.0,-0.019621090032160282
2013-07-27T00:00:00Z,15.0,11.666666666666671,220.0,-0.0875339899212122
2013-07-27T00:00:00Z,15.0,11.333333333333343,220.0,-0.18782292120158672
2013-07-27T00:00:00Z,15.0,11.0,220.0,-0.2913915291428566
2013-07-27T00:00:00Z,15.0,10.666666666666671,220.0,-0.3321837105322629
2013-07-27T00:00:00Z,15.0,10.333333333333343,220.0,-0.2638471034588292
2013-07-27T00:00:00Z,15.0,10.0,220.0,-0.12572755245491862
2013-07-27T00:00:00Z,15.0,9.666666666666671,220.0,0.026208802708424628
2013-07-27T00:00:00Z,15.0,9.333333333333343,220.0,0.16090059265843593
2013-07-27T00:00:00Z,15.0,9.0,220.0,0.26903154072351754
2013-07-27T00:00:00Z,15.0,8.666666666666671,220.0,0.3702360182069242
2013-07-27T00:00:00Z,15.0,8.333333333333343,220.0,0.4803684919606894
2013-07-27T00:00:00Z,15.0,8.0,220.0,0.5964407152496278
2013-07-27T00:00:00Z,15.0,7.666666666666671,220.0,0.6604328439570963
2013-07-27T00:00:00Z,15.0,7.333333333333343,220.0,0.6840424286201596
2013-07-27T00:00:00Z,15.0,7.0,220.0,0.6398635608202312
2013-07-27T00:00:00Z,15.0,6.666666666666671,220.0,0.5696318112313747
2013-07-27T00:00:00Z,15.0,6.333333333333343,220.0,0.5114232152700424
2013-07-27T00:00:00Z,15.0,6.0,220.0,0.33072557020932436
2013-07-27T00:00:00Z,15.0,5.666666666666671,220.0,0.10657900758087635
2013-07-27T00:00:00Z,15.0,5.333333333333343,220.0,-0.05726614594459534
2013-07-27T00:00:00Z,15.0,5.0,220.0,-0.08137300238013268
2013-07-27T00:00:00Z,15.0,4.666666666666671,220.0,-0.0784422904253006
2013-07-27T00:00:00Z,15.0,4.333333333333343,220.0,-0.0820559412240982
2013-07-27T00:00:00Z,15.0,4.0,220.0,-0.10819834470748901
2013-07-27T00:00:00Z,15.0,3.6666666666666714,220.0,-0.1557188518345356
2013-07-27T00:00:00Z,15.0,3.333333333333343,220.0,-0.21571238711476326
2013-07-27T00:00:00Z,15.0,3.0,220.0,-0.27746496722102165
2013-07-27T00:00:00Z,15.0,2.6666666666666714,220.0,-0.33180026710033417
2013-07-27T00:00:00Z,15.0,2.333333333333343,220.0,-0.3725564703345299
2013-07-27T00:00:00Z,15.0,2.0,220.0,-0.3968161102384329
2013-07-27T00:00:00Z,15.0,1.6666666666666714,220.0,-0.40440588211640716
2013-07-27T00:00:00Z,15.0,1.3333333333333428,220.0,-0.3970758290961385
2013-07-27T00:00:00Z,15.0,1.0,220.0,-0.37766171619296074
2013-07-27T00:00:00Z,15.0,0.6666666666666714,220.0,-0.3494274169206619
2013-07-27T00:00:00Z,15.0,0.3333333333333428,220.0,-0.315678134560585
2013-07-27T00:00:00Z,15.0,0.0,220.0,-0.27962788939476013
2013-08-01T00:00:00Z,15.0,12.0,220.0,0.03464757767505944
2013-08-01T00:00:00Z,15.0,11.666666666666671,220.0,-0.03307668390334584
2013-08-01T00:00:00Z,15.0,11.333333333333343,220.0,-0.12426864658482373
2013-08-01T00:00:00Z,15.0,11.0,220.0,-0.23528528097085655
2013-08-01T00:00:00Z,15.0,10.666666666666671,220.0,-0.3061261505354196
2013-08-01T00:00:00Z,15.0,10.333333333333343,220.0,-0.26509399816859514
2013-08-01T00:00:00Z,15.0,10.0,220.0,-0.12344196729827672
2013-08-01T00:00:00Z,15.0,9.666666666666671,220.0,0.06119404942728579
2013-08-01T00:00:00Z,15.0,9.333333333333343,220.0,0.23507023928686976
2013-08-01T00:00:00Z,15.0,9.0,220.0,0.3687990962062031
2013-08-01T00:00:00Z,15.0,8.666666666666671,220.0,0.4637683528708294
2013-08-01T00:00:00Z,15.0,8.333333333333343,220.0,0.5515306668821722
2013-08-01T00:00:00Z,15.0,8.0,220.0,0.6338255349546671
2013-08-01T00:00:00Z,15.0,7.666666666666671,220.0,0.6396738335024565
2013-08-01T00:00:00Z,15.0,7.333333333333343,220.0,0.5913289627060294
2013-08-01T00:00:00Z,15.0,7.0,220.0,0.47775238705798984
2013-08-01T00:00:00Z,15.0,6.666666666666671,220.0,0.3840669804485515
2013-08-01T00:00:00Z,15.0,6.333333333333343,220.0,0.3901127967983484
2013-08-01T00:00:00Z,15.0,6.0,220.0,0.36408330127596855
2013-08-01T00:00:00Z,15.0,5.666666666666671,220.0,0.3656510319560766
2013-08-01T00:00:00Z,15.0,5.333333333333343,220.0,0.34646953642368317
2013-08-01T00:00:00Z,15.0,5.0,220.0,0.2625800855457783
2013-08-01T00:00:00Z,15.0,4.666666666666671,220.0,0.1388852670788765
2013-08-01T00:00:00Z,15.0,4.333333333333343,220.0,-0.0020358897745609283
2013-08-01T00:00:00Z,15.0,4.0,220.0,-0.14049214497208595
2013-08-01T00:00:00Z,15.0,3.6666666666666714,220.0,-0.26414038240909576
2013-08-01T00:00:00Z,15.0,3.333333333333343,220.0,-0.3664239663630724
2013-08-01T00:00:00Z,15.0,3.0,220.0,-0.44508408568799496
2013-08-01T00:00:00Z,15.0,2.6666666666666714,220.0,-0.5008083172142506
2013-08-01T00:00:00Z,15.0,2.333333333333343,220.0,-0.5360640762373805
2013-08-01T00:00:00Z,15.0,2.0,220.0,-0.5541510391049087
2013-08-01T00:00:00Z,15.0,1.6666666666666714,220.0,-0.558488367125392
2013-08-01T00:00:00Z,15.0,1.3333333333333428,220.0,-0.5521407127380371
2013-08-01T00:00:00Z,15.0,1.0,220.0,-0.5375678390264511
2013-08-01T00:00:00Z,15.0,0.6666666666666714,220.0,-0.5165703259408474
2013-08-01T00:00:00Z,15.0,0.3333333333333428,220.0,-0.49038685858249664
2013-08-01T00:00:00Z,15.0,0.0,220.0,-0.45988260954618454
2013-08-06T00:00:00Z,15.0,12.0,220.0,-0.10509767025359906
2013-08-06T00:00:00Z,15.0,11.666666666666671,220.0,-0.11253784358268604
2013-08-06T00:00:00Z,15.0,11.333333333333343,220.0,-0.10944703733548522
2013-08-06T00:00:00Z,15.0,11.0,220.0,-0.13124171271920204
2013-08-06T00:00:00Z,15.0,10.666666666666671,220.0,-0.18804565351456404
2013-08-06T00:00:00Z,15.0,10.333333333333343,220.0,-0.20866913069039583
2013-08-06T00:00:00Z,15.0,10.0,220.0,-0.13061341329012066
2013-08-06T00:00:00Z,15.0,9.666666666666671,220.0,0.018164131557568908
2013-08-06T00:00:00Z,15.0,9.333333333333343,220.0,0.17637930694036186
2013-08-06T00:00:00Z,15.0,9.0,220.0,0.29776720920199296
2013-08-06T00:00:00Z,15.0,8.666666666666671,220.0,0.3729626254644245
2013-08-06T00:00:00Z,15.0,8.333333333333343,220.0,0.41962585016153753
2013-08-06T00:00:00Z,15.0,8.0,220.0,0.47274454557918943
2013-08-06T00:00:00Z,15.0,7.666666666666671,220.0,0.5196233666501939
2013-08-06T00:00:00Z,15.0,7.333333333333343,220.0,0.6032173968851566
2013-08-06T00:00:00Z,15.0,7.0,220.0,0.6812295978888869
2013-08-06T00:00:00Z,15.0,6.666666666666671,220.0,0.6576304046320729
2013-08-06T00:00:00Z,15.0,6.333333333333343,220.0,0.5398668956477195
2013-08-06T00:00:00Z,15.0,6.0,220.0,0.36466755205765367
2013-08-06T00:00:00Z,15.0,5.666666666666671,220.0,0.23151133954524994
2013-08-06T00:00:00Z,15.0,5.333333333333343,220.0,0.12706267088651657
2013-08-06T00:00:00Z,15.0,5.0,220.0,0.07169642485678196
2013-08-06T00:00:00Z,15.0,4.666666666666671,220.0,0.05016179382801056
2013-08-06T00:00:00Z,15.0,4.333333333333343,220.0,0.024425018578767776
2013-08-06T00:00:00Z,15.0,4.0,220.0,-0.025207282975316048
2013-08-06T00:00:00Z,15.0,3.6666666666666714,220.0,-0.09995050355792046
2013-08-06T00:00:00Z,15.0,3.333333333333343,220.0,-0.19235093519091606
2013-08-06T00:00:00Z,15.0,3.0,220.0,-0.29246072843670845
2013-08-06T00:00:00Z,15.0,2.6666666666666714,220.0,-0.3912813328206539
2013-08-06T00:00:00Z,15.0,2.333333333333343,220.0,-0.4822598472237587
2013-08-06T00:00:00Z,15.0,2.0,220.0,-0.5615085922181606
2013-08-06T00:00:00Z,15.0,1.6666666666666714,220.0,-0.6272988896816969
2013-08-06T00:00:00Z,15.0,1.3333333333333428,220.0,-0.6792668094858527
2013-08-06T00:00:00Z,15.0,1.0,220.0,-0.7176489015109837
2013-08-06T00:00:00Z,15.0,0.6666666666666714,220.0,-0.7427523899823427
2013-08-06T00:00:00Z,15.0,0.3333333333333428,220.0,-0.7547457478940487
2013-08-06T00:00:00Z,15.0,0.0,220.0,-0.7537406980991364
2013-08-12T00:00:00Z,15.0,12.0,220.0,-0.0770791501745407
2013-08-12T00:00:00Z,15.0,11.666666666666671,220.0,-0.08335935359355062
2013-08-12T00:00:00Z,15.0,11.333333333333343,220.0,-0.08301871898584068
2013-08-12T00:00:00Z,15.0,11.0,220.0,-0.09288776910398155
2013-08-12T00:00:00Z,15.0,10.666666666666671,220.0,-0.12718368647620082
2013-08-12T00:00:00Z,15.0,10.333333333333343,220.0,-0.13753738533705473
2013-08-12T00:00:00Z,15.0,10.0,220.0,-0.07841374637791887
2013-08-12T00:00:00Z,15.0,9.666666666666671,220.0,0.009517864556983113
2013-08-12T00:00:00Z,15.0,9.333333333333343,220.0,0.09528189711272717
2013-08-12T00:00:00Z,15.0,9.0,220.0,0.1703538536094129
2013-08-12T00:00:00Z,15.0,8.666666666666671,220.0,0.23384915885981172
2013-08-12T00:00:00Z,15.0,8.333333333333343,220.0,0.29551700595766306
2013-08-12T00:00:00Z,15.0,8.0,220.0,0.3908271680120379
2013-08-12T00:00:00Z,15.0,7.666666666666671,220.0,0.48537525651045144
2013-08-12T00:00:00Z,15.0,7.333333333333343,220.0,0.5753766635898501
2013-08-12T00:00:00Z,15.0,7.0,220.0,0.6118596927262843
2013-08-12T00:00:00Z,15.0,6.666666666666671,220.0,0.5546011900296435
2013-08-12T00:00:00Z,15.0,6.333333333333343,220.0,0.45344245599176247
2013-08-12T00:00:00Z,15.0,6.0,220.0,0.32443199027329683
2013-08-12T00:00:00Z,15.0,5.666666666666671,220.0,0.2322946134954691
2013-08-12T00:00:00Z,15.0,5.333333333333343,220.0,0.1433354690670967
2013-08-12T00:00:00Z,15.0,5.0,220.0,0.05049116420559585
2013-08-12T00:00:00Z,15.0,4.666666666666671,220.0,-0.016399809159338474
2013-08-12T00:00:00Z,15.0,4.333333333333343,220.0,-0.06925695016980171
2013-08-12T00:00:00Z,15.0,4.0,220.0,-0.11858568340539932
2013-08-12T00:00:00Z,15.0,3.6666666666666714,220.0,-0.17082874104380608
2013-08-12T00:00:00Z,15.0,3.333333333333343,220.0,-0.22899434715509415
2013-08-12T00:00:00Z,15.0,3.0,220.0,-0.2933872491121292
2013-08-12T00:00:00Z,15.0,2.6666666666666714,220.0,-0.3623669445514679
2013-08-12T00:00:00Z,15.0,2.333333333333343,220.0,-0.43307133950293064
2013-08-12T00:00:00Z,15.0,2.0,220.0,-0.5020584501326084
2013-08-12T00:00:00Z,15.0,1.6666666666666714,220.0,-0.5658327294513583
2013-08-12T00:00:00Z,15.0,1.3333333333333428,220.0,-0.6212365757673979
2013-08-12T00:00:00Z,15.0,1.0,220.0,-0.6657023821026087
2013-08-12T00:00:00Z,15.0,0.6666666666666714,220.0,-0.697373989969492
2013-08-12T00:00:00Z,15.0,0.3333333333333428,220.0,-0.7151205167174339
2013-08-12T00:00:00Z,15.0,0.0,220.0,-0.7184807434678078
2013-08-17T00:00:00Z,15.0,12.0,220.0,-0.053882040665484965
2013-08-17T00:00:00Z,15.0,11.666666666666671,220.0,-0.06153274024836719
2013-08-17T00:00:00Z,15.0,11.333333333333343,220.0,-0.06170176324667409
2013-08-17T00:00:00Z,15.0,11.0,220.0,-0.06526218506041914
2013-08-17T00:00:00Z,15.0,10.666666666666671,220.0,-0.08984518132638186
2013-08-17T00:00:00Z,15.0,10.333333333333343,220.0,-0.10246013489086181
2013-08-17T00:00:00Z,15.0,10.0,220.0,-0.06602440867573023
2013-08-17T00:00:00Z,15.0,9.666666666666671,220.0,-0.005557209515245631
2013-08-17T00:00:00Z,15.0,9.333333333333343,220.0,0.056478667072951794
2013-08-17T00:00:00Z,15.0,9.0,220.0,0.13535167183727026
2013-08-17T00:00:00Z,15.0,8.666666666666671,220.0,0.21730207977816463
2013-08-17T00:00:00Z,15.0,8.333333333333343,220.0,0.2666083655785769
2013-08-17T00:00:00Z,15.0,8.0,220.0,0.3493047240190208
2013-08-17T00:00:00Z,15.0,7.666666666666671,220.0,0.47763917758129537
2013-08-17T00:00:00Z,15.0,7.333333333333343,220.0,0.5909942688886076
2013-08-17T00:00:00Z,15.0,7.0,220.0,0.5896955719217658
2013-08-17T00:00:00Z,15.0,6.666666666666671,220.0,0.5225086542777717
2013-08-17T00:00:00Z,15.0,6.333333333333343,220.0,0.5016804453916848
2013-08-17T00:00:00Z,15.0,6.0,220.0,0.4505743570625782
2013-08-17T00:00:00Z,15.0,5.666666666666671,220.0,0.36243179673328996
2013-08-17T00:00:00Z,15.0,5.333333333333343,220.0,0.2590647025499493
2013-08-17T00:00:00Z,15.0,5.0,220.0,0.1792917838320136
2013-08-17T00:00:00Z,15.0,4.666666666666671,220.0,0.10969056189060211
2013-08-17T00:00:00Z,15.0,4.333333333333343,220.0,0.031214794144034386
2013-08-17T00:00:00Z,15.0,4.0,220.0,-0.06541313603520393
2013-08-17T00:00:00Z,15.0,3.6666666666666714,220.0,-0.179182019084692
2013-08-17T00:00:00Z,15.0,3.333333333333343,220.0,-0.30366599932312965
2013-08-17T00:00:00Z,15.0,3.0,220.0,-0.43036193400621414
2013-08-17T00:00:00Z,15.0,2.6666666666666714,220.0,-0.5508208051323891
2013-08-17T00:00:00Z,15.0,2.333333333333343,220.0,-0.6578658279031515
2013-08-17T00:00:00Z,15.0,2.0,220.0,-0.746151645667851
2013-08-17T00:00:00Z,15.0,1.6666666666666714,220.0,-0.8122797221876681
2013-08-17T00:00:00Z,15.0,1.3333333333333428,220.0,-0.8546487782150507
2013-08-17T00:00:00Z,15.0,1.0,220.0,-0.8731782026588917
2013-08-17T00:00:00Z,15.0,0.6666666666666714,220.0,-0.8690064586699009
2013-08-17T00:00:00Z,15.0,0.3333333333333428,220.0,-0.8442257940769196
2013-08-17T00:00:00Z,15.0,0.0,220.0,-0.8016791716217995
2013-08-22T00:00:00Z,15.0,12.0,220.0,0.01853623326678644
2013-08-22T00:00:00Z,15.0,11.666666666666671,220.0,0.004159333882853389
2013-08-22T00:00:00Z,15.0,11.333333333333343,220.0,-0.026812462136149406
2013-08-22T00:00:00Z,15.0,11.0,220.0,-0.06233955593779683
2013-08-22T00:00:00Z,15.0,10.666666666666671,220.0,-0.09548298493609764
2013-08-22T00:00:00Z,15.0,10.333333333333343,220.0,-0.09120743875973858
2013-08-22T00:00:00Z,15.0,10.0,220.0,-0.03565337846521288
2013-08-22T00:00:00Z,15.0,9.666666666666671,220.0,0.0405844165943563
2013-08-22T00:00:00Z,15.0,9.333333333333343,220.0,0.10888339951634407
2013-08-22T00:00:00Z,15.0,9.0,220.0,0.18529755109921098
2013-08-22T00:00:00Z,15.0,8.666666666666671,220.0,0.25247093103826046
2013-08-22T00:00:00Z,15.0,8.333333333333343,220.0,0.2614926602691412
2013-08-22T00:00:00Z,15.0,8.0,220.0,0.30993278697133064
2013-08-22T00:00:00Z,15.0,7.666666666666671,220.0,0.44826345006003976
2013-08-22T00:00:00Z,15.0,7.333333333333343,220.0,0.5738633580040187
2013-08-22T00:00:00Z,15.0,7.0,220.0,0.5583107843995094
2013-08-22T00:00:00Z,15.0,6.666666666666671,220.0,0.5135593768209219
2013-08-22T00:00:00Z,15.0,6.333333333333343,220.0,0.5829949798062444
2013-08-22T00:00:00Z,15.0,6.0,220.0,0.6127361631952226
2013-08-22T00:00:00Z,15.0,5.666666666666671,220.0,0.5494869453832507
2013-08-22T00:00:00Z,15.0,5.333333333333343,220.0,0.43160927342250943
2013-08-22T00:00:00Z,15.0,5.0,220.0,0.301840802654624
2013-08-22T00:00:00Z,15.0,4.666666666666671,220.0,0.17993460362777114
2013-08-22T00:00:00Z,15.0,4.333333333333343,220.0,0.04670193791389465
2013-08-22T00:00:00Z,15.0,4.0,220.0,-0.10672541335225105
2013-08-22T00:00:00Z,15.0,3.6666666666666714,220.0,-0.27818744257092476
2013-08-22T00:00:00Z,15.0,3.333333333333343,220.0,-0.4594621919095516
2013-08-22T00:00:00Z,15.0,3.0,220.0,-0.6398118622601032
2013-08-22T00:00:00Z,15.0,2.6666666666666714,220.0,-0.8083807900547981
2013-08-22T00:00:00Z,15.0,2.333333333333343,220.0,-0.9556911438703537
2013-08-22T00:00:00Z,15.0,2.0,220.0,-1.0744517594575882
2013-08-22T00:00:00Z,15.0,1.6666666666666714,220.0,-1.1598674766719341
2013-08-22T00:00:00Z,15.0,1.3333333333333428,220.0,-1.209611869417131
2013-08-22T00:00:00Z,15.0,1.0,220.0,-1.223590377252549
2013-08-22T00:00:00Z,15.0,0.6666666666666714,220.0,-1.2036027312278748
2013-08-22T00:00:00Z,15.0,0.3333333333333428,220.0,-1.1529752016067505
2013-08-22T00:00:00Z,15.0,0.0,220.0,-1.076212339103222
2013-08-27T00:00:00Z,15.0,12.0,220.0,0.07210004120133817
2013-08-27T00:00:00Z,15.0,11.666666666666671,220.0,0.049909225199371576
2013-08-27T00:00:00Z,15.0,11.333333333333343,220.0,-0.0060137363616377115
2013-08-27T00:00:00Z,15.0,11.0,220.0,-0.06514369341311976
2013-08-27T00:00:00Z,15.0,10.666666666666671,220.0,-0.09388093370944262
2013-08-27T00:00:00Z,15.0,10.333333333333343,220.0,-0.05550164950545877
2013-08-27T00:00:00Z,15.0,10.0,220.0,0.03416015859693289
2013-08-27T00:00:00Z,15.0,9.666666666666671,220.0,0.14246679190546274
2013-08-27T00:00:00Z,15.0,9.333333333333343,220.0,0.23066628066590056
2013-08-27T00:00:00Z,15.0,9.0,220.0,0.28983315848745406
2013-08-27T00:00:00Z,15.0,8.666666666666671,220.0,0.3101448896341026
2013-08-27T00:00:00Z,15.0,8.333333333333343,220.0,0.2750242566689849
2013-08-27T00:00:00Z,15.0,8.0,220.0,0.2743033031001687
2013-08-27T00:00:00Z,15.0,7.666666666666671,220.0,0.3693161578848958
2013-08-27T00:00:00Z,15.0,7.333333333333343,220.0,0.4919935613870621
2013-08-27T00:00:00Z,15.0,7.0,220.0,0.5247517633251846
2013-08-27T00:00:00Z,15.0,6.666666666666671,220.0,0.5131845173891634
2013-08-27T00:00:00Z,15.0,6.333333333333343,220.0,0.5613088198006153
2013-08-27T00:00:00Z,15.0,6.0,220.0,0.572058929130435
2013-08-27T00:00:00Z,15.0,5.666666666666671,220.0,0.5432695541530848
2013-08-27T00:00:00Z,15.0,5.333333333333343,220.0,0.4386982275173068
2013-08-27T00:00:00Z,15.0,5.0,220.0,0.25708907935768366
2013-08-27T00:00:00Z,15.0,4.666666666666671,220.0,0.1106393265654333
2013-08-27T00:00:00Z,15.0,4.333333333333343,220.0,-0.018591724103316665
2013-08-27T00:00:00Z,15.0,4.0,220.0,-0.1423973727505654
2013-08-27T00:00:00Z,15.0,3.6666666666666714,220.0,-0.26451100409030914
2013-08-27T00:00:00Z,15.0,3.333333333333343,220.0,-0.3837105333805084
2013-08-27T00:00:00Z,15.0,3.0,220.0,-0.49614886194467545
2013-08-27T00:00:00Z,15.0,2.6666666666666714,220.0,-0.5970343053340912
2013-08-27T00:00:00Z,15.0,2.333333333333343,220.0,-0.6817757859826088
2013-08-27T00:00:00Z,15.0,2.0,220.0,-0.746696226298809
2013-08-27T00:00:00Z,15.0,1.6666666666666714,220.0,-0.7894093208014965
2013-08-27T00:00:00Z,15.0,1.3333333333333428,220.0,-0.808942899107933
2013-08-27T00:00:00Z,15.0,1.0,220.0,-0.8056827783584595
2013-08-27T00:00:00Z,15.0,0.6666666666666714,220.0,-0.7812032029032707
2013-08-27T00:00:00Z,15.0,0.3333333333333428,220.0,-0.7380338571965694
2013-08-27T00:00:00Z,15.0,0.0,220.0,-0.679411917924881
2013-09-01T00:00:00Z,15.0,12.0,220.0,0.09383697062730789
2013-09-01T00:00:00Z,15.0,11.666666666666671,220.0,0.05051601491868496
2013-09-01T00:00:00Z,15.0,11.333333333333343,220.0,-0.022811973467469215
2013-09-01T00:00:00Z,15.0,11.0,220.0,-0.08221301913727075
2013-09-01T00:00:00Z,15.0,10.666666666666671,220.0,-0.08682997457799502
2013-09-01T00:00:00Z,15.0,10.333333333333343,220.0,-0.016778169461758807
2013-09-01T00:00:00Z,15.0,10.0,220.0,0.09364549547899514
2013-09-01T00:00:00Z,15.0,9.666666666666671,220.0,0.20867789210751653
2013-09-01T00:00:00Z,15.0,9.333333333333343,220.0,0.29617302515544
2013-09-01T00:00:00Z,15.0,9.0,220.0,0.3423060948261991
2013-09-01T00:00:00Z,15.0,8.666666666666671,220.0,0.3376149816904217
2013-09-01T00:00:00Z,15.0,8.333333333333343,220.0,0.27783629461191595
2013-09-01T00:00:00Z,15.0,8.0,220.0,0.2404268286190927
2013-09-01T00:00:00Z,15.0,7.666666666666671,220.0,0.2759249210357666
2013-09-01T00:00:00Z,15.0,7.333333333333343,220.0,0.36137097468599677
2013-09-01T00:00:00Z,15.0,7.0,220.0,0.4021817718166858
2013-09-01T00:00:00Z,15.0,6.666666666666671,220.0,0.41075103959883563
2013-09-01T00:00:00Z,15.0,6.333333333333343,220.0,0.450441453140229
2013-09-01T00:00:00Z,15.0,6.0,220.0,0.44456996920052916
2013-09-01T00:00:00Z,15.0,5.666666666666671,220.0,0.41181276994757354
2013-09-01T00:00:00Z,15.0,5.333333333333343,220.0,0.30781064461916685
2013-09-01T00:00:00Z,15.0,5.0,220.0,0.14247026946395636
2013-09-01T00:00:00Z,15.0,4.666666666666671,220.0,0.014768090099096298
2013-09-01T00:00:00Z,15.0,4.333333333333343,220.0,-0.07963247410953045
2013-09-01T00:00:00Z,15.0,4.0,220.0,-0.14517750777304173
2013-09-01T00:00:00Z,15.0,3.6666666666666714,220.0,-0.18582016974687576
2013-09-01T00:00:00Z,15.0,3.333333333333343,220.0,-0.20531372353434563
2013-09-01T00:00:00Z,15.0,3.0,220.0,-0.207359217107296
2013-09-01T00:00:00Z,15.0,2.6666666666666714,220.0,-0.19564738869667053
2013-09-01T00:00:00Z,15.0,2.333333333333343,220.0,-0.1738298162817955
2013-09-01T00:00:00Z,15.0,2.0,220.0,-0.14544771239161491
2013-09-01T00:00:00Z,15.0,1.6666666666666714,220.0,-0.11384205147624016
2013-09-01T00:00:00Z,15.0,1.3333333333333428,220.0,-0.08206336572766304
2013-09-01T00:00:00Z,15.0,1.0,220.0,-0.05279364809393883
2013-09-01T00:00:00Z,15.0,0.6666666666666714,220.0,-0.028287352994084358
2013-09-01T00:00:00Z,15.0,0.3333333333333428,220.0,-0.010333642363548279
2013-09-01T00:00:00Z,15.0,0.0,220.0,-2.3593753576278687E-4
2013-09-06T00:00:00Z,15.0,12.0,220.0,0.06074074236676097
2013-09-06T00:00:00Z,15.0,11.666666666666671,220.0,0.0018728235736489296
2013-09-06T00:00:00Z,15.0,11.333333333333343,220.0,-0.0634625400416553
2013-09-06T00:00:00Z,15.0,11.0,220.0,-0.10959027276840061
2013-09-06T00:00:00Z,15.0,10.666666666666671,220.0,-0.0934910208452493
2013-09-06T00:00:00Z,15.0,10.333333333333343,220.0,0.0012511967797763646
2013-09-06T00:00:00Z,15.0,10.0,220.0,0.12881544861011207
2013-09-06T00:00:00Z,15.0,9.666666666666671,220.0,0.24576402525417507
2013-09-06T00:00:00Z,15.0,9.333333333333343,220.0,0.3303586826659739
2013-09-06T00:00:00Z,15.0,9.0,220.0,0.37472039624117315
2013-09-06T00:00:00Z,15.0,8.666666666666671,220.0,0.37937422352842987
2013-09-06T00:00:00Z,15.0,8.333333333333343,220.0,0.35220360825769603
2013-09-06T00:00:00Z,15.0,8.0,220.0,0.33500892808660865
2013-09-06T00:00:00Z,15.0,7.666666666666671,220.0,0.3208101694472134
2013-09-06T00:00:00Z,15.0,7.333333333333343,220.0,0.3389550626743585
2013-09-06T00:00:00Z,15.0,7.0,220.0,0.355827669671271
2013-09-06T00:00:00Z,15.0,6.666666666666671,220.0,0.3539116175379604
2013-09-06T00:00:00Z,15.0,6.333333333333343,220.0,0.3600181716028601
2013-09-06T00:00:00Z,15.0,6.0,220.0,0.31982900155708194
2013-09-06T00:00:00Z,15.0,5.666666666666671,220.0,0.2555053704418242
2013-09-06T00:00:00Z,15.0,5.333333333333343,220.0,0.14525971515104175
2013-09-06T00:00:00Z,15.0,5.0,220.0,0.03281050827354193
2013-09-06T00:00:00Z,15.0,4.666666666666671,220.0,-0.05931036174297333
2013-09-06T00:00:00Z,15.0,4.333333333333343,220.0,-0.12309645861387253
2013-09-06T00:00:00Z,15.0,4.0,220.0,-0.15480027720332146
2013-09-06T00:00:00Z,15.0,3.6666666666666714,220.0,-0.15602128952741623
2013-09-06T00:00:00Z,15.0,3.333333333333343,220.0,-0.1320343054831028
2013-09-06T00:00:00Z,15.0,3.0,220.0,-0.09028538316488266
2013-09-06T00:00:00Z,15.0,2.6666666666666714,220.0,-0.039095744490623474
2013-09-06T00:00:00Z,15.0,2.333333333333343,220.0,0.013396531343460083
2013-09-06T00:00:00Z,15.0,2.0,220.0,0.06004173308610916
2013-09-06T00:00:00Z,15.0,1.6666666666666714,220.0,0.09522652812302113
2013-09-06T00:00:00Z,15.0,1.3333333333333428,220.0,0.11517413659021258
2013-09-06T00:00:00Z,15.0,1.0,220.0,0.11801834218204021
2013-09-06T00:00:00Z,15.0,0.6666666666666714,220.0,0.10368562117218971
2013-09-06T00:00:00Z,15.0,0.3333333333333428,220.0,0.07363225147128105
2013-09-06T00:00:00Z,15.0,0.0,220.0,0.030496224761009216
2013-09-11T00:00:00Z,15.0,12.0,220.0,0.0017540445551276207
2013-09-11T00:00:00Z,15.0,11.666666666666671,220.0,-0.07115816371515393
2013-09-11T00:00:00Z,15.0,11.333333333333343,220.0,-0.10796871827915311
2013-09-11T00:00:00Z,15.0,11.0,220.0,-0.11353458883240819
2013-09-11T00:00:00Z,15.0,10.666666666666671,220.0,-0.06703238235786557
2013-09-11T00:00:00Z,15.0,10.333333333333343,220.0,0.0442169528141676
2013-09-11T00:00:00Z,15.0,10.0,220.0,0.17824226574157365
2013-09-11T00:00:00Z,15.0,9.666666666666671,220.0,0.299806225229986
2013-09-11T00:00:00Z,15.0,9.333333333333343,220.0,0.3850412773899734
2013-09-11T00:00:00Z,15.0,9.0,220.0,0.4201079139020294
2013-09-11T00:00:00Z,15.0,8.666666666666671,220.0,0.4291214041877538
2013-09-11T00:00:00Z,15.0,8.333333333333343,220.0,0.43917258495639544
2013-09-11T00:00:00Z,15.0,8.0,220.0,0.45352858724072576
2013-09-11T00:00:00Z,15.0,7.666666666666671,220.0,0.4266845944803208
2013-09-11T00:00:00Z,15.0,7.333333333333343,220.0,0.39687143079936504
2013-09-11T00:00:00Z,15.0,7.0,220.0,0.3524504732340574
2013-09-11T00:00:00Z,15.0,6.666666666666671,220.0,0.2958798501640558
2013-09-11T00:00:00Z,15.0,6.333333333333343,220.0,0.2650050758384168
2013-09-11T00:00:00Z,15.0,6.0,220.0,0.18465437809936702
2013-09-11T00:00:00Z,15.0,5.666666666666671,220.0,0.08243947196751833
2013-09-11T00:00:00Z,15.0,5.333333333333343,220.0,-0.04074537381529808
2013-09-11T00:00:00Z,15.0,5.0,220.0,-0.1443553827702999
2013-09-11T00:00:00Z,15.0,4.666666666666671,220.0,-0.21469483897089958
2013-09-11T00:00:00Z,15.0,4.333333333333343,220.0,-0.24859246611595154
2013-09-11T00:00:00Z,15.0,4.0,220.0,-0.24839695915579796
2013-09-11T00:00:00Z,15.0,3.6666666666666714,220.0,-0.22094833478331566
2013-09-11T00:00:00Z,15.0,3.333333333333343,220.0,-0.1751520335674286
2013-09-11T00:00:00Z,15.0,3.0,220.0,-0.12025155127048492
2013-09-11T00:00:00Z,15.0,2.6666666666666714,220.0,-0.06467296555638313
2013-09-11T00:00:00Z,15.0,2.333333333333343,220.0,-0.015326086431741714
2013-09-11T00:00:00Z,15.0,2.0,220.0,0.022740311920642853
2013-09-11T00:00:00Z,15.0,1.6666666666666714,220.0,0.04641946405172348
2013-09-11T00:00:00Z,15.0,1.3333333333333428,220.0,0.05444169323891401
2013-09-11T00:00:00Z,15.0,1.0,220.0,0.0471491739153862
2013-09-11T00:00:00Z,15.0,0.6666666666666714,220.0,0.026203449815511703
2013-09-11T00:00:00Z,15.0,0.3333333333333428,220.0,-0.005733329802751541
2013-09-11T00:00:00Z,15.0,0.0,220.0,-0.04531499743461609
2013-09-16T00:00:00Z,15.0,12.0,220.0,-0.08948994459562416
2013-09-16T00:00:00Z,15.0,11.666666666666671,220.0,-0.14912081492088008
2013-09-16T00:00:00Z,15.0,11.333333333333343,220.0,-0.1298366651441385
2013-09-16T00:00:00Z,15.0,11.0,220.0,-0.0663997911829373
2013-09-16T00:00:00Z,15.0,10.666666666666671,220.0,0.015595347435207955
2013-09-16T00:00:00Z,15.0,10.333333333333343,220.0,0.11647505763287563
2013-09-16T00:00:00Z,15.0,10.0,220.0,0.22646118305011995
2013-09-16T00:00:00Z,15.0,9.666666666666671,220.0,0.339617774007541
2013-09-16T00:00:00Z,15.0,9.333333333333343,220.0,0.43670866494718863
2013-09-16T00:00:00Z,15.0,9.0,220.0,0.4918942093821711
2013-09-16T00:00:00Z,15.0,8.666666666666671,220.0,0.5276917261810827
2013-09-16T00:00:00Z,15.0,8.333333333333343,220.0,0.5659126067881405
2013-09-16T00:00:00Z,15.0,8.0,220.0,0.5623261645452727
2013-09-16T00:00:00Z,15.0,7.666666666666671,220.0,0.46013966714922067
2013-09-16T00:00:00Z,15.0,7.333333333333343,220.0,0.3703352249909647
2013-09-16T00:00:00Z,15.0,7.0,220.0,0.32572448825626427
2013-09-16T00:00:00Z,15.0,6.666666666666671,220.0,0.2538404491478992
2013-09-16T00:00:00Z,15.0,6.333333333333343,220.0,0.16708826231430135
2013-09-16T00:00:00Z,15.0,6.0,220.0,0.05137062350625221
2013-09-16T00:00:00Z,15.0,5.666666666666671,220.0,-0.043698694034186
2013-09-16T00:00:00Z,15.0,5.333333333333343,220.0,-0.1526789828869645
2013-09-16T00:00:00Z,15.0,5.0,220.0,-0.2529567803500907
2013-09-16T00:00:00Z,15.0,4.666666666666671,220.0,-0.3052300399232167
2013-09-16T00:00:00Z,15.0,4.333333333333343,220.0,-0.32084525785092183
2013-09-16T00:00:00Z,15.0,4.0,220.0,-0.3106102267680129
2013-09-16T00:00:00Z,15.0,3.6666666666666714,220.0,-0.28280476233967744
2013-09-16T00:00:00Z,15.0,3.333333333333343,220.0,-0.24385969296722962
2013-09-16T00:00:00Z,15.0,3.0,220.0,-0.19884044970387055
2013-09-16T00:00:00Z,15.0,2.6666666666666714,220.0,-0.15177865882639197
2013-09-16T00:00:00Z,15.0,2.333333333333343,220.0,-0.10588996613867117
2013-09-16T00:00:00Z,15.0,2.0,220.0,-0.0637111487127126
2013-09-16T00:00:00Z,15.0,1.6666666666666714,220.0,-0.027184396402914784
2013-09-16T00:00:00Z,15.0,1.3333333333333428,220.0,0.002288527900851753
2013-09-16T00:00:00Z,15.0,1.0,220.0,0.02380471368584644
2013-09-16T00:00:00Z,15.0,0.6666666666666714,220.0,0.036918751669324235
2013-09-16T00:00:00Z,15.0,0.3333333333333428,220.0,0.04159441723632666
2013-09-16T00:00:00Z,15.0,0.0,220.0,0.038147372977150124
2013-09-21T00:00:00Z,15.0,12.0,220.0,-0.19538378559676228
2013-09-21T00:00:00Z,15.0,11.666666666666671,220.0,-0.23922130040896392
2013-09-21T00:00:00Z,15.0,11.333333333333343,220.0,-0.180713742482834
2013-09-21T00:00:00Z,15.0,11.0,220.0,-0.06667269117473261
2013-09-21T00:00:00Z,15.0,10.666666666666671,220.0,0.047748654271030325
2013-09-21T00:00:00Z,15.0,10.333333333333343,220.0,0.14963101491000352
2013-09-21T00:00:00Z,15.0,10.0,220.0,0.24921212032293355
2013-09-21T00:00:00Z,15.0,9.666666666666671,220.0,0.3563488568304298
2013-09-21T00:00:00Z,15.0,9.333333333333343,220.0,0.4692375192524456
2013-09-21T00:00:00Z,15.0,9.0,220.0,0.5676524060170554
2013-09-21T00:00:00Z,15.0,8.666666666666671,220.0,0.6378313952002512
2013-09-21T00:00:00Z,15.0,8.333333333333343,220.0,0.6782084453960082
2013-09-21T00:00:00Z,15.0,8.0,220.0,0.6336865145618892
2013-09-21T00:00:00Z,15.0,7.666666666666671,220.0,0.47000264642994527
2013-09-21T00:00:00Z,15.0,7.333333333333343,220.0,0.34003960389597526
2013-09-21T00:00:00Z,15.0,7.0,220.0,0.2941572011799686
2013-09-21T00:00:00Z,15.0,6.666666666666671,220.0,0.2504488101950718
2013-09-21T00:00:00Z,15.0,6.333333333333343,220.0,0.19573010920885847
2013-09-21T00:00:00Z,15.0,6.0,220.0,0.08282853848252879
2013-09-21T00:00:00Z,15.0,5.666666666666671,220.0,-0.040256825412934724
2013-09-21T00:00:00Z,15.0,5.333333333333343,220.0,-0.18367597008437633
2013-09-21T00:00:00Z,15.0,5.0,220.0,-0.3165432618522506
2013-09-21T00:00:00Z,15.0,4.666666666666671,220.0,-0.3855566100887815
2013-09-21T00:00:00Z,15.0,4.333333333333343,220.0,-0.4086601269322053
2013-09-21T00:00:00Z,15.0,4.0,220.0,-0.4017002838826357
2013-09-21T00:00:00Z,15.0,3.6666666666666714,220.0,-0.37565231228524665
2013-09-21T00:00:00Z,15.0,3.333333333333343,220.0,-0.3382115891098307
2013-09-21T00:00:00Z,15.0,3.0,220.0,-0.29492088696176366
2013-09-21T00:00:00Z,15.0,2.6666666666666714,220.0,-0.24993084046967268
2013-09-21T00:00:00Z,15.0,2.333333333333343,220.0,-0.20647998877550672
2013-09-21T00:00:00Z,15.0,2.0,220.0,-0.1671697614330992
2013-09-21T00:00:00Z,15.0,1.6666666666666714,220.0,-0.1340987826017175
2013-09-21T00:00:00Z,15.0,1.3333333333333428,220.0,-0.10890987600148612
2013-09-21T00:00:00Z,15.0,1.0,220.0,-0.09279216067796894
2013-09-21T00:00:00Z,15.0,0.6666666666666714,220.0,-0.08646963520359607
2013-09-21T00:00:00Z,15.0,0.3333333333333428,220.0,-0.09019665552401379
2013-09-21T00:00:00Z,15.0,0.0,220.0,-0.1037697192378375
2013-09-26T00:00:00Z,15.0,12.0,220.0,-0.22521336899675462
2013-09-26T00:00:00Z,15.0,11.666666666666671,220.0,-0.2669236409627055
2013-09-26T00:00:00Z,15.0,11.333333333333343,220.0,-0.21593400847349195
2013-09-26T00:00:00Z,15.0,11.0,220.0,-0.10001125376919334
2013-09-26T00:00:00Z,15.0,10.666666666666671,220.0,0.026035988780595976
2013-09-26T00:00:00Z,15.0,10.333333333333343,220.0,0.14201645529489837
2013-09-26T00:00:00Z,15.0,10.0,220.0,0.25484475831087317
2013-09-26T00:00:00Z,15.0,9.666666666666671,220.0,0.3679039361333824
2013-09-26T00:00:00Z,15.0,9.333333333333343,220.0,0.4847789478148328
2013-09-26T00:00:00Z,15.0,9.0,220.0,0.6040544654873962
2013-09-26T00:00:00Z,15.0,8.666666666666671,220.0,0.69943194833893
2013-09-26T00:00:00Z,15.0,8.333333333333343,220.0,0.7432436646123615
2013-09-26T00:00:00Z,15.0,8.0,220.0,0.6955053625391734
2013-09-26T00:00:00Z,15.0,7.666666666666671,220.0,0.5556106011896361
2013-09-26T00:00:00Z,15.0,7.333333333333343,220.0,0.4136678283509313
2013-09-26T00:00:00Z,15.0,7.0,220.0,0.2784513960131186
2013-09-26T00:00:00Z,15.0,6.666666666666671,220.0,0.18619905459236918
2013-09-26T00:00:00Z,15.0,6.333333333333343,220.0,0.18100518530922444
2013-09-26T00:00:00Z,15.0,6.0,220.0,0.12041900598278675
2013-09-26T00:00:00Z,15.0,5.666666666666671,220.0,3.648676897516599E-4
2013-09-26T00:00:00Z,15.0,5.333333333333343,220.0,-0.1841532201052694
2013-09-26T00:00:00Z,15.0,5.0,220.0,-0.40210273785237227
2013-09-26T00:00:00Z,15.0,4.666666666666671,220.0,-0.5408878067977186
2013-09-26T00:00:00Z,15.0,4.333333333333343,220.0,-0.606426634188497
2013-09-26T00:00:00Z,15.0,4.0,220.0,-0.613533921002303
2013-09-26T00:00:00Z,15.0,3.6666666666666714,220.0,-0.5805322782618685
2013-09-26T00:00:00Z,15.0,3.333333333333343,220.0,-0.5250346622047016
2013-09-26T00:00:00Z,15.0,3.0,220.0,-0.46164680652830375
2013-09-26T00:00:00Z,15.0,2.6666666666666714,220.0,-0.4010646369272862
2013-09-26T00:00:00Z,15.0,2.333333333333343,220.0,-0.35011369226797395
2013-09-26T00:00:00Z,15.0,2.0,220.0,-0.31234961587534293
2013-09-26T00:00:00Z,15.0,1.6666666666666714,220.0,-0.2889108195364036
2013-09-26T00:00:00Z,15.0,1.3333333333333428,220.0,-0.2793864619534009
2013-09-26T00:00:00Z,15.0,1.0,220.0,-0.2825349225094678
2013-09-26T00:00:00Z,15.0,0.6666666666666714,220.0,-0.296759990338625
2013-09-26T00:00:00Z,15.0,0.3333333333333428,220.0,-0.3203240278212903
2013-09-26T00:00:00Z,15.0,0.0,220.0,-0.3513494067557158
2013-10-01T00:00:00Z,15.0,12.0,220.0,-0.1763328512021939
2013-10-01T00:00:00Z,15.0,11.666666666666671,220.0,-0.23062564950029163
2013-10-01T00:00:00Z,15.0,11.333333333333343,220.0,-0.22433601708750386
2013-10-01T00:00:00Z,15.0,11.0,220.0,-0.1491326878727316
2013-10-01T00:00:00Z,15.0,10.666666666666671,220.0,-0.046369782467949316
2013-10-01T00:00:00Z,15.0,10.333333333333343,220.0,0.0713380669413552
2013-10-01T00:00:00Z,15.0,10.0,220.0,0.19738366109227257
2013-10-01T00:00:00Z,15.0,9.666666666666671,220.0,0.3196130034258574
2013-10-01T00:00:00Z,15.0,9.333333333333343,220.0,0.438033486726544
2013-10-01T00:00:00Z,15.0,9.0,220.0,0.5620767911549294
2013-10-01T00:00:00Z,15.0,8.666666666666671,220.0,0.6755660544254141
2013-10-01T00:00:00Z,15.0,8.333333333333343,220.0,0.7343877690628148
2013-10-01T00:00:00Z,15.0,8.0,220.0,0.71763374481385
2013-10-01T00:00:00Z,15.0,7.666666666666671,220.0,0.6206870671188985
2013-10-01T00:00:00Z,15.0,7.333333333333343,220.0,0.4642263236440907
2013-10-01T00:00:00Z,15.0,7.0,220.0,0.21648216891220828
2013-10-01T00:00:00Z,15.0,6.666666666666671,220.0,0.06130981884104597
2013-10-01T00:00:00Z,15.0,6.333333333333343,220.0,0.14289783839378267
2013-10-01T00:00:00Z,15.0,6.0,220.0,0.1986659112469024
2013-10-01T00:00:00Z,15.0,5.666666666666671,220.0,0.1429179030090265
2013-10-01T00:00:00Z,15.0,5.333333333333343,220.0,-0.03757037274478656
2013-10-01T00:00:00Z,15.0,5.0,220.0,-0.3039062787014098
2013-10-01T00:00:00Z,15.0,4.666666666666671,220.0,-0.5163191592204989
2013-10-01T00:00:00Z,15.0,4.333333333333343,220.0,-0.6568156510355996
2013-10-01T00:00:00Z,15.0,4.0,220.0,-0.7264112493022539
2013-10-01T00:00:00Z,15.0,3.6666666666666714,220.0,-0.7399958968430703
2013-10-01T00:00:00Z,15.0,3.333333333333343,220.0,-0.7164411271582061
2013-10-01T00:00:00Z,15.0,3.0,220.0,-0.6728932291635382
2013-10-01T00:00:00Z,15.0,2.6666666666666714,220.0,-0.6221316338151814
2013-10-01T00:00:00Z,15.0,2.333333333333343,220.0,-0.5720235840960215
2013-10-01T00:00:00Z,15.0,2.0,220.0,-0.5262580111569151
2013-10-01T00:00:00Z,15.0,1.6666666666666714,220.0,-0.4856934007222049
2013-10-01T00:00:00Z,15.0,1.3333333333333428,220.0,-0.44980629518618365
2013-10-01T00:00:00Z,15.0,1.0,220.0,-0.4178789381441373
2013-10-01T00:00:00Z,15.0,0.6666666666666714,220.0,-0.3897164294185828
2013-10-01T00:00:00Z,15.0,0.3333333333333428,220.0,-0.3658356199583137
2013-10-01T00:00:00Z,15.0,0.0,220.0,-0.34721983730485295
2013-10-06T00:00:00Z,15.0,12.0,220.0,-0.14494372810923742
2013-10-06T00:00:00Z,15.0,11.666666666666671,220.0,-0.20007155227325146
2013-10-06T00:00:00Z,15.0,11.333333333333343,220.0,-0.22865852432917733
2013-10-06T00:00:00Z,15.0,11.0,220.0,-0.21383222475637564
2013-10-06T00:00:00Z,15.0,10.666666666666671,220.0,-0.15464790746428314
2013-10-06T00:00:00Z,15.0,10.333333333333343,220.0,-0.05269808162188776
2013-10-06T00:00:00Z,15.0,10.0,220.0,0.0770143616938868
2013-10-06T00:00:00Z,15.0,9.666666666666671,220.0,0.2085759323037808
2013-10-06T00:00:00Z,15.0,9.333333333333343,220.0,0.3305664624986385
2013-10-06T00:00:00Z,15.0,9.0,220.0,0.45805216945499366
2013-10-06T00:00:00Z,15.0,8.666666666666671,220.0,0.5838332074632745
2013-10-06T00:00:00Z,15.0,8.333333333333343,220.0,0.6605561012297476
2013-10-06T00:00:00Z,15.0,8.0,220.0,0.691703816434697
2013-10-06T00:00:00Z,15.0,7.666666666666671,220.0,0.6502832124073987
2013-10-06T00:00:00Z,15.0,7.333333333333343,220.0,0.5118361184513777
2013-10-06T00:00:00Z,15.0,7.0,220.0,0.24422870390339824
2013-10-06T00:00:00Z,15.0,6.666666666666671,220.0,0.08027889389142609
2013-10-06T00:00:00Z,15.0,6.333333333333343,220.0,0.1753852740307089
2013-10-06T00:00:00Z,15.0,6.0,220.0,0.23103405506911426
2013-10-06T00:00:00Z,15.0,5.666666666666671,220.0,0.17119353288836667
2013-10-06T00:00:00Z,15.0,5.333333333333343,220.0,0.028869671869678246
2013-10-06T00:00:00Z,15.0,5.0,220.0,-0.15727151342084716
2013-10-06T00:00:00Z,15.0,4.666666666666671,220.0,-0.2974071980379981
2013-10-06T00:00:00Z,15.0,4.333333333333343,220.0,-0.40444954141054085
2013-10-06T00:00:00Z,15.0,4.0,220.0,-0.49062489442912777
2013-10-06T00:00:00Z,15.0,3.6666666666666714,220.0,-0.5635801563077599
2013-10-06T00:00:00Z,15.0,3.333333333333343,220.0,-0.6264856200803701
2013-10-06T00:00:00Z,15.0,3.0,220.0,-0.6788675746756053
2013-10-06T00:00:00Z,15.0,2.6666666666666714,220.0,-0.7178463064140087
2013-10-06T00:00:00Z,15.0,2.333333333333343,220.0,-0.7395096180052372
2013-10-06T00:00:00Z,15.0,2.0,220.0,-0.7402064583563952
2013-10-06T00:00:00Z,15.0,1.6666666666666714,220.0,-0.7175997317360115
2013-10-06T00:00:00Z,15.0,1.3333333333333428,220.0,-0.6713718300716306
2013-10-06T00:00:00Z,15.0,1.0,220.0,-0.6035309073924292
2013-10-06T00:00:00Z,15.0,0.6666666666666714,220.0,-0.5183203906617188
2013-10-06T00:00:00Z,15.0,0.3333333333333428,220.0,-0.4217886964776344
2013-10-06T00:00:00Z,15.0,0.0,220.0,-0.32113059835375807
2013-10-11T00:00:00Z,15.0,12.0,220.0,-0.13023660222071654
2013-10-11T00:00:00Z,15.0,11.666666666666671,220.0,-0.1664058772833197
2013-10-11T00:00:00Z,15.0,11.333333333333343,220.0,-0.20471944947968895
2013-10-11T00:00:00Z,15.0,11.0,220.0,-0.2503922146182775
2013-10-11T00:00:00Z,15.0,10.666666666666671,220.0,-0.25769234035008626
2013-10-11T00:00:00Z,15.0,10.333333333333343,220.0,-0.1944824881070285
2013-10-11T00:00:00Z,15.0,10.0,220.0,-0.06414697673372947
2013-10-11T00:00:00Z,15.0,9.666666666666671,220.0,0.0934034913013072
2013-10-11T00:00:00Z,15.0,9.333333333333343,220.0,0.24303708317983852
2013-10-11T00:00:00Z,15.0,9.0,220.0,0.3757211415310563
2013-10-11T00:00:00Z,15.0,8.666666666666671,220.0,0.5008154566295492
2013-10-11T00:00:00Z,15.0,8.333333333333343,220.0,0.5895398479419218
2013-10-11T00:00:00Z,15.0,8.0,220.0,0.6496311510732715
2013-10-11T00:00:00Z,15.0,7.666666666666671,220.0,0.6446383196922161
2013-10-11T00:00:00Z,15.0,7.333333333333343,220.0,0.5496305448997257
2013-10-11T00:00:00Z,15.0,7.0,220.0,0.31366161102541135
2013-10-11T00:00:00Z,15.0,6.666666666666671,220.0,0.12885806611585265
2013-10-11T00:00:00Z,15.0,6.333333333333343,220.0,0.1548761835540232
2013-10-11T00:00:00Z,15.0,6.0,220.0,0.17855135269382932
2013-10-11T00:00:00Z,15.0,5.666666666666671,220.0,0.15768056632026645
2013-10-11T00:00:00Z,15.0,5.333333333333343,220.0,0.11179210655739116
2013-10-11T00:00:00Z,15.0,5.0,220.0,0.03233383131474654
2013-10-11T00:00:00Z,15.0,4.666666666666671,220.0,-0.032970899671035406
2013-10-11T00:00:00Z,15.0,4.333333333333343,220.0,-0.10201844061048194
2013-10-11T00:00:00Z,15.0,4.0,220.0,-0.18408593993427932
2013-10-11T00:00:00Z,15.0,3.6666666666666714,220.0,-0.27865396327270286
2013-10-11T00:00:00Z,15.0,3.333333333333343,220.0,-0.37957336074262804
2013-10-11T00:00:00Z,15.0,3.0,220.0,-0.4781861467230978
2013-10-11T00:00:00Z,15.0,2.6666666666666714,220.0,-0.5655603989849622
2013-10-11T00:00:00Z,15.0,2.333333333333343,220.0,-0.6339873054996006
2013-10-11T00:00:00Z,15.0,2.0,220.0,-0.6778766087112409
2013-10-11T00:00:00Z,15.0,1.6666666666666714,220.0,-0.6941748185168785
2013-10-11T00:00:00Z,15.0,1.3333333333333428,220.0,-0.6824186866573009
2013-10-11T00:00:00Z,15.0,1.0,220.0,-0.6445245566822133
2013-10-11T00:00:00Z,15.0,0.6666666666666714,220.0,-0.5844023251119661
2013-10-11T00:00:00Z,15.0,0.3333333333333428,220.0,-0.5074708708778723
2013-10-11T00:00:00Z,15.0,0.0,220.0,-0.42013993158260554
2013-10-16T00:00:00Z,15.0,12.0,220.0,-0.08526328967656058
2013-10-16T00:00:00Z,15.0,11.666666666666671,220.0,-0.10696187972126214
2013-10-16T00:00:00Z,15.0,11.333333333333343,220.0,-0.15369774127164545
2013-10-16T00:00:00Z,15.0,11.0,220.0,-0.23407372800586046
2013-10-16T00:00:00Z,15.0,10.666666666666671,220.0,-0.2937956247736549
2013-10-16T00:00:00Z,15.0,10.333333333333343,220.0,-0.2712101798669889
2013-10-16T00:00:00Z,15.0,10.0,220.0,-0.15096507215402102
2013-10-16T00:00:00Z,15.0,9.666666666666671,220.0,0.024270667447253286
2013-10-16T00:00:00Z,15.0,9.333333333333343,220.0,0.20587017526890722
2013-10-16T00:00:00Z,15.0,9.0,220.0,0.36298779409173565
2013-10-16T00:00:00Z,15.0,8.666666666666671,220.0,0.49445908672481165
2013-10-16T00:00:00Z,15.0,8.333333333333343,220.0,0.5912872778512613
2013-10-16T00:00:00Z,15.0,8.0,220.0,0.6585509556149052
2013-10-16T00:00:00Z,15.0,7.666666666666671,220.0,0.6548030229049709
2013-10-16T00:00:00Z,15.0,7.333333333333343,220.0,0.5745743183582211
2013-10-16T00:00:00Z,15.0,7.0,220.0,0.3822728032185088
2013-10-16T00:00:00Z,15.0,6.666666666666671,220.0,0.21836516466654637
2013-10-16T00:00:00Z,15.0,6.333333333333343,220.0,0.2187865053746744
2013-10-16T00:00:00Z,15.0,6.0,220.0,0.22952743857948246
2013-10-16T00:00:00Z,15.0,5.666666666666671,220.0,0.22108447367864376
2013-10-16T00:00:00Z,15.0,5.333333333333343,220.0,0.18847545812238878
2013-10-16T00:00:00Z,15.0,5.0,220.0,0.12107134540298026
2013-10-16T00:00:00Z,15.0,4.666666666666671,220.0,0.055427860584391045
2013-10-16T00:00:00Z,15.0,4.333333333333343,220.0,-0.024960530961795915
2013-10-16T00:00:00Z,15.0,4.0,220.0,-0.12404440529511779
2013-10-16T00:00:00Z,15.0,3.6666666666666714,220.0,-0.23511485925459089
2013-10-16T00:00:00Z,15.0,3.333333333333343,220.0,-0.3473211074394707
2013-10-16T00:00:00Z,15.0,3.0,220.0,-0.44977112104530803
2013-10-16T00:00:00Z,15.0,2.6666666666666714,220.0,-0.5337994472248961
2013-10-16T00:00:00Z,15.0,2.333333333333343,220.0,-0.5939123596491422
2013-10-16T00:00:00Z,15.0,2.0,220.0,-0.6278465029483348
2013-10-16T00:00:00Z,15.0,1.6666666666666714,220.0,-0.6361032057197116
2013-10-16T00:00:00Z,15.0,1.3333333333333428,220.0,-0.621246648792678
2013-10-16T00:00:00Z,15.0,1.0,220.0,-0.5871800874484586
2013-10-16T00:00:00Z,15.0,0.6666666666666714,220.0,-0.5385403382964064
2013-10-16T00:00:00Z,15.0,0.3333333333333428,220.0,-0.4802767535146303
2013-10-16T00:00:00Z,15.0,0.0,220.0,-0.4174069171680395
2013-10-22T00:00:00Z,15.0,12.0,220.0,-0.00640892715347132
2013-10-22T00:00:00Z,15.0,11.666666666666671,220.0,-0.028648757991597166
2013-10-22T00:00:00Z,15.0,11.333333333333343,220.0,-0.09300667162365708
2013-10-22T00:00:00Z,15.0,11.0,220.0,-0.1960426200023365
2013-10-22T00:00:00Z,15.0,10.666666666666671,220.0,-0.2902440574343763
2013-10-22T00:00:00Z,15.0,10.333333333333343,220.0,-0.2984591685764838
2013-10-22T00:00:00Z,15.0,10.0,220.0,-0.19591401752294157
2013-10-22T00:00:00Z,15.0,9.666666666666671,220.0,-0.031466874472034154
2013-10-22T00:00:00Z,15.0,9.333333333333343,220.0,0.1595803325635582
2013-10-22T00:00:00Z,15.0,9.0,220.0,0.35153061516677575
2013-10-22T00:00:00Z,15.0,8.666666666666671,220.0,0.5180372204468697
2013-10-22T00:00:00Z,15.0,8.333333333333343,220.0,0.6338094807451501
2013-10-22T00:00:00Z,15.0,8.0,220.0,0.7099889399188406
2013-10-22T00:00:00Z,15.0,7.666666666666671,220.0,0.7211610968650949
2013-10-22T00:00:00Z,15.0,7.333333333333343,220.0,0.6648427513703014
2013-10-22T00:00:00Z,15.0,7.0,220.0,0.5242605742541634
2013-10-22T00:00:00Z,15.0,6.666666666666671,220.0,0.39516685674684665
2013-10-22T00:00:00Z,15.0,6.333333333333343,220.0,0.39328451771810646
2013-10-22T00:00:00Z,15.0,6.0,220.0,0.38418620060242625
2013-10-22T00:00:00Z,15.0,5.666666666666671,220.0,0.329781072777069
2013-10-22T00:00:00Z,15.0,5.333333333333343,220.0,0.25775231202723664
2013-10-22T00:00:00Z,15.0,5.0,220.0,0.1889186575446806
2013-10-22T00:00:00Z,15.0,4.666666666666671,220.0,0.10702109946609921
2013-10-22T00:00:00Z,15.0,4.333333333333343,220.0,-0.008440170000448284
2013-10-22T00:00:00Z,15.0,4.0,220.0,-0.1561260072739518
2013-10-22T00:00:00Z,15.0,3.6666666666666714,220.0,-0.31912172975425523
2013-10-22T00:00:00Z,15.0,3.333333333333343,220.0,-0.4766098065581912
2013-10-22T00:00:00Z,15.0,3.0,220.0,-0.6106543198753697
2013-10-22T00:00:00Z,15.0,2.6666666666666714,220.0,-0.7093811007300352
2013-10-22T00:00:00Z,15.0,2.333333333333343,220.0,-0.7676655482725453
2013-10-22T00:00:00Z,15.0,2.0,220.0,-0.7862682470611791
2013-10-22T00:00:00Z,15.0,1.6666666666666714,220.0,-0.770186602132126
2013-10-22T00:00:00Z,15.0,1.3333333333333428,220.0,-0.726818816992651
2013-10-22T00:00:00Z,15.0,1.0,220.0,-0.6643646450095837
2013-10-22T00:00:00Z,15.0,0.6666666666666714,220.0,-0.5907154500024199
2013-10-22T00:00:00Z,15.0,0.3333333333333428,220.0,-0.5129142171874735
2013-10-22T00:00:00Z,15.0,0.0,220.0,-0.4370942609566643
2013-10-27T00:00:00Z,15.0,12.0,220.0,0.011525186190560109
2013-10-27T00:00:00Z,15.0,11.666666666666671,220.0,-0.013718262753682672
2013-10-27T00:00:00Z,15.0,11.333333333333343,220.0,-0.07609561337811666
2013-10-27T00:00:00Z,15.0,11.0,220.0,-0.17062261838540474
2013-10-27T00:00:00Z,15.0,10.666666666666671,220.0,-0.2654570025060198
2013-10-27T00:00:00Z,15.0,10.333333333333343,220.0,-0.2929583464945053
2013-10-27T00:00:00Z,15.0,10.0,220.0,-0.2168582959412728
2013-10-27T00:00:00Z,15.0,9.666666666666671,220.0,-0.07468165868638649
2013-10-27T00:00:00Z,15.0,9.333333333333343,220.0,0.10207273194144018
2013-10-27T00:00:00Z,15.0,9.0,220.0,0.2981563298692966
2013-10-27T00:00:00Z,15.0,8.666666666666671,220.0,0.5030124709994866
2013-10-27T00:00:00Z,15.0,8.333333333333343,220.0,0.6688548554728185
2013-10-27T00:00:00Z,15.0,8.0,220.0,0.7805480829376377
2013-10-27T00:00:00Z,15.0,7.666666666666671,220.0,0.7959682547636169
2013-10-27T00:00:00Z,15.0,7.333333333333343,220.0,0.71427027198589
2013-10-27T00:00:00Z,15.0,7.0,220.0,0.5560876566443894
2013-10-27T00:00:00Z,15.0,6.666666666666671,220.0,0.4552714586039234
2013-10-27T00:00:00Z,15.0,6.333333333333343,220.0,0.5053293827673266
2013-10-27T00:00:00Z,15.0,6.0,220.0,0.5106370624373473
2013-10-27T00:00:00Z,15.0,5.666666666666671,220.0,0.43311034255312336
2013-10-27T00:00:00Z,15.0,5.333333333333343,220.0,0.32126808783678656
2013-10-27T00:00:00Z,15.0,5.0,220.0,0.2128022579786433
2013-10-27T00:00:00Z,15.0,4.666666666666671,220.0,0.10100526858066367
2013-10-27T00:00:00Z,15.0,4.333333333333343,220.0,-0.027260056053848458
2013-10-27T00:00:00Z,15.0,4.0,220.0,-0.17061465429646802
2013-10-27T00:00:00Z,15.0,3.6666666666666714,220.0,-0.31771578856568294
2013-10-27T00:00:00Z,15.0,3.333333333333343,220.0,-0.4551229938323632
2013-10-27T00:00:00Z,15.0,3.0,220.0,-0.5717489180893677
2013-10-27T00:00:00Z,15.0,2.6666666666666714,220.0,-0.660814521007833
2013-10-27T00:00:00Z,15.0,2.333333333333343,220.0,-0.7201031086289856
2013-10-27T00:00:00Z,15.0,2.0,220.0,-0.7511826935666137
2013-10-27T00:00:00Z,15.0,1.6666666666666714,220.0,-0.7581411818216236
2013-10-27T00:00:00Z,15.0,1.3333333333333428,220.0,-0.7462538989364104
2013-10-27T00:00:00Z,15.0,1.0,220.0,-0.7208779798430712
2013-10-27T00:00:00Z,15.0,0.6666666666666714,220.0,-0.6867431583857695
2013-10-27T00:00:00Z,15.0,0.3333333333333428,220.0,-0.6476835041238765
2013-10-27T00:00:00Z,15.0,0.0,220.0,-0.606729665648797
2013-11-01T00:00:00Z,15.0,12.0,220.0,0.027926081288215956
2013-11-01T00:00:00Z,15.0,11.666666666666671,220.0,0.01032022543398991
2013-11-01T00:00:00Z,15.0,11.333333333333343,220.0,-0.03844677127862312
2013-11-01T00:00:00Z,15.0,11.0,220.0,-0.12097059082922194
2013-11-01T00:00:00Z,15.0,10.666666666666671,220.0,-0.2179616246122881
2013-11-01T00:00:00Z,15.0,10.333333333333343,220.0,-0.27295698615836533
2013-11-01T00:00:00Z,15.0,10.0,220.0,-0.2379614983150279
2013-11-01T00:00:00Z,15.0,9.666666666666671,220.0,-0.12883205962719596
2013-11-01T00:00:00Z,15.0,9.333333333333343,220.0,0.032845186374406796
2013-11-01T00:00:00Z,15.0,9.0,220.0,0.2437049848824056
2013-11-01T00:00:00Z,15.0,8.666666666666671,220.0,0.4862831200193704
2013-11-01T00:00:00Z,15.0,8.333333333333343,220.0,0.662276537539877
2013-11-01T00:00:00Z,15.0,8.0,220.0,0.7565476539096184
2013-11-01T00:00:00Z,15.0,7.666666666666671,220.0,0.7529565924050752
2013-11-01T00:00:00Z,15.0,7.333333333333343,220.0,0.6759105147818861
2013-11-01T00:00:00Z,15.0,7.0,220.0,0.5770376050757724
2013-11-01T00:00:00Z,15.0,6.666666666666671,220.0,0.5484605409890912
2013-11-01T00:00:00Z,15.0,6.333333333333343,220.0,0.5983434435987363
2013-11-01T00:00:00Z,15.0,6.0,220.0,0.5650815890799504
2013-11-01T00:00:00Z,15.0,5.666666666666671,220.0,0.45173062904737277
2013-11-01T00:00:00Z,15.0,5.333333333333343,220.0,0.3138516439646951
2013-11-01T00:00:00Z,15.0,5.0,220.0,0.2165265492552028
2013-11-01T00:00:00Z,15.0,4.666666666666671,220.0,0.12784149298104291
2013-11-01T00:00:00Z,15.0,4.333333333333343,220.0,0.03745257847651637
2013-11-01T00:00:00Z,15.0,4.0,220.0,-0.05611752525566727
2013-11-01T00:00:00Z,15.0,3.6666666666666714,220.0,-0.14815787526024746
2013-11-01T00:00:00Z,15.0,3.333333333333343,220.0,-0.23277969579609656
2013-11-01T00:00:00Z,15.0,3.0,220.0,-0.30559929568677896
2013-11-01T00:00:00Z,15.0,2.6666666666666714,220.0,-0.3647520552177579
2013-11-01T00:00:00Z,15.0,2.333333333333343,220.0,-0.41080391634420127
2013-11-01T00:00:00Z,15.0,2.0,220.0,-0.4460346503744997
2013-11-01T00:00:00Z,15.0,1.6666666666666714,220.0,-0.47347501769577
2013-11-01T00:00:00Z,15.0,1.3333333333333428,220.0,-0.49598777450878373
2013-11-01T00:00:00Z,15.0,1.0,220.0,-0.515590321940924
2013-11-01T00:00:00Z,15.0,0.6666666666666714,220.0,-0.533124633306939
2013-11-01T00:00:00Z,15.0,0.3333333333333428,220.0,-0.5482879356884205
2013-11-01T00:00:00Z,15.0,0.0,220.0,-0.5599454624041033
2013-11-06T00:00:00Z,15.0,12.0,220.0,0.06908579126039462
2013-11-06T00:00:00Z,15.0,11.666666666666671,220.0,0.05870894849604419
2013-11-06T00:00:00Z,15.0,11.333333333333343,220.0,0.021612378053450378
2013-11-06T00:00:00Z,15.0,11.0,220.0,-0.05025746191607116
2013-11-06T00:00:00Z,15.0,10.666666666666671,220.0,-0.14609378609000467
2013-11-06T00:00:00Z,15.0,10.333333333333343,220.0,-0.21661997361389215
2013-11-06T00:00:00Z,15.0,10.0,220.0,-0.2096338823950605
2013-11-06T00:00:00Z,15.0,9.666666666666671,220.0,-0.1264076423053444
2013-11-06T00:00:00Z,15.0,9.333333333333343,220.0,0.020849843051464482
2013-11-06T00:00:00Z,15.0,9.0,220.0,0.2315069974192792
2013-11-06T00:00:00Z,15.0,8.666666666666671,220.0,0.4683213803116676
2013-11-06T00:00:00Z,15.0,8.333333333333343,220.0,0.6076814184705003
2013-11-06T00:00:00Z,15.0,8.0,220.0,0.660904683333903
2013-11-06T00:00:00Z,15.0,7.666666666666671,220.0,0.6658038131128793
2013-11-06T00:00:00Z,15.0,7.333333333333343,220.0,0.6389276825730464
2013-11-06T00:00:00Z,15.0,7.0,220.0,0.6015948834029282
2013-11-06T00:00:00Z,15.0,6.666666666666671,220.0,0.5832472308526173
2013-11-06T00:00:00Z,15.0,6.333333333333343,220.0,0.5682642837064931
2013-11-06T00:00:00Z,15.0,6.0,220.0,0.48386725491221694
2013-11-06T00:00:00Z,15.0,5.666666666666671,220.0,0.387725484794557
2013-11-06T00:00:00Z,15.0,5.333333333333343,220.0,0.28036142068694514
2013-11-06T00:00:00Z,15.0,5.0,220.0,0.1998138646637751
2013-11-06T00:00:00Z,15.0,4.666666666666671,220.0,0.14069692568719508
2013-11-06T00:00:00Z,15.0,4.333333333333343,220.0,0.0862537436446641
2013-11-06T00:00:00Z,15.0,4.0,220.0,0.030385774407065316
2013-11-06T00:00:00Z,15.0,3.6666666666666714,220.0,-0.024606067535204355
2013-11-06T00:00:00Z,15.0,3.333333333333343,220.0,-0.07413389997565407
2013-11-06T00:00:00Z,15.0,3.0,220.0,-0.11465526298376306
2013-11-06T00:00:00Z,15.0,2.6666666666666714,220.0,-0.14500746739113524
2013-11-06T00:00:00Z,15.0,2.333333333333343,220.0,-0.16641690584295263
2013-11-06T00:00:00Z,15.0,2.0,220.0,-0.18174727515168843
2013-11-06T00:00:00Z,15.0,1.6666666666666714,220.0,-0.19444160335578659
2013-11-06T00:00:00Z,15.0,1.3333333333333428,220.0,-0.20750391955177355
2013-11-06T00:00:00Z,15.0,1.0,220.0,-0.22275734923401688
2013-11-06T00:00:00Z,15.0,0.6666666666666714,220.0,-0.2405063625420995
2013-11-06T00:00:00Z,15.0,0.3333333333333428,220.0,-0.25962184748153005
2013-11-06T00:00:00Z,15.0,0.0,220.0,-0.2779586248492634
2013-11-11T00:00:00Z,15.0,12.0,220.0,0.048952031554968765
2013-11-11T00:00:00Z,15.0,11.666666666666671,220.0,0.0470000733277773
2013-11-11T00:00:00Z,15.0,11.333333333333343,220.0,0.025153911138427132
2013-11-11T00:00:00Z,15.0,11.0,220.0,-0.025746288725391073
2013-11-11T00:00:00Z,15.0,10.666666666666671,220.0,-0.10044226776888274
2013-11-11T00:00:00Z,15.0,10.333333333333343,220.0,-0.16018741901084033
2013-11-11T00:00:00Z,15.0,10.0,220.0,-0.15122761763829176
2013-11-11T00:00:00Z,15.0,9.666666666666671,220.0,-0.07351172770483708
2013-11-11T00:00:00Z,15.0,9.333333333333343,220.0,0.05013866421099053
2013-11-11T00:00:00Z,15.0,9.0,220.0,0.2162156708319288
2013-11-11T00:00:00Z,15.0,8.666666666666671,220.0,0.3960698486123094
2013-11-11T00:00:00Z,15.0,8.333333333333343,220.0,0.49453959799048536
2013-11-11T00:00:00Z,15.0,8.0,220.0,0.5507042424684336
2013-11-11T00:00:00Z,15.0,7.666666666666671,220.0,0.5955883220877757
2013-11-11T00:00:00Z,15.0,7.333333333333343,220.0,0.5986391939160112
2013-11-11T00:00:00Z,15.0,7.0,220.0,0.554332955296624
2013-11-11T00:00:00Z,15.0,6.666666666666671,220.0,0.5098331296880821
2013-11-11T00:00:00Z,15.0,6.333333333333343,220.0,0.47905861271041106
2013-11-11T00:00:00Z,15.0,6.0,220.0,0.40045668178436006
2013-11-11T00:00:00Z,15.0,5.666666666666671,220.0,0.3309934920442114
2013-11-11T00:00:00Z,15.0,5.333333333333343,220.0,0.24758342883740894
2013-11-11T00:00:00Z,15.0,5.0,220.0,0.15665105927171472
2013-11-11T00:00:00Z,15.0,4.666666666666671,220.0,0.09938209515261665
2013-11-11T00:00:00Z,15.0,4.333333333333343,220.0,0.05435089446173266
2013-11-11T00:00:00Z,15.0,4.0,220.0,0.011681874277327992
2013-11-11T00:00:00Z,15.0,3.6666666666666714,220.0,-0.0282171877911898
2013-11-11T00:00:00Z,15.0,3.333333333333343,220.0,-0.06118494579757934
2013-11-11T00:00:00Z,15.0,3.0,220.0,-0.08312189479499356
2013-11-11T00:00:00Z,15.0,2.6666666666666714,220.0,-0.09181385642765177
2013-11-11T00:00:00Z,15.0,2.333333333333343,220.0,-0.08738847839595817
2013-11-11T00:00:00Z,15.0,2.0,220.0,-0.07193216391756879
2013-11-11T00:00:00Z,15.0,1.6666666666666714,220.0,-0.04869732581140224
2013-11-11T00:00:00Z,15.0,1.3333333333333428,220.0,-0.021232338336078023
2013-11-11T00:00:00Z,15.0,1.0,220.0,0.0073309615812365975
2013-11-11T00:00:00Z,15.0,0.6666666666666714,220.0,0.034694893585101846
2013-11-11T00:00:00Z,15.0,0.3333333333333428,220.0,0.059478864956237304
2013-11-11T00:00:00Z,15.0,0.0,220.0,0.08102532635065453
2013-11-16T00:00:00Z,15.0,12.0,220.0,-0.00666981765238858
2013-11-16T00:00:00Z,15.0,11.666666666666671,220.0,-0.013921818003244638
2013-11-16T00:00:00Z,15.0,11.333333333333343,220.0,-0.026630007565807304
2013-11-16T00:00:00Z,15.0,11.0,220.0,-0.05377121265970051
2013-11-16T00:00:00Z,15.0,10.666666666666671,220.0,-0.09231712751958049
2013-11-16T00:00:00Z,15.0,10.333333333333343,220.0,-0.11303644445856655
2013-11-16T00:00:00Z,15.0,10.0,220.0,-0.07302591501990607
2013-11-16T00:00:00Z,15.0,9.666666666666671,220.0,0.013045064822504296
2013-11-16T00:00:00Z,15.0,9.333333333333343,220.0,0.12100488636662603
2013-11-16T00:00:00Z,15.0,9.0,220.0,0.25348824927141644
2013-11-16T00:00:00Z,15.0,8.666666666666671,220.0,0.3661620127200526
2013-11-16T00:00:00Z,15.0,8.333333333333343,220.0,0.3974931473766455
2013-11-16T00:00:00Z,15.0,8.0,220.0,0.4456089321078166
2013-11-16T00:00:00Z,15.0,7.666666666666671,220.0,0.5246247434610503
2013-11-16T00:00:00Z,15.0,7.333333333333343,220.0,0.553350495548022
2013-11-16T00:00:00Z,15.0,7.0,220.0,0.5029807608418492
2013-11-16T00:00:00Z,15.0,6.666666666666671,220.0,0.43375963472214707
2013-11-16T00:00:00Z,15.0,6.333333333333343,220.0,0.39021467795739667
2013-11-16T00:00:00Z,15.0,6.0,220.0,0.32502247477294693
2013-11-16T00:00:00Z,15.0,5.666666666666671,220.0,0.2681351860626158
2013-11-16T00:00:00Z,15.0,5.333333333333343,220.0,0.21411671267878019
2013-11-16T00:00:00Z,15.0,5.0,220.0,0.18446679074584596
2013-11-16T00:00:00Z,15.0,4.666666666666671,220.0,0.15419292884310598
2013-11-16T00:00:00Z,15.0,4.333333333333343,220.0,0.10389485481782056
2013-11-16T00:00:00Z,15.0,4.0,220.0,0.03180323825935896
2013-11-16T00:00:00Z,15.0,3.6666666666666714,220.0,-0.05048525810866379
2013-11-16T00:00:00Z,15.0,3.333333333333343,220.0,-0.12745222693377392
2013-11-16T00:00:00Z,15.0,3.0,220.0,-0.1852781956676928
2013-11-16T00:00:00Z,15.0,2.6666666666666714,220.0,-0.21462129862762488
2013-11-16T00:00:00Z,15.0,2.333333333333343,220.0,-0.21140594238977617
2013-11-16T00:00:00Z,15.0,2.0,220.0,-0.17634390422248816
2013-11-16T00:00:00Z,15.0,1.6666666666666714,220.0,-0.11378074226978563
2013-11-16T00:00:00Z,15.0,1.3333333333333428,220.0,-0.030330835199538525
2013-11-16T00:00:00Z,15.0,1.0,220.0,0.06636519196615345
2013-11-16T00:00:00Z,15.0,0.6666666666666714,220.0,0.1685564601173446
2013-11-16T00:00:00Z,15.0,0.3333333333333428,220.0,0.26889661169497653
2013-11-16T00:00:00Z,15.0,0.0,220.0,0.3606122959741397
2013-11-21T00:00:00Z,15.0,12.0,220.0,-0.05056003085646224
2013-11-21T00:00:00Z,15.0,11.666666666666671,220.0,-0.06999979879227959
2013-11-21T00:00:00Z,15.0,11.333333333333343,220.0,-0.08291266198713908
2013-11-21T00:00:00Z,15.0,11.0,220.0,-0.08245235537660892
2013-11-21T00:00:00Z,15.0,10.666666666666671,220.0,-0.08055921388231758
2013-11-21T00:00:00Z,15.0,10.333333333333343,220.0,-0.06363760347277515
2013-11-21T00:00:00Z,15.0,10.0,220.0,8.350239923489121E-4
2013-11-21T00:00:00Z,15.0,9.666666666666671,220.0,0.10135216630789864
2013-11-21T00:00:00Z,15.0,9.333333333333343,220.0,0.220927935632924
2013-11-21T00:00:00Z,15.0,9.0,220.0,0.3450962163744092
2013-11-21T00:00:00Z,15.0,8.666666666666671,220.0,0.41983878308761374
2013-11-21T00:00:00Z,15.0,8.333333333333343,220.0,0.4062245869502114
2013-11-21T00:00:00Z,15.0,8.0,220.0,0.42505895977351227
2013-11-21T00:00:00Z,15.0,7.666666666666671,220.0,0.4867205094740312
2013-11-21T00:00:00Z,15.0,7.333333333333343,220.0,0.5121713760897318
2013-11-21T00:00:00Z,15.0,7.0,220.0,0.4322532081134904
2013-11-21T00:00:00Z,15.0,6.666666666666671,220.0,0.3135792698872612
2013-11-21T00:00:00Z,15.0,6.333333333333343,220.0,0.26679219181016006
2013-11-21T00:00:00Z,15.0,6.0,220.0,0.21904484480969894
2013-11-21T00:00:00Z,15.0,5.666666666666671,220.0,0.1881751477455999
2013-11-21T00:00:00Z,15.0,5.333333333333343,220.0,0.16993671483563946
2013-11-21T00:00:00Z,15.0,5.0,220.0,0.18119070881693494
2013-11-21T00:00:00Z,15.0,4.666666666666671,220.0,0.1714122294864807
2013-11-21T00:00:00Z,15.0,4.333333333333343,220.0,0.12398079557914386
2013-11-21T00:00:00Z,15.0,4.0,220.0,0.04412903782996658
2013-11-21T00:00:00Z,15.0,3.6666666666666714,220.0,-0.048518378777846025
2013-11-21T00:00:00Z,15.0,3.333333333333343,220.0,-0.13173573934654786
2013-11-21T00:00:00Z,15.0,3.0,220.0,-0.1874225328406255
2013-11-21T00:00:00Z,15.0,2.6666666666666714,220.0,-0.20460941769470767
2013-11-21T00:00:00Z,15.0,2.333333333333343,220.0,-0.17990711287029335
2013-11-21T00:00:00Z,15.0,2.0,220.0,-0.11638019920869921
2013-11-21T00:00:00Z,15.0,1.6666666666666714,220.0,-0.02164658715732483
2013-11-21T00:00:00Z,15.0,1.3333333333333428,220.0,0.09417782182394349
2013-11-21T00:00:00Z,15.0,1.0,220.0,0.2202509816396671
2013-11-21T00:00:00Z,15.0,0.6666666666666714,220.0,0.34623598595289806
2013-11-21T00:00:00Z,15.0,0.3333333333333428,220.0,0.46291594960038057
2013-11-21T00:00:00Z,15.0,0.0,220.0,0.5622978748032643
2013-11-26T00:00:00Z,15.0,12.0,220.0,-0.15428886890399218
2013-11-26T00:00:00Z,15.0,11.666666666666671,220.0,-0.15864768855436656
2013-11-26T00:00:00Z,15.0,11.333333333333343,220.0,-0.13784783233158904
2013-11-26T00:00:00Z,15.0,11.0,220.0,-0.09266901889267483
2013-11-26T00:00:00Z,15.0,10.666666666666671,220.0,-0.05711884258873456
2013-11-26T00:00:00Z,15.0,10.333333333333343,220.0,-0.03184826364476208
2013-11-26T00:00:00Z,15.0,10.0,220.0,0.020709152469801796
2013-11-26T00:00:00Z,15.0,9.666666666666671,220.0,0.11290179403291291
2013-11-26T00:00:00Z,15.0,9.333333333333343,220.0,0.2424221126698846
2013-11-26T00:00:00Z,15.0,9.0,220.0,0.3778715724554486
2013-11-26T00:00:00Z,15.0,8.666666666666671,220.0,0.47137886914653054
2013-11-26T00:00:00Z,15.0,8.333333333333343,220.0,0.48082094865403896
2013-11-26T00:00:00Z,15.0,8.0,220.0,0.4906723452858576
2013-11-26T00:00:00Z,15.0,7.666666666666671,220.0,0.5162424149778532
2013-11-26T00:00:00Z,15.0,7.333333333333343,220.0,0.5058997997831265
2013-11-26T00:00:00Z,15.0,7.0,220.0,0.3888026645367561
2013-11-26T00:00:00Z,15.0,6.666666666666671,220.0,0.2616792082737198
2013-11-26T00:00:00Z,15.0,6.333333333333343,220.0,0.26944401342052754
2013-11-26T00:00:00Z,15.0,6.0,220.0,0.24487917083914865
2013-11-26T00:00:00Z,15.0,5.666666666666671,220.0,0.1866862420395754
2013-11-26T00:00:00Z,15.0,5.333333333333343,220.0,0.11737166984048164
2013-11-26T00:00:00Z,15.0,5.0,220.0,0.056085409711583836
2013-11-26T00:00:00Z,15.0,4.666666666666671,220.0,0.010070580939423996
2013-11-26T00:00:00Z,15.0,4.333333333333343,220.0,-0.0381011758424396
2013-11-26T00:00:00Z,15.0,4.0,220.0,-0.09204479233505132
2013-11-26T00:00:00Z,15.0,3.6666666666666714,220.0,-0.14480169220366607
2013-11-26T00:00:00Z,15.0,3.333333333333343,220.0,-0.18648360050245666
2013-11-26T00:00:00Z,15.0,3.0,220.0,-0.208720721835736
2013-11-26T00:00:00Z,15.0,2.6666666666666714,220.0,-0.20675327465245344
2013-11-26T00:00:00Z,15.0,2.333333333333343,220.0,-0.17989304790217808
2013-11-26T00:00:00Z,15.0,2.0,220.0,-0.13096932511226095
2013-11-26T00:00:00Z,15.0,1.6666666666666714,220.0,-0.06526119977733309
2013-11-26T00:00:00Z,15.0,1.3333333333333428,220.0,0.01069401521622046
2013-11-26T00:00:00Z,15.0,1.0,220.0,0.09013890257671094
2013-11-26T00:00:00Z,15.0,0.6666666666666714,220.0,0.16681551961894125
2013-11-26T00:00:00Z,15.0,0.3333333333333428,220.0,0.2353137020842964
2013-11-26T00:00:00Z,15.0,0.0,220.0,0.2911076747206079
2013-12-01T00:00:00Z,15.0,12.0,220.0,-0.2237049105766925
2013-12-01T00:00:00Z,15.0,11.666666666666671,220.0,-0.20349950961723984
2013-12-01T00:00:00Z,15.0,11.333333333333343,220.0,-0.13948562308326784
2013-12-01T00:00:00Z,15.0,11.0,220.0,-0.06416695551181878
2013-12-01T00:00:00Z,15.0,10.666666666666671,220.0,-0.0233623952698361
2013-12-01T00:00:00Z,15.0,10.333333333333343,220.0,-0.00733754350795205
2013-12-01T00:00:00Z,15.0,10.0,220.0,0.025063610635219405
2013-12-01T00:00:00Z,15.0,9.666666666666671,220.0,0.08989358428712367
2013-12-01T00:00:00Z,15.0,9.333333333333343,220.0,0.20829948127639555
2013-12-01T00:00:00Z,15.0,9.0,220.0,0.3650750937452605
2013-12-01T00:00:00Z,15.0,8.666666666666671,220.0,0.4999599555430775
2013-12-01T00:00:00Z,15.0,8.333333333333343,220.0,0.5457821420289276
2013-12-01T00:00:00Z,15.0,8.0,220.0,0.5497404208535708
2013-12-01T00:00:00Z,15.0,7.666666666666671,220.0,0.529520753955647
2013-12-01T00:00:00Z,15.0,7.333333333333343,220.0,0.4888404994828704
2013-12-01T00:00:00Z,15.0,7.0,220.0,0.40163116889939887
2013-12-01T00:00:00Z,15.0,6.666666666666671,220.0,0.33848398069189634
2013-12-01T00:00:00Z,15.0,6.333333333333343,220.0,0.39523701867234945
2013-12-01T00:00:00Z,15.0,6.0,220.0,0.39395105238229094
2013-12-01T00:00:00Z,15.0,5.666666666666671,220.0,0.30280260654542984
2013-12-01T00:00:00Z,15.0,5.333333333333343,220.0,0.14360579530513506
2013-12-01T00:00:00Z,15.0,5.0,220.0,-0.03105895896409202
2013-12-01T00:00:00Z,15.0,4.666666666666671,220.0,-0.15043103994210652
2013-12-01T00:00:00Z,15.0,4.333333333333343,220.0,-0.23084606296108487
2013-12-01T00:00:00Z,15.0,4.0,220.0,-0.2874859953559666
2013-12-01T00:00:00Z,15.0,3.6666666666666714,220.0,-0.33060489494206025
2013-12-01T00:00:00Z,15.0,3.333333333333343,220.0,-0.36618249946724024
2013-12-01T00:00:00Z,15.0,3.0,220.0,-0.3968150170373931
2013-12-01T00:00:00Z,15.0,2.6666666666666714,220.0,-0.4227038586559696
2013-12-01T00:00:00Z,15.0,2.333333333333343,220.0,-0.4426280751117528
2013-12-01T00:00:00Z,15.0,2.0,220.0,-0.4548112815421944
2013-12-01T00:00:00Z,15.0,1.6666666666666714,220.0,-0.4576188740929119
2013-12-01T00:00:00Z,15.0,1.3333333333333428,220.0,-0.4500463641871944
2013-12-01T00:00:00Z,15.0,1.0,220.0,-0.4319846770125985
2013-12-01T00:00:00Z,15.0,0.6666666666666714,220.0,-0.4042732819249698
2013-12-01T00:00:00Z,15.0,0.3333333333333428,220.0,-0.368577043563466
2013-12-01T00:00:00Z,15.0,0.0,220.0,-0.3271477035634024
2013-12-06T00:00:00Z,15.0,12.0,220.0,-0.21546827468204788
2013-12-06T00:00:00Z,15.0,11.666666666666671,220.0,-0.19180931049367275
2013-12-06T00:00:00Z,15.0,11.333333333333343,220.0,-0.1236836027163355
2013-12-06T00:00:00Z,15.0,11.0,220.0,-0.05647217878795206
2013-12-06T00:00:00Z,15.0,10.666666666666671,220.0,-0.031782124859372346
2013-12-06T00:00:00Z,15.0,10.333333333333343,220.0,-0.026593898340571704
2013-12-06T00:00:00Z,15.0,10.0,220.0,-0.010516902710846574
2013-12-06T00:00:00Z,15.0,9.666666666666671,220.0,0.024537750050244028
2013-12-06T00:00:00Z,15.0,9.333333333333343,220.0,0.12434427416376942
2013-12-06T00:00:00Z,15.0,9.0,220.0,0.30227596334337226
2013-12-06T00:00:00Z,15.0,8.666666666666671,220.0,0.4689928478078078
2013-12-06T00:00:00Z,15.0,8.333333333333343,220.0,0.551598186656002
2013-12-06T00:00:00Z,15.0,8.0,220.0,0.5773483320825628
2013-12-06T00:00:00Z,15.0,7.666666666666671,220.0,0.5535461314397705
2013-12-06T00:00:00Z,15.0,7.333333333333343,220.0,0.5128097191891571
2013-12-06T00:00:00Z,15.0,7.0,220.0,0.43998294533349686
2013-12-06T00:00:00Z,15.0,6.666666666666671,220.0,0.38159023800461844
2013-12-06T00:00:00Z,15.0,6.333333333333343,220.0,0.4192228302297442
2013-12-06T00:00:00Z,15.0,6.0,220.0,0.42285222814995543
2013-12-06T00:00:00Z,15.0,5.666666666666671,220.0,0.36113470018277816
2013-12-06T00:00:00Z,15.0,5.333333333333343,220.0,0.2208261270449154
2013-12-06T00:00:00Z,15.0,5.0,220.0,0.05314075353745502
2013-12-06T00:00:00Z,15.0,4.666666666666671,220.0,-0.07414316643008578
2013-12-06T00:00:00Z,15.0,4.333333333333343,220.0,-0.1758979667337791
2013-12-06T00:00:00Z,15.0,4.0,220.0,-0.26581012108959945
2013-12-06T00:00:00Z,15.0,3.6666666666666714,220.0,-0.35224370885131956
2013-12-06T00:00:00Z,15.0,3.333333333333343,220.0,-0.43854518347611354
2013-12-06T00:00:00Z,15.0,3.0,220.0,-0.523957762577383
2013-12-06T00:00:00Z,15.0,2.6666666666666714,220.0,-0.6048685898780054
2013-12-06T00:00:00Z,15.0,2.333333333333343,220.0,-0.6761585453219889
2013-12-06T00:00:00Z,15.0,2.0,220.0,-0.7324713055473445
2013-12-06T00:00:00Z,15.0,1.6666666666666714,220.0,-0.769264982867763
2013-12-06T00:00:00Z,15.0,1.3333333333333428,220.0,-0.7835563968555055
2013-12-06T00:00:00Z,15.0,1.0,220.0,-0.7743147585627039
2013-12-06T00:00:00Z,15.0,0.6666666666666714,220.0,-0.7425082733630822
2013-12-06T00:00:00Z,15.0,0.3333333333333428,220.0,-0.6908538943408967
2013-12-06T00:00:00Z,15.0,0.0,220.0,-0.6233671840987105
2013-12-11T00:00:00Z,15.0,12.0,220.0,-0.20061677082912965
2013-12-11T00:00:00Z,15.0,11.666666666666671,220.0,-0.17685343485461777
2013-12-11T00:00:00Z,15.0,11.333333333333343,220.0,-0.1119907299583505
2013-12-11T00:00:00Z,15.0,11.0,220.0,-0.05541909109218625
2013-12-11T00:00:00Z,15.0,10.666666666666671,220.0,-0.044911792529836375
2013-12-11T00:00:00Z,15.0,10.333333333333343,220.0,-0.04544885572129832
2013-12-11T00:00:00Z,15.0,10.0,220.0,-0.04201081806638345
2013-12-11T00:00:00Z,15.0,9.666666666666671,220.0,-0.03219330807148038
2013-12-11T00:00:00Z,15.0,9.333333333333343,220.0,0.03889807383879246
2013-12-11T00:00:00Z,15.0,9.0,220.0,0.19788158981495096
2013-12-11T00:00:00Z,15.0,8.666666666666671,220.0,0.3585247551356204
2013-12-11T00:00:00Z,15.0,8.333333333333343,220.0,0.4438426815266678
2013-12-11T00:00:00Z,15.0,8.0,220.0,0.4894072672533395
2013-12-11T00:00:00Z,15.0,7.666666666666671,220.0,0.5066115962982793
2013-12-11T00:00:00Z,15.0,7.333333333333343,220.0,0.5092361981326311
2013-12-11T00:00:00Z,15.0,7.0,220.0,0.4613501781982752
2013-12-11T00:00:00Z,15.0,6.666666666666671,220.0,0.3988797321247942
2013-12-11T00:00:00Z,15.0,6.333333333333343,220.0,0.4080370538457139
2013-12-11T00:00:00Z,15.0,6.0,220.0,0.41597540306155445
2013-12-11T00:00:00Z,15.0,5.666666666666671,220.0,0.4090949677871531
2013-12-11T00:00:00Z,15.0,5.333333333333343,220.0,0.3194102211108416
2013-12-11T00:00:00Z,15.0,5.0,220.0,0.1668044441662975
2013-12-11T00:00:00Z,15.0,4.666666666666671,220.0,0.030885055124156954
2013-12-11T00:00:00Z,15.0,4.333333333333343,220.0,-0.08754222368204671
2013-12-11T00:00:00Z,15.0,4.0,220.0,-0.19103189845470422
2013-12-11T00:00:00Z,15.0,3.6666666666666714,220.0,-0.2831328481926974
2013-12-11T00:00:00Z,15.0,3.333333333333343,220.0,-0.36629396757269095
2013-12-11T00:00:00Z,15.0,3.0,220.0,-0.4410613301315641
2013-12-11T00:00:00Z,15.0,2.6666666666666714,220.0,-0.506152630495412
2013-12-11T00:00:00Z,15.0,2.333333333333343,220.0,-0.5590563412442643
2013-12-11T00:00:00Z,15.0,2.0,220.0,-0.5968646968454123
2013-12-11T00:00:00Z,15.0,1.6666666666666714,220.0,-0.6171112939319374
2013-12-11T00:00:00Z,15.0,1.3333333333333428,220.0,-0.6184457740467837
2013-12-11T00:00:00Z,15.0,1.0,220.0,-0.6010397318164258
2013-12-11T00:00:00Z,15.0,0.6666666666666714,220.0,-0.5666796683619227
2013-12-11T00:00:00Z,15.0,0.3333333333333428,220.0,-0.5185644865988648
2013-12-11T00:00:00Z,15.0,0.0,220.0,-0.4608867019214526
2013-12-16T00:00:00Z,15.0,12.0,220.0,-0.2738860782401801
2013-12-16T00:00:00Z,15.0,11.666666666666671,220.0,-0.23235659511507373
2013-12-16T00:00:00Z,15.0,11.333333333333343,220.0,-0.12104600774729692
2013-12-16T00:00:00Z,15.0,11.0,220.0,-0.028466375475576355
2013-12-16T00:00:00Z,15.0,10.666666666666671,220.0,-0.02116231143008333
2013-12-16T00:00:00Z,15.0,10.333333333333343,220.0,-0.06347066189913075
2013-12-16T00:00:00Z,15.0,10.0,220.0,-0.1151009362215314
2013-12-16T00:00:00Z,15.0,9.666666666666671,220.0,-0.14081916055959648
2013-12-16T00:00:00Z,15.0,9.333333333333343,220.0,-0.08195384696629501
2013-12-16T00:00:00Z,15.0,9.0,220.0,0.049051523358686795
2013-12-16T00:00:00Z,15.0,8.666666666666671,220.0,0.19743240303090417
2013-12-16T00:00:00Z,15.0,8.333333333333343,220.0,0.28958499951333944
2013-12-16T00:00:00Z,15.0,8.0,220.0,0.36712576400776165
2013-12-16T00:00:00Z,15.0,7.666666666666671,220.0,0.45177129631686286
2013-12-16T00:00:00Z,15.0,7.333333333333343,220.0,0.5107791830078706
2013-12-16T00:00:00Z,15.0,7.0,220.0,0.4468500661680782
2013-12-16T00:00:00Z,15.0,6.666666666666671,220.0,0.36388508079585397
2013-12-16T00:00:00Z,15.0,6.333333333333343,220.0,0.4023539984490315
2013-12-16T00:00:00Z,15.0,6.0,220.0,0.43256552568303724
2013-12-16T00:00:00Z,15.0,5.666666666666671,220.0,0.43826421723833986
2013-12-16T00:00:00Z,15.0,5.333333333333343,220.0,0.4015229748125098
2013-12-16T00:00:00Z,15.0,5.0,220.0,0.32671463124190714
2013-12-16T00:00:00Z,15.0,4.666666666666671,220.0,0.22269165394329016
2013-12-16T00:00:00Z,15.0,4.333333333333343,220.0,0.10536785827501563
2013-12-16T00:00:00Z,15.0,4.0,220.0,-0.009808772548952432
2013-12-16T00:00:00Z,15.0,3.6666666666666714,220.0,-0.1118098924961764
2013-12-16T00:00:00Z,15.0,3.333333333333343,220.0,-0.19379044741052184
2013-12-16T00:00:00Z,15.0,3.0,220.0,-0.25255430832575754
2013-12-16T00:00:00Z,15.0,2.6666666666666714,220.0,-0.28785003800266895
2013-12-16T00:00:00Z,15.0,2.333333333333343,220.0,-0.3016036123888282
2013-12-16T00:00:00Z,15.0,2.0,220.0,-0.29717358579463166
2013-12-16T00:00:00Z,15.0,1.6666666666666714,220.0,-0.2786928556736714
2013-12-16T00:00:00Z,15.0,1.3333333333333428,220.0,-0.25053984998997286
2013-12-16T00:00:00Z,15.0,1.0,220.0,-0.2169606272490888
2013-12-16T00:00:00Z,15.0,0.6666666666666714,220.0,-0.181842046364502
2013-12-16T00:00:00Z,15.0,0.3333333333333428,220.0,-0.1486148306252505
2013-12-16T00:00:00Z,15.0,0.0,220.0,-0.12024401712514987
2013-12-21T00:00:00Z,15.0,12.0,220.0,-0.31410743709676
2013-12-21T00:00:00Z,15.0,11.666666666666671,220.0,-0.24847506301078087
2013-12-21T00:00:00Z,15.0,11.333333333333343,220.0,-0.10312015528847475
2013-12-21T00:00:00Z,15.0,11.0,220.0,0.017043696673644228
2013-12-21T00:00:00Z,15.0,10.666666666666671,220.0,0.025056671702853486
2013-12-21T00:00:00Z,15.0,10.333333333333343,220.0,-0.05708397396081428
2013-12-21T00:00:00Z,15.0,10.0,220.0,-0.15336607561408366
2013-12-21T00:00:00Z,15.0,9.666666666666671,220.0,-0.18701612274747134
2013-12-21T00:00:00Z,15.0,9.333333333333343,220.0,-0.12350928486822452
2013-12-21T00:00:00Z,15.0,9.0,220.0,-0.010435575478324669
2013-12-21T00:00:00Z,15.0,8.666666666666671,220.0,0.12083892192952289
2013-12-21T00:00:00Z,15.0,8.333333333333343,220.0,0.22799994854088007
2013-12-21T00:00:00Z,15.0,8.0,220.0,0.34146848989924516
2013-12-21T00:00:00Z,15.0,7.666666666666671,220.0,0.469313803224875
2013-12-21T00:00:00Z,15.0,7.333333333333343,220.0,0.5631134917576729
2013-12-21T00:00:00Z,15.0,7.0,220.0,0.49898669534129564
2013-12-21T00:00:00Z,15.0,6.666666666666671,220.0,0.4090696940507245
2013-12-21T00:00:00Z,15.0,6.333333333333343,220.0,0.46421367125721363
2013-12-21T00:00:00Z,15.0,6.0,220.0,0.4843556702656627
2013-12-21T00:00:00Z,15.0,5.666666666666671,220.0,0.44738278218516275
2013-12-21T00:00:00Z,15.0,5.333333333333343,220.0,0.398046118451346
2013-12-21T00:00:00Z,15.0,5.0,220.0,0.34353903324954094
2013-12-21T00:00:00Z,15.0,4.666666666666671,220.0,0.2586341435005353
2013-12-21T00:00:00Z,15.0,4.333333333333343,220.0,0.15490034463112023
2013-12-21T00:00:00Z,15.0,4.0,220.0,0.048221490289297876
2013-12-21T00:00:00Z,15.0,3.6666666666666714,220.0,-0.04701546447570372
2013-12-21T00:00:00Z,15.0,3.333333333333343,220.0,-0.12044084294912027
2013-12-21T00:00:00Z,15.0,3.0,220.0,-0.16659624261022765
2013-12-21T00:00:00Z,15.0,2.6666666666666714,220.0,-0.18470976462762168
2013-12-21T00:00:00Z,15.0,2.333333333333343,220.0,-0.1777854086085791
2013-12-21T00:00:00Z,15.0,2.0,220.0,-0.1513648783274241
2013-12-21T00:00:00Z,15.0,1.6666666666666714,220.0,-0.11224535826437707
2013-12-21T00:00:00Z,15.0,1.3333333333333428,220.0,-0.06736213489290618
2013-12-21T00:00:00Z,15.0,1.0,220.0,-0.022970250760160266
2013-12-21T00:00:00Z,15.0,0.6666666666666714,220.0,0.015815306488397213
2013-12-21T00:00:00Z,15.0,0.3333333333333428,220.0,0.045136063882477706
2013-12-21T00:00:00Z,15.0,0.0,220.0,0.06225304133435787
2013-12-26T00:00:00Z,15.0,12.0,220.0,-0.2842693598111276
2013-12-26T00:00:00Z,15.0,11.666666666666671,220.0,-0.202844398789559
2013-12-26T00:00:00Z,15.0,11.333333333333343,220.0,-0.09333885319770177
2013-12-26T00:00:00Z,15.0,11.0,220.0,-0.016926729660159342
2013-12-26T00:00:00Z,15.0,10.666666666666671,220.0,-0.02505593065841669
2013-12-26T00:00:00Z,15.0,10.333333333333343,220.0,-0.09462744477691022
2013-12-26T00:00:00Z,15.0,10.0,220.0,-0.1549753702341597
2013-12-26T00:00:00Z,15.0,9.666666666666671,220.0,-0.1499163104650899
2013-12-26T00:00:00Z,15.0,9.333333333333343,220.0,-0.08434399837298881
2013-12-26T00:00:00Z,15.0,9.0,220.0,-0.0012610046124591281
2013-12-26T00:00:00Z,15.0,8.666666666666671,220.0,0.1043056089379724
2013-12-26T00:00:00Z,15.0,8.333333333333343,220.0,0.23102028943484
2013-12-26T00:00:00Z,15.0,8.0,220.0,0.3897947090585617
2013-12-26T00:00:00Z,15.0,7.666666666666671,220.0,0.5504707222201592
2013-12-26T00:00:00Z,15.0,7.333333333333343,220.0,0.6620841351948211
2013-12-26T00:00:00Z,15.0,7.0,220.0,0.6210954419801946
2013-12-26T00:00:00Z,15.0,6.666666666666671,220.0,0.533899251717528
2013-12-26T00:00:00Z,15.0,6.333333333333343,220.0,0.5489061132469272
2013-12-26T00:00:00Z,15.0,6.0,220.0,0.5328568983692279
2013-12-26T00:00:00Z,15.0,5.666666666666671,220.0,0.4843795966531623
2013-12-26T00:00:00Z,15.0,5.333333333333343,220.0,0.3847145176816329
2013-12-26T00:00:00Z,15.0,5.0,220.0,0.21464736464387207
2013-12-26T00:00:00Z,15.0,4.666666666666671,220.0,0.061331169361357664
2013-12-26T00:00:00Z,15.0,4.333333333333343,220.0,-0.07092334856668729
2013-12-26T00:00:00Z,15.0,4.0,220.0,-0.17901982335957764
2013-12-26T00:00:00Z,15.0,3.6666666666666714,220.0,-0.2619761495839525
2013-12-26T00:00:00Z,15.0,3.333333333333343,220.0,-0.32052358923181806
2013-12-26T00:00:00Z,15.0,3.0,220.0,-0.35670255746159363
2013-12-26T00:00:00Z,15.0,2.6666666666666714,220.0,-0.373476455397387
2013-12-26T00:00:00Z,15.0,2.333333333333343,220.0,-0.37438034369692963
2013-12-26T00:00:00Z,15.0,2.0,220.0,-0.36321667591381085
2013-12-26T00:00:00Z,15.0,1.6666666666666714,220.0,-0.3438057359948713
2013-12-26T00:00:00Z,15.0,1.3333333333333428,220.0,-0.31979384956881973
2013-12-26T00:00:00Z,15.0,1.0,220.0,-0.29451786399735747
2013-12-26T00:00:00Z,15.0,0.6666666666666714,220.0,-0.2709198174753027
2013-12-26T00:00:00Z,15.0,0.3333333333333428,220.0,-0.25150114278142066
2013-12-26T00:00:00Z,15.0,0.0,220.0,-0.23830117659688074
